query_id,query,query_form,candidate_id,book,chapter,section_title,原文片段,白话片段,relevance,notes
q041,失眠多梦，心烦易怒，如何调理？,case,xinxue_yinxu_001,中医诊断学,辨证,心血虚证与心阴虚证,心病阴血亏虚类。据规划教材《中医诊断学》归纳：心血虚证以心悸失眠、多梦健忘、眩晕、面色不华或萎黄、唇舌色淡、脉细弱为要点；心阴虚证以心悸心烦、失眠多梦、五心烦热、潮热盗汗、两颧发红、舌红少津、脉细数为要点。,心血虚治宜养血安神；心阴虚治宜滋阴安神。二者共见心悸、失眠、多梦之心病主症。鉴别眼目：血虚证兼面白舌淡、唇甲色淡、脉细弱而无热象；阴虚证兼五心烦热、盗汗、颧红、舌红少津、脉细数等热象。须与肝血虚、肝肾阴虚相鉴别——心病以心悸失眠为主症，肝病以眩晕、目涩、筋脉失养为主症。,3,AI预标注，待人工复核
q041,失眠多梦，心烦易怒，如何调理？,case,xianshuo_mai_001,《中医诊断学》规划教材（要点归纳）,四诊,弦数脉·相兼脉主肝胆实火,弦数脉为弦脉与数脉相兼。弦脉端直以长、如按琴弦，主肝胆病、诸痛、痰饮；数脉一息五至以上，主热证。弦数相兼，主肝郁化火或肝胆实火，常见于胸胁灼痛、烦躁易怒、口苦目赤等症。,弦数脉是临床常见相兼脉，多提示肝胆有热。须结合舌象、症状综合判断。此为教材要点归纳，供参考；具体诊疗请遵医嘱，不引导自我诊断。,0,AI预标注，待人工复核
q041,失眠多梦，心烦易怒，如何调理？,case,shenjingxingpiyan_001,《中医皮肤性病学》规划教材（要点归纳）,皮肤,神经性皮炎,"神经性皮炎是一种以皮肤苔藓样变及剧烈瘙痒为特征的慢性炎症性皮肤病，中医称""牛皮癣""""摄领疮""。多由情志不遂、肝郁化火、风湿蕴肤或血虚风燥引起。辨证分肝郁化火、风湿蕴肤、血虚风燥等型。",神经性皮炎治疗关键在于避免搔抓、调畅情志。中药以疏风清热、养血润燥为主。皮损广泛、继发感染或夜间瘙痒严重影响睡眠者须就医。教材要点归纳，供参考；具体诊疗请遵医嘱。,0,AI预标注，待人工复核
q041,失眠多梦，心烦易怒，如何调理？,case,jiaweixiaoyaowan_001,《中国药典》一部/药品说明书（要点归纳）,理血/止咳/中成药,加味逍遥丸·舒肝清热健脾养血,据现行版《中国药典》一部与药品说明书要点归纳：本品由柴胡、当归、白芍、白术、茯苓、甘草、牡丹皮、栀子、薄荷组成，具舒肝清热、健脾养血之功，用于肝郁血虚、肝脾不和，两胁胀痛，心烦易怒，倦怠食少，月经不调，脐腹胀痛。用法用量按说明书口服。,加味逍遥丸为逍遥丸加牡丹皮、栀子（丹栀逍遥散）的舒肝清热类中成药，用于肝郁血虚兼热之两胁胀痛、心烦易怒、月经不调。服药期间忌气恼劳碌；虚寒体质、忌食生冷油腻。本条目为中成药，请按说明书或在医师指导下使用。,3,AI预标注，待人工复核
q041,失眠多梦，心烦易怒，如何调理？,case,yangxueshenwan_001,《中国药典》一部/药品说明书（要点归纳）,补益剂/中成药,养血安神丸·养血安神,据现行版《中国药典》一部与药品说明书要点归纳：本品由首乌藤、鸡血藤、熟地黄、地黄、合欢皮、墨旱莲等组成，具养血安神之功，用于头眩心悸、失眠多梦。用法用量按说明书口服。,养血安神丸为养血安神类中成药，用于阴血不足之头眩心悸、失眠多梦。本品偏凉润，脾胃虚寒、大便溏泄者慎用。服药期间不宜浓茶咖啡，宜规律作息；失眠长期不愈、伴严重心悸或情绪低落者应就医。本条目为中成药，请按说明书或在医师指导下使用。,3,AI预标注，待人工复核
q041,失眠多梦，心烦易怒，如何调理？,case,ciwujiaopian_001,《中国药典》一部/药品说明书（要点归纳）,补益剂/中成药,刺五加片·益气健脾补肾安神,据现行版《中国药典》一部与药品说明书要点归纳：本品为刺五加浸膏片，具益气健脾、补肾安神之功，用于脾肾阳虚，症见体虚乏力、食欲不振、腰膝酸痛、失眠多梦。用法用量按说明书口服。,刺五加片为单味药益气健脾、补肾安神类中成药，用于脾肾阳虚之体虚乏力、食欲不振、腰膝酸痛、失眠多梦。本品偏温补，阴虚火旺、感冒发热者不宜。服药期间宜规律作息、适度运动；失眠长期不愈或伴明显不适者应就医。本条目为中成药，请按说明书或在医师指导下使用。,3,AI预标注，待人工复核
q041,失眠多梦，心烦易怒，如何调理？,case,kexuefang_001,《方剂学》规划教材（要点归纳）,理血剂,咳血方·清肝宁肺凉血止血,"传统方歌：""咳血方中诃子收，瓜蒌海粉山栀投，青黛蜜丸口噙化，咳嗽痰血服之瘳。""（《丹溪心法》方，据教材要点归纳：青黛、瓜蒌仁、海浮石、山栀子、诃子各约常用量，为丸含化或水煎服。）",咳血方为清肝宁肺、凉血止血之代表方，主治肝火犯肺之咳血证，症见咳嗽痰稠、咳痰带血、心烦易怒、胸胁刺痛。本方为清肝之剂，虚寒性咳血、肺肾阴虚劳嗽者不宜。本方为要点归纳，供参考；具体用药请遵医嘱。,3,AI预标注，待人工复核
q041,失眠多梦，心烦易怒，如何调理？,case,xinshu_001,针灸学,足太阳膀胱经,心俞,出《针灸甲乙经》。《灵枢·背腧》：心腧在五焦之间，夹脊相去三寸所。,心俞为心之背俞穴，为心气输注于背部的腧穴。定位在脊柱区，第5胸椎棘突下，后正中线旁开1.5寸。主治心痛、心悸、心烦、失眠、多梦、健忘等心与神志病证，以及癫痫、咳嗽、吐血。刺法：斜刺0.5～0.8寸；可灸。,0,AI预标注，待人工复核
q041,失眠多梦，心烦易怒，如何调理？,case,snb_yuanzhi_001,神农本草经,上经,远志,远志，味苦，温。主咳逆伤中，补不足，除邪气，利九窍，益智慧，耳目聪明，不忘，强志倍力。久服，轻身不老。一名棘菀。生川谷。,远志苦辛温，安神益智、祛痰开窍、消散痈肿，主治心肾不交之失眠多梦、健忘惊悸、咳痰不爽及疮疡肿毒。,3,AI预标注，待人工复核
q041,失眠多梦，心烦易怒，如何调理？,case,snb_xiakucao_001,神农本草经,下经,夏枯草,夏枯草，味苦，辛寒。主寒热，瘰疬鼠瘘，头疮，破癥，散瘿结气，脚肿湿痹。生川谷。,夏枯草苦辛寒，清肝泻火、散结消肿、明目，主治肝郁化火之目赤肿痛、头痛眩晕、瘰疬瘿瘤及乳痈肿痛。其性寒凉，脾胃虚弱者慎服，不宜大量久服以免伤胃。,0,AI预标注，待人工复核
q041,失眠多梦，心烦易怒，如何调理？,case,xinrenshuohuoj_001,《中医基础理论》规划教材（要点归纳）,藏象,心肾水火既济·心肾相交水火互济,"心位居上，属火；肾位居下，属水。正常生理状态下，心阳下温肾阳，使肾水不寒；肾阴上济心阴，使心火不亢，心肾两脏上下升降、相互协调，称为""心肾相交""，又称""水火既济""。若心火不降、肾水不升，则心肾不交，可见失眠、心悸、腰膝酸软等。","心肾相交（水火既济）是五脏关系中最常讲的一对：心火下降温肾水，肾水上升滋心火，上下交通则阴阳调和。这一理论把心（火、神）与肾（水、精）联系起来，解释睡眠、神志与生殖之精的协调。临床上心肾不交多见失眠多梦、心悸健忘与腰酸，治以交通心肾。学习时应把它与""肝肾同源""""脾肾互济""等脏腑关系并记。",3,AI预标注，待人工复核
q041,失眠多梦，心烦易怒，如何调理？,case,baiziyangxinwan_001,《中国药典》一部/药品说明书（要点归纳）,补益剂/中成药,柏子养心丸·补气养血安神,据现行版《中国药典》一部与药品说明书要点归纳：本品由柏子仁、党参、炙黄芪、川芎、当归、茯苓、远志（制）、酸枣仁、肉桂、五味子（醋蒸）、半夏曲、炙甘草等组成，具补气、养血、安神之功，用于心气虚寒，症见心悸易惊、失眠多梦、健忘。用法用量按说明书口服。,柏子养心丸为补气养血、安神类中成药，用于心气虚寒之心悸易惊、失眠健忘。方偏温补，阴虚火旺、肝阳上亢之失眠不宜；服药期间不宜饮用浓茶咖啡。失眠长期不愈、伴严重心悸或情绪低落者应就医。本条目为中成药，请按说明书或在医师指导下使用。,3,AI预标注，待人工复核
q041,失眠多梦，心烦易怒，如何调理？,case,longchi_001,《中药学》（清华社）· 药典外品种,安神药,龙齿,据清华社《中药学》：龙齿为古代哺乳动物如三趾马、犀类、鹿类、牛类等牙齿的化石（药用部位：牙齿化石）。性味甘、涩，凉；归心、肝经。功能与主治：镇惊安神，平肝潜阳；用于心悸易惊，失眠多梦，癫狂，惊痫。用法与用量：9～15g，打碎先煎。贮藏：置干燥处。,**简明**：龙齿甘涩凉，镇惊安神而平肝潜阳，为重镇安神之品，善治惊悸癫狂。。**详解**：心悸易惊、失眠多梦配酸枣仁、柏子仁、远志；癫狂惊痫配牡蛎、朱砂（须遵古法）；肝阳眩晕配石决明、白芍。,3,AI预标注，待人工复核
q041,失眠多梦，心烦易怒，如何调理？,case,tianwangbuxindan_002,《中国药典》一部/药品说明书（要点归纳）,补益剂/中成药,天王补心丹（成方制剂）·滋阴养血补心安神,据现行版《中国药典》一部与药品说明书要点归纳：本品由丹参、当归、石菖蒲、党参、茯苓、五味子、麦冬、天冬、地黄、玄参、远志（制）、酸枣仁（炒）、柏子仁、桔梗、甘草、朱砂等组成，具滋阴养血、补心安神之功，用于心阴不足，症见心悸健忘、失眠多梦、大便干燥。用法用量按说明书口服。,天王补心丹（成药）为滋阴养血、补心安神类中成药，用于心阴不足之心悸健忘、失眠多梦。本品含朱砂，不宜长期或过量服用，肝肾功能不全者慎用；脾胃虚寒、纳呆便溏者不宜。失眠伴严重心悸、情绪低落或长期不愈者应就医。本条目为中成药，请按说明书或在医师指导下使用。,3,AI预标注，待人工复核
q041,失眠多梦，心烦易怒，如何调理？,case,guipiwan_002,《中国药典》一部/药品说明书（要点归纳）,补益剂/中成药,归脾丸·益气健脾养血安神,据现行版《中国药典》一部与药品说明书要点归纳：本品由党参、白术、黄芪、茯苓、远志、酸枣仁、龙眼肉、当归、木香、大枣、炙甘草组成，具益气健脾、养血安神之功，用于心脾两虚，气短心悸，失眠多梦，头昏头晕，肢倦乏力，食欲不振，崩漏便血。用法用量按说明书温开水或生姜汤送服。,归脾丸为古方归脾汤改制的益气养血、健脾安神类中成药，用于心脾两虚之心悸失眠、食少乏力、崩漏便血。本方甘温壅补，痰湿内盛、阴虚火旺者不宜；感冒发热期间停服。本条目为中成药，请按说明书或在医师指导下使用。,3,AI预标注，待人工复核
q041,失眠多梦，心烦易怒，如何调理？,case,shen_pangguang_001,中医诊断学,辨证,肾阳虚、肾阴虚、肾精不足与膀胱湿热证,肾与膀胱辨证。据规划教材《中医诊断学》归纳：肾阳虚证以腰膝酸软冷痛、畏寒肢冷（下肢尤甚）、面色㿠白或黧黑、阳痿宫寒、夜尿多、五更泄泻、舌淡胖苔白、脉沉细无力（尺脉尤弱）为要点；肾阴虚证以腰膝酸痛、眩晕耳鸣、失眠多梦、潮热盗汗、五心烦热、咽干、遗精经少、舌红少苔、脉细数为要点；肾精不足证以小儿发育迟缓、智力低下，成人生殖…,肾阳虚治宜温补肾阳；肾阴虚治宜滋补肾阴；肾精不足治宜补益肾精；膀胱湿热治宜清热利湿通淋。肾虚三证均以腰膝酸软为主症：兼畏寒肢冷、五更泻为肾阳虚；兼潮热盗汗、舌红少苔为肾阴虚；兼发育生殖功能低下、早衰健忘为肾精不足。膀胱湿热为下焦实证，以尿频尿急尿痛、苔黄腻为眼目，与肾虚之久病虚证迥别。,3,AI预标注，待人工复核
q041,失眠多梦，心烦易怒，如何调理？,case,snb_baihe_001,神农本草经,中经,百合,百合，味甘，平。主邪气腹胀，心痛，利大小便，补中益气。,百合甘寒质润，养阴润肺、清心安神，主治阴虚燥咳、劳嗽咯血及虚烦惊悸、失眠多梦。本经主邪气腹胀心痛、利大小便、补中益气，取其清润和中、养阴安神之功。,3,AI预标注，待人工复核
q041,失眠多梦，心烦易怒，如何调理？,case,chuanlianzi_001,中国药典（2025年版）一部,理气药,川楝子,据《中国药典》2025 年版一部：川楝子为楝科植物川楝 Melia toosendan Sieb. et Zucc. 的干燥成熟果实（药用部位：成熟果实）。性味苦，寒；有小毒；归肝、小肠、膀胱经。功能与主治：疏肝泄热，行气止痛，杀虫；用于肝郁化火，胸胁、脘腹胀痛，疝气疼痛，虫积腹痛。用法与用量：5～10g。外用适量。注…,**简明**：川楝子苦寒有小毒，疏肝泄热、行气止痛、杀虫，主治**肝郁化火**之胁腹胀痛、疝气疼痛及虫积腹痛。**详解**：肝火胁痛配延胡索（金铃子散）；寒疝配乌药、小茴香（天台乌药散）；蛔虫腹痛配槟榔、使君子。有小毒，脾胃虚寒者慎用，不宜过量久服。,2,AI预标注，待人工复核
q041,失眠多梦，心烦易怒，如何调理？,case,ciwujia_001,中国药典（2025年版）一部,补虚药,刺五加,据《中国药典》2025 年版一部：刺五加为五加科植物刺五加 Acanthopanax senticosus (Rupr. et Maxim.) Harms 的干燥根和根茎（药用部位：根和根茎）。性味辛、微苦，温；归脾、肾、心经。功能与主治：益气健脾，补肾安神；用于脾肺气虚，体虚乏力，食欲不振，肺肾两虚，久咳虚喘，肾虚腰…,**简明**：刺五加辛微苦温，益气健脾而补肾安神，为治脾虚乏力、失眠健忘的常用药。。**详解**：脾虚乏力、食欲不振配黄芪、白术；腰膝酸软配杜仲、牛膝；失眠多梦配酸枣仁、茯神。阴虚火旺者慎用。,3,AI预标注，待人工复核
q041,失眠多梦，心烦易怒，如何调理？,case,shouwuteng_001,中国药典（2025年版）一部,安神药,首乌藤,据《中国药典》2025 年版一部：首乌藤为蓼科植物何首乌 Polygonum multiflorum Thunb. 的干燥藤茎（药用部位：藤茎）。性味甘，平；归心、肝经。功能与主治：养血安神，祛风通络；用于失眠多梦，血虚身痛，风湿痹痛，皮肤瘙痒。用法与用量：9～15g。外用适量，煎汤洗。贮藏：置干燥处。  **【古注】…,**简明**：首乌藤甘平，养血安神、祛风通络，主治**血虚失眠多梦**、血虚身痛、风湿痹痛及皮肤瘙痒（煎汤外洗）。**详解**：失眠配酸枣仁、柏子仁；血虚身痛配当归、鸡血藤；皮肤瘙痒配白鲜皮、地肤子煎洗。,3,AI预标注，待人工复核
q041,失眠多梦，心烦易怒，如何调理？,case,yuejingxianqi_001,《中医妇科学》规划教材（要点归纳）,妇科,月经先期·月经提前七天以上,"月经先期是指月经周期提前七天以上，甚至十余日一行，连续两个周期以上者，又称""月经赶前""""经早""。病因多为气虚统摄无权或热扰冲任迫血妄行；辨证分气虚、阳盛血热、阴虚血热、肝郁化热等型。",月经先期辨证分虚实：气虚者经色淡、质稀、量多，治宜补气摄血；血热者经色红或紫、质稠，治宜清热凉血。经量骤增、淋漓不止者须就医。教材要点归纳，供参考；具体诊疗请遵医嘱。,0,AI预标注，待人工复核
q041,失眠多梦，心烦易怒，如何调理？,case,reyaningkeli_001,《中国药典》一部/药品说明书（要点归纳）,清热剂/中成药,热炎宁颗粒·清热解毒,据现行版《中国药典》一部与药品说明书要点归纳：本品由蒲公英、虎杖、北败酱、半枝莲等组成，具清热解毒之功，用于外感风热、内郁化火所致风热感冒、发热、咽痛、咳嗽、咯痰黄稠；化脓性扁桃体炎、急性咽炎、急性支气管炎见上述证候者。用法用量按说明书开水冲服。,热炎宁颗粒为清热解毒类中成药，用于外感风热、内郁化火之发热咽痛、咯黄痰，亦可用于急性咽炎、支气管炎。本品性寒，脾胃虚寒、便溏者慎用。服药期间忌烟酒辛辣油腻；高热不退、咳嗽气促或扁桃体化脓者应及时就医。本条目为中成药，请按说明书或在医师指导下使用。,0,AI预标注，待人工复核
q041,失眠多梦，心烦易怒，如何调理？,case,xue_001,《中医基础理论》规划教材（要点归纳）,气血津液,血·循行脉中营养滋润全身的红色液态物质,血，即血液，是循行于脉中、富有营养和滋润作用的红色液态物质，是构成人体和维持人体生命活动的基本物质之一。血主要由营气和津液所组成，其生理功能为：①濡养滋润全身脏腑组织；②是神志活动的主要物质基础。血在脉中循行，内至脏腑，外达皮肉筋骨。,血在中医中既是物质概念，又主濡养与养神。血充足则面色红润、视听灵敏、活动自如；血虚则面色萎黄、头晕眼花、失眠多梦。血的生成、运行与心、脾、肝、肾密切相关（详见血的生成与运行各条）。学习时应把血的功能与气血关系、脏腑配属联系起来理解。,3,AI预标注，待人工复核
q041,失眠多梦，心烦易怒，如何调理？,case,yuanzhi_001,中国药典（2025年版）一部,安神药,远志,据《中国药典》2025 年版一部：远志为远志科植物远志 Polygala tenuifolia Willd. 或卵叶远志 Polygala sibirica L. 的干燥根（药用部位：根）。性味苦、辛，温；归心、肾、肺经。功能与主治：安神益智，交通心肾，祛痰，消肿；用于心肾不交引起的失眠多梦，健忘惊悸，神志恍惚，咳痰不…,**简明**：远志辛苦温，安神益智、交通心肾、祛痰消肿，主治**心肾不交**之失眠健忘惊悸、痰多不爽及疮肿乳痈。**详解**：失眠健忘配石菖蒲、茯苓（安神定志丸）；咳痰配桔梗、杏仁；乳痈肿痛外用捣敷。**蜜炙减刺激（生品刺激胃）**；胃溃疡者慎用。,3,AI预标注，待人工复核
q041,失眠多梦，心烦易怒，如何调理？,case,zhusha_001,中国药典（2025年版）一部,安神药,朱砂,据《中国药典》2025 年版一部：朱砂为硫化物类矿物辰砂族辰砂，主含硫化汞（HgS）（药用部位：矿物）。性味甘，微寒；有毒；归心经。功能与主治：清心镇惊，安神，明目，解毒；用于心悸易惊，失眠多梦，癫痫发狂，小儿惊风，视物昏花，口疮，喉痹，疮疡肿毒。用法与用量：0.1～0.5g，多入丸散服，不宜入煎剂。外用适量。注意：本…,**简明**：朱砂甘微寒有毒，清心镇惊、安神明目、解毒，主治心火亢盛之心悸失眠、惊痫癫狂及口疮疮毒（外用）。**详解**：心火失眠配黄连、甘草（朱砂安神丸）；小儿惊风配牛黄、天竺黄。**有毒（硫化汞），不入煎剂，只入丸散（0.1～0.5g）**，不可过量久服，孕妇及肝肾功能不全者禁用。,3,AI预标注，待人工复核
q041,失眠多梦，心烦易怒，如何调理？,case,baihe_001,中国药典（2025年版）一部,补虚药,百合,据《中国药典》2025 年版一部：百合为百合科植物卷丹 Lilium lancifolium Thunb.、百合 Lilium brownii F. E. Brown var. viridulum Baker 或细叶百合 Lilium pumilum DC. 的干燥肉质鳞叶（药用部位：肉质鳞叶）。性味甘，微寒；归心、肺…,**简明**：百合甘微寒，养阴润肺、清心安神（**润肺而兼宁心**），主治肺阴虚燥咳劳嗽及虚烦失眠、百合病（精神恍惚）。**详解**：肺燥咳嗽配生地黄、麦冬（百合固金汤）；虚烦失眠配知母（百合地黄汤）。风寒咳嗽、中寒便溏者忌用。,2,AI预标注，待人工复核
q041,失眠多梦，心烦易怒，如何调理？,case,wenshuimian_001,《中医诊断学》规划教材（要点归纳）,四诊,问睡眠·失眠与嗜睡辨阴阳气血,问睡眠是询问患者睡眠的难易、深浅、久暂及伴随症状，以辨阴阳盛衰、气血盈亏的诊法。失眠（不寐）多因机体阴阳失调、阳不入阴：入睡困难多属心火上炎或心肾不交；多梦易醒多属心脾两虚；时时惊醒多属胆郁痰扰。嗜睡多因阳虚阴盛、痰湿内盛：困倦嗜睡多属痰湿或脾虚。,问睡眠以失眠辨阳不入阴、嗜睡辨阴盛阳虚：入睡困难属心肾不交，多梦易醒属心脾两虚，困倦嗜睡属痰湿脾虚。昏睡呼之不应属邪闭心神危候。此为教材要点归纳，供参考；具体诊疗请遵医嘱，不引导自我诊断。,3,AI预标注，待人工复核
q041,失眠多梦，心烦易怒，如何调理？,case,snb_maimendong_001,神农本草经,上经,麦门冬,麦门冬，味甘，平。主心腹结气，伤中伤饱，胃络脉绝，羸瘦短气。久服，轻身不老不饥。生川谷及堤坂。,麦门冬甘微苦微寒，养阴润肺、益胃生津、清心除烦，主治肺燥干咳、津伤口渴、心烦失眠及肠燥便秘。,2,AI预标注，待人工复核
q041,失眠多梦，心烦易怒，如何调理？,case,tianwangbuxindan_jieyao_001,方解（方论集要）,安神剂·方解,天王补心丹·滋阴养血补心安神,本方出《摄生秘剖》（一作《校注妇人良方》）：组成生地黄（酒洗）四两，人参、丹参（微炒）、玄参（炒）、茯苓（炒）、远志（炒）、桔梗各五钱，当归身（酒洗）、天门冬（去心）、麦门冬（去心）、柏子仁（炒）、酸枣仁（炒）各一两，五味子三钱，朱砂为衣。方中生地黄君，滋阴养血、补肾养心；天冬、麦冬、玄参臣，滋阴清热；丹参、当归臣，养…,天王补心丹为滋阴养血、补心安神之代表方，治心阴不足之心悸健忘、失眠多梦、大便干燥。重用生地滋阴养血为君，大队滋阴养血、益气安神之品，桔梗载药入心，朱砂镇心。与酸枣仁汤相比：酸枣仁汤养血安神兼清热除烦，治肝血不足之虚烦不眠；此滋阴为主、兼补心气，治心肾不足、阴亏血少之失眠。本方含朱砂，不宜久服；脾胃虚寒者慎用。方解供学习…,3,AI预标注，待人工复核
q041,失眠多梦，心烦易怒，如何调理？,case,xiaomai_001,《中药学》（清华社）· 药典外品种,安神药,小麦,据清华社《中药学》：小麦为禾本科植物小麦 Triticum aestivum L. 的干燥成熟果实（药用部位：成熟果实）。性味甘，凉；归心、脾、肾经。功能与主治：养心除烦，益肾；用于脏躁，心烦不宁，失眠，妇人脏躁。用法与用量：30～60g。贮藏：置通风干燥处，防蛀。,**简明**：小麦甘凉，养心除烦而益肾，为治妇人脏躁、心烦失眠的常用药（甘麦大枣汤主药）。。**详解**：脏躁、心烦失眠配甘草、大枣（甘麦大枣汤）；心悸不安配酸枣仁、柏子仁。,2,AI预标注，待人工复核
q041,失眠多梦，心烦易怒，如何调理？,case,dengxincao_001,中国药典（2025年版）一部,利水渗湿药,灯心草,据《中国药典》2025 年版一部：灯心草为灯心草科植物灯心草 Juncus effusus L. 的干燥茎髓（药用部位：茎髓）。性味甘、淡，微寒；归心、肺、小肠经。功能与主治：清心火，利小便；用于心烦失眠，尿少涩痛，口舌生疮。用法与用量：1～3g。外用适量。贮藏：置干燥处。,**简明**：灯心草甘淡微寒，清心火、利小便，主治心火亢盛之心烦失眠、口舌生疮、小便涩痛。**详解**：心烦不寐配竹叶、栀子；口疮配黄连、甘草；热淋配车前子、木通。药力缓和，多配入复方，下焦虚寒者慎用。,3,AI预标注，待人工复核
q041,失眠多梦，心烦易怒，如何调理？,case,hehuanhua_001,中国药典（2025年版）一部,安神药,合欢花,据《中国药典》2025 年版一部：合欢花为豆科植物合欢 Albizia julibrissin Durazz. 的干燥花序或花蕾（药用部位：花序或花蕾）。性味甘，平；归心、肝经。功能与主治：解郁安神；用于心神不安，忧郁失眠。用法与用量：5～10g。贮藏：置通风干燥处。,**简明**：合欢花甘平，解郁安神，主治**忧郁忿怒**所致之心神不安、失眠。**详解**：忧郁失眠配合欢皮、郁金、酸枣仁；心烦不寐配夜交藤、柏子仁。可泡水代茶。,3,AI预标注，待人工复核
q041,失眠多梦，心烦易怒，如何调理？,case,ganqi_huo_001,中医诊断学,辨证,肝气郁结证与肝火上炎证,肝实证类。据规划教材《中医诊断学》归纳：肝气郁结证以胸胁、乳房、少腹胀痛走窜不定、情志抑郁或易怒、喜太息、咽部异物感、月经不调、痛经、苔薄白、脉弦为要点；肝火上炎证以头胀痛、眩晕、面红目赤、口苦口干、急躁易怒、耳鸣如潮、甚则吐血衄血、便秘尿黄、舌红苔黄、脉弦数为要点。,肝气郁结治宜疏肝解郁；肝火上炎治宜清肝泻火。二者病位均在肝，常相因为病——气郁日久可化火。鉴别眼目：肝气郁结以胀痛走窜、情志抑郁、脉弦为主，无明显热象；肝火上炎以面红目赤、口苦、急躁、舌红苔黄脉弦数为主，为气郁化火之实热证。肝火上炎属火性上炎，须与肝阳上亢之上盛下虚相鉴别（见肝阳上亢条）。,2,AI预标注，待人工复核
q041,失眠多梦，心烦易怒，如何调理？,case,shanmaidong_001,中国药典（2025年版）一部,补虚药,山麦冬,据《中国药典》2025 年版一部：山麦冬为百合科植物湖北麦冬 Liriope spicata (Thunb.) Lour. var. prolifera Y. T. Ma 或短葶山麦冬 Liriope muscari (Decne.) Baily 的干燥块根（药用部位：块根）。性味甘、微苦，微寒；归肺、胃、心经。功能与…,**简明**：山麦冬甘微苦微寒，养阴生津而润肺清心，功似麦冬，为肺燥干咳、心烦失眠常用。。**详解**：肺燥干咳配沙参、玉竹；阴虚痨嗽配百合、贝母；津伤口渴配天花粉、乌梅；心烦失眠配酸枣仁、丹参。脾虚便溏者慎用。,2,AI预标注，待人工复核
q041,失眠多梦，心烦易怒，如何调理？,case,zhushaanshen_001,《方剂学》规划教材（要点归纳）,安神剂,朱砂安神丸·镇心清热安神,"传统方歌：""朱砂安神东垣方，归连甘草合地黄，怔忡不寐心烦乱，清热养阴可复康。""（《内外伤辨惑论》方，据教材要点归纳：朱砂约另研水飞为衣，黄连、生地、当归、炙甘草各约常用量，为丸或汤服。）",朱砂安神丸为重镇安神代表方，主治心火亢盛、阴血不足之失眠心烦。本方含朱砂，不宜久服多服。本方为要点归纳，供参考；具体用药请遵医嘱。,3,AI预标注，待人工复核
q041,失眠多梦，心烦易怒，如何调理？,case,banxiahoupo_001,《方剂学》规划教材（要点归纳）,理气剂,半夏厚朴汤·行气散结降逆化痰治梅核气,"传统方歌：""半夏厚朴与紫苏，茯苓生姜共煎服，痰凝气聚成梅核，降逆开郁气自舒。""（《金匮要略》方，据教材要点归纳：半夏、厚朴、茯苓、生姜、苏叶，各约常用量，水煎服。）",半夏厚朴汤为行气散结、降逆化痰代表方，主治梅核气（痰气互结），症见咽中如有物阻、咯吐不出、吞咽不下、胸胁满闷、或咳或呕、苔白润或白滑、脉弦缓或弦滑。功能行气散结、降逆化痰，为治情志不遂、痰气交阻咽中梅核气之名方。使用注意：方偏辛温苦燥，津伤或阴虚火旺者非宜；气郁化火者当清化。本方为要点归纳，供参考；具体用药请遵医嘱。,0,AI预标注，待人工复核
q041,失眠多梦，心烦易怒，如何调理？,case,xinhuo_tanxin_001,中医诊断学,辨证,心火亢盛证与痰蒙心窍证,心病实证类。据规划教材《中医诊断学》归纳：心火亢盛证以心烦失眠、面赤口渴、口舌生疮赤烂、吐血衄血、便秘尿黄、舌红绛、脉数为要点；痰蒙心窍（痰迷心窍）证以神志痴呆、意识模糊或精神抑郁、喃喃自语，甚则昏不知人、喉中痰鸣、苔白腻、脉滑为要点；痰火扰神则在痰浊基础上兼见狂躁妄动、不避亲疏、舌红苔黄腻、脉滑数。,心火亢盛治宜清心泻火；痰蒙心窍治宜涤痰开窍；痰火扰神治宜清心豁痰开窍。心火亢盛以心烦、面赤、口舌生疮、舌红脉数为眼目，属实热；痰蒙心窍以神志异常加苔腻脉滑为眼目，属痰浊；痰火扰神则兼狂躁、苔黄腻。须辨痰之寒热——白腻属痰浊（寒），黄腻属痰火（热）。,2,AI预标注，待人工复核
q041,失眠多梦，心烦易怒，如何调理？,case,tiaoqiixue_001,《中医基础理论》规划教材（要点归纳）,治则治法,调理气血·气虚补气气滞理气血虚养血血瘀活血,调理气血，指纠正气血失常，恢复气血协调关系。气虚者补气，气滞者理气，气逆者降气；血虚者养血，血瘀者活血，出血者止血。气病及血、血病及气者，气血并调；气血关系失常者，气血双补或行气活血。,气血是人体生命活动的物质基础和动力，气血失常是基本病机。调理气血即补气、理气、养血、活血等法。本条为治则基础理论，不涉及具体诊疗。,0,AI预标注，待人工复核
q041,失眠多梦，心烦易怒，如何调理？,case,xuezheng_001,中医诊断学,辨证,血虚、血瘀、血热、血寒证,血病辨证四类。据规划教材《中医诊断学》归纳：血虚证以面白无华或萎黄、唇舌色淡、头晕眼花、心悸失眠、手足麻木、脉细为要点；血瘀证以刺痛拒按、痛有定处、肿块紫暗、出血紫黑夹块、舌紫暗或有瘀斑、脉涩为要点；血热证以身热夜甚、心烦、吐衄发斑、舌红绛、脉数为要点；血寒证以冷痛喜暖、形寒肢冷、肤色紫暗、得温痛减、脉沉迟为要点。,"血虚治宜养血；血瘀治宜活血化瘀；血热治宜清热凉血；血寒治宜温经散寒。血虚以""色淡、脉细""为眼目，属虚；血瘀以""刺痛、紫暗、舌瘀斑、脉涩""为眼目，属实；血热以""身热、出血色鲜红、舌红绛、脉数""为眼目，属实热；血寒以""冷痛、得温则减、形寒""为眼目，属实寒。血证常互见（如血瘀兼血虚、血热动血），须参合舌脉以辨主次寒热。",0,AI预标注，待人工复核
q041,失眠多梦，心烦易怒，如何调理？,case,baduanjin_001,中医养生（古籍要义归纳）,导引功法,八段锦·立式导引八式,"传世八段锦歌诀：""双手托天理三焦，左右开弓似射雕，调理脾胃须单举，五劳七伤往后瞧，摇头摆尾去心火，两手攀足固肾腰，攒拳怒目增气力，背后七颠百病消。""（出宋明以来导引典籍，明清《遵生八笺》《内功图说》等辗转传抄。）",八段锦是中医传统导引养生术，由八节连贯动作组成，每节对应调畅相应脏腑与周身气血。要领：动作圆缓、呼吸自然、意守放松，每日晨间或日间各练一遍，每次十余分钟。作为古代养生文化与传统健身术，其作用在于舒展筋骨、活动关节、调和气息。本条目为养生保健参考，不替代诊疗；身体不适或患有疾病者应在专业指导下练习。,0,AI预标注，待人工复核
q041,失眠多梦，心烦易怒，如何调理？,case,liuwansu_001,中医各家学说,医家,刘完素·主火热论创河间寒凉一派,"《素问玄机原病式》：""夫百病之生也，皆生于风寒暑湿燥火，以之化之变也""；其论""六气皆能化火""""五志过极皆为热甚""，主张火热为病甚多，治宜寒凉。","刘完素，字守真，自号通元处士，金代河间（今河北河间）人，约生于北宋大观、卒于金承安间（约1110—1200年），因居河间，世称""刘河间""。他精研《素问》，历数十年深究病机，反对当时套用《局方》、温燥成风之弊，著《素问玄机原病式》《宣明论方》（一名《黄帝素问宣明论方》）等。学术上倡""火热论""，提出""六气皆能化火""""五志过…",0,AI预标注，待人工复核
q041,失眠多梦，心烦易怒，如何调理？,case,maidong_001,中国药典（2025年版）一部,补虚药,麦冬,据《中国药典》2025 年版一部：麦冬为百合科植物麦冬 Ophiopogon japonicus (Thunb.) Ker-Gawl. 的干燥块根（药用部位：块根）。性味甘、微苦，微寒；归心、肺、胃经。功能与主治：养阴生津，润肺清心；用于肺燥干咳，阴虚劳嗽，喉痹咽痛，津伤口渴，内热消渴，心烦失眠，肠燥便秘。用法与用量：…,**简明**：麦冬甘微苦微寒，养阴生津、润肺清心（**清养肺胃心三脏之阴**），主治肺燥干咳、喉痹咽痛、津伤口渴消渴、心烦失眠及肠燥便秘。**详解**：气阴两伤配人参、五味子（生脉散）；肺燥干咳配沙参、玉竹（沙参麦冬汤）；肠燥便秘配玄参、生地黄（增液汤）。风寒感冒、痰湿咳喘者忌用。,2,AI预标注，待人工复核
q041,失眠多梦，心烦易怒，如何调理？,case,hejianxuepai_001,中医各家学说,流派,河间学派·主火热论善用寒凉,"据《素问玄机原病式》：刘完素阐《素问·至真要大论》""病机十九条""，推衍""六气皆能化火""""五志过极皆为热甚""，谓热病多从火化，治宜寒凉清热，制防风通圣散、双解散表里双解。","河间学派为金元时期与易水学派并峙的重要医学流派，因创始人刘完素（金河北河间人，世称刘河间）而得名。学术渊源上，完素深研《素问》病机十九条，结合北方热病流行的临床实际，提出""六气皆能化火""与""五志过极皆为热甚""两大命题，将风、湿、燥、寒诸气皆归结于化火生热，突出火热病机。临证善用寒凉清热，创制防风通圣散、双解散等表里双解…",0,AI预标注，待人工复核
q041,失眠多梦，心烦易怒，如何调理？,case,shenmen_001,针灸学,手少阴心经,神门,《灵枢·本输》：心脉注于太冲，太冲，即神门，掌后锐骨之端陷者中也，为输。,神门为手少阴心经输穴、原穴，定位在腕前区，腕掌侧远端横纹尺侧端，尺侧腕屈肌腱的桡侧缘。主治心痛、心烦、惊悸、怔忡、健忘、失眠、癫狂痫、痴呆及腕部痛，为宁心安神第一要穴。刺法：直刺0.3～0.5寸；可灸。,2,AI预标注，待人工复核
q041,失眠多梦，心烦易怒，如何调理？,case,snb_suanzaoren_001,神农本草经,上经,酸枣仁,酸枣，味酸，平。主心腹寒热，邪结气聚，四肢酸疼，湿痹。久服，安五脏，轻身延年。生川泽。,酸枣仁甘酸平，养心补肝、宁心安神、敛汗生津，主治虚烦不眠、惊悸多梦、体虚多汗及津伤口渴。,2,AI预标注，待人工复核
q041,失眠多梦，心烦易怒，如何调理？,case,gongsun_001,针灸学,足太阴脾经,公孙,《灵枢·经脉》：足太阴之别，名曰公孙，去本节后一寸，别走阳明；其别者入络肠胃。,公孙为足太阴脾经络穴、八脉交会穴（通于冲脉），定位在第1跖骨基底部的前下方，赤白肉际处。为治胃、心、胸病证之要穴，「公孙冲脉胃心胸」，主治胃痛、呕吐、腹痛、泄泻、痢疾、心烦失眠、逆气里急。刺法：直刺0.5～1寸；可灸。,0,AI预标注，待人工复核
q041,失眠多梦，心烦易怒，如何调理？,case,jingluoyingyong_001,《中医基础理论》规划教材（要点归纳）,经络,经络临床应用·阐释病理指导诊断指导治疗,经络学说在临床上应用主要有三方面：①阐释病理，外邪由表入里、脏腑病变相互传变，多以经络为途径；②指导诊断，根据症状出现部位判为何经病变（分经辨证、循经诊断）；③指导治疗，针灸循经取穴、药物归经引经报使，以及按摩、拔罐等均以经络为据。,"经络学说的临床价值在于：它既解释病邪如何传变（由皮毛、经络到脏腑），也指导医生""按部位辨何经""，再循经取穴或用引经药。如前额痛多属阳明经、偏头痛多属少阳经，即分经辨证。学习时应把经络循行路线与常见分经辨证、归经用药对应起来记。",0,AI预标注，待人工复核
q041,失眠多梦，心烦易怒，如何调理？,case,yuejingxianhouwudingqi_001,《中医妇科学》规划教材（要点归纳）,妇科,月经先后无定期·月经提前或延后无定期,"月经先后无定期是指月经周期或提前或延后七天以上，连续三个周期以上者，又称""经水先后无定期""""月经期""。病因多为肝郁疏泄失司或肾虚封藏失职；辨证分肝郁、肾虚等型。",月经先后无定期以肝郁、肾虚为主。肝郁者经量或多或少、胸胁胀闷，治宜疏肝理气；肾虚者经量少、色淡黯、腰骶酸痛，治宜补肾调经。教材要点归纳，供参考；具体诊疗请遵医嘱。,2,AI预标注，待人工复核
q041,失眠多梦，心烦易怒，如何调理？,case,baixi_001,《中医皮肤性病学》规划教材（要点归纳）,皮肤,白驳风·白癜风,白驳风是皮肤色素脱失而发生的局限性白色斑片，相当于西医白癜风。多由肝郁气滞、肝肾不足或瘀血阻络、气血失和、肌肤失养引起。辨证分肝郁气滞、肝肾不足、瘀血阻络等型。,白驳风为慢性皮肤病，治疗以疏肝理气、滋补肝肾、活血化瘀为主，配合外治。白斑迅速扩大、泛发者须就医。教材要点归纳，供参考；具体诊疗请遵医嘱。,2,AI预标注，待人工复核
q041,失眠多梦，心烦易怒，如何调理？,case,yiguanjian_001,《方剂学》规划教材（要点归纳）,补益剂,一贯煎·滋阴疏肝,"传统方歌：""一贯煎中用地黄，沙参杞子麦冬襄，当归川楝水煎服，阴虚肝郁是妙方。""（魏之琇《续名医类案》方，据教材要点归纳：北沙参、麦冬、当归身、生地黄、枸杞子、川楝子，各约常用量，水煎服。）",一贯煎为滋阴疏肝代表方，主治肝肾阴虚、肝气郁滞证，症见胸脘胁痛、吞酸吐苦、咽干口燥、舌红少津、脉细弱或虚弦，亦可用于疝气瘕聚。功能滋阴疏肝，适用于阴虚肝气不疏之胁痛、胃脘痛。使用注意：有痰饮积滞、舌苔白腻者非宜；川楝子苦寒，脾胃虚寒者慎用。本方为要点归纳，供参考；具体用药请遵医嘱。,2,AI预标注，待人工复核
q041,失眠多梦，心烦易怒，如何调理？,case,xiaoyaosan_001,《方剂学》规划教材（要点归纳）,和解剂,逍遥散·疏肝解郁养血健脾,"传统方歌：""逍遥散用当归芍，柴苓术草加姜薄，疏肝养血又健脾，肝郁血虚脾气弱。""（《太平惠民和剂局方》方，据教材要点归纳：柴胡、当归、白芍、白术、茯苓、炙甘草，加薄荷、生姜，各约常用量，水煎服。）",逍遥散为疏肝解郁、养血健脾代表方，主治肝郁血虚脾弱证，症见两胁作痛、头痛目眩、口燥咽干、神疲食少、月经不调、乳房胀痛、脉弦而虚。功能疏肝解郁、养血健脾，为调治肝郁血虚及妇科月经不调常用方。使用注意：阴虚阳亢、肝阳上亢者非宜；服药期间宜情志舒畅。本方为要点归纳，供参考；具体用药请遵医嘱。,2,AI预标注，待人工复核
q041,失眠多梦，心烦易怒，如何调理？,case,yuzheng_001,中医内科学,气血津液病证,郁证,"郁证是以心情抑郁、情绪不宁、胸部满闷、胁肋胀痛，或易怒欲哭，或咽中如有异物梗阻等为主要临床表现的病证。《素问·六元正纪大论》提出""木郁达之，火郁发之，土郁夺之，金郁泄之，水郁折之""五郁治则。《金匮要略·妇人杂病脉证并治》记载""脏躁""与""梅核气""证治。教材以气机郁滞为基本病机分证论治。",郁证病位主要在肝，可涉及心、脾、肾，基本病机为气机郁滞、脏腑功能失调。辨证首辨受病脏腑与六郁：初起多实（气郁、火郁、痰郁），日久转虚或虚实夹杂（心神失养、心脾两虚、心肾阴虚）。分证论治：肝气郁结治以疏肝解郁、理气畅中，方用柴胡疏肝散；气郁化火治以疏肝解郁、清肝泻火，方用丹栀逍遥散；痰气郁结（梅核气）治以行气开郁、化痰散…,2,AI预标注，待人工复核
q041,失眠多梦，心烦易怒，如何调理？,case,qizhiweitongkeli_001,《中国药典》一部/药品说明书（要点归纳）,消导/理气/中成药,气滞胃痛颗粒·疏肝理气和胃止痛,据现行版《中国药典》一部与药品说明书要点归纳：本品由柴胡、延胡索、枳壳、香附、白芍、炙甘草等组成，具疏肝理气、和胃止痛之功，用于肝郁气滞，胸痞胀满，胃脘疼痛。用法用量按说明书开水冲服。,气滞胃痛颗粒为常用疏肝理气和胃类中成药，用于肝郁气滞之胸痞胀满、胃脘疼痛。服药期间忌气怒，宜清淡饮食；孕妇慎用，肝胃郁火、胃阴不足之胃痛不宜。本条目为中成药，请按说明书或在医师指导下使用。,2,AI预标注，待人工复核
q041,失眠多梦，心烦易怒，如何调理？,case,qiying_001,《中医外科学》规划教材（要点归纳）,外科,气瘿·颈部弥漫性肿胀随喜怒消长,气瘿是瘿病的一种，其特点是颈部漫肿，边缘不清，皮色如常，按之柔软不痛，随喜怒消长，好发于山区、高原地带，与水土及情志有关，相当于单纯性甲状腺肿。病因多为肝郁气滞、冲任失调、水土不宜。,气瘿治疗以疏肝解郁、化痰软坚为主，常用四海舒郁丸。同时注意改善水源、补充碘质。甲状腺肿大压迫气管或合并结节者应就医。教材要点归纳，供参考；具体诊疗请遵医嘱。,2,AI预标注，待人工复核
q041,失眠多梦，心烦易怒，如何调理？,case,you_001,《中医皮肤性病学》规划教材（要点归纳）,皮肤,疣·皮肤黏膜赘生物寻常疣扁平疣,疣是发生在皮肤浅表的良性赘生物，因皮损形态与部位不同分寻常疣、扁平疣、跖疣、传染性软疣等，多由HPV病毒感染所致。病机多为风热毒聚肌肤、肝郁血瘀或气虚血瘀，致气血凝滞、肌肤赘生。,疣为病毒感染性皮肤病，可自身接种传播。中医分风热毒聚、肝郁血瘀等，内服清热解毒活血，配合外治（中药熏洗、推疣、激光冷冻）。迅速增多、破溃出血须及时就医。本条目为教材要点归纳，供参考；具体诊疗请遵医嘱。,0,AI预标注，待人工复核
q041,失眠多梦，心烦易怒，如何调理？,case,queru_001,《中医妇科学》规划教材（要点归纳）,妇科,缺乳·产后乳汁甚少或全无,缺乳是指产后哺乳期内，产妇乳汁甚少或全无者。病因多为气血虚弱（化源不足）、肝郁气滞（乳脉壅滞）或痰浊阻滞。辨证常见气血虚弱、肝郁气滞、痰浊阻滞等型。治法以补气养血、疏肝解郁、通络下乳为主。,缺乳分虚实：虚者乳房柔软、乳汁清稀，用通乳丹补气养血；实者乳房胀痛，用下乳涌泉散疏肝通络。配合食疗（如猪蹄汤）、定时吸吮、调畅情志。若乳房红肿热痛、发热，须排除乳痈，及时就医。本条目为教材要点归纳，供参考；具体诊疗请遵医嘱。,2,AI预标注，待人工复核
q041,失眠多梦，心烦易怒，如何调理？,case,heiban_001,《中医皮肤性病学》规划教材（要点归纳）,皮肤,黧黑斑·面部黄褐斑,黧黑斑是指面部出现大小不一、形状不规则的黄褐色斑片，对称分布，无自觉症状，日晒后加重。病机多与肝郁气滞、脾土亏虚、肾水不足有关，气血不能上荣于面所致。辨证分肝郁气滞、脾虚、肾阴不足三型。,黧黑斑即黄褐斑，多见于育龄女性，与日晒、情志、内分泌相关。治疗以内调脏腑气血为主，外注意防晒。病程较长，需坚持调理，不承诺速效。,0,AI预标注，待人工复核
q041,失眠多梦，心烦易怒，如何调理？,case,qingfengneizhang_001,《中医眼科学》规划教材（要点归纳）,五官,青风内障·原发性开角型青光眼,青风内障指眼无明显不适或仅有轻度眼胀视物模糊、逐渐视野缩小、终致失明的内障眼病，相当于原发性开角型青光眼。多由痰湿内动、肝郁气滞、肝肾两亏或气血不足引起。治疗以控制眼压为主，配合辨证论治。,青风内障为慢性致盲性眼病，早期诊断与长期控制眼压是关键。中药辅助辨证，须眼科专科长期随访。眼胀头痛剧烈、视力骤降者须立即就医。教材要点归纳，供参考；具体诊疗请遵医嘱。,0,AI预标注，待人工复核
q041,失眠多梦，心烦易怒，如何调理？,case,rouying_001,《中医外科学》规划教材（要点归纳）,外科,肉瘿·颈前结块柔韧而圆,肉瘿是瘿病中较常见的一种，其临床特点是颈前喉结一侧或两侧结块，柔韧而圆，如肉之团，随吞咽动作而上下移动，发展缓慢，好发于青年女性及中年人。相当于甲状腺腺瘤或囊肿。病因多为忧思郁怒、气滞痰凝。辨证分气滞痰凝、气阴两虚等型。,肉瘿治疗以理气解郁、化痰软坚为主。本病多为甲状腺良性肿瘤，但须与甲状腺癌鉴别，肿块迅速增大、质地坚硬者应及时手术与专科诊治。教材要点归纳，供参考；具体诊疗请遵医嘱。,0,AI预标注，待人工复核
q041,失眠多梦，心烦易怒，如何调理？,case,xiaoyaowan_001,《中国药典》一部/药品说明书（要点归纳）,理血/止咳/中成药,逍遥丸·疏肝健脾养血调经,据现行版《中国药典》一部与药品说明书要点归纳：本品由柴胡、当归、白芍、白术、茯苓、炙甘草、薄荷、生姜组成，具疏肝健脾、养血调经之功，用于肝郁脾虚所致郁闷不舒、胸胁胀痛、头晕目眩、食欲减退、月经不调。用法用量按说明书口服。,逍遥丸为疏肝健脾、养血调经常用中成药，用于肝郁脾虚之郁闷不舒、胸胁胀痛、月经不调。服药期间忌气恼劳碌，忌食生冷油腻；感冒期间不宜服用。本条目为中成药，请按说明书或在医师指导下使用。,2,AI预标注，待人工复核
q041,失眠多梦，心烦易怒，如何调理？,case,ruqi_001,《中医外科学》规划教材（要点归纳）,外科,乳癖·乳房良性结块与月经周期相关,乳癖是乳腺组织的既非炎症也非肿瘤的良性增生性疾病，其特点是乳房部出现形状、大小不一的肿块，边界不清，质地不坚，活动度好，常伴胀痛，症状与月经周期相关。病因多为情志内伤、肝郁痰凝，冲任失调。辨证分肝郁痰凝、冲任失调等型。,乳癖治疗以疏肝理气、化痰散结为主，冲任失调者调理冲任。本病为乳腺增生病，但乳房肿块性质须经专科检查与乳腺癌鉴别，定期复查。教材要点归纳，供参考；具体诊疗请遵医嘱。,2,AI预标注，待人工复核
q041,失眠多梦，心烦易怒，如何调理？,case,lingbaozizhijiaonang_001,《中国药典》一部/药品说明书（要点归纳）,补益剂/中成药,灵芝孢子粉胶囊·健脾益气养心安神,据现行版《中国药典》一部与药品说明书要点归纳：本品由破壁灵芝孢子粉制成，具健脾益气、养心安神之功，用于心脾两虚、病后体虚，症见心悸失眠、食少倦怠。用法用量按说明书口服。,灵芝孢子粉胶囊为单味药健脾益气、养心安神类中成药，用于心脾两虚、病后体虚之心悸失眠、食少倦怠。本品药性平和，过敏体质者慎用；作为辅助调养，不能替代正规治疗。病后体虚、失眠持续不改善或伴明显症状者应就医。本条目为中成药，请按说明书或在医师指导下使用。,2,AI预标注，待人工复核
q041,失眠多梦，心烦易怒，如何调理？,case,qizhi_qini_001,中医诊断学,辨证,气滞证与气逆证,气病辨证之实证类。据规划教材《中医诊断学》归纳：气滞证以胀闷、疼痛（胀痛、窜痛）、症状随情绪而增减、嗳气或矢气后减轻、脉弦为辨证要点；气逆证为气机升降失常、当降反升，肺气上逆见咳嗽气喘，胃气上逆见呕吐、嗳气、呃逆，肝气上逆见头痛、眩晕、面红目赤甚则昏厥。,气滞证治宜行气；气逆证治宜降气。临证以胀闷窜痛、情志相关、脉弦为气滞辨证眼目，病位多在肝、脾胃、肺；气逆则辨何脏之气上逆——肺逆咳喘、胃逆呕恶、肝气上逆则头痛面赤。气滞与气逆常相因为病，气滞日久可化火、致血瘀；须与气虚之虚胀鉴别（见气虚气陷条）。,0,AI预标注，待人工复核
q041,失眠多梦，心烦易怒，如何调理？,case,laoshangbianzheng_001,《中医诊断学》规划教材（要点归纳）,辨证,劳伤辨证·劳力劳神房劳过度所致证候,劳伤辨证是辨别过度劳累所致证候。劳力过度则耗气，见神疲乏力、少气懒言、气喘汗出；劳神过度则耗伤心血、损伤心脾，见心悸失眠、纳呆健忘；房劳过度则耗伤肾精，见腰膝酸软、头晕耳鸣、遗精早泄、月经不调。,劳伤辨证须辨过劳性质与所伤脏腑。慢性消耗、持续神疲、性功能障碍须就医。此为教材要点归纳，供参考；具体诊疗请遵医嘱，不引导自我诊断。,0,AI预标注，待人工复核
q041,失眠多梦，心烦易怒，如何调理？,case,jigucao_001,中国药典（2025年版）一部,清热药,鸡骨草,据《中国药典》2025 年版一部：鸡骨草为豆科植物广州相思子 Abrus cantoniensis Hance 的干燥全株（药用部位：全株）。性味甘、微苦，凉；归肝、胃经。功能与主治：利湿退黄，清热解毒，疏肝止痛；用于湿热黄疸，胁肋不舒，胃脘胀痛，乳痈肿痛。用法与用量：15～30g。贮藏：置干燥处。,**简明**：鸡骨草甘微苦凉，善利湿退黄、疏肝止痛，为岭南治肝炎、胁痛常用药。。**详解**：湿热黄疸（急慢性肝炎）配茵陈、栀子、虎杖；肝郁胁痛配柴胡、白芍；乳痈配蒲公英、瓜蒌。凡虚寒体弱者慎用。,2,AI预标注，待人工复核
q041,失眠多梦，心烦易怒，如何调理？,case,shengtieluo_001,《中药学》（清华社）· 药典外品种,安神药,生铁落,据清华社《中药学》：生铁落为生铁煅至红赤、外层氧化时被锤落的铁屑（药用部位：铁屑）。性味辛，凉；归肝、心经。功能与主治：镇心安神，平肝镇惊；用于癫狂，惊痫，易惊善怒，心悸失眠。用法与用量：30～60g，先煎。外用适量。贮藏：置干燥处，防锈。,**简明**：生铁落辛凉，镇心安神而平肝镇惊，为重镇安神之品，为治癫狂惊痫的常用药。。**详解**：癫狂、惊痫配朱砂、胆南星、郁金（生铁落饮类）；易惊善怒、心悸失眠配酸枣仁、远志。**脾胃虚寒者慎用**；先煎。,2,AI预标注，待人工复核
q041,失眠多梦，心烦易怒，如何调理？,case,snb_fuling_001,神农本草经,上经,茯苓,茯苓，味甘，平。主胸胁逆气，忧恚惊邪恐悸，心下结痛，寒热烦满咳逆，口焦舌干，利小便。久服，安魂养神，不饥延年。一名茯菟。生山谷。,茯苓甘淡平，利水渗湿、健脾宁心，主治水肿尿少、痰饮眩悸、脾虚食少、便溏泄泻及心神不安、惊悸失眠。,1,AI预标注，待人工复核
q041,失眠多梦，心烦易怒，如何调理？,case,fushen_001,《中药学》（清华社）· 药典外品种,安神药,茯神,据清华社《中药学》：茯神为多孔菌科真菌茯苓 Poria cocos (Schw.) Wolf 菌核中抱有松根的白色部分（药用部位：菌核含松根部分）。性味甘、淡，平；归心、脾经。功能与主治：宁心安神，利水；用于心悸怔忡，失眠健忘，小便不利。用法与用量：9～15g。贮藏：置干燥处。,**简明**：茯神甘淡平，宁心安神而利水，为茯苓抱木之品，善治心悸失眠。。**详解**：心悸怔忡、失眠健忘配酸枣仁、远志、龙眼肉；小便不利配茯苓、泽泻。,2,AI预标注，待人工复核
q041,失眠多梦，心烦易怒，如何调理？,case,anshenbunaoye_001,《中国药典》一部/药品说明书（要点归纳）,补益剂/中成药,安神补脑液·生精补髓益气养血强脑安神,据现行版《中国药典》一部与药品说明书要点归纳：本品由鹿茸、制何首乌、淫羊藿、干姜、甘草、大枣、维生素B1等组成，具生精补髓、益气养血、强脑安神之功，用于肾精不足、气血两亏所致头晕、健忘、失眠、乏力；神经衰弱见上述证候者。用法用量按说明书口服。,安神补脑液为补肾益精、养血安神类中成药，用于肾精不足、气血两亏之头晕健忘失眠乏力。方含鹿茸、淫羊藿等温肾之品，阴虚火旺、高血压、感冒发热者不宜；服药期间忌浓茶咖啡。失眠长期不愈或伴严重症状者应就医。本条目为中成药，请按说明书或在医师指导下使用。,2,AI预标注，待人工复核
q041,失眠多梦，心烦易怒，如何调理？,case,guazijin_001,中国药典（2025年版）一部,化痰止咳平喘药,瓜子金,据《中国药典》2025 年版一部：瓜子金为远志科植物瓜子金 Polygala japonica Houtt. 的干燥全草（药用部位：全草）。性味辛、苦，平；归肺、心经。功能与主治：祛痰止咳，活血消肿，安神；用于咳嗽痰多，跌打损伤，失眠，乳痈。用法与用量：15～30g。外用适量。贮藏：置干燥处。,**简明**：瓜子金辛苦平，祛痰止咳而活血安神，为治咳嗽痰多、跌打失眠的常用药。。**详解**：咳嗽痰多配桔梗、前胡；跌打损伤配三七、苏木；失眠配酸枣仁、远志；乳痈可鲜品捣敷。,2,AI预标注，待人工复核
q041,失眠多梦，心烦易怒，如何调理？,case,hehuanpi_001,中国药典（2025年版）一部,安神药,合欢皮,据《中国药典》2025 年版一部：合欢皮为豆科植物合欢 Albizia julibrissin Durazz. 的干燥树皮（药用部位：树皮）。性味甘，平；归心、肝、肺经。功能与主治：解郁安神，活血消肿；用于心神不安，忧郁失眠，肺痈，疮肿，跌扑伤痛。用法与用量：6～12g。外用适量，研末调敷。贮藏：置通风干燥处。,**简明**：合欢皮甘平，解郁安神、活血消肿，为「**解郁安神**」之品（善治情志不遂之忧郁失眠），兼治肺痈疮肿、跌扑伤痛。**详解**：忧郁失眠配郁金、酸枣仁；肺痈配鱼腥草、冬瓜仁；跌扑瘀肿配乳香、没药。,2,AI预标注，待人工复核
q041,失眠多梦，心烦易怒，如何调理？,case,jili_001,中国药典（2025年版）一部,平肝息风药,蒺藜,据《中国药典》2025 年版一部：蒺藜为蒺藜科植物蒺藜 Tribulus terrestris L. 的干燥成熟果实（药用部位：成熟果实）。性味辛、苦，微温；有小毒；归肝经。功能与主治：平肝解郁，活血祛风，明目，止痒；用于头痛眩晕，胸胁胀痛，乳闭乳痈，目赤翳障，风疹瘙痒。用法与用量：6～10g。注意：孕妇慎用。贮藏：置…,**简明**：蒺藜辛苦微温有小毒，平肝解郁、活血祛风、明目止痒，主治头痛眩晕、胸胁胀痛、乳闭、目赤翳障及风疹瘙痒。**详解**：肝阳头痛配天麻、钩藤；肝郁胁痛配柴胡、香附；风疹瘙痒配蝉蜕、防风。孕妇慎用。,0,AI预标注，待人工复核
q041,失眠多梦，心烦易怒，如何调理？,case,qiuzao_001,温病学,温病学,秋燥,清·俞根初《通俗伤寒论》：「秋燥一证，……有温燥、凉燥之殊。」秋燥为秋季感受燥热（或燥凉）病邪、以津气干燥为特征之外感病。（据规划教材《温病学·秋燥》归纳）,秋燥发于秋季，以干咳少痰、咽干鼻燥、皮肤干燥、口渴、苔薄白而燥为特征。初起邪在肺卫：偏于温燥者（久晴无雨、秋阳以曝）桑杏汤辛凉甘润；偏于凉燥者（初凉渐冷）杏苏散辛温润燥。若燥气化火，见身热、喘咳痰少、咽干鼻衄，清燥救肺汤清肺润燥；后期肺胃阴伤，沙参麦冬汤滋养肺胃。本病治宜润，忌苦燥伤津。,0,AI预标注，待人工复核
q041,失眠多梦，心烦易怒，如何调理？,case,yuejihua_001,中国药典（2025年版）一部,活血化瘀药,月季花,据《中国药典》2025 年版一部：月季花为蔷薇科植物月季 Rosa chinensis Jacq. 的干燥花（药用部位：花）。性味甘，温；归肝经。功能与主治：活血调经，疏肝解郁；用于气滞血瘀，月经不调，痛经，胸腹胀痛。用法与用量：3～6g。注意：孕妇慎用。贮藏：置阴凉干燥处，防压、防蛀。,**简明**：月季花甘温，活血调经而疏肝解郁，为治月经不调、痛经与肝郁胀痛的常用药。。**详解**：月经不调、痛经配当归、川芎、香附；胸腹胀痛配柴胡、郁金；跌打损伤配苏木、乳香。**孕妇慎用**；脾胃虚弱者不宜多服。,2,AI预标注，待人工复核
q041,失眠多梦，心烦易怒，如何调理？,case,jiangxiang_001,中国药典（2025年版）一部,止血药,降香,据《中国药典》2025 年版一部：降香为豆科植物降香檀 Dalbergia odorifera T. Chen 树干和根的干燥心材（药用部位：心材）。性味辛，温；归肝、脾经。功能与主治：化瘀止血，理气止痛；用于吐血，衄血，外伤出血，肝郁胁痛，胸痹刺痛，跌扑伤痛。用法与用量：9～15g，后下。外用适量，研细末敷患处。贮藏…,**简明**：降香辛温，化瘀止血、理气止痛，主治瘀血出血、肝郁胁痛、胸痹刺痛及跌扑伤痛。**详解**：胸痹刺痛配丹参、砂仁（丹参饮）；胁痛配郁金、香附；外伤出血研末外敷。**含挥发油宜后下**；阴虚火旺、血热妄行者忌用。,0,AI预标注，待人工复核
q041,失眠多梦，心烦易怒，如何调理？,case,snb_oushijing_001,神农本草经,上经,藕实茎,藕实茎，味甘，平。主补中养神，益气力，除百疾。久服，轻身耐老，不饥延年。一名水芝丹。生池泽。,藕实茎即莲子，甘涩平，补脾止泻、止带、益肾涩精、养心安神，主治脾虚久泻、遗精带下、心悸失眠。,2,AI预标注，待人工复核
q041,失眠多梦，心烦易怒，如何调理？,case,snb_baishi_001,神农本草经,上经,柏实,柏实，味甘，平。主惊悸，安五脏，益气，除湿痹。久服，令人悦泽美色，耳目聪明，不饥不老，轻身延年。生山谷。,柏实即柏子仁，甘平，养心安神、润肠通便、止汗，主治阴血不足之心悸失眠、肠燥便秘及阴虚盗汗。,2,AI预标注，待人工复核
q041,失眠多梦，心烦易怒，如何调理？,case,zibeichi_001,《中药学》（清华社）· 药典外品种,平肝息风药,紫贝齿,据清华社《中药学》：紫贝齿为宝贝科动物蛇首眼球贝 Erosaria caputserpentis (L.) 等多种贝类的贝壳（药用部位：贝壳）。性味咸，平；归肝、心经。功能与主治：平肝潜阳，镇惊安神，清肝明目；用于肝阳上亢，头晕目眩，惊悸失眠，目赤翳障。用法与用量：10～15g，打碎先煎。外用适量。贮藏：置干燥处。,**简明**：紫贝齿咸平，平肝潜阳而镇惊安神、清肝明目，为治眩晕惊悸与目疾的常用药。。**详解**：肝阳上亢、头晕目眩配石决明、菊花、钩藤；惊悸失眠配酸枣仁、龙骨；目赤翳障配决明子、青葙子。,2,AI预标注，待人工复核
q041,失眠多梦，心烦易怒，如何调理？,case,fuling_001,中国药典（2025年版）一部,利水渗湿药,茯苓,据《中国药典》2025 年版一部：茯苓为多孔菌科真菌茯苓 Poria cocos (Schw.) Wolf 的干燥菌核（药用部位：菌核）。性味甘、淡，平；归心、肺、脾、肾经。功能与主治：利水渗湿，健脾，宁心；用于水肿尿少，痰饮眩悸，脾虚食少，便溏泄泻，心神不安，惊悸失眠。茯苓皮利水消肿；茯神宁心安神。用法与用量：10～…,**简明**：茯苓甘淡平，利水渗湿、健脾、宁心，药性平和（四时神药），主治水肿痰饮、脾虚泄泻、心悸失眠，利水不伤正。**详解**：水湿内停水肿配猪苓、泽泻（五苓散）；痰饮眩悸配桂枝、白术（苓桂术甘汤）；脾虚便溏配白术、山药（参苓白术散）；心悸失眠配酸枣仁、远志（归脾汤）。茯苓皮偏利水消肿，茯神偏宁心安神。,2,AI预标注，待人工复核
q041,失眠多梦，心烦易怒，如何调理？,case,snb_fushen_001,神农本草经,上经,茯神,茯神，味甘，平。主辟不祥，疗风眩风虚，五劳口干，止惊悸，多恚怒，善忘。（本条出《名医别录》，附于本经茯苓条后）,茯神为茯苓抱松根而生者，甘平，宁心安神，主治心虚惊悸、健忘失眠、惊痫。其利水健脾之力弱于茯苓，长于安神。,2,AI预标注，待人工复核
q041,失眠多梦，心烦易怒，如何调理？,case,shanghan_253,伤寒论,辨阳明病脉证并治,吴茱萸汤证治（第253条）,食谷欲呕者，属阳明也，吴茱萸汤主之。得汤反剧者，属上焦也。 吴茱萸汤方 吴茱萸一升（洗，辛热） 人参三两（甘温）生姜六两（切，辛温） 大枣十二枚（掰，甘温） 右四味，以水七升，煮取二升，去滓，温服七合，日三服。,本条论述阳明病之脉证。症见呕。治以吴茱萸汤（温肝暖胃、降逆止呕），药后观其进退。,0,AI预标注，待人工复核
q041,失眠多梦，心烦易怒，如何调理？,case,ganshu_001,针灸学,足太阳膀胱经,肝俞,出《针灸甲乙经》。《灵枢·背腧》：九焦之间，肝腧当其处。,肝俞为肝之背俞穴，为肝气输注于背部的腧穴。定位在脊柱区，第9胸椎棘突下，后正中线旁开1.5寸。主治胁痛、黄疸等肝胆病证，目赤、目视不明等目疾，癫狂痫等神志病，以及脊背痛。刺法：斜刺0.5～0.8寸；可灸。,0,AI预标注，待人工复核
q041,失眠多梦，心烦易怒，如何调理？,case,snb_wuweizi_001,神农本草经,上经,五味子,五味子，味酸，温。主益气，咳逆上气，劳伤羸瘦，补不足，强阴，益男子精。一名会及。生山谷。,五味子酸甘温，收敛固涩、益气生津、补肾宁心，主治久咳虚喘、梦遗滑精、遗尿尿频、久泻不止、自汗盗汗及津伤口渴、心悸失眠。,0,AI预标注，待人工复核
q041,失眠多梦，心烦易怒，如何调理？,case,snb_longyan_001,神农本草经,上经,龙眼,龙眼，味甘，平。主五脏邪气，安志厌食。久服，强魂聪明，轻身不老，通神明。一名益智。生山谷。,龙眼（桂圆）甘温，补益心脾、养血安神，主治气血不足、心悸怔忡、健忘失眠、血虚萎黄。湿盛中满或有痰火者忌服。,2,AI预标注，待人工复核
q041,失眠多梦，心烦易怒，如何调理？,case,shanghan_388,伤寒论,辨厥阴病脉证并治,吴茱萸汤证治（第388条）,干呕，吐涎沫，头痛者，吴茱萸汤主之。,本条论述厥阴病之脉证。症见头痛、呕。治以吴茱萸汤（温肝暖胃、降逆止呕），药后观其进退。,0,AI预标注，待人工复核
q041,失眠多梦，心烦易怒，如何调理？,case,yanhushuo_001,中国药典（2025年版）一部,活血化瘀药,延胡索,据《中国药典》2025 年版一部：延胡索为罂粟科植物延胡索 Corydalis yanhusuo W. T. Wang 的干燥块茎（药用部位：块茎）。性味辛、苦，温；归肝、脾经。功能与主治：活血，行气，止痛；用于胸胁、脘腹疼痛，胸痹心痛，经闭痛经，产后瘀阻，跌扑肿痛。用法与用量：3～10g；研粉吞服，一次 1.5～3g…,**简明**：延胡索辛苦温，活血行气止痛，为「**一身上下诸痛**」之要药（血瘀气滞诸痛皆宜）。**详解**：肝郁胁痛配川楝子（金铃子散）；胃脘痛配白芍、甘草；痛经配当归、香附；跌扑瘀痛配乳香、没药。**研粉吞服止痛力强于煎剂**；醋制止痛力增强。,0,AI预标注，待人工复核
q041,失眠多梦，心烦易怒，如何调理？,case,nanjing_041,难经,第四十一难,第四十一难,曰：肝独有两叶，以何应也？  然：肝者，东方木也，木者，春也。万物始生，其尚幼小，意无所亲，去太阴尚近，离太阳不远，犹有两心，故有两叶，亦应木叶也。,本难释肝独有两叶之应。肝为东方木应春，万物始生意无所亲，犹有两心，故有两叶以应木叶。,0,AI预标注，待人工复核
q041,失眠多梦，心烦易怒，如何调理？,case,dadun_001,针灸学,足厥阴肝经,大敦,《灵枢·本输》：肝出于大敦，大敦者，足大指之端及三毛之中也，为井木。,大敦为足厥阴肝经井穴（木），定位在足大趾末节外侧，距趾甲角0.1寸（三毛中）。为疏肝理气要穴，主治疝气、遗尿、经闭、崩漏、阴挺、癫痫。刺法：斜刺0.1～0.2寸，或点刺出血；可灸。,2,AI预标注，待人工复核
q041,失眠多梦，心烦易怒，如何调理？,case,shanghan_105,伤寒论,辨太阳病脉证并治中,肝乘脾刺期门（第105条）,伤寒腹满谵语，寸口脉浮而紧，此肝乘脾也，名曰纵，刺期门。,本条论肝乘脾证。伤寒腹满谵语，寸口脉浮而紧，此肝乘脾也，名曰纵，刺期门。肝木乘脾土，刺期门泻肝实。,0,AI预标注，待人工复核
q041,失眠多梦，心烦易怒，如何调理？,case,qiangjian_001,针灸学,督脉,强间,出《针灸甲乙经》。,强间为督脉穴。在头部，后发际正中直上4寸，脑府上1.5寸。主治头痛、目眩、项强、癫狂痫、失眠。刺法：平刺0.5～0.8寸；可灸。,0,AI预标注，待人工复核
q041,失眠多梦，心烦易怒，如何调理？,case,nanjing_077,难经,第七十七难,第七十七难,曰：经言，上工治未病，中工治已病，何谓也？  然：所谓治未病者，见肝之病，则知肝当传之与脾，故先实其脾气，无令得受肝之邪，故曰治未病焉。中工者，见肝之病，不晓相传，但一心治肝，故曰治已病也。,本难释上工治未病。见肝之病知当传脾，先实脾气勿受肝邪；中工不晓相传，惟治已病之肝。,0,AI预标注，待人工复核
q041,失眠多梦，心烦易怒，如何调理？,case,nanjing_011,难经,第十一难,第十一难,曰：经言脉不满五十动而一止，一脏无气者，何脏也？  然：人吸者随阴入，呼者因阳出。今吸不能至肾，至肝而还，故知一脏无气者，肾气先尽也。,本难论脉代止主何脏无气。人吸者随阴入、呼者因阳出，今吸不能至肾、至肝而还，故知一脏无气者肾气先尽。,0,AI预标注，待人工复核
q041,失眠多梦，心烦易怒，如何调理？,case,guangzao_001,中国药典（2025年版）一部,补虚药,广枣,据《中国药典》2025 年版一部：广枣为漆树科植物南酸枣 Choerospondias axillaris (Roxb.) Burtt et Hill 的干燥成熟果实（药用部位：成熟果实）。性味甘、酸，平；归心、肝经。功能与主治：行气活血，养心安神；用于气滞血瘀，胸痹作痛，心悸气短，心神不宁。用法与用量：1.5～2.5…,**简明**：广枣甘酸平，行气活血而养心安神，为蒙药治胸痹心痛、心神不宁的常用药。。**详解**：胸痹心痛配丹参、川芎；心悸气短配黄芪、党参；心神不宁、失眠配酸枣仁、远志。,2,AI预标注，待人工复核
q041,失眠多梦，心烦易怒，如何调理？,case,shanghan_106,伤寒论,辨太阳病脉证并治中,肝乘肺刺期门（第106条）,伤寒发热，啬啬恶寒，大渴欲饮水，其腹必满，自汗出，小便利，其病欲解，此肝乘肺也，名曰横，刺期门。,本条论肝乘肺证。伤寒发热、啬啬恶寒、大渴欲饮水、其腹必满，自汗出、小便利，其病欲解，此肝乘肺也，名曰横，刺期门。,0,AI预标注，待人工复核
q041,失眠多梦，心烦易怒，如何调理？,case,shenting_001,针灸学,督脉,神庭,出《针灸甲乙经》。,神庭为督脉、足太阳、足阳明之会。在头部，前发际正中直上0.5寸。主治头痛、眩晕、目赤肿痛、鼻渊鼻衄、癫狂痫、失眠惊悸。刺法：平刺0.5～0.8寸；可灸。,0,AI预标注，待人工复核
q041,失眠多梦，心烦易怒，如何调理？,case,shanghan_534,伤寒论,伤寒例,尺寸俱微缓者（第534条）,尺寸俱微缓者，厥阴受病也，当六七日发。以其脉循阴器、络于肝，故烦满而囊缩。此三经皆受病，己入于府，可下而已。,本条论述伤寒例之脉证。症见烦、厥。当审其表里寒热、虚实传变而施治。,0,AI预标注，待人工复核
q041,失眠多梦，心烦易怒，如何调理？,case,nanjing_033,难经,第三十三难,第三十三难,曰：肝青象木，肺白象金。肝得水而沉，木得水而浮；肺得水而浮，金得水而沉。其意何也？  然：肝者，非为纯木也，乙角也，庚之柔。大言阴与阳，小言夫与妇。释其微阳，而吸其微阴之气，其意乐金，又行阴道多，故令肝得水而沉也。肺者，非为纯金也，辛商也，丙之柔。大言阴与阳，小言夫与妇。释其微阴，婚而就火，其意乐火，又行阳道多，故令肺…,本难释肝得水而沉、肺得水而浮之理。肝非纯木，乙与庚合、乐金行阴道多故沉；肺非纯金，辛与丙合、乐火行阳道多故浮。,0,AI预标注，待人工复核
q041,失眠多梦，心烦易怒，如何调理？,case,longyanrou_001,中国药典（2025年版）一部,补虚药,龙眼肉,据《中国药典》2025 年版一部：龙眼肉为无患子科植物龙眼 Dimocarpus longan Lour. 的假种皮（药用部位：假种皮）。性味甘，温；归心、脾经。功能与主治：补益心脾，养血安神；用于气血不足，心悸怔忡，健忘失眠，血虚萎黄。用法与用量：9～15g。贮藏：置通风干燥处，防潮，防蛀。  **【古注】】 《本草…,**简明**：龙眼肉甘温，补益心脾、养血安神（**药食两用**），主治心脾气血不足之心悸怔忡、健忘失眠及血虚萎黄。**详解**：心脾两虚配黄芪、党参、酸枣仁（归脾汤）。湿盛中满、痰火内蕴者慎用。,2,AI预标注，待人工复核
q041,失眠多梦，心烦易怒，如何调理？,case,snb_shaoyao_001,神农本草经,中经,芍药,芍药，味苦，平。主邪气腹痛，除血痹，破坚积、寒热疝瘕，止痛，利小便，益气。,芍药苦酸微寒，养血敛阴、柔肝止痛，为调经缓急、平肝止痛要药。本经主腹痛、血痹、疝瘕，取其养血和营、缓急止痛之功。,0,AI预标注，待人工复核
q041,失眠多梦，心烦易怒，如何调理？,case,qiqingzhibing_001,中医养生（古籍要义归纳）,起居情志,七情致病与调摄·喜怒过则伤脏宜调和,"《素问·阴阳应象大论》：""怒伤肝""""喜伤心""""思伤脾""""忧伤肺""""恐伤肾""。《素问·举痛论》：""怒则气上，喜则气缓，悲则气消，恐则气下……思则气结。""（公有领域原文。）","七情指喜、怒、忧、思、悲、恐、惊七种情志活动，本是人体对外界刺激的正常反应；但若情志过激、持久不解，便会成为致病因素，所谓""七情内伤""——暴怒伤肝、过喜伤心、久思伤脾、过忧伤肺、骤恐伤肾，并引起气机紊乱。中医调摄情志，贵在一个""和""字：遇事发怒时知节，喜悦适度不狂，思虑专一不纠结，忧悲善自宽解，惊恐安定心神。日常可通过…",1,AI预标注，待人工复核
q041,失眠多梦，心烦易怒，如何调理？,case,qiqingneishang2_001,《中医诊断学》规划教材（要点归纳）,辨证,七情内伤辨证·喜怒忧思悲恐惊致脏腑气机紊乱,七情内伤辨证是根据情志刺激史与证候特点，辨别情志所伤脏腑与气机紊乱。七情直接伤及内脏：怒伤肝、喜伤心、思伤脾、忧伤肺、恐伤肾；并影响脏腑气机：怒则气上、喜则气缓、悲则气消、恐则气下、惊则气乱、思则气结。,七情内伤辨证须结合情志诱因、所伤脏腑与气机紊乱表现。长期情绪低落、自杀倾向、严重失眠须就医。此为教材要点归纳，供参考；具体诊疗请遵医嘱，不引导自我诊断。,0,AI预标注，待人工复核
q041,失眠多梦，心烦易怒，如何调理？,case,zhongwan_001,针灸学,任脉,中脘,出《针灸甲乙经》。,中脘为胃募穴、八会穴之腑会，定位在上腹部，前正中线上，脐中上4寸。为治脾胃病主穴，主治胃痛、呕吐、呃逆、腹胀泄泻、纳呆、黄疸，及癫狂、失眠。刺法：直刺1～1.5寸；可灸。,0,AI预标注，待人工复核
q041,失眠多梦，心烦易怒，如何调理？,case,jiuxiangchong_001,中国药典（2025年版）一部,理气药,九香虫,据《中国药典》2025 年版一部：九香虫为蝽科昆虫九香虫 Aspongopus chinensis Dallas 的干燥体（药用部位：虫体）。性味咸，温；归肝、脾、肾经。功能与主治：理气止痛，温中助阳；用于胃寒胀痛，肝胃气痛，肾虚阳痿，腰膝酸痛。用法与用量：3～9g。贮藏：置木箱内衬以油纸，防潮、防蛀。  **【古注】…,**简明**：九香虫咸温，理气止痛、温中助阳，主治肝胃气痛、胃寒胀痛及肾虚阳痿、腰膝酸痛。**详解**：肝胃气痛配香附、延胡索；肾虚阳痿配淫羊藿、巴戟天。阴虚阳亢者慎用。,0,AI预标注，待人工复核
q041,失眠多梦，心烦易怒，如何调理？,case,fushan_001,中医各家学说,医家,傅山·著傅青主女科擅妇科理血调经,"据《傅青主女科》：""妇人有终年不下带，……乃下焦湿热之气熏蒸也""（论带下）；其论经、带、胎、产，辨肝脾肾与气血，立法主""平肝、开郁、补脾胃、兼清湿热""，方多平和取效。",傅山，字青主，号公它、石道人等，明末清初山西阳曲（今太原）人，生于明万历三十五年、卒于清康熙二十三年（1607—1684年）。他博学多才，经史、诗文、书画、音韵皆精，兼通医理，入清后隐居不仕，以遗民自居，晚年行医济世。其女科学说经后人整理为《傅青主女科》（又有《傅青主男科》《傅青主女科》传世）。书中分论带下、血崩、调经…,0,AI预标注，待人工复核
q041,失眠多梦，心烦易怒，如何调理？,case,nanjing_012,难经,第十二难,第十二难,曰：经言五脏脉已绝于内，用针者反实其外；五脏脉已绝于外，用针者反实其内。内外之绝，何以别之？  然：五脏脉已绝于内者，肾肝气已绝于内也，而医反补其心肺；五脏脉已绝于外者，心肺气已绝于外也，而医反补其肾肝。阳绝补阴，阴绝补阳，是谓实实虚虚，损不足而益有余。如此死者，医杀之耳。,本难论内外脉绝之补泻宜忌。五脏脉绝于内（肾肝）当补心肺，绝于外（心肺）当补肾肝；反其道则阳绝补阴、阴绝补阳，为实实虚虚，乃医杀之。,0,AI预标注，待人工复核
q041,失眠多梦，心烦易怒，如何调理？,case,nuanganjian_001,《方剂学》规划教材（要点归纳）,理气剂,暖肝煎·温补肝肾行气止痛治寒滞肝脉,"传统方歌：""暖肝煎中杞茯归，茴沉乌药姜肉桂，下焦虚寒疝气痛，温补肝肾此方推。""（张景岳《景岳全书》方，据教材要点归纳：当归、枸杞子、小茴香、肉桂、乌药、沉香、茯苓、生姜，各约常用量，水煎服。）",暖肝煎为温补肝肾、行气止痛代表方，主治肝肾不足、寒滞肝脉证，症见睾丸或少腹冷痛、畏寒喜暖、舌淡苔白、脉沉迟。功能温补肝肾、行气止痛，适用于肝肾阴虚、寒客肝脉之疝气腹痛。使用注意：本方偏温，湿热下注、肝经湿热者非宜；阴虚火旺者忌。本方为要点归纳，供参考；具体用药请遵医嘱。,0,AI预标注，待人工复核
q041,失眠多梦，心烦易怒，如何调理？,case,yutinghong_001,余听鸿医案,外证门,余听鸿·乳痈消托案,某妇，乳房掀红肿痛，寒热往来。余氏谓乳为阳明胃经所司，乳头属厥阴肝，此肝胃郁热、乳络壅滞，初起当疏肝清胃、通络散结，使外肿内消，若脓成则又当托里透脓，不可一味内消。,此案辨乳痈为肝胃郁热、乳络壅滞，初起主以疏肝清胃、通络内消，并强调脓成即当托透，不可拘泥一法。余氏于外证辨证精细，示人外治必合内治、消托须分阶段。,2,AI预标注，待人工复核
q041,失眠多梦，心烦易怒，如何调理？,case,shanghan_309,伤寒论,辨少阴病脉证并治,少阴吐利手足厥冷烦躁欲死吴茱萸汤（第309条）,少阴病，吐利，手足厥冷，烦躁欲死者，吴茱萸汤主之。,少阴病吐利交作、手足厥冷而烦躁欲死，为肝胃虚寒、浊阴上逆。吴茱萸汤温肝暖胃、降浊止呕，与纯少阴阳虚之四逆证有别，重在温降肝胃。,0,AI预标注，待人工复核
q041,失眠多梦，心烦易怒，如何调理？,case,lingjiaogouteng_001,《方剂学》规划教材（要点归纳）,治风剂,羚角钩藤汤·凉肝息风增液舒筋治热极动风,"传统方歌：""俞氏羚角钩藤汤，桑叶菊花鲜地黄，芍草茯神川贝茹，凉肝增液定风方。""（俞根初《通俗伤寒论》方，据教材要点归纳：羚羊角、钩藤、桑叶、菊花、生地、白芍、川贝、竹茹、茯神、甘草，各约常用量，水煎服。）",羚角钩藤汤为平息内风、凉肝息风代表方，主治肝经热盛、热极动风证，症见高热不退、烦闷躁扰、手足抽搐、发为痉厥、舌绛而干、脉弦数。功能凉肝息风、增液舒筋，为治温病热盛动风、痉厥抽搐之名方。使用注意：本方为凉肝息风重剂，阴虚风动、血虚生风非宜；痉厥神昏属急重证，当结合现代医学救治。本方为要点归纳，供参考；具体用药请遵医嘱。,0,AI预标注，待人工复核
q041,失眠多梦，心烦易怒，如何调理？,case,nanjing_004,难经,第四难,第四难,曰：脉有阴阳之法，何谓也？  然：呼出心与肺，吸入肾与肝，呼吸之间，脾也其脉在中。浮者阳也，沉者阴也，故曰阴阳也。  心肺俱浮，何以别之？  然：浮而大散者心也浮而短涩者肺也。  肾肝俱沉，何以别之？  然：牢而长者肝也，按之濡，举指来实者肾也。脾者中州，故其脉在中。是阴阳之法也。脉有一阴一阳，一阴二阳，一阴三阳；有一…,本难论脉分阴阳及脏腑脉象之别。心肺俱浮而别以大散短涩，肾肝俱沉而别以牢长濡实；又以浮沉长短滑涩六脉组合，论一阴一阳至一阴三阳等六种脉象组合。,0,AI预标注，待人工复核
q041,失眠多梦，心烦易怒，如何调理？,case,huatuo_003,名医类案,华佗医案,华佗断督邮徐毅误针案,故督邮徐毅得病，佗往省之。毅谓佗曰：昨使医曹吏刘租针胃管讫，便苦咳嗽，欲卧不安。佗曰：刺不得胃管，误中肝也，食当日减，五日不救。遂如佗言。（《三国志·魏书·方技传》）,"督邮徐毅被医官针刺""胃管""后，即咳嗽、卧不安。华佗诊之，断为针刺未中胃管、误伤于肝，预言其饮食日减、五日当死。后果如期。此案见华佗凭针后症候逆推误伤脏腑并精确判断预后，亦古针刺禁忌与针害之著名案例。",0,AI预标注，待人工复核
q041,失眠多梦，心烦易怒，如何调理？,case,yuanyinneizhang_001,《中医眼科学》规划教材（要点归纳）,五官,圆翳内障·老年性白内障,圆翳内障指晶珠混浊、视力缓降、终至瞳神内呈圆形银白色翳障的眼病，相当于老年性白内障。多由肝肾两亏、脾虚气弱或肝热上扰引起。辨证分肝肾两亏、脾虚气弱、肝热上扰等型。,圆翳内障即老年性白内障，初、中期可中药调理延缓进展；视力明显下降影响生活者以手术为主。视力骤降、眼痛红肿者须就医。教材要点归纳，供参考；具体诊疗请遵医嘱。,0,AI预标注，待人工复核
q041,失眠多梦，心烦易怒，如何调理？,case,longdanxiegan_001,《方剂学》规划教材（要点归纳）,清热剂,龙胆泻肝汤·清泻肝胆实火清利肝经湿热,"传统方歌：""龙胆泻肝栀芩柴，生地车前泽泻偕，木通甘草当归合，肝经湿热力能排。""（《医方集解》引方，据教材要点归纳：龙胆草约用酒炒、黄芩、栀子、泽泻、木通、车前子、当归、生地、柴胡、生甘草各约常用量，水煎服。）",龙胆泻肝汤为清泻肝胆实火、清利肝经湿热之代表方，主治肝胆实火上炎之头痛目赤、胁痛口苦、耳聋耳肿，及肝经湿热下注之阴肿阴痒、小便淋浊。本方苦寒败胃，不宜久服，脾胃虚寒、阴虚阳亢者忌用。本方为要点归纳，供参考；具体用药请遵医嘱。,2,AI预标注，待人工复核
q041,失眠多梦，心烦易怒，如何调理？,case,xuanyun_002,中医临床诊疗指南/专家共识（要点归纳）,现代中医,眩晕·辨证论治要点,据现行中医内科常见病诊疗指南：眩晕以清窍失养或痰瘀肝风上扰为基本病机，辨证常见肝阳上亢、气血亏虚、痰湿中阻、肾精不足等型，治以补虚泻实、平肝潜阳、补养气血为法。（要点归纳，非原文照录。）,眩晕以头晕、视物旋转为主症，轻者闭目即止，重者如坐舟车、甚则仆倒，指南要点：辨证分肝阳上亢（治宜平肝潜阳、清火息风）、气血亏虚（补益气血、调养心脾）、痰湿中阻（化痰祛湿、健脾和胃）、肾精不足（滋养肝肾、益精填髓）等型。临证须结合血压、颈椎、内耳等现代检查，配合调情志、节肥甘、防跌倒等调护。本条目为要点归纳，供参考；具体…,0,AI预标注，待人工复核
q041,失眠多梦，心烦易怒，如何调理？,case,suanzaoren_001,中国药典（2025年版）一部,安神药,酸枣仁,据《中国药典》2025 年版一部：酸枣仁为鼠李科植物酸枣 Ziziphus jujuba Mill. var. spinosa (Bunge) Hu ex H. F. Chou 的干燥成熟种子（药用部位：成熟种子）。性味甘、酸，平；归肝、胆、心经。功能与主治：养心补肝，宁心安神，敛汗，生津；用于虚烦不眠，惊悸多梦，体虚…,**简明**：酸枣仁甘酸平，养心补肝、宁心安神、敛汗生津，为**养心安神之要药**，主治虚烦不眠、惊悸多梦及体虚多汗。**详解**：肝血虚虚烦失眠配川芎、知母（酸枣仁汤）；心肾不交失眠配生地黄、麦冬（天王补心丹）；体虚自汗盗汗配五味子、牡蛎。**炒用安神力佳**；实邪郁火者慎用。,2,AI预标注，待人工复核
q041,失眠多梦，心烦易怒，如何调理？,case,bumei_002,中医临床诊疗指南/专家共识（要点归纳）,现代中医,不寐·辨证论治要点,据现行中医内科常见病诊疗指南：不寐以阳不入阴、心神失养或心神被扰为基本病机，辨证分肝火扰心、痰热扰心、心脾两虚、心肾不交等型，治以补虚泻实、安神定志为总则。（要点归纳，非原文照录。）,不寐（失眠）以入睡困难、寐而易醒、醒后不寐、甚则彻夜不眠为主症，指南要点：辨证分肝火扰心（治宜疏肝泻火、清心安神）、痰热扰心（清化痰热、和中安神）、心脾两虚（补益心脾、养血安神）、心肾不交（滋阴降火、交通心肾）等型。临证强调作息规律、睡前戒浓茶咖啡、避免情绪激动，配合心理调摄与睡眠卫生教育。本条目为要点归纳，供参考；具…,3,AI预标注，待人工复核
q041,失眠多梦，心烦易怒，如何调理？,case,suanzaorentang_jieyao_001,方解（方论集要）,安神剂·方解,酸枣仁汤·养血安神清热除烦,本方出《金匮要略》血痹虚劳病脉证并治：组成酸枣仁二升，甘草一两，知母二两，茯苓二两，川芎二两。方中酸枣仁君，甘酸平，养肝血、安心神、敛心气，为治虚烦不眠主药；茯苓臣，宁心安神；知母臣，苦寒清热除烦、滋阴润燥；川芎佐，辛温调肝血、疏肝气，与酸枣仁相配，一酸收一辛散，养血调肝；甘草使，和中缓急、调和诸药。,酸枣仁汤为养血安神、清热除烦之代表方，治肝血不足、虚热内扰之虚烦不得眠、心悸眩晕咽干。重用酸枣仁养肝血安心神为君，配川芎调肝血疏肝气，一收一散，养血调肝；茯苓宁心，知母除烦，甘草和中。与天王补心丹相比：彼滋阴为主兼补心气，治心阴不足之失眠；此养肝血为主兼清虚热，治肝血不足之虚烦不眠。痰热内扰、心火亢盛之失眠非宜。方解供…,2,AI预标注，待人工复核
q041,失眠多梦，心烦易怒，如何调理？,case,qingzhidiao_001,中医临床诊疗指南/专家共识（要点归纳）,现代中医,情志调摄规范·七情调摄要点,"据情志调摄规范要点：以《素问》""百病生于气""为据，主张喜、怒、忧、思、悲、恐、惊七情调和有度，通过移情易性、开导疏导、平和情志，维护气机和畅。（要点归纳，非原文照录。）",情志调摄是治未病养心调神的重要环节，规范要点：七情人皆有之，贵在平和有节，避免过度情志刺激与持久郁结；通过情绪疏导、移情易性、培养兴趣爱好、保持人际和睦与规律作息，使气机和畅、心神内守。对长期情绪低落、焦虑、失眠者，应及时寻求专业评估。本条目为要点归纳，供参考；具体诊疗请遵医嘱。,1,AI预标注，待人工复核
q041,失眠多梦，心烦易怒，如何调理？,case,cishi_001,中国药典（2025年版）一部,安神药,磁石,据《中国药典》2025 年版一部：磁石为氧化物类矿物尖晶石族磁铁矿，主含四氧化三铁（Fe3O4）（药用部位：矿物）。性味咸，寒；归肝、心、肾经。功能与主治：镇惊安神，平肝潜阳，聪耳明目，纳气平喘；用于惊悸失眠，头晕目眩，视物昏花，耳鸣耳聋，肾虚气喘。用法与用量：9～30g，先煎。贮藏：置干燥处。  **【古注】】 《神…,**简明**：磁石咸寒，镇惊安神、平肝潜阳、聪耳明目、纳气平喘（**重镇潜降、益肾**），主治心悸失眠、头晕目眩、耳鸣耳聋及肾虚喘促。**详解**：心悸失眠配朱砂、神曲（磁朱丸）；肝阳眩晕配石决明、牡蛎；肾虚耳鸣配熟地黄、山茱萸；肾不纳气配五味子、沉香。**入汤剂先煎**；脾胃虚弱者慎用。,2,AI预标注，待人工复核
q041,失眠多梦，心烦易怒，如何调理？,case,shuimianweisheng_001,中医养生（古籍要义归纳）,起居情志,睡眠卫生·作息规律寝卧有节,"《素问·四气调神大论》论四时卧起各有早晚；清·曹庭栋《老老恒言·昼卧》谓""寐有定时……寝不得过饱，卧不得多思""，主张寝兴有常、睡前节饮食、去思虑。（公有领域要点归纳。）","睡眠卫生是中医起居养生的重要内容，主张作息规律、寝卧有节。其要在于：一、定时作息，随季节调整卧起时间，避免熬夜与晨昏颠倒；二、睡前不宜饱食、过饮浓茶咖啡，不宜剧烈活动或情绪激动；三、上床后宜收心敛神，少思虑、少看手机，做到""先睡心、后睡眼""；四、卧室宜安静、光线柔和、温度适宜。良好的睡眠习惯有助于日间精力恢复与心神安宁…",1,AI预标注，待人工复核
q041,失眠多梦，心烦易怒，如何调理？,case,qingzhitiaoshe_001,中医养生（古籍要义归纳）,起居情志,情志调摄·七情平和喜怒有节,"《素问·阴阳应象大论》：""人有五脏化五气，以生喜怒悲忧恐。""《素问·举痛论》：""百病生于气也，怒则气上，喜则气缓，悲则气消，恐则气下……思则气结。""（公有领域原文。）","情志调摄是中医养神养生的核心原则之一，主张喜、怒、忧、思、悲、恐、惊七情人人本有，贵在平和有度、喜怒有节，避免情志过激与持久郁结。其要领在于遇事冷静、移情易性、适度宣泄、与人和、少思虑、节忧思，可结合静坐、园艺、运动、音乐等疏解情绪。古人认为""百病生于气""，情志过激可致气机逆乱、心神失养。作为古代养神文化与心理调摄，其…",1,AI预标注，待人工复核
q041,失眠多梦，心烦易怒，如何调理？,case,bumei_001,中医内科学,心系病证,不寐,《素问·逆调论》：「胃不和则卧不安。」《灵枢·营卫生会》论及营卫失调与睡眠关系。《金匮要略·血痹虚劳病脉证并治》：「虚劳虚烦不得眠，酸枣仁汤主之。」（据规划教材《中医内科学·心系病证·不寐》归纳）,不寐是以经常不能获得正常睡眠为特征的病证，轻者入寐困难或寐而易醒，重者彻夜不眠，常伴头痛、头昏、心悸、健忘、多梦等。基本病机为阳盛阴衰、阴阳失交，病位主要在心，与肝、脾、肾密切相关。辨证首分虚实：肝火扰心（龙胆泻肝汤疏肝泻火）、痰热扰心（黄连温胆汤清化痰热）多属实；心脾两虚（归脾汤补益心脾）、心肾不交（六味地黄丸合交泰…,3,AI预标注，待人工复核
q041,失眠多梦，心烦易怒，如何调理？,case,zhudanxi_002,丹溪心法,六郁,朱丹溪越鞠丸治六郁案,一人情志不遂，胸膈痞闷，脘腹胀痛，嗳腐吞酸，饮食不化，脉沉而涩。丹溪曰：气血冲和，万病不生，一有怫郁，诸病生焉。此气、血、痰、火、湿、食六郁相因，以越鞠丸主之：香附开气郁，川芎调血郁，苍术燥湿郁，神曲消食郁，栀子清火郁。数服而痞闷减、饮食进。（《丹溪心法》）,"患者情志不遂，胸脘痞闷胀痛、嗳腐纳呆、脉沉涩，朱丹溪据""气血冲和、万病不生，一有怫郁、诸病生焉""之论，辨为气、血、痰、火、湿、食六郁相因，制越鞠丸以五味分治诸郁，服后郁开食进。此案为治郁名方之由来，示人郁证多端相因，当以行气开郁为先导，气血痰湿火食并调。",0,AI预标注，待人工复核
q041,失眠多梦，心烦易怒，如何调理？,case,longdan_001,中国药典（2025年版）一部,清热药,龙胆,据《中国药典》2025 年版一部：龙胆为龙胆科植物条叶龙胆 Gentiana manshurica Kitag.、龙胆 Gentiana scabra Bge.、三花龙胆 Gentiana triflora Pall. 或滇龙胆 Gentiana rigescens Franch. 的干燥根和根茎（药用部位：根和根茎）…,**简明**：龙胆大苦大寒，清热燥湿、泻肝胆火，为泻**肝胆实火**要药，主治肝火头痛目赤、胁痛口苦、惊风抽搐及下焦湿热。**详解**：肝火头目诸疾配黄芩、栀子、柴胡（龙胆泻肝汤）；黄疸配茵陈、栀子；阴痒带下配苦参、黄柏；小儿惊风配钩藤、黄连。苦寒伤胃，中病即止，脾胃虚寒者忌用。,2,AI预标注，待人工复核
q041,失眠多梦，心烦易怒，如何调理？,case,hupo_001,中国药典（2025年版）一部,安神药,琥珀,据《中国药典》2025 年版一部：琥珀为古代松科植物（如松属 Pinus 植物）的树脂埋藏地下经年久转化而成的化石样物质（药用部位：树脂化石）。性味甘，平；归心、肝、膀胱经。功能与主治：镇惊安神，活血散瘀，利尿通淋；用于心悸失眠，惊风癫痫，血滞经闭，癥瘕疼痛，产后瘀阻腹痛，癃闭，血淋，石淋，痈疽疮毒。用法与用量：1.5…,**简明**：琥珀甘平，镇惊安神、活血散瘀、利尿通淋，主治心悸失眠、惊风癫痫、瘀血经闭癥瘕及血淋石淋。**详解**：心悸失眠配酸枣仁、远志；惊风配朱砂、天竺黄（琥珀抱龙丸）；血淋配蒲黄、海金沙。**不入煎剂，研末冲服（1.5～3g）**。,2,AI预标注，待人工复核
q041,失眠多梦，心烦易怒，如何调理？,case,gan_001,《中医基础理论》规划教材（要点归纳）,藏象,肝·主疏泄主藏血,"肝为五脏之一，主要生理功能：主疏泄，调畅气机、促进脾胃运化、调畅情志、促进男子排精与女子排卵行经；主藏血，贮藏血液、调节血量、防止出血。肝在体合筋，其华在爪，开窍于目，在液为泪，与胆相表里。肝为""罢极之本""，体阴而用阳。",肝主疏泄与藏血，体阴而用阳。疏泄关系到气机调畅、情志与消化；藏血关系到血量调节与血液运行。临床见情志抑郁、胸胁胀痛、眩晕、目疾、出血等多从肝论治。本条为基础理论，不涉及具体诊疗。,0,AI预标注，待人工复核
q041,失眠多梦，心烦易怒，如何调理？,case,tiandanxuwu_001,中医养生（古籍要义归纳）,起居情志,恬淡虚无·精神内守病安从来,"《素问·上古天真论》：""恬淡虚无，真气从之；精神内守，病安从来？是以志闲而少欲，心安而不惧，形劳而不倦，气从以顺，各从其欲，皆得所愿。""（公有领域原文。）","恬淡虚无是中医养神养生的最高原则，源出《素问·上古天真论》，主张心境清净、少思寡欲、心安不惧，使真气和顺、精神内守而不耗散。其要领并非消极避世，而是减少过度的欲望与情志扰动，遇事从容、日常有节、劳逸结合，配合静坐、调息、读书、近自然等以收摄心神。古人认为""得神者昌，失神者亡""，神不守舍则正气渐耗。作为古代调神文化与养心…",1,AI预标注，待人工复核
q041,失眠多梦，心烦易怒，如何调理？,case,zhenzhu_001,中国药典（2025年版）一部,安神药,珍珠,据《中国药典》2025 年版一部：珍珠为珍珠贝科动物马氏珍珠贝 Pteria martensii (Dunker)、蚌科动物三角帆蚌 Hyriopsis cumingii (Lea) 或褶纹冠蚌 Cristaria plicata (Leach) 等双壳类动物受刺激形成的珍珠（药用部位：珍珠）。性味甘、咸，寒；归心、肝…,**简明**：珍珠甘咸寒，安神定惊而明目消翳、解毒生肌，为治惊悸失眠、目翳疮疡的常用药。。**详解**：惊悸失眠配酸枣仁、柏子仁；惊风癫痫配钩藤、天麻；目生云翳研极细粉点眼；疮疡不敛研末外掺。,2,AI预标注，待人工复核
q041,失眠多梦，心烦易怒，如何调理？,case,huoxie_001,《中医基础理论》规划教材（要点归纳）,病因病机,火邪·火为阳邪炎上耗气伤津生风动血,火邪为六淫之一，又称热邪，温热之极则为火。致病特点：火为阳邪，其性炎上，多见高热、面赤、心烦；火易耗气伤津，见口渴、汗多、乏力；火易生风动血，见抽搐、出血；火易扰心神，见狂躁、神昏谵语；火易致肿疡，见痈肿疮疖。,火（热）邪炎上、耗气伤津、生风动血、扰神致疮。临床见高热面赤、口渴汗多、出血抽搐、神昏狂躁、痈肿疮疖者，多属火邪为患。本条为病因基础理论，不涉及具体诊疗。,1,AI预标注，待人工复核
q041,失眠多梦，心烦易怒，如何调理？,case,snb_zhizi_001,神农本草经,中经,栀子,栀子，味，寒。主五内邪气，胃中热气，面赤酒疱皶鼻，白癞赤癞疮疡。,栀子苦寒，泻火除烦、清热利湿、凉血解毒，主治热病心烦、湿热黄疸、血淋涩痛及血热吐衄、目赤肿痛。本经主五内邪气、胃中热气、疮疡，取其清泻三焦火热之功。,0,AI预标注，待人工复核
q041,失眠多梦，心烦易怒，如何调理？,case,yetianshi_002,临证指南医案,肝风门,叶天士·肝阳内风案,某，年逾四句，烦劳太过，阳气过动，肝风内震，耳鸣头眩，肢节皆震，脉左数。先生谓身中阳气，动极化风，非发散可解，非沉寒可除，当以酸甘化阴、滋液熄风。,"此案提出""阳化内风""纲领，辨烦劳伤阴、肝阳化风上扰，主以滋液熄风、甘酸化阴、介类潜阳，反对发散攻逐。实为叶氏治肝风、眩晕、中风一派的心法，对后世平肝熄风治法影响深远。",0,AI预标注，待人工复核
q041,失眠多梦，心烦易怒，如何调理？,case,xiangfu_001,中国药典（2025年版）一部,理气药,香附,据《中国药典》2025 年版一部：香附为莎草科植物莎草 Cyperus rotundus L. 的干燥根茎（药用部位：根茎）。性味辛、微苦、微甘，平；归肝、脾、三焦经。功能与主治：疏肝解郁，理气宽中，调经止痛；用于肝郁气滞，胸胁胀痛，疝气疼痛，乳房胀痛，脾胃气滞，脘腹痞闷，胀满疼痛，月经不调，经闭痛经。用法与用量：6～…,**简明**：香附辛微苦微甘平，疏肝解郁、理气宽中、调经止痛，为「气病之总司、女科之主帅」，主治肝郁胁痛、脘腹痞闷及月经不调痛经。**详解**：肝郁胁胀配柴胡、白芍（柴胡疏肝散）；胃寒脘痛配高良姜（良附丸）；痛经配当归、川芎、白芍；六郁配苍术、栀子（越鞠丸）。醋制偏入肝经止痛，酒制通行经络。,2,AI预标注，待人工复核
q041,失眠多梦，心烦易怒，如何调理？,case,yunzhi_001,中国药典（2025年版）一部,安神药,云芝,据《中国药典》2025 年版一部：云芝为多孔菌科真菌彩绒革盖菌 Coriolus versicolor (L. ex Fr.) Quel 的干燥子实体（药用部位：子实体）。性味甘，平；归肝、脾经。功能与主治：健脾利湿，清热解毒；用于湿热黄疸，胁痛，纳差，倦怠乏力。用法与用量：9～27g。贮藏：置干燥处。,**简明**：云芝甘平，健脾利湿而清热解毒，现代多用于肝炎辅助治疗与肿瘤免疫调节。。**详解**：湿热黄疸配茵陈、栀子；胁痛配柴胡、郁金；食少乏力配黄芪、白术。,2,AI预标注，待人工复核
q041,失眠多梦，心烦易怒，如何调理？,case,sinisan_001,伤寒论,辨少阴病脉证并治,四逆散方,少阴病，四逆，其人或咳，或悸，或小便不利，或腹中痛，或泄利下重者，四逆散主之。 四逆散方 甘草（炙，甘平） 枳实（破，水渍炙干，苦寒） 柴胡（苦寒） 芍药（酸微寒）右四味，各十分，捣筛，白饮和，服方寸匕，日三服。咳者，加五味子、干姜各五分，并主下痢。悸者，加桂枝五分。小便不利者，加茯苓五分。腹中痛者，加附子一枚，炮令坼…,四逆散主治阳郁厥逆之手足不温、胁肋胀闷、脘腹疼痛，为疏肝理气之祖方。柴胡疏肝解郁透邪，枳实行气破结，芍药养血柔肝，甘草缓急和中。后世逍遥散等皆由此方化裁。,2,AI预标注，待人工复核
q041,失眠多梦，心烦易怒，如何调理？,case,qingpi_001,中国药典（2025年版）一部,理气药,青皮,据《中国药典》2025 年版一部：青皮为芸香科植物橘 Citrus reticulata Blanco 及其栽培变种的干燥幼果或未成熟果实的果皮（药用部位：幼果或未成熟果皮）。性味苦、辛，温；归肝、胆、胃经。功能与主治：疏肝破气，消积化滞；用于胸胁胀痛，疝气疼痛，乳癖，乳痈，食积腹痛。用法与用量：3～10g。注意：气虚…,**简明**：青皮辛苦温，疏肝破气、消积化滞，**破气力猛于陈皮**（陈皮理脾肺之气、青皮疏肝胆之气），主治肝郁胁痛、疝气乳癖、食积腹痛。**详解**：肝郁胸胁痛配柴胡、香附；乳癖乳痈配瓜蒌、蒲公英；食积配山楂、神曲；癥瘕配莪术、三棱。气虚者慎用，不宜久服。,2,AI预标注，待人工复核
q041,失眠多梦，心烦易怒，如何调理？,case,ganyang_feng_001,中医诊断学,辨证,肝阳上亢、肝风内动与肝胆湿热证,肝证类。据规划教材《中医诊断学》归纳：肝阳上亢证以眩晕耳鸣、头目胀痛、面赤、急躁易怒、腰膝酸软、头重脚轻、舌红少津、脉弦有力或弦细数为要点（本虚标实）；肝风内动证以眩晕欲仆、抽搐、震颤、麻木、口眼歪斜、半身不遂为要点（含肝阳化风、热极生风、阴虚动风、血虚生风）；肝胆湿热证以胁肋胀痛、口苦纳呆、呕恶、身目发黄、阴囊湿疹或…,"肝阳上亢治宜平肝潜阳（滋水涵木）；肝风内动据其因治以息风（凉肝息风、滋阴息风、养血息风）；肝胆湿热治宜清利肝胆湿热。肝阳上亢以""上盛下虚""为眼目——面赤头胀在上而腰膝酸软在下，属本虚标实；肝风内动以动摇、抽搐、眩晕仆倒为眼目；肝胆湿热以胁痛口苦加苔黄腻、湿热下注（阴囊、带下）为眼目。肝阳化风为肝阳上亢之进一步发展，须防…",0,AI预标注，待人工复核
q041,失眠多梦，心烦易怒，如何调理？,case,danzhuye_001,中国药典（2025年版）一部,清热药,淡竹叶,据《中国药典》2025 年版一部：淡竹叶为禾本科植物淡竹叶 Lophatherum gracile Brongn. 的干燥茎叶（药用部位：茎叶）。性味甘、淡，寒；归心、胃、小肠经。功能与主治：清热泻火，除烦止渴，利尿通淋；用于热病烦渴，小便短赤涩痛，口舌生疮。用法与用量：6～10g。贮藏：置干燥处。,**简明**：淡竹叶甘淡寒，清热泻火、除烦止渴、利尿通淋，主治心火所致心烦口渴、口疮尿赤、热淋。**详解**：热病烦渴配石膏、麦冬（竹叶石膏汤）；心火移热小肠、口疮尿赤配木通、生地黄（导赤散）；热淋涩痛配车前子、瞿麦。脾胃虚寒者慎用。,0,AI预标注，待人工复核
q041,失眠多梦，心烦易怒，如何调理？,case,yuejuwan_jieyao_001,方解（方论集要）,理气剂·方解,越鞠丸·行气解郁,本方出《丹溪心法》，与库内 `shifang/yuejuwan` 条目同源：组成香附、川芎、苍术、神曲、栀子。方中香附君，行气解郁，治气郁；川芎臣，活血祛瘀，治血郁；苍术燥湿，治湿郁；神曲消食，治食郁；栀子清热，治火郁，共为佐使。,越鞠丸统治气、血、痰、火、湿、食六郁，以气郁为主。香附行气为君，川芎活血，苍术燥湿，神曲消食，栀子清火，五药合用，气行则血行、湿化、食消、火清、痰自愈。本方为通治六郁之剂，临床以气郁为主、他郁次之。本方为治标之剂，虚人不宜久服。方解供学习参考；具体用药请遵医嘱。,0,AI预标注，待人工复核
q041,失眠多梦，心烦易怒，如何调理？,case,jiju_001,中医内科学,肝胆系病证,积聚,"积聚是腹内结块、或痛或胀的病证。积属有形，结块固定不移，痛有定处，病在血分，为脏病；聚属无形，聚散无常，痛无定处，病在气分，为腑病。《灵枢·五变》：""人之善病肠中积聚者……皮肤薄而不泽，肉不坚而淖泽，如此则肠胃恶，恶则邪之留止，积聚乃伤。""《金匮要略·五脏风寒积聚病脉证并治》对积聚治则有所阐发。教材以聚、积分证论治。",积聚的病位主要在肝脾，基本病机为气机阻滞、瘀血内结。辨证首分聚证与积证：聚证病在气分，病程较短，病情较轻；积证病在血分，结块有形，病程较长，病情较重。聚证再辨肝气郁结与食滞痰阻；积证按初、中、末三期辨气滞血阻、瘀血内结、正虚瘀结。分证论治：聚证肝气郁结治以疏肝解郁、行气散结，方用逍遥散；食滞痰阻治以理气化痰、导滞散结，…,2,AI预标注，待人工复核
q042,高血压头晕目眩，面红目赤，中医怎么治疗？,case,gouguye_001,中国药典（2025年版）一部,清热药,枸骨叶,据《中国药典》2025 年版一部：枸骨叶为冬青科植物枸骨 Ilex cornuta Lindl. ex Paxt. 的干燥叶（药用部位：叶）。性味苦，凉；归肝、肾经。功能与主治：清热养阴，平肝益肾；用于肺痨咯血，骨蒸潮热，头晕目眩，高血压。用法与用量：9～15g。贮藏：置干燥处。,**简明**：枸骨叶苦凉，清热养阴而平肝益肾，为治阴虚潮热、头晕目眩的常用药。。**详解**：肺痨咯血、骨蒸潮热配地骨皮、白薇、生地黄；肝阳上亢头晕目眩配菊花、钩藤、决明子；现代用于高血压辅助治疗。脾胃虚寒者慎用。,3,AI预标注，待人工复核
q042,高血压头晕目眩，面红目赤，中医怎么治疗？,case,huoyin_001,中医诊断学,辨证,火淫证,火淫证为六淫辨证之一（火、热同类，热为火之渐、火为热之极）。据规划教材《中医诊断学》归纳：火淫证以壮热、面红目赤、口渴喜冷饮、烦躁或神昏谵语、吐衄发斑、痈肿疮疡、大便秘结、舌红绛、脉洪数或滑数为辨证要点。,火为阳邪，其性炎上，易耗气伤津、生风动血、易致疮痈。治宜清热泻火、凉血解毒。临证以壮热烦渴、面赤舌红、脉数为辨证眼目；火盛动血则见吐衄发斑，火极生风则见抽搐。须与内热（脏腑火热）、虚火（阴虚火旺）相区别——外感火证多属实热、新起，虚火多属阴虚、见潮热盗汗舌红少苔。,3,AI预标注，待人工复核
q042,高血压头晕目眩，面红目赤，中医怎么治疗？,case,manbingguanli_001,中医临床诊疗指南/专家共识（要点归纳）,现代中医,慢性病中医管理·随访调治要点,据慢性病中医药健康管理相关规范：对高血压、糖尿病、脑卒中后遗症、慢性咳喘等慢性病人群，在规范西医治疗与监测的基础上，发挥中医辨证调治、生活方式指导与适宜技术优势，开展定期随访与长期管理。（要点归纳，非原文照录。）,慢性病中医管理是把中医调治纳入长期健康管理的服务模式。管理要点：一、以规范的疾病监测和基础治疗为前提，中医药作为补充与协同，不替代必要的西医治疗与药物；二、按病情分期随访，记录症状、指标、用药与生活方式；三、提供辨证调治、饮食起居指导、运动导引、情志调摄等综合干预，目标是控制病情、减少复发、提高生活质量。强调连续性、个…,3,AI预标注，待人工复核
q042,高血压头晕目眩，面红目赤，中医怎么治疗？,case,qizhi_qini_001,中医诊断学,辨证,气滞证与气逆证,气病辨证之实证类。据规划教材《中医诊断学》归纳：气滞证以胀闷、疼痛（胀痛、窜痛）、症状随情绪而增减、嗳气或矢气后减轻、脉弦为辨证要点；气逆证为气机升降失常、当降反升，肺气上逆见咳嗽气喘，胃气上逆见呕吐、嗳气、呃逆，肝气上逆见头痛、眩晕、面红目赤甚则昏厥。,气滞证治宜行气；气逆证治宜降气。临证以胀闷窜痛、情志相关、脉弦为气滞辨证眼目，病位多在肝、脾胃、肺；气逆则辨何脏之气上逆——肺逆咳喘、胃逆呕恶、肝气上逆则头痛面赤。气滞与气逆常相因为病，气滞日久可化火、致血瘀；须与气虚之虚胀鉴别（见气虚气陷条）。,3,AI预标注，待人工复核
q042,高血压头晕目眩，面红目赤，中医怎么治疗？,case,ganqi_huo_001,中医诊断学,辨证,肝气郁结证与肝火上炎证,肝实证类。据规划教材《中医诊断学》归纳：肝气郁结证以胸胁、乳房、少腹胀痛走窜不定、情志抑郁或易怒、喜太息、咽部异物感、月经不调、痛经、苔薄白、脉弦为要点；肝火上炎证以头胀痛、眩晕、面红目赤、口苦口干、急躁易怒、耳鸣如潮、甚则吐血衄血、便秘尿黄、舌红苔黄、脉弦数为要点。,肝气郁结治宜疏肝解郁；肝火上炎治宜清肝泻火。二者病位均在肝，常相因为病——气郁日久可化火。鉴别眼目：肝气郁结以胀痛走窜、情志抑郁、脉弦为主，无明显热象；肝火上炎以面红目赤、口苦、急躁、舌红苔黄脉弦数为主，为气郁化火之实热证。肝火上炎属火性上炎，须与肝阳上亢之上盛下虚相鉴别（见肝阳上亢条）。,3,AI预标注，待人工复核
q042,高血压头晕目眩，面红目赤，中医怎么治疗？,case,snb_manjingshi_001,神农本草经,上经,蔓荆实,蔓荆实，味苦，微寒。主筋骨间寒热，湿痹拘挛，明目坚齿，利九窍，去白虫。久服，轻身耐老。小荆实亦等。生山川。,蔓荆实（蔓荆子）辛苦微寒，疏散风热、清利头目，主治风热感冒头痛、齿龈肿痛、目赤多泪及头晕目眩。,3,AI预标注，待人工复核
q042,高血压头晕目眩，面红目赤，中医怎么治疗？,case,hanre_001,中医诊断学,辨证,寒热辨证,寒热辨证为八纲之一，用以辨别疾病之性质（阴阳盛衰）。据规划教材《中医诊断学》归纳：寒证以恶寒喜暖、口淡不渴、面色㿠白、肢冷踡卧、便溏尿清长、舌淡苔白而润、脉迟或紧为辨证要点；热证以发热喜凉、口渴饮冷、面红目赤、烦躁不宁、便干尿黄、舌红苔黄而干、脉数为要点。寒热两证并见恶寒之有无、口渴与否、二便及舌脉之润燥以别之。,寒热辨证定性：寒证多因阴盛或阳虚，治宜温阳散寒；热证多因阳盛或阴虚，治宜清热泻火。临证须辨寒热真假——真寒假热（身热反欲得衣、面赤如妆而四肢厥冷、脉沉迟无力）与真热假寒（手足厥冷而脉沉滑有力、胸腹灼热、口渴喜冷），当以舌象、二便、口渴与脉象之有力无力为凭，舍象求本；又有寒热错杂、表里同寒同热之辨，须细致甄别，勿为假象所…,3,AI预标注，待人工复核
q042,高血压头晕目眩，面红目赤，中医怎么治疗？,case,xuanyun_002,中医临床诊疗指南/专家共识（要点归纳）,现代中医,眩晕·辨证论治要点,据现行中医内科常见病诊疗指南：眩晕以清窍失养或痰瘀肝风上扰为基本病机，辨证常见肝阳上亢、气血亏虚、痰湿中阻、肾精不足等型，治以补虚泻实、平肝潜阳、补养气血为法。（要点归纳，非原文照录。）,眩晕以头晕、视物旋转为主症，轻者闭目即止，重者如坐舟车、甚则仆倒，指南要点：辨证分肝阳上亢（治宜平肝潜阳、清火息风）、气血亏虚（补益气血、调养心脾）、痰湿中阻（化痰祛湿、健脾和胃）、肾精不足（滋养肝肾、益精填髓）等型。临证须结合血压、颈椎、内耳等现代检查，配合调情志、节肥甘、防跌倒等调护。本条目为要点归纳，供参考；具体…,3,AI预标注，待人工复核
q042,高血压头晕目眩，面红目赤，中医怎么治疗？,case,toutong_002,中医临床诊疗指南/专家共识（要点归纳）,现代中医,头痛·辨证论治要点,据现行中医内科常见病诊疗指南：头痛辨证首分外感与内伤；外感头痛多属实证，治以疏风散寒、清热、祛湿止痛；内伤头痛分肝阳、血虚、痰浊、瘀血等型，肝阳上亢者治宜平肝潜阳。（要点归纳，非原文照录。）,头痛以自觉头部疼痛为主症，指南要点：辨证分外感与内伤——外感头痛起病较急、病程短，多属实证，分风寒、风热、风湿，治以疏风祛邪止痛；内伤头痛起病缓慢、反复发作，分肝阳头痛（治宜平肝潜阳息风）、血虚头痛（养血滋阴）、痰浊头痛（化痰降逆）、瘀血头痛（活血化瘀）。临证须结合头痛部位分经用药、警惕颅内病变，配合调情志、避风寒、规…,3,AI预标注，待人工复核
q042,高血压头晕目眩，面红目赤，中医怎么治疗？,case,qixu_qixian_001,中医诊断学,辨证,气虚证与气陷证,气病辨证之虚证类。据规划教材《中医诊断学》归纳：气虚证以神疲乏力、少气懒言、气短、自汗、活动后诸症加重、面色淡白、舌淡苔白、脉虚无力为辨证要点；气陷证为气虚之进一步发展，在气虚基础上兼见头晕目眩、脘腹坠胀、便意频数、内脏下垂（胃下垂、脱肛、阴挺等）、舌淡苔白、脉弱。,气虚证治宜益气；气陷证治宜益气升提（升阳举陷）。临证以神疲、少气、自汗、活动加重、脉虚为气虚辨证眼目；气陷必以气虚为前提，更见坠胀与内脏下垂，病位多在脾（中气下陷）。二者均属虚证，须与气滞之实证胀闷相鉴别——气虚则胀而喜按、时作时止，气滞则胀而拒按、走窜不定。,3,AI预标注，待人工复核
q042,高血压头晕目眩，面红目赤，中医怎么治疗？,case,zibeichi_001,《中药学》（清华社）· 药典外品种,平肝息风药,紫贝齿,据清华社《中药学》：紫贝齿为宝贝科动物蛇首眼球贝 Erosaria caputserpentis (L.) 等多种贝类的贝壳（药用部位：贝壳）。性味咸，平；归肝、心经。功能与主治：平肝潜阳，镇惊安神，清肝明目；用于肝阳上亢，头晕目眩，惊悸失眠，目赤翳障。用法与用量：10～15g，打碎先煎。外用适量。贮藏：置干燥处。,**简明**：紫贝齿咸平，平肝潜阳而镇惊安神、清肝明目，为治眩晕惊悸与目疾的常用药。。**详解**：肝阳上亢、头晕目眩配石决明、菊花、钩藤；惊悸失眠配酸枣仁、龙骨；目赤翳障配决明子、青葙子。,3,AI预标注，待人工复核
q042,高血压头晕目眩，面红目赤，中医怎么治疗？,case,shanyangjiao_001,《中药学》（清华社）· 药典外品种,平肝息风药,山羊角,据清华社《中药学》：山羊角为牛科动物山羊 Capra hircus L. 的角（药用部位：角）。性味咸，寒；归肝经。功能与主治：平肝息风，清肝明目，凉血解毒；用于肝阳上亢，头痛眩晕，惊痫抽搐，目赤肿痛，温热发斑。用法与用量：10～15g，镑片先煎；磨粉或锉末冲服 1～1.5g。贮藏：置干燥处。,**简明**：山羊角咸寒，平肝息风而清肝明目，为羚羊角之常用代用品，治肝阳眩晕与惊痫。。**详解**：肝阳上亢、头痛眩晕配钩藤、菊花、石决明；惊痫抽搐配天麻、全蝎；目赤肿痛配决明子、夏枯草。**脾胃虚寒者慎用**。,3,AI预标注，待人工复核
q042,高血压头晕目眩，面红目赤，中医怎么治疗？,case,snb_duzhong_001,神农本草经,上经,杜仲,杜仲，味辛，平。主腰脊痛，补中益精气，坚筋骨，强志，除阴下痒湿，小便余沥。久服，轻身耐老。一名思仙。生山谷。,杜仲甘温，补肝肾、强筋骨、安胎，主治肝肾不足之腰膝酸痛、筋骨无力、头晕目眩及妊娠胎动不安。,3,AI预标注，待人工复核
q042,高血压头晕目眩，面红目赤，中医怎么治疗？,case,yumixu_001,《中药学》（清华社）· 药典外品种,利水渗湿药,玉米须,据清华社《中药学》：玉米须为禾本科植物玉蜀黍 Zea mays L. 的干燥花柱和柱头（药用部位：花柱和柱头）。性味甘，平；归膀胱、肝、胆经。功能与主治：利水消肿，利湿退黄；用于水肿，小便不利，湿热黄疸；现代亦用于高血压、糖尿病辅助治疗。用法与用量：15～30g。贮藏：置通风干燥处，防蛀。,**简明**：玉米须甘平，利水消肿而利湿退黄，药性平和，为治水肿淋证与黄疸的常用药。。**详解**：水肿、小便不利配茯苓皮、泽泻；湿热黄疸配茵陈、金钱草；高血压辅助配决明子、钩藤。,3,AI预标注，待人工复核
q042,高血压头晕目眩，面红目赤，中医怎么治疗？,case,snb_gouqizi_001,神农本草经,上经,枸杞子,枸杞，味甘，寒。主五内邪气，热中消渴，周痹。久服，坚筋骨，轻身不老。一名杞根，一名地骨，一名枸忌，一名地辅。生川泽。,本经枸杞兼指根实，后世枸杞子甘平，滋补肝肾、益精明目，主治肝肾阴虚、腰膝酸软、头晕目眩、视力减退。,3,AI预标注，待人工复核
q042,高血压头晕目眩，面红目赤，中医怎么治疗？,case,manjingzi_001,中国药典（2025年版）一部,解表药,蔓荆子,据《中国药典》2025 年版一部：蔓荆子为马鞭草科植物单叶蔓荆 Vitex trifolia L. var. simplicifolia Cham. 或蔓荆 Vitex trifolia L. 的干燥成熟果实（药用部位：成熟果实）。性味辛、苦，微寒；归膀胱、肝、胃经。功能与主治：疏散风热，清利头目；用于风热感冒头痛，齿…,**简明**：蔓荆子辛苦微寒，疏散风热、清利头目，善治风热头痛、目赤多泪、目暗不明。**详解**：风热头痛配菊花、薄荷、川芎；目赤多泪配桑叶、菊花、决明子；湿痹拘挛亦可配防风、秦艽。血虚有火之头痛目眩慎用。,1,AI预标注，待人工复核
q042,高血压头晕目眩，面红目赤，中医怎么治疗？,case,xiaoyaowan_001,《中国药典》一部/药品说明书（要点归纳）,理血/止咳/中成药,逍遥丸·疏肝健脾养血调经,据现行版《中国药典》一部与药品说明书要点归纳：本品由柴胡、当归、白芍、白术、茯苓、炙甘草、薄荷、生姜组成，具疏肝健脾、养血调经之功，用于肝郁脾虚所致郁闷不舒、胸胁胀痛、头晕目眩、食欲减退、月经不调。用法用量按说明书口服。,逍遥丸为疏肝健脾、养血调经常用中成药，用于肝郁脾虚之郁闷不舒、胸胁胀痛、月经不调。服药期间忌气恼劳碌，忌食生冷油腻；感冒期间不宜服用。本条目为中成药，请按说明书或在医师指导下使用。,3,AI预标注，待人工复核
q042,高血压头晕目眩，面红目赤，中医怎么治疗？,case,luobumaye_001,中国药典（2025年版）一部,平肝息风药,罗布麻叶,据《中国药典》2025 年版一部：罗布麻叶为夹竹桃科植物罗布麻 Apocynum venetum L. 的干燥叶（药用部位：叶）。性味甘、苦，凉；归肝经。功能与主治：平肝安神，清热利水；用于肝阳眩晕，心悸失眠，浮肿尿少。用法与用量：6～12g。贮藏：置阴凉干燥处，防潮。  **【古注】】 《中国药典》收载以来之常用：罗…,**简明**：罗布麻叶甘苦凉，平肝安神、清热利水，主治**肝阳上亢**之眩晕心悸失眠及浮肿尿少。**详解**：高血压眩晕配决明子、钩藤（泡茶）；心悸失眠配酸枣仁、夜交藤；水肿配泽泻、车前子。可长期代茶饮。,3,AI预标注，待人工复核
q042,高血压头晕目眩，面红目赤，中医怎么治疗？,case,ganyang_feng_001,中医诊断学,辨证,肝阳上亢、肝风内动与肝胆湿热证,肝证类。据规划教材《中医诊断学》归纳：肝阳上亢证以眩晕耳鸣、头目胀痛、面赤、急躁易怒、腰膝酸软、头重脚轻、舌红少津、脉弦有力或弦细数为要点（本虚标实）；肝风内动证以眩晕欲仆、抽搐、震颤、麻木、口眼歪斜、半身不遂为要点（含肝阳化风、热极生风、阴虚动风、血虚生风）；肝胆湿热证以胁肋胀痛、口苦纳呆、呕恶、身目发黄、阴囊湿疹或…,"肝阳上亢治宜平肝潜阳（滋水涵木）；肝风内动据其因治以息风（凉肝息风、滋阴息风、养血息风）；肝胆湿热治宜清利肝胆湿热。肝阳上亢以""上盛下虚""为眼目——面赤头胀在上而腰膝酸软在下，属本虚标实；肝风内动以动摇、抽搐、眩晕仆倒为眼目；肝胆湿热以胁痛口苦加苔黄腻、湿热下注（阴囊、带下）为眼目。肝阳化风为肝阳上亢之进一步发展，须防…",3,AI预标注，待人工复核
q042,高血压头晕目眩，面红目赤，中医怎么治疗？,case,duzhongye_001,中国药典（2025年版）一部,补虚药,杜仲叶,据《中国药典》2025 年版一部：杜仲叶为杜仲科植物杜仲 Eucommia ulmoides Oliv. 的干燥叶（药用部位：叶）。性味微辛，温；归肝、肾经。功能与主治：补肝肾，强筋骨；用于肝肾不足，头晕目眩，腰膝酸痛，筋骨痿软。用法与用量：10～15g。贮藏：置干燥处。,**简明**：杜仲叶微辛温，补肝肾而强筋骨，功似杜仲皮，为治腰膝酸软的常用药。。**详解**：肝肾不足、腰膝酸痛配杜仲、续断、牛膝；筋骨痿软配桑寄生、狗脊；现代用于高血压辅助治疗。,3,AI预标注，待人工复核
q042,高血压头晕目眩，面红目赤，中医怎么治疗？,case,zhengying_001,针灸学,足少阳胆经,正营,出《针灸甲乙经》。,正营为足少阳、阳维脉交会穴，定位在头部，前发际上2.5寸，头正中线旁2.25寸。主治头痛、头晕目眩、唇吻强急及齿痛。操作平刺0.5～0.8寸；可灸。,3,AI预标注，待人工复核
q042,高血压头晕目眩，面红目赤，中医怎么治疗？,case,longdanxieganwan_001,《中国药典》一部/药品说明书（要点归纳）,清热剂/中成药,龙胆泻肝丸（水丸）·清肝胆实火利肝经湿热,据现行版《中国药典》一部与药品说明书要点归纳：本品由龙胆草、黄芩、栀子、泽泻、木通、车前子、当归、地黄、柴胡、甘草等组成，具清肝胆、利湿热之功，用于肝胆湿热所致头晕目赤、耳鸣耳聋、耳肿疼痛、胁痛口苦、尿赤涩痛、湿热带下。用法用量按说明书口服。,龙胆泻肝丸为常用清肝胆实火、利湿热类中成药，用于肝胆实火或湿热下注证。本方苦寒败胃，不宜久服；脾胃虚寒、孕妇及年老体虚者慎用；对本品过敏者禁用。本条目为中成药，请按说明书或在医师指导下使用。,1,AI预标注，待人工复核
q042,高血压头晕目眩，面红目赤，中医怎么治疗？,case,huanglianshangqingwan_001,《中国药典》一部/药品说明书（要点归纳）,清热剂/中成药,黄连上清丸·散风清热泻火止痛,据现行版《中国药典》一部与药品说明书要点归纳：本品由黄连、黄芩、黄柏、石膏、栀子、酒大黄、连翘、荆芥穗、防风、白芷、菊花、薄荷、桔梗、川芎、旋覆花、甘草等组成，具散风清热、泻火止痛之功，用于风热上攻、肺胃热盛所致头晕目眩、暴发火眼、牙齿疼痛、口舌生疮、咽喉肿痛、耳痛耳鸣、大便秘结。用法用量按说明书口服。,黄连上清丸为常用散风清热、泻火止痛类中成药，用于风热上攻、肺胃热盛之上部诸火证。方含大黄、黄芩、黄连、黄柏苦寒泻下，脾胃虚寒者、孕妇忌服，服药期间忌食辛辣油腻；服药后大便次数增多者应减量或停服。本条目为中成药，请按说明书或在医师指导下使用。,3,AI预标注，待人工复核
q042,高血压头晕目眩，面红目赤，中医怎么治疗？,case,zhenganxifeng_001,《方剂学》规划教材（要点归纳）,治风剂,镇肝息风汤·镇肝息风滋阴潜阳治类中风,"传统方歌：""镇肝息风芍天冬，玄参牡蛎赭校供，龟板杭膝茵陈草，麦芽川楝肝阳平。""（张锡纯《医学衷中参西录》方，据教材要点归纳：怀牛膝、代赭石、龙骨、牡蛎、龟板、白芍、玄参、天冬、川楝子、麦芽、茵陈、甘草，各约常用量，水煎服。）",镇肝息风汤为平息内风、镇肝息风代表方，主治肝肾阴虚、肝阳上亢、气血逆乱之类中风，症见头晕目眩、目胀耳鸣、脑部热痛、面红如醉、心中烦热、或肢体渐觉不利、口眼渐形歪斜、脉弦长有力。功能镇肝息风、滋阴潜阳，为张锡纯治内中风、肝阳上亢名方。使用注意：本方重镇潜降，气虚下陷、脾虚便溏者慎用；中风急性期当结合现代医学急治。本方为要…,3,AI预标注，待人工复核
q042,高血压头晕目眩，面红目赤，中医怎么治疗？,case,hujisheng_001,中国药典（2025年版）一部,祛风湿药,槲寄生,据《中国药典》2025 年版一部：槲寄生为桑寄生科植物槲寄生 Viscum coloratum (Komar.) Nakai 的干燥带叶茎枝（药用部位：带叶茎枝）。性味苦，平；归肝、肾经。功能与主治：祛风湿，补肝肾，强筋骨，安胎；用于风湿痹痛，腰膝酸软，胎动不安，头晕目眩。用法与用量：9～15g。贮藏：置干燥处，防蛀。,**简明**：槲寄生苦平，祛风湿而补肝肾、强筋骨、安胎，为治痹痛腰酸与胎动的常用药（独活寄生汤主药）。。**详解**：风湿痹痛、腰膝酸软配独活、桑寄生、杜仲；胎动不安配续断、菟丝子、阿胶；头晕目眩配钩藤、白芍。,3,AI预标注，待人工复核
q042,高血压头晕目眩，面红目赤，中医怎么治疗？,case,juhua_001,中国药典（2025年版）一部,解表药,菊花,据《中国药典》2025 年版一部：菊花为菊科植物菊 Chrysanthemum morifolium Ramat. 的干燥头状花序（药用部位：头状花序）。性味甘、苦，微寒；归肺、肝经。功能与主治：疏散风热，平抑肝阳，清肝明目，清热解毒；用于风热感冒，头痛眩晕，目赤肿痛，眼目昏花，疮痈肿毒。用法与用量：5～10g。贮藏：…,**简明**：菊花甘苦微寒，疏散风热、平肝明目、清热解毒，主治风热感冒、肝阳眩晕、目赤肿痛及疮毒。**详解**：风热感冒配桑叶、连翘（桑菊饮）；肝阳上亢头晕目眩配石决明、钩藤；肝肾阴虚目暗配枸杞子、熟地黄（杞菊地黄丸）；疮痈肿毒配金银花、蒲公英。疏散风热多用黄菊花，平肝明目多用白菊花。,3,AI预标注，待人工复核
q042,高血压头晕目眩，面红目赤，中医怎么治疗？,case,chengzhongling_002,医学心悟,眩晕门,程钟龄·眩晕痰火案,某，眩晕头重，痰多苔腻，心烦。程氏谓眩晕有虚实，实者多属痰火上扰，虚者多属肝肾阴虚。此症痰多苔腻，为痰火夹肝阳上冒，治宜化痰清火、平肝熄风。,此案辨眩晕痰多苔腻属痰火上扰、肝阳夹痰，主以化痰清火、平肝熄风。程氏论眩晕分虚实两端，示人眩晕不可概作虚治，痰火实证须清化。,1,AI预标注，待人工复核
q042,高血压头晕目眩，面红目赤，中医怎么治疗？,case,shijueming_001,中国药典（2025年版）一部,平肝息风药,石决明,据《中国药典》2025 年版一部：石决明为鲍科动物杂色鲍 Haliotis diversicolor Reeve、皱纹盘鲍 Haliotis discus hannai Ino、羊鲍 Haliotis ovina Gmelin、澳洲鲍 Haliotis ruber (Leach)、耳鲍 Haliotis asinina…,**简明**：石决明咸寒，平肝潜阳、清肝明目（**凉肝镇肝**），主治肝阳上亢之头痛眩晕及肝热目赤翳障、青盲雀目。**详解**：肝阳眩晕配天麻、钩藤（天麻钩藤饮）；目赤翳障配菊花、决明子。**先煎**；脾胃虚寒者慎用。,3,AI预标注，待人工复核
q042,高血压头晕目眩，面红目赤，中医怎么治疗？,case,daizheshi_001,中国药典（2025年版）一部,平肝息风药,代赭石,据《中国药典》2025 年版一部：代赭石为氧化物类矿物刚玉族赤铁矿，主含三氧化二铁（Fe2O3）（药用部位：矿物）。性味苦，寒；归肝、心、肺、胃经。功能与主治：平肝潜阳，重镇降逆，凉血止血；用于头晕目眩，耳鸣，呕吐，呃逆，噫气，喘息，吐血，衄血，崩漏下血。用法与用量：9～30g，先煎。注意：孕妇慎用。贮藏：置干燥处。 …,**简明**：代赭石苦寒，平肝潜阳、重镇降逆、凉血止血（**重镇降逆、引血下行**），主治肝阳眩晕耳鸣、呕吐噫气喘息及血热吐衄崩漏。**详解**：噫气呕逆配旋覆花、半夏（旋覆代赭汤）；肝阳上亢配牛膝、牡蛎（镇肝熄风汤）；血热吐衄配白茅根、藕节。**先煎**；孕妇慎用，虚寒证忌用。,3,AI预标注，待人工复核
q042,高血压头晕目眩，面红目赤，中医怎么治疗？,case,cishi_001,中国药典（2025年版）一部,安神药,磁石,据《中国药典》2025 年版一部：磁石为氧化物类矿物尖晶石族磁铁矿，主含四氧化三铁（Fe3O4）（药用部位：矿物）。性味咸，寒；归肝、心、肾经。功能与主治：镇惊安神，平肝潜阳，聪耳明目，纳气平喘；用于惊悸失眠，头晕目眩，视物昏花，耳鸣耳聋，肾虚气喘。用法与用量：9～30g，先煎。贮藏：置干燥处。  **【古注】】 《神…,**简明**：磁石咸寒，镇惊安神、平肝潜阳、聪耳明目、纳气平喘（**重镇潜降、益肾**），主治心悸失眠、头晕目眩、耳鸣耳聋及肾虚喘促。**详解**：心悸失眠配朱砂、神曲（磁朱丸）；肝阳眩晕配石决明、牡蛎；肾虚耳鸣配熟地黄、山茱萸；肾不纳气配五味子、沉香。**入汤剂先煎**；脾胃虚弱者慎用。,3,AI预标注，待人工复核
q042,高血压头晕目眩，面红目赤，中医怎么治疗？,case,zheshi_001,中国药典（2025年版）一部,平肝息风药,赭石,据《中国药典》2025 年版一部：赭石为氧化物类矿物刚玉族赤铁矿，主含三氧化二铁（Fe₂O₃）（药用部位：矿石）。采挖后，除去杂石。性味苦，寒；归肝、心、肺、胃经。功能与主治：平肝潜阳，重镇降逆，凉血止血；用于眩晕耳鸣，呕吐，噫气，呃逆，喘息，吐血，衄血，崩漏下血。用法与用量：9～30g，先煎。注意：孕妇慎用。贮藏：置…,**简明**：赭石苦寒，平肝潜阳而重镇降逆、凉血止血，为治眩晕呕吐与血热出血的常用药。。**详解**：肝阳上亢眩晕耳鸣配牛膝、牡蛎、白芍；呕吐呃逆配旋覆花、半夏（旋覆代赭汤）；吐血衄血、崩漏配白茅根、茜草。**孕妇慎用**；生用先煎。,3,AI预标注，待人工复核
q042,高血压头晕目眩，面红目赤，中医怎么治疗？,case,biejia_001,中国药典（2025年版）一部,补虚药,鳖甲,据《中国药典》2025 年版一部：鳖甲为鳖科动物鳖 Trionyx sinensis Wiegmann 的背甲（药用部位：背甲）。性味咸，微寒；归肝、肾经。功能与主治：滋阴潜阳，退热除蒸，软坚散结；用于阴虚发热，骨蒸劳热，阴虚阳亢，头晕目眩，虚风内动，经闭癥瘕，久疟疟母。用法与用量：9～24g，先煎。贮藏：置干燥处，防…,**简明**：鳖甲咸微寒，滋阴潜阳、退热除蒸、软坚散结（**退虚热而散癥积**），主治阴虚骨蒸潮热、阳亢眩晕及经闭癥瘕、疟母。**详解**：阴虚发热配青蒿、地骨皮（青蒿鳖甲汤）；癥瘕疟母配三棱、莪术（鳖甲煎丸）。**打碎先煎**；脾胃虚寒、食少便溏者慎用。,3,AI预标注，待人工复核
q042,高血压头晕目眩，面红目赤，中医怎么治疗？,case,xingjian_001,针灸学,足厥阴肝经,行间,《灵枢·本输》：溜于行间，行间，足大指间也，为荥。,行间为足厥阴肝经荥穴（火），定位在足背侧，当第1、2趾间，趾蹼缘后方赤白肉际处。荥主身热，善清肝泻火，主治头痛、目眩、目赤肿痛、口喎、胁痛等肝阳上亢、肝火上炎之证，以及疝气、崩漏、遗尿、中风、癫痫。刺法：直刺0.5～0.8寸；可灸。,3,AI预标注，待人工复核
q042,高血压头晕目眩，面红目赤，中医怎么治疗？,case,zuoguiwan_001,《方剂学》规划教材（要点归纳）,补益剂,左归丸·滋阴补肾填精益髓,"传统方歌：""左归丸用熟地萸，枸杞山药牛膝俱，菟丝鹿龟胶八味，滋阴填精功最奇。""（《景岳全书》方，据教材要点归纳：熟地黄约重用、山药、山茱萸、枸杞子、川牛膝、菟丝子、鹿角胶、龟板胶，蜜为丸空心滚汤送下。）","左归丸为张景岳""阴中求阳""思想下纯补真阴之代表方，主治真阴不足证，症见头晕目眩、腰酸腿软、遗精滑泄、自汗盗汗、口燥舌干。本方纯补无泻、滋腻厚重，脾胃虚弱、痰湿壅盛者须慎用。本方为要点归纳，供参考；具体用药请遵医嘱。",3,AI预标注，待人工复核
q042,高血压头晕目眩，面红目赤，中医怎么治疗？,case,yejuhua_001,中国药典（2025年版）一部,清热药,野菊花,据《中国药典》2025 年版一部：野菊花为菊科植物野菊 Chrysanthemum indicum L. 的干燥头状花序（药用部位：头状花序）。性味苦、辛，微寒；归肝、心经。功能与主治：清热解毒，泻火平肝；用于疔疮痈肿，目赤肿痛，头痛眩晕。用法与用量：9～15g。外用适量，煎汤外洗或制膏外涂。贮藏：置阴凉干燥处，防潮，…,**简明**：野菊花苦辛微寒，清热解毒、泻火平肝，清热解毒之力胜于菊花，主治疔疮痈肿、目赤肿痛、头痛眩晕。**详解**：疮痈肿毒配金银花、蒲公英；肝火目赤眩晕配菊花、夏枯草；高血压眩晕可单用代茶。脾胃虚寒者慎用。,3,AI预标注，待人工复核
q042,高血压头晕目眩，面红目赤，中医怎么治疗？,case,chouwutong_001,《中药学》（清华社）· 药典外品种,祛风湿药,臭梧桐,据清华社《中药学》：臭梧桐为马鞭草科植物海州常山 Clerodendrum trichotomum Thunb. 的干燥嫩枝及叶（药用部位：嫩枝及叶）。性味辛、苦、甘，凉；归肝经。功能与主治：祛风除湿，平肝降压；用于风湿痹痛，肢体麻木，高血压。用法与用量：9～15g。外用适量。贮藏：置通风干燥处。,**简明**：臭梧桐辛苦甘凉，祛风除湿而平肝降压，为治风湿痹痛与高血压的常用药。。**详解**：风湿痹痛、肢体麻木配稀莶草、桑枝；高血压配钩藤、菊花、夏枯草。,3,AI预标注，待人工复核
q042,高血压头晕目眩，面红目赤，中医怎么治疗？,case,buyanghuanwutang_jieyao_001,方解（方论集要）,理血剂·方解,补阳还五汤·补气活血通络,本方出王清任《医林改错》：组成黄芪、当归尾、赤芍、地龙、川芎、红花、桃仁。方中重用生黄芪君，大补脾胃元气，使气旺以促血行；当归尾臣，活血通络而不伤血；赤芍、川芎、桃仁、红花佐，活血祛瘀；地龙佐，通经活络。,"补阳还五汤为益气活血代表，治气虚血瘀之中风后遗症半身不遂。重用黄芪大补元气为君，归芎桃红活血，地龙通络，为""补气活血""法代表。本方为中风恢复期常用，脑出血急性期、肝阳上亢之中风禁用。方解供学习参考；具体用药请遵医嘱。",3,AI预标注，待人工复核
q042,高血压头晕目眩，面红目赤，中医怎么治疗？,case,chuanxiongchatiaowan_001,《中国药典》一部/药品说明书（要点归纳）,解表剂/中成药,川芎茶调丸·疏风止痛,据现行版《中国药典》一部与药品说明书要点归纳：本品由川芎、白芷、羌活、细辛、防风、薄荷、荆芥、甘草等组成，具疏风止痛之功，用于外感风邪所致头痛，或有恶寒、发热、鼻塞。用法用量按说明书清茶送服。,川芎茶调丸为古方川芎茶调散改制的常用疏风止痛类中成药，用于外感风邪之偏正头痛、恶寒鼻塞。方中含细辛、羌活，辛温升散，气虚、血虚、肝阳上亢、高血压引起的头痛不宜，孕妇慎服。本条目为中成药，请按说明书或在医师指导下使用。,3,AI预标注，待人工复核
q042,高血压头晕目眩，面红目赤，中医怎么治疗？,case,guijia_001,中国药典（2025年版）一部,补虚药,龟甲,据《中国药典》2025 年版一部：龟甲为龟科动物乌龟 Chinemys reevesii (Gray) 的背甲及腹甲（药用部位：腹甲及背甲）。性味咸、甘，微寒；归肝、肾、心经。功能与主治：滋阴潜阳，益肾强骨，养血补心，固经止崩；用于阴虚潮热，骨蒸盗汗，头晕目眩，虚风内动，筋骨痿软，心虚健忘，崩漏经多。用法与用量：9～2…,**简明**：龟甲咸甘微寒，滋阴潜阳、益肾强骨、养血补心、固经止崩（**滋阴潜阳之首**），主治阴虚潮热、虚风内动、筋骨痿软、心虚健忘及崩漏。**详解**：阴虚火旺配熟地黄、黄柏（大补阴丸）；肝阳上亢配代赭石、牡蛎（镇肝熄风汤）。**打碎先煎**；脾胃虚寒、胃有寒湿者慎用。,3,AI预标注，待人工复核
q042,高血压头晕目眩，面红目赤，中医怎么治疗？,case,baiziyangxinwan_001,《中国药典》一部/药品说明书（要点归纳）,补益剂/中成药,柏子养心丸·补气养血安神,据现行版《中国药典》一部与药品说明书要点归纳：本品由柏子仁、党参、炙黄芪、川芎、当归、茯苓、远志（制）、酸枣仁、肉桂、五味子（醋蒸）、半夏曲、炙甘草等组成，具补气、养血、安神之功，用于心气虚寒，症见心悸易惊、失眠多梦、健忘。用法用量按说明书口服。,柏子养心丸为补气养血、安神类中成药，用于心气虚寒之心悸易惊、失眠健忘。方偏温补，阴虚火旺、肝阳上亢之失眠不宜；服药期间不宜饮用浓茶咖啡。失眠长期不愈、伴严重心悸或情绪低落者应就医。本条目为中成药，请按说明书或在医师指导下使用。,3,AI预标注，待人工复核
q042,高血压头晕目眩，面红目赤，中医怎么治疗？,case,anshenbunaoye_001,《中国药典》一部/药品说明书（要点归纳）,补益剂/中成药,安神补脑液·生精补髓益气养血强脑安神,据现行版《中国药典》一部与药品说明书要点归纳：本品由鹿茸、制何首乌、淫羊藿、干姜、甘草、大枣、维生素B1等组成，具生精补髓、益气养血、强脑安神之功，用于肾精不足、气血两亏所致头晕、健忘、失眠、乏力；神经衰弱见上述证候者。用法用量按说明书口服。,安神补脑液为补肾益精、养血安神类中成药，用于肾精不足、气血两亏之头晕健忘失眠乏力。方含鹿茸、淫羊藿等温肾之品，阴虚火旺、高血压、感冒发热者不宜；服药期间忌浓茶咖啡。失眠长期不愈或伴严重症状者应就医。本条目为中成药，请按说明书或在医师指导下使用。,3,AI预标注，待人工复核
q042,高血压头晕目眩，面红目赤，中医怎么治疗？,case,baishao_001,中国药典（2025年版）一部,补虚药,白芍,据《中国药典》2025 年版一部：白芍为毛茛科植物芍药 Paeonia lactiflora Pall. 的干燥根（药用部位：根）。性味苦、酸，微寒；归肝、脾经。功能与主治：养血调经，敛阴止汗，柔肝止痛，平抑肝阳；用于血虚萎黄，月经不调，自汗，盗汗，胁痛，腹痛，四肢挛痛，头痛眩晕。用法与用量：6～15g。注意：不宜与藜…,**简明**：白芍苦酸微寒，养血调经、敛阴止汗、柔肝止痛、平抑肝阳（**养血敛阴柔肝**），主治血虚月经不调、胁腹挛急疼痛、自汗盗汗及肝阳眩晕。**详解**：肝脾不和腹痛配柴胡、白术（逍遥散）或甘草（芍药甘草汤）；血虚配当归、熟地黄（四物汤）；肝阳上亢配牛膝、牡蛎。**反藜芦**；阳衰虚寒者慎用。,3,AI预标注，待人工复核
q042,高血压头晕目眩，面红目赤，中医怎么治疗？,case,longgu_001,中国药典（2025年版）一部,安神药,龙骨,据《中国药典》2025 年版一部：龙骨为古代哺乳动物如三趾马、犀类、鹿类、牛类、象类等的骨骼化石或象类门齿的化石（药用部位：化石）。性味甘、涩，平；归心、肝、肾经。功能与主治：镇心安神，平肝潜阳，收敛固涩；用于心悸怔忡，失眠健忘，癫狂惊痫，头晕目眩，自汗盗汗，遗精遗尿，崩漏带下，久泻久痢。用法与用量：15～30g，先煎…,**简明**：龙骨甘涩平，镇心安神、平肝潜阳、收敛固涩（**重镇固涩**），主治心悸失眠、惊痫癫狂、肝阳眩晕及汗出遗精、久泻带下。**详解**：心悸失眠配牡蛎、桂枝（桂枝甘草龙骨牡蛎汤）；肝阳上亢配赭石、牡蛎（镇肝熄风汤）；遗精自汗配牡蛎、五味子。**先煎**；煅用收敛固涩力强；湿热积滞者忌用。,3,AI预标注，待人工复核
q042,高血压头晕目眩，面红目赤，中医怎么治疗？,case,sangye_001,中国药典（2025年版）一部,解表药,桑叶,据《中国药典》2025 年版一部：桑叶为桑科植物桑 Morus alba L. 的干燥叶（药用部位：叶）。性味甘、苦，寒；归肺、肝经。功能与主治：疏散风热，清肺润燥，清肝明目；用于风热感冒，肺热燥咳，头晕头痛，目赤昏花。经霜后采收者（霜桑叶）清肝力强。用法与用量：5～10g。贮藏：置干燥处。,**简明**：桑叶甘苦寒，疏散风热、清肺润燥、清肝明目，主治风热感冒、肺热燥咳、目赤头痛。**详解**：风热感冒咳嗽配菊花、连翘（桑菊饮）；燥热伤肺干咳配杏仁、沙参（桑杏汤）；肝阳头晕目赤配菊花、石决明；血热吐血可配丹皮、栀子凉血止血。脾虚便溏者慎用。,1,AI预标注，待人工复核
q042,高血压头晕目眩，面红目赤，中医怎么治疗？,case,luohui_001,中国药典（2025年版）一部,泻下药,芦荟,据《中国药典》2025 年版一部：芦荟为百合科植物库拉索芦荟 Aloe barbadensis Miller、好望角芦荟 Aloe ferox Miller 或其他同属近缘植物叶的汁液浓缩干燥物（药用部位：叶汁浓缩干燥物）。性味苦，寒；归肝、胃、大肠经。功能与主治：泻下通便，清肝泻火，杀虫疗疳；用于热结便秘，惊痫抽搐，…,**简明**：芦荟苦寒，泻下通便、清肝泻火、杀虫疗疳，主治热结便秘、肝火烦躁惊痫及小儿疳积。**详解**：热结便秘配朱砂（更衣丸）；肝经实火头晕目赤配龙胆、栀子（当归龙荟丸）；小儿疳积配使君子、槟榔。**不入汤剂，宜入丸散**（2～5g）；孕妇忌用，脾胃虚寒者忌用。,2,AI预标注，待人工复核
q042,高血压头晕目眩，面红目赤，中医怎么治疗？,case,daqingyan_001,中国药典（2025年版）一部,清热药,大青盐,据《中国药典》2025 年版一部：大青盐为卤化物类石盐族湖盐结晶体，主含氯化钠（NaCl），自盐湖中采挖后除去杂质、干燥（药用部位：矿物结晶）。性味咸，寒；归心、肾、膀胱经。功能与主治：泻热，凉血，明目，润燥；用于吐血，尿血，牙龈舌出血，目赤肿痛，风眼烂弦，牙痛。用法与用量：1.5～4.5g；或入丸散。外用适量，研末揩…,**简明**：大青盐咸寒沉降，入心、肾、膀胱经，泻热、凉血、明目而润燥，为眼科、口齿科外用要药。**详解**：目赤肿痛、风眼烂弦可水化洗目或研末外点；牙痛、牙龈舌出血研末揩齿或含漱；血热吐衄尿血入丸散内服。体虽寒而味咸走血分，**不宜久服多服**，水肿、肾病及高血压者慎用。,3,AI预标注，待人工复核
q042,高血压头晕目眩，面红目赤，中医怎么治疗？,case,duzhong_001,中国药典（2025年版）一部,补虚药,杜仲,据《中国药典》2025 年版一部：杜仲为杜仲科植物杜仲 Eucommia ulmoides Oliv. 的干燥树皮（药用部位：树皮）。性味甘，温；归肝、肾经。功能与主治：补肝肾，强筋骨，安胎；用于肾虚腰痛，筋骨无力，妊娠漏血，胎动不安，高血压。用法与用量：6～10g。贮藏：置通风干燥处。  **【古注】】 《神农本草经…,**简明**：杜仲甘温，补肝肾、强筋骨、安胎，为**治肾虚腰痛之要药**，兼治筋骨痿软、胎动不安及高血压（肾虚型）。**详解**：肾虚腰痛配续断、补骨脂；痹证腰膝配独活、桑寄生（独活寄生汤）；胎动不安配续断、菟丝子；肾虚高血压配牛膝、桑寄生。**炒断丝用效佳**；阴虚火旺者慎用。,3,AI预标注，待人工复核
q042,高血压头晕目眩，面红目赤，中医怎么治疗？,case,zhenganxifengtang_jieyao_001,方解（方论集要）,治风剂·方解,镇肝息风汤·镇肝息风滋阴潜阳,本方出张锡纯《医学衷中参西录》：组成怀牛膝、生赭石、生龙骨、生牡蛎、生龟板、生杭芍、玄参、天冬、川楝子、生麦芽、茵陈、甘草。方中怀牛膝君，引血下行、补益肝肾；赭石、龙牡、龟板臣，降逆潜阳、镇息肝风；白芍、玄参、天冬佐，滋阴清热、柔肝；川楝子、茵陈、麦芽佐，疏肝泄热，条达肝气；甘草使，调和诸药。,镇肝息风汤为镇肝息风、滋阴潜阳代表，治肝肾阴亏、肝阳上亢之类中风。牛膝引血下行，赭石龙牡龟板潜阳镇逆，玄参天冬白芍滋阴，茵陈川楝麦芽疏肝，标本兼治。与羚角钩藤汤相比：羚角钩藤治热极动风；本方治阴虚阳亢之类中风。气虚血淤之中风后遗症不宜。方解供学习参考；具体用药请遵医嘱。,3,AI预标注，待人工复核
q042,高血压头晕目眩，面红目赤，中医怎么治疗？,case,chuanxiongchatiao_001,《方剂学》规划教材（要点归纳）,治风剂,川芎茶调散·疏风止痛治外感风邪头痛,"传统方歌：""川芎茶调散荆防，辛芷薄荷甘草羌，目昏鼻塞风攻上，偏正头痛悉能康。""（《太平惠民和剂局方》方，据教材要点归纳：川芎、荆芥、白芷、羌活、甘草、细辛、防风、薄荷，以清茶调下，各约常用量，为散或煎服。）",川芎茶调散为疏散外风、疏风止痛代表方，主治外感风邪头痛，症见偏正头痛、巅顶作痛、恶寒发热、目眩鼻塞、苔薄白、脉浮。功能疏风止痛，为治风邪上犯头面、偏正头痛之名方。使用注意：方多辛温升散，久病气虚、血虚、肝阳上亢之头痛非宜；以清茶调下意取苦寒清上。本方为要点归纳，供参考；具体用药请遵医嘱。,3,AI预标注，待人工复核
q042,高血压头晕目眩，面红目赤，中医怎么治疗？,case,xiaoyaosan_001,《方剂学》规划教材（要点归纳）,和解剂,逍遥散·疏肝解郁养血健脾,"传统方歌：""逍遥散用当归芍，柴苓术草加姜薄，疏肝养血又健脾，肝郁血虚脾气弱。""（《太平惠民和剂局方》方，据教材要点归纳：柴胡、当归、白芍、白术、茯苓、炙甘草，加薄荷、生姜，各约常用量，水煎服。）",逍遥散为疏肝解郁、养血健脾代表方，主治肝郁血虚脾弱证，症见两胁作痛、头痛目眩、口燥咽干、神疲食少、月经不调、乳房胀痛、脉弦而虚。功能疏肝解郁、养血健脾，为调治肝郁血虚及妇科月经不调常用方。使用注意：阴虚阳亢、肝阳上亢者非宜；服药期间宜情志舒畅。本方为要点归纳，供参考；具体用药请遵医嘱。,3,AI预标注，待人工复核
q042,高血压头晕目眩，面红目赤，中医怎么治疗？,case,chaihu_001,中国药典（2025年版）一部,解表药,柴胡,据《中国药典》2025 年版一部：柴胡为伞形科植物柴胡 Bupleurum chinense DC. 或狭叶柴胡 Bupleurum scorzonerifolium Willd. 的干燥根（药用部位：根）。性味辛、苦，微寒；归肝、胆、肺经。功能与主治：疏散退热，疏肝解郁，升举阳气；用于感冒发热，寒热往来，胸胁胀痛，月…,**简明**：柴胡辛苦微寒，疏散退热、疏肝解郁、升举阳气，主治少阳寒热往来、肝郁胁痛及气虚下陷诸证。**详解**：少阳证寒热往来配黄芩（小柴胡汤）；外感发热配葛根、黄芩；肝郁胁胀、月经不调配白芍、当归（逍遥散）；中气下陷脱肛、子宫脱垂配升麻、黄芪（补中益气汤）。解表退热宜生用、量大，升阳宜蜜炙、量小；阴虚火旺、肝阳上亢…,3,AI预标注，待人工复核
q042,高血压头晕目眩，面红目赤，中医怎么治疗？,case,luoque_001,针灸学,足太阳膀胱经,络却,出《针灸甲乙经》。《针灸甲乙经》：络却，一名强阳，一名脑盖，在通天后一寸五分。,络却为足太阳膀胱经穴，定位在头部，前发际正中直上5.5寸，旁开1.5寸。主治头晕、目视不明、耳鸣、癫狂痫。刺法：平刺0.3～0.5寸；可灸。,0,AI预标注，待人工复核
q042,高血压头晕目眩，面红目赤，中医怎么治疗？,case,renying_001,针灸学,足阳明胃经,人迎,出《针灸甲乙经》。《针灸甲乙经》：人迎，一名天五会，在颈大脉，动脉应手，挟结喉傍，仰而取之。,人迎为足阳明、少阳之会，定位在颈部，喉结旁，当胸锁乳突肌前缘，颈总动脉搏动处。主治咽喉肿痛、气喘、瘰疬、瘿气、高血压等颈胸病证。刺法：避开动脉，直刺0.3~0.8寸；不宜灸。,3,AI预标注，待人工复核
q042,高血压头晕目眩，面红目赤，中医怎么治疗？,case,jizhijiangtang_001,《中国药典》一部/药品说明书（要点归纳）,止咳/外妇儿/中成药,急支糖浆·清热化痰宣肺止咳,据现行版《中国药典》一部与药品说明书要点归纳：本品由鱼腥草、金荞麦、四季青、麻黄、紫菀、前胡、枳壳、甘草等组成，具清热化痰、宣肺止咳之功，用于外感风热所致咳嗽，症见发热恶寒、胸膈满闷、咳嗽咽痛。用法用量按说明书。,急支糖浆为清热化痰类止咳中成药，用于外感风热急性咳嗽。含麻黄，高血压、心脏病患者慎用；咳嗽迁延不愈或高热喘促者应就医。本条目为中成药，请按说明书或在医师指导下使用。,3,AI预标注，待人工复核
q042,高血压头晕目眩，面红目赤，中医怎么治疗？,case,yangjinhua_001,中国药典（2025年版）一部,化痰止咳平喘药,洋金花,据《中国药典》2025 年版一部：洋金花为茄科植物白花曼陀罗 Datura metel L. 的干燥花（药用部位：花）。性味辛，温；有大毒；归肺、肝经。功能与主治：平喘止咳，解痉定痛；用于哮喘咳嗽，脘腹冷痛，风湿痹痛，小儿慢惊；外科麻醉。用法与用量：0.3～0.6g，宜入丸散；亦可作卷烟分次燃吸（一日量不超过 1.5g…,**简明**：洋金花辛温**大毒**，平喘止咳、解痉定痛，主治哮喘咳逆、脘腹冷痛、风湿痹痛，并作外科麻醉。**详解**：哮喘配麻黄、杏仁（研末少量）；风湿痹痛、麻醉制散剂。**大毒之品，内服严格限量（0.3～0.6g）**，青光眼、高血压、心动过速、儿童及孕妇禁用。,3,AI预标注，待人工复核
q042,高血压头晕目眩，面红目赤，中医怎么治疗？,case,buzhongyiqiwan_002,《中国药典》一部/药品说明书（要点归纳）,补益剂/中成药,补中益气丸·补中益气升阳举陷,据现行版《中国药典》一部与药品说明书要点归纳：本品由炙黄芪、党参、白术、甘草、当归、升麻、柴胡、陈皮组成，具补中益气、升阳举陷之功，用于脾胃虚弱、中气下陷所致体倦乏力、食少腹胀、久泻、脱肛、子宫脱垂。用法用量按说明书口服。,补中益气丸为古方补中益气汤改制的补气升阳类中成药，用于脾胃虚弱、中气下陷之体倦乏力、内脏下垂。本品偏温，阴虚阳亢、感冒发热者不宜；高血压患者慎用。本条目为中成药，请按说明书或在医师指导下使用。,3,AI预标注，待人工复核
q042,高血压头晕目眩，面红目赤，中医怎么治疗？,case,xixiancao_001,中国药典（2025年版）一部,祛风湿药,豨莶草,据《中国药典》2025 年版一部：豨莶草为菊科植物豨莶 Siegesbeckia orientalis L.、腺梗豨莶 Siegesbeckia pubescens Makino 或毛梗豨莶 Siegesbeckia glabrescens Makino 的干燥地上部分（药用部位：地上部分）。性味辛、苦，寒；归肝、肾经…,**简明**：豨莶草辛苦寒，祛风湿、利关节、解毒，主治风湿痹痛、四肢麻痹、半身不遂及风疹湿疮，现代用于高血压。**详解**：风湿痹痛配威灵仙、防己；中风半身不遂酒蒸制用配当归、川芎；湿疮瘙痒煎汤外洗。制用（酒蒸）补肝肾，生用清利。,3,AI预标注，待人工复核
q042,高血压头晕目眩，面红目赤，中医怎么治疗？,case,lurong_001,中国药典（2025年版）一部,补虚药,鹿茸,据《中国药典》2025 年版一部：鹿茸为鹿科动物梅花鹿 Cervus nippon Temminck 或马鹿 Cervus elaphus Linnaeus 的雄鹿未骨化密生茸毛的幼角（药用部位：幼角）。性味甘、咸，温；归肾、肝经。功能与主治：壮肾阳，益精血，强筋骨，调冲任，托疮毒；用于肾阳不足，精血亏虚，阳痿滑精，宫…,**简明**：鹿茸甘咸温，壮肾阳、益精血、强筋骨、调冲任、托疮毒，为**峻补元阳精血**之品，主治肾阳虚衰阳痿宫冷、精血亏虚羸瘦、筋骨痿软及崩漏阴疽。**详解**：肾阳不足配熟地黄、山茱萸（右归丸）；气血两虚配人参、黄芪（十全大补汤）。**研末冲服（1～2g），宜从小量渐加**；阴虚阳亢、血热者禁用。,1,AI预标注，待人工复核
q042,高血压头晕目眩，面红目赤，中医怎么治疗？,case,yinyanghuo_001,中国药典（2025年版）一部,补虚药,淫羊藿,据《中国药典》2025 年版一部：淫羊藿为小檗科植物淫羊藿 Epimedium brevicornu Maxim.、箭叶淫羊藿 Epimedium sagittatum (Sieb. et Zucc.) Maxim.、柔毛淫羊藿 Epimedium pubescens Maxim. 或朝鲜淫羊藿 Epimedium k…,**简明**：淫羊藿辛甘温，补肾阳、强筋骨、祛风湿，为**补肾壮阳常用**（仙灵脾），主治阳痿遗精、筋骨痿软、风湿痹痛麻木及更年期高血压。**详解**：肾阳虚阳痿配巴戟天、肉苁蓉；更年期高血压配仙茅、知母、黄柏（二仙汤）；痹痛配独活、威灵仙。阴虚火旺者忌用。,3,AI预标注，待人工复核
q042,高血压头晕目眩，面红目赤，中医怎么治疗？,case,buzhongyiqitang_jieyao_001,方解（方论集要）,补益剂·方解,补中益气汤·补中益气升阳举陷,本方出《脾胃论》：组成黄芪、人参、白术、炙甘草、当归、陈皮、升麻、柴胡。方中黄芪君，补中益气、升阳固表；人参、白术、炙甘草臣，益气健脾；当归佐，养血和营；陈皮佐，理气和胃，使补而不滞；升麻、柴胡佐，升举清阳，引芪参上行；炙甘草兼为使药。,"补中益气汤为李东垣补土派代表方，治脾胃气虚、中气下陷之体倦乏力、脱肛、久泻。黄芪益气升阳，参术草补中，当归养血，陈皮理气，升柴升阳，为""甘温除热""法代表。本方偏温，阴虚火旺、感冒发热者不宜；高血压患者慎用。方解供学习参考；具体用药请遵医嘱。",3,AI预标注，待人工复核
q042,高血压头晕目眩，面红目赤，中医怎么治疗？,case,gegen_001,中国药典（2025年版）一部,解表药,葛根,据《中国药典》2025 年版一部：葛根为豆科植物野葛 Pueraria lobata (Willd.) Ohwi 的干燥根（药用部位：根）。性味甘、辛，凉；归脾、胃、肺经。功能与主治：解肌退热，生津止渴，透疹，升阳止泻，通经活络，解酒毒；用于外感发热头痛，项背强痛，口渴，消渴，麻疹不透，热痢，泄泻，眩晕头痛，中风偏瘫，…,**简明**：葛根甘辛凉，解肌退热、生津止渴、升阳止泻、通经活络，为治**项背强痛**要药，兼解酒毒。**详解**：外感项背强痛配麻黄、桂枝（葛根汤）或配柴胡、黄芩；热痢泄泻配黄芩、黄连（葛根芩连汤）；消渴口渴配天花粉、麦冬；高血压颈项强痛配天麻、钩藤。煨用升阳止泻力增。,3,AI预标注，待人工复核
q042,高血压头晕目眩，面红目赤，中医怎么治疗？,case,gouteng_001,中国药典（2025年版）一部,平肝息风药,钩藤,据《中国药典》2025 年版一部：钩藤为茜草科植物钩藤 Uncaria rhynchophylla (Miq.) Jacks.、大叶钩藤 Uncaria macrophylla Wall.、毛钩藤 Uncaria hirsuta Havil.、华钩藤 Uncaria sinensis (Oliv.) Havil. 或无…,**简明**：钩藤甘凉，息风定惊、清热平肝（**清热息风之要药**），主治肝风抽搐、高热惊厥、小儿惊啼及肝阳头痛眩晕（高血压）。**详解**：肝阳眩晕配天麻、石决明（天麻钩藤饮）；热极生风配羚羊角、菊花（羚角钩藤汤）；小儿夜啼配蝉蜕、灯心草。**入汤剂宜后下**（久煎降压成分破坏）；无风热及实火者慎用。,3,AI预标注，待人工复核
q042,高血压头晕目眩，面红目赤，中医怎么治疗？,case,fangfengtongshengwan_001,《中国药典》一部/药品说明书（要点归纳）,解表剂/中成药,防风通圣丸·解表通里清热解毒,据现行版《中国药典》一部与药品说明书要点归纳：本品由防风、荆芥穗、薄荷、麻黄、大黄、芒硝、栀子、滑石、桔梗、石膏、川芎、当归、白芍、黄芩、连翘、甘草、白术（炒）等组成，具解表通里、清热解毒之功，用于外寒内热、表里俱实，症见恶寒发热、头痛咽干、小便短赤、大便秘结、风疹湿疮。用法用量按说明书口服。,防风通圣丸为表里双解类中成药，用于外感风寒、内有蕴热、表里俱实之恶寒发热、便秘尿赤。方含麻黄、大黄、芒硝等，孕妇及脾虚便溏者慎用；高血压、心脏病、肝肾疾患者慎用。服药期间忌烟酒辛辣油腻，不宜同时服滋补中药；服药后便溏者当减量。本条目为中成药，请按说明书或在医师指导下使用。,3,AI预标注，待人工复核
q042,高血压头晕目眩，面红目赤，中医怎么治疗？,case,sanyinsanyizhi_001,《中医基础理论》规划教材（要点归纳）,治则治法,三因制宜·因时因地因人制宜,三因制宜，指治疗疾病时根据季节、地域、患者个体不同而制定适宜治法。因时制宜，根据季节气候特点制定治法，如夏慎用温热、冬慎用寒凉；因地制宜，根据地域环境差异制定治法；因人制宜，根据年龄、性别、体质不同制定治法。,三因制宜体现了中医整体观念与个体化治疗思想，要求把疾病放到时间、地域、个体具体背景中考察。本条为治则基础理论，不涉及具体诊疗。,0,AI预标注，待人工复核
q042,高血压头晕目眩，面红目赤，中医怎么治疗？,case,xin_001,《中医基础理论》规划教材（要点归纳）,藏象,心·主血脉主神明,心为五脏之一，主要生理功能为主血脉与主神明。心主血脉，指心气推动血液在脉中运行，营养全身；心主神明，指心有主宰人体生命活动及精神意识思维的作用。心在体合脉，其华在面，开窍于舌，在液为汗，与小肠相表里。,心在藏象学说中居主导地位，既主血液循环，又主精神意识。前者与现代医学循环系统相近，后者则将精神活动归属于心，是中医整体观的体现。临床见心悸、失眠、舌赤等多从心论治。,0,AI预标注，待人工复核
q042,高血压头晕目眩，面红目赤，中医怎么治疗？,case,yinshizhiyi_001,《中医基础理论》规划教材（要点归纳）,治则治法,因时制宜·根据不同时令气候特点制定治则,因时制宜，指根据不同时令、气候的特点，来制定适宜的治疗原则。一年四季气候有春温、夏热、长夏湿、秋燥、冬寒的变化，人体生理活动随之相应。治疗用药应顺应时令，如春夏慎用辛温发散、秋冬慎用苦寒攻伐等。,"因时制宜是""三因制宜""之一，强调治疗要顺应时令气候：天热时慎用热药、天冷时慎用寒药，并结合季节特点用药。它与因地制宜、因人制宜合称""三因制宜""，是中医整体观在治疗上的体现。学习时应三者并记。",0,AI预标注，待人工复核
q042,高血压头晕目眩，面红目赤，中医怎么治疗？,case,dixingzhiyi_001,《中医基础理论》规划教材（要点归纳）,治则治法,因地制宜·根据不同地理环境制定治则,因地制宜，指根据不同地理环境的特点，来制定适宜的治疗原则。不同地域地势高下、气候寒温、生活习惯各异，人体生理与病变特点也随之不同，用药当有区别。如西北多寒燥宜温润，东南多湿热宜清化等。,"因地制宜是""三因制宜""之一，强调治疗要结合地域环境：地域气候、饮食习俗影响体质与发病，用药剂量、性味也应相应调整。它与因时、因人制宜共同体现中医的整体观与个体化治疗。学习时应三者并记。",0,AI预标注，待人工复核
q042,高血压头晕目眩，面红目赤，中医怎么治疗？,case,tianmagouteng_001,《方剂学》规划教材（要点归纳）,治风剂,天麻钩藤饮·平肝息风清热活血补益肝肾,"传统方歌：""天麻钩藤石决明，栀芩牛膝杜仲，益母草与桑寄生，夜交茯神肝阳平。""（《杂病证治新义》方，据教材要点归纳：天麻、钩藤、石决明、栀子、黄芩、川牛膝、杜仲、益母草、桑寄生、夜交藤、茯神，各约常用量，水煎服。）",天麻钩藤饮为平息内风、平肝息风代表方，主治肝阳偏亢、肝风上扰证，症见头痛、眩晕、失眠、舌红苔黄、脉弦。功能平肝息风、清热活血、补益肝肾，为现代治肝阳上亢型头痛眩晕常用方。使用注意：本方平肝清热，脾胃虚寒、阴虚血少之眩晕非宜；眩晕伴肢体不利、卒然昏仆当中西医结合急治。本方为要点归纳，供参考；具体用药请遵医嘱。,3,AI预标注，待人工复核
q042,高血压头晕目眩，面红目赤，中医怎么治疗？,case,tongyibingzhiyi_001,《中医基础理论》规划教材（要点归纳）,治则治法,同病异治异病同治·病同治异病异同治的辨证精神,"同病异治，指同一种疾病，由于发病时间、地区、患者体质及病情阶段不同，或所见证候不同，而采用不同治法。异病同治，指不同的疾病，在其发展过程中出现相同的证候，可采用相同治法。其核心是""证同治亦同，证异治亦异""。","同病异治、异病同治体现中医辨证论治的精神：治疗的依据不是病名而是""证""。同病见证不同则治法不同，异病见证相同则治法可同。这是中医个体化、动态化诊疗的重要体现。学习时应与辨证论治一条互参，理解""证""在诊疗中的核心地位。",0,AI预标注，待人工复核
q042,高血压头晕目眩，面红目赤，中医怎么治疗？,case,yipingweiqi_001,《中医基础理论》规划教材（要点归纳）,治则治法,以平为期·治疗以恢复阴阳相对平衡为度,"""以平为期""，指治疗的最终目标是调整机体阴阳的偏盛偏衰，使之恢复相对平衡协调的状态。它强调治疗不是一味攻邪或补益，而是以恢复""中和""为度，中病即止，不可过剂伤正。","""以平为期""是中医治疗的总目标：把失调的阴阳调回平衡即止，不可过度攻伐。它与""中病即止""""大毒治病十去其六""等原则一致，体现中医以恢复机体自稳、而非对抗病灶为目标的思路。学习时应与调整阴阳、治则总纲联系理解。",0,AI预标注，待人工复核
q042,高血压头晕目眩，面红目赤，中医怎么治疗？,case,sanjiao_001,中医诊断学,辨证,三焦辨证,"吴鞠通《温病条辨》：""温病由口鼻而入，鼻气通于肺，口气通于胃。肺病逆传则为心包。上焦病不治，则传中焦，胃与脾也；中焦病不治，即传下焦，肝与肾也。始上焦，终下焦。""据规划教材《中医诊断学》归纳：上焦病证以发热微恶风寒、头痛、咳嗽、口微渴（肺卫），或身热午后加重、神昏谵语（逆传心包）为要点；中焦病证以身热不恶寒反恶热、面赤…",三焦辨证为吴鞠通所创，以三焦部位划分温热病之阶段层次，尤长于湿温。上焦主肺与心包，治宜辛凉宣肺或清心开窍；中焦主脾胃，温热者治宜清气通下，湿热者治宜辛开苦降；下焦主肝肾，治宜滋阴息风。传变多从上焦→中焦→下焦（顺传），或由肺逆传心包。临证以脏腑定位加温热/湿热之辨为眼目，与卫气营血辨证相互补充。,1,AI预标注，待人工复核
q042,高血压头晕目眩，面红目赤，中医怎么治疗？,case,shanghan_213,伤寒论,辨阳明病脉证并治,阳明病（第213条）,阳明病，面合色赤，不可攻之，必发热色黄，小便不利也。,本条论述阳明病之脉证。症见发热、小便不利。当审其表里寒热、虚实传变而施治。,0,AI预标注，待人工复核
q042,高血压头晕目眩，面红目赤，中医怎么治疗？,case,nanjing_012,难经,第十二难,第十二难,曰：经言五脏脉已绝于内，用针者反实其外；五脏脉已绝于外，用针者反实其内。内外之绝，何以别之？  然：五脏脉已绝于内者，肾肝气已绝于内也，而医反补其心肺；五脏脉已绝于外者，心肺气已绝于外也，而医反补其肾肝。阳绝补阴，阴绝补阳，是谓实实虚虚，损不足而益有余。如此死者，医杀之耳。,本难论内外脉绝之补泻宜忌。五脏脉绝于内（肾肝）当补心肺，绝于外（心肺）当补肾肝；反其道则阳绝补阴、阴绝补阳，为实实虚虚，乃医杀之。,1,AI预标注，待人工复核
q042,高血压头晕目眩，面红目赤，中医怎么治疗？,case,snb_zhizi_001,神农本草经,中经,栀子,栀子，味，寒。主五内邪气，胃中热气，面赤酒疱皶鼻，白癞赤癞疮疡。,栀子苦寒，泻火除烦、清热利湿、凉血解毒，主治热病心烦、湿热黄疸、血淋涩痛及血热吐衄、目赤肿痛。本经主五内邪气、胃中热气、疮疡，取其清泻三焦火热之功。,0,AI预标注，待人工复核
q042,高血压头晕目眩，面红目赤，中医怎么治疗？,case,wuxingxueshuoyingyong_001,《中医基础理论》规划教材（要点归纳）,阴阳五行,五行学说在中医学的应用·生理病理诊断治疗,"五行学说在中医学的应用主要有：①生理，以五行配属五脏，说明脏腑间生克制化的协调关系；②病理，以相乘相侮、母子相及说明脏腑病变的传变规律；③诊断，以色、味、脉等五行归类推断病属何脏；④治疗，据生克规律确定治则治法，如滋水涵木、培土生金、益火补土、佐金平木、泻南补北，以及""虚则补其母、实则泻其子""。",五行学说在中医中是解释脏腑关系与指导治则的推演工具：生理上看生克制化，病理上看乘侮与母子相及，诊断上据色味脉归类定脏，治疗上据生克确立治法。它与阴阳学说互为补充，共同构成中医的方法论基础。学习时应把五行生克乘侮、母子相及与具体治方（滋水涵木、培土生金等）对应起来理解。,0,AI预标注，待人工复核
q042,高血压头晕目眩，面红目赤，中医怎么治疗？,case,tianma_001,中国药典（2025年版）一部,平肝息风药,天麻,据《中国药典》2025 年版一部：天麻为兰科植物天麻 Gastrodia elata Bl. 的干燥块茎（药用部位：块茎）。性味甘，平；归肝经。功能与主治：息风止痉，平抑肝阳，祛风通络；用于小儿惊风，癫痫抽搐，破伤风，头痛眩晕，手足不遂，肢体麻木，风湿痹痛。用法与用量：3～10g。贮藏：置通风干燥处，防蛀。  **【古…,**简明**：天麻甘平，息风止痉、平抑肝阳、祛风通络，为「**治风之神药**」（无论寒热虚实之风皆宜），主治眩晕头痛、惊风癫痫、肢体麻木痹痛。**详解**：肝阳眩晕配钩藤、石决明（天麻钩藤饮）；风痰眩晕配半夏、白术（半夏白术天麻汤）；肢体麻木配鸡血藤、牛膝（天麻丸）。药性平和，虚人可服。,2,AI预标注，待人工复核
q042,高血压头晕目眩，面红目赤，中医怎么治疗？,case,ganshu_001,针灸学,足太阳膀胱经,肝俞,出《针灸甲乙经》。《灵枢·背腧》：九焦之间，肝腧当其处。,肝俞为肝之背俞穴，为肝气输注于背部的腧穴。定位在脊柱区，第9胸椎棘突下，后正中线旁开1.5寸。主治胁痛、黄疸等肝胆病证，目赤、目视不明等目疾，癫狂痫等神志病，以及脊背痛。刺法：斜刺0.5～0.8寸；可灸。,1,AI预标注，待人工复核
q042,高血压头晕目眩，面红目赤，中医怎么治疗？,case,dadun_001,针灸学,足厥阴肝经,大敦,《灵枢·本输》：肝出于大敦，大敦者，足大指之端及三毛之中也，为井木。,大敦为足厥阴肝经井穴（木），定位在足大趾末节外侧，距趾甲角0.1寸（三毛中）。为疏肝理气要穴，主治疝气、遗尿、经闭、崩漏、阴挺、癫痫。刺法：斜刺0.1～0.2寸，或点刺出血；可灸。,1,AI预标注，待人工复核
q042,高血压头晕目眩，面红目赤，中医怎么治疗？,case,shanghan_105,伤寒论,辨太阳病脉证并治中,肝乘脾刺期门（第105条）,伤寒腹满谵语，寸口脉浮而紧，此肝乘脾也，名曰纵，刺期门。,本条论肝乘脾证。伤寒腹满谵语，寸口脉浮而紧，此肝乘脾也，名曰纵，刺期门。肝木乘脾土，刺期门泻肝实。,1,AI预标注，待人工复核
q042,高血压头晕目眩，面红目赤，中医怎么治疗？,case,rougui_001,中国药典（2025年版）一部,温里药,肉桂,据《中国药典》2025 年版一部：肉桂为樟科植物肉桂 Cinnamomum cassia Presl 的干燥树皮（药用部位：树皮）。性味辛、甘，大热；归肾、脾、心、肝经。功能与主治：补火助阳，引火归元，散寒止痛，温通经脉；用于阳痿宫冷，腰膝冷痛，肾虚作喘，虚阳上浮，眩晕目赤，心腹冷痛，虚寒吐泻，寒疝腹痛，痛经经闭。用法…,**简明**：肉桂辛甘大热，补火助阳、引火归元、散寒止痛、温通经脉，善补**命门之火**（与附子补阳力同而守而不走），主治肾阳不足、虚阳上浮、寒凝诸痛及阴疽。**详解**：肾阳虚配附子、熟地黄（肾气丸）；虚阳上浮口疮配牛膝、黄连；寒凝痛经配当归、川芎；阴疽配熟地黄、鹿角胶（阳和汤）。**后下或焗服**（1～5g）；孕妇…,1,AI预标注，待人工复核
q042,高血压头晕目眩，面红目赤，中医怎么治疗？,case,shanghan_106,伤寒论,辨太阳病脉证并治中,肝乘肺刺期门（第106条）,伤寒发热，啬啬恶寒，大渴欲饮水，其腹必满，自汗出，小便利，其病欲解，此肝乘肺也，名曰横，刺期门。,本条论肝乘肺证。伤寒发热、啬啬恶寒、大渴欲饮水、其腹必满，自汗出、小便利，其病欲解，此肝乘肺也，名曰横，刺期门。,1,AI预标注，待人工复核
q042,高血压头晕目眩，面红目赤，中医怎么治疗？,case,mahuang_001,中国药典（2025年版）一部,解表药,麻黄,据《中国药典》2025 年版一部：麻黄为麻黄科植物草麻黄 Ephedra sinica Stapf、中麻黄 Ephedra intermedia Schrenk ex C. A. Mey. 或木贼麻黄 Ephedra equisetina Bunge 的干燥草质茎（药用部位：草质茎）。性味辛、微苦，温；归肺、膀胱经。功…,**简明**：麻黄为辛温解表要药，发汗力峻，主治风寒表实（恶寒发热、无汗、脉浮紧）、咳喘、风水水肿。**详解**：发汗解表配桂枝（麻黄汤）治表实；宣肺平喘配杏仁、石膏（麻杏石甘汤）治肺热咳喘；利水消肿配石膏、生姜（越婢汤）治风水。麻黄发汗力强，表虚自汗、阴虚盗汗、高血压、失眠者慎用；生用发汗力强，蜜炙后发汗力缓而长于润…,3,AI预标注，待人工复核
q042,高血压头晕目眩，面红目赤，中医怎么治疗？,case,shanghan_534,伤寒论,伤寒例,尺寸俱微缓者（第534条）,尺寸俱微缓者，厥阴受病也，当六七日发。以其脉循阴器、络于肝，故烦满而囊缩。此三经皆受病，己入于府，可下而已。,本条论述伤寒例之脉证。症见烦、厥。当审其表里寒热、虚实传变而施治。,1,AI预标注，待人工复核
q042,高血压头晕目眩，面红目赤，中医怎么治疗？,case,nanjing_011,难经,第十一难,第十一难,曰：经言脉不满五十动而一止，一脏无气者，何脏也？  然：人吸者随阴入，呼者因阳出。今吸不能至肾，至肝而还，故知一脏无气者，肾气先尽也。,本难论脉代止主何脏无气。人吸者随阴入、呼者因阳出，今吸不能至肾、至肝而还，故知一脏无气者肾气先尽。,1,AI预标注，待人工复核
q042,高血压头晕目眩，面红目赤，中医怎么治疗？,case,qiqingzhibing_001,中医养生（古籍要义归纳）,起居情志,七情致病与调摄·喜怒过则伤脏宜调和,"《素问·阴阳应象大论》：""怒伤肝""""喜伤心""""思伤脾""""忧伤肺""""恐伤肾""。《素问·举痛论》：""怒则气上，喜则气缓，悲则气消，恐则气下……思则气结。""（公有领域原文。）","七情指喜、怒、忧、思、悲、恐、惊七种情志活动，本是人体对外界刺激的正常反应；但若情志过激、持久不解，便会成为致病因素，所谓""七情内伤""——暴怒伤肝、过喜伤心、久思伤脾、过忧伤肺、骤恐伤肾，并引起气机紊乱。中医调摄情志，贵在一个""和""字：遇事发怒时知节，喜悦适度不狂，思虑专一不纠结，忧悲善自宽解，惊恐安定心神。日常可通过…",1,AI预标注，待人工复核
q042,高血压头晕目眩，面红目赤，中医怎么治疗？,case,nanjing_041,难经,第四十一难,第四十一难,曰：肝独有两叶，以何应也？  然：肝者，东方木也，木者，春也。万物始生，其尚幼小，意无所亲，去太阴尚近，离太阳不远，犹有两心，故有两叶，亦应木叶也。,本难释肝独有两叶之应。肝为东方木应春，万物始生意无所亲，犹有两心，故有两叶以应木叶。,1,AI预标注，待人工复核
q042,高血压头晕目眩，面红目赤，中医怎么治疗？,case,fushan_001,中医各家学说,医家,傅山·著傅青主女科擅妇科理血调经,"据《傅青主女科》：""妇人有终年不下带，……乃下焦湿热之气熏蒸也""（论带下）；其论经、带、胎、产，辨肝脾肾与气血，立法主""平肝、开郁、补脾胃、兼清湿热""，方多平和取效。",傅山，字青主，号公它、石道人等，明末清初山西阳曲（今太原）人，生于明万历三十五年、卒于清康熙二十三年（1607—1684年）。他博学多才，经史、诗文、书画、音韵皆精，兼通医理，入清后隐居不仕，以遗民自居，晚年行医济世。其女科学说经后人整理为《傅青主女科》（又有《傅青主男科》《傅青主女科》传世）。书中分论带下、血崩、调经…,1,AI预标注，待人工复核
q042,高血压头晕目眩，面红目赤，中医怎么治疗？,case,nuanganjian_001,《方剂学》规划教材（要点归纳）,理气剂,暖肝煎·温补肝肾行气止痛治寒滞肝脉,"传统方歌：""暖肝煎中杞茯归，茴沉乌药姜肉桂，下焦虚寒疝气痛，温补肝肾此方推。""（张景岳《景岳全书》方，据教材要点归纳：当归、枸杞子、小茴香、肉桂、乌药、沉香、茯苓、生姜，各约常用量，水煎服。）",暖肝煎为温补肝肾、行气止痛代表方，主治肝肾不足、寒滞肝脉证，症见睾丸或少腹冷痛、畏寒喜暖、舌淡苔白、脉沉迟。功能温补肝肾、行气止痛，适用于肝肾阴虚、寒客肝脉之疝气腹痛。使用注意：本方偏温，湿热下注、肝经湿热者非宜；阴虚火旺者忌。本方为要点归纳，供参考；具体用药请遵医嘱。,1,AI预标注，待人工复核
q042,高血压头晕目眩，面红目赤，中医怎么治疗？,case,yutinghong_001,余听鸿医案,外证门,余听鸿·乳痈消托案,某妇，乳房掀红肿痛，寒热往来。余氏谓乳为阳明胃经所司，乳头属厥阴肝，此肝胃郁热、乳络壅滞，初起当疏肝清胃、通络散结，使外肿内消，若脓成则又当托里透脓，不可一味内消。,此案辨乳痈为肝胃郁热、乳络壅滞，初起主以疏肝清胃、通络内消，并强调脓成即当托透，不可拘泥一法。余氏于外证辨证精细，示人外治必合内治、消托须分阶段。,1,AI预标注，待人工复核
q042,高血压头晕目眩，面红目赤，中医怎么治疗？,case,lingjiaogouteng_001,《方剂学》规划教材（要点归纳）,治风剂,羚角钩藤汤·凉肝息风增液舒筋治热极动风,"传统方歌：""俞氏羚角钩藤汤，桑叶菊花鲜地黄，芍草茯神川贝茹，凉肝增液定风方。""（俞根初《通俗伤寒论》方，据教材要点归纳：羚羊角、钩藤、桑叶、菊花、生地、白芍、川贝、竹茹、茯神、甘草，各约常用量，水煎服。）",羚角钩藤汤为平息内风、凉肝息风代表方，主治肝经热盛、热极动风证，症见高热不退、烦闷躁扰、手足抽搐、发为痉厥、舌绛而干、脉弦数。功能凉肝息风、增液舒筋，为治温病热盛动风、痉厥抽搐之名方。使用注意：本方为凉肝息风重剂，阴虚风动、血虚生风非宜；痉厥神昏属急重证，当结合现代医学救治。本方为要点归纳，供参考；具体用药请遵医嘱。,1,AI预标注，待人工复核
q042,高血压头晕目眩，面红目赤，中医怎么治疗？,case,huatuo_003,名医类案,华佗医案,华佗断督邮徐毅误针案,故督邮徐毅得病，佗往省之。毅谓佗曰：昨使医曹吏刘租针胃管讫，便苦咳嗽，欲卧不安。佗曰：刺不得胃管，误中肝也，食当日减，五日不救。遂如佗言。（《三国志·魏书·方技传》）,"督邮徐毅被医官针刺""胃管""后，即咳嗽、卧不安。华佗诊之，断为针刺未中胃管、误伤于肝，预言其饮食日减、五日当死。后果如期。此案见华佗凭针后症候逆推误伤脏腑并精确判断预后，亦古针刺禁忌与针害之著名案例。",1,AI预标注，待人工复核
q042,高血压头晕目眩，面红目赤，中医怎么治疗？,case,yuanyinneizhang_001,《中医眼科学》规划教材（要点归纳）,五官,圆翳内障·老年性白内障,圆翳内障指晶珠混浊、视力缓降、终至瞳神内呈圆形银白色翳障的眼病，相当于老年性白内障。多由肝肾两亏、脾虚气弱或肝热上扰引起。辨证分肝肾两亏、脾虚气弱、肝热上扰等型。,圆翳内障即老年性白内障，初、中期可中药调理延缓进展；视力明显下降影响生活者以手术为主。视力骤降、眼痛红肿者须就医。教材要点归纳，供参考；具体诊疗请遵医嘱。,1,AI预标注，待人工复核
q042,高血压头晕目眩，面红目赤，中医怎么治疗？,case,lingshu_016,灵枢经,营气篇第十六,营气篇第十六,黄帝曰：营气之道，内谷为宝。谷入于胃，乃传之肺，流溢于中，布散于外，精专者行于经隧，常营无已，终而复始，是谓天地之纪。 故气从太阴出，注手阳明，上行至面，注足阳明，下行至跗上，注大趾间，与太阴合。上行抵髀，从髀注心中。循手少阴，出腋，下臂，注小指之端，合手太阳。上行乘腋，出䪼内，注目内眦，上巅，下项，合足太阳。循脊，下…,本篇论营气之行。营气之道内谷为宝，谷入于胃，传之与肺，流溢布散，精专者行于经隧。详叙营气从手太阴出，注手阳明、足阳明，依次下行至足太阴，复注手少阴、手太阳、足太阳、足少阴，注心主、手少阳、足少阳、足厥阴，上注肺；其支别者上额循巅下项，循脊入骶为督脉，络阴器入脐中复注肺，复出太阴，终而复始，逆顺之常。,0,AI预标注，待人工复核
q042,高血压头晕目眩，面红目赤，中医怎么治疗？,case,lingshu_062,灵枢经,动输篇六十二,动输篇六十二,黄帝曰：经脉十二，而手太阴、足少阴、阳明独动不休，何也？ 岐伯曰：是明胃脉也。胃为五脏六腑之海，其清气上注于肺，肺气从太阴而行之，其行也以息往来，故人一呼脉再动，一吸脉亦再动，呼吸不已，故动而不止。 黄帝曰：气之过于寸口也，上十焉息，下八焉伏，何道从还？不知其极。 岐伯曰：气之离脏也，卒然如弓弩之发，如水之下岸，上于鱼…,本篇论十二经脉中手太阴、足少阴、足阳明独动不休之理。手太阴脉动不休因胃气上注于肺，肺气从太阴以息往来，一呼脉再动、一吸脉再动。足阳明之人迎动者，胃气别走阳明上冲头下至人迎，阴阳上下其动若一。足少阴脉动者，冲脉为十二经之海，与少阴大络起肾下循胫内注诸络以温足胫。又论四末阴阳之会与四街为气之径路，络绝则径通。,0,AI预标注，待人工复核
q042,高血压头晕目眩，面红目赤，中医怎么治疗？,case,suwen_079,黄帝内经素问,阴阳类论篇七十九,阴阳类论篇七十九,孟春始至，黄帝燕坐，临观八极，正八风之气，而问雷公曰：阴阳之类，经脉之道，五中所主，何藏最贵？ 雷公对曰：春甲乙青，中主肝，治七十二日，是脉之主时，臣以其藏最贵。 帝曰：却念上下经，阴阳从容，子所言最贵，其下也。 雷公致斋七日，旦复侍坐。 帝曰：三阳为经，二阳为维，一阳为游部，此知五藏终始。三阴为表，二阴为里，一阴至绝…,本篇以阴阳比类论经脉与短期。孟春朔帝问何脏最贵，雷公以肝对，帝谓犹为下。次论三阳为经、二阳为维、一阳为游部，三阴为表、二阴为里、一阴至绝作朔晦，分述六经至手太阴之脉象。又论二阳一阴、三阳一阴等阴阳交并之病。末论短期：冬三月病合阳者春正月死征，及春阳杀、夏阴阳交、秋三阳俱起，三阳独至期在石水、二阴独至期在盛水等死期。,1,AI预标注，待人工复核
q042,高血压头晕目眩，面红目赤，中医怎么治疗？,case,lingshu_065,灵枢经,五音五味篇六十五,五音五味篇六十五,右徵与少徵，调右手太阳上。左商与左徵，调左手阳明上。少徵与太宫，调左手阳明上。右角与太角，调右手少阳下。太徵与少徵，调左手太阳上。众羽与少羽，调右足太阳下。少商与右商，调右手太阳下。桎羽与众羽，调右足太阳下。少宫与太宫，调右足阳明下。判角与少角，调右足少阳下。釱商与上商，调右足阳明下。釱商与上角，调左足太阳下。 上徵与…,本篇承前篇论二十五人应调治的经脉上下，并论妇人无须、宦者去须、天宦无须之理。冲任二脉皆起胞中，为经络之海，浮外者循腹上行会咽喉、络唇口；妇人有余气不足血、数脱血，冲任不荣口唇故须不生；宦者去宗筋伤冲脉故须不生；天宦天之所不足，任冲不盛宗筋不成。又论六经血气多少常数：太阳多血少气、少阳多气少血、阳明多血多气等。,0,AI预标注，待人工复核
q042,高血压头晕目眩，面红目赤，中医怎么治疗？,case,jingui_021,金匮要略,妇人产后病脉证治第二十一,妇人产后病脉证治第二十一,（论一首 证六条 方七首） 问曰：新产妇人有三病，一者病痉，二者病郁冒，三者大便难，何谓也？师曰：新产血虚、多出汗、喜中风，故令病痉；亡血复汗、寒多，故令郁冒；亡津液，胃燥，故大便难。 产妇郁冒，其脉微弱，不能食，大便反坚，但头汗出，所以然者，血虚而厥，厥而必冒。冒家欲解，必大汗出。以血虚下厥，孤阳上出，故头汗出。所以…,本篇论妇人产后病。新产有痉、郁冒、大便难三病，皆因亡血多汗、津液亏虚。产后腹痛分寒疝（当归生姜羊肉汤）、气滞（枳实芍药散）、干血着脐下（下瘀血汤）；产后中风发热主竹叶汤；产后虚烦呕逆主竹皮大丸。,0,AI预标注，待人工复核
q042,高血压头晕目眩，面红目赤，中医怎么治疗？,case,suwen_066,黄帝内经素问,天元纪大论篇六十六,天元纪大论篇六十六,黄帝问曰：天有五行御五位，以生寒暑燥湿风；人有五脏化五气，以生喜怒忧思恐。论言五运相袭，而皆治之，终期之日，周而复始，予已知之矣。愿闻其与三阴三阳之候，奈何合之？ 鬼臾区稽首再拜对曰：昭乎哉问也！夫五运阴阳者，天地之道也，万物之纲纪，变化之父母，生杀之本始，神明之府也，可不通乎!故物生谓之化，物极谓之变，阴阳不测谓之神…,本篇为五运六气总论之首。五运阴阳者天地之道、万物纲纪、变化父母。在天为寒暑燥湿风火，在地为木火土金水火，形气相感化生万物，引《太始天元册》言之。次明天干统运：甲己土、乙庚金、丙辛水、丁壬木、戊癸火；及子午少阴、丑未太阴等三阴三阳司天，与厥阴之上风气主之等六元之本。又论五六相合三十年一纪、六十年一周，及天符岁直三合之理。,0,AI预标注，待人工复核
q042,高血压头晕目眩，面红目赤，中医怎么治疗？,case,xuanyun_001,中医内科学,肝胆系病证,眩晕,"眩晕是以头晕、眼花为主症的病证。眩即眼花，晕即头晕，两者常同时并见，故统称眩晕。《素问·至真要大论》：""诸风掉眩，皆属于肝。""《素问·玄机原病式》：""所谓风气甚而头目眩运者，由风木旺，必是金衰不能制木，而木复生火。""《灵枢·口问》：""上气不足，脑为之不满，耳为之苦鸣，头为之苦倾，目为之眩。""教材将其归入肝胆系病证论治。",眩晕病位在头窍，与肝脾肾三脏相关，基本病机不外虚实两端：虚者为气血不足或肝肾阴亏、脑失所养；实者为风、火、痰、瘀扰乱清空。辨证首辨脏腑（肝阳、脾虚、肾虚），次辨标本虚实（急则多实、缓则多虚）。分证论治：肝阳上亢治以平肝潜阳、清火息风，方用天麻钩藤饮；气血亏虚治以补益气血、调养心脾，方用归脾汤；肾精不足治以滋养肝肾、益精…,3,AI预标注，待人工复核
q042,高血压头晕目眩，面红目赤，中医怎么治疗？,case,xuezhengneike_001,中医内科学,气血津液病证,血证,"血证是指由多种原因引起火热熏灼或气虚不摄，致使血液不循常道，或上溢于口鼻诸窍，或下泄于前后二阴，或渗出于肌肤所形成的一类出血性疾患。《素问·六节藏象论》：""肝者，罢极之本……以生血气。""《金匮要略》对吐血、衄血、便血等证治有所记载，出泻心汤、黄土汤等方。教材以治火、治气、治血为基本原则。",血证共同病机为火热熏灼、迫血妄行及气虚不摄、血溢脉外。辨证首辨病证部位及虚实：鼻衄——热邪犯肺治以清泄肺热、凉血止血，方用桑菊饮；胃热炽盛治以清胃泻火，方用玉女煎；肝火上炎治以清肝泻火，方用龙胆泻肝汤；气血亏虚治以补气摄血，方用归脾汤。齿衄——胃火炽盛治以清胃泻火，方用加味清胃散；阴虚火旺治以滋阴降火，方用六味地黄丸合…,2,AI预标注，待人工复核
q042,高血压头晕目眩，面红目赤，中医怎么治疗？,case,zhongfeng_002,中医临床诊疗指南/专家共识（要点归纳）,现代中医,中风·辨证论治要点,据现行中医内科常见病诊疗指南：中风以气血逆乱、脑脉痹阻或血溢脑脉之外为基本病机；辨证首分中经络与中脏腑，中脏腑又须辨闭证、脱证，急性期以急救为先，恢复期注重化痰通络、扶正化瘀。（要点归纳，非原文照录。）,中风以猝然昏仆、半身不遂、口舌歪斜、言语不利、偏身麻木为主症，相当于现代医学急性脑血管病。指南要点：主症为半身不遂、口舌歪斜、言语不利；辨证首分中经络（无神志障碍，平肝息风、化痰通络）与中脏腑（有神志障碍，闭证开窍、脱证固脱），恢复期多见风痰瘀血、气虚血瘀等型，总以平肝息风、化痰通络为法。强调急性期中西医结合救治、把握…,1,AI预标注，待人工复核
q042,高血压头晕目眩，面红目赤，中医怎么治疗？,case,xuezheng_001,中医诊断学,辨证,血虚、血瘀、血热、血寒证,血病辨证四类。据规划教材《中医诊断学》归纳：血虚证以面白无华或萎黄、唇舌色淡、头晕眼花、心悸失眠、手足麻木、脉细为要点；血瘀证以刺痛拒按、痛有定处、肿块紫暗、出血紫黑夹块、舌紫暗或有瘀斑、脉涩为要点；血热证以身热夜甚、心烦、吐衄发斑、舌红绛、脉数为要点；血寒证以冷痛喜暖、形寒肢冷、肤色紫暗、得温痛减、脉沉迟为要点。,"血虚治宜养血；血瘀治宜活血化瘀；血热治宜清热凉血；血寒治宜温经散寒。血虚以""色淡、脉细""为眼目，属虚；血瘀以""刺痛、紫暗、舌瘀斑、脉涩""为眼目，属实；血热以""身热、出血色鲜红、舌红绛、脉数""为眼目，属实热；血寒以""冷痛、得温则减、形寒""为眼目，属实寒。血证常互见（如血瘀兼血虚、血热动血），须参合舌脉以辨主次寒热。",0,AI预标注，待人工复核
q042,高血压头晕目眩，面红目赤，中医怎么治疗？,case,zhongfengbing_001,中医内科学,肝胆系病证,中风,"中风是以猝然昏仆、不省人事、伴半身不遂、口眼歪斜、言语不利为主症的病证。《素问·调经论》：""血之与气，并走于上，则为大厥，厥则暴死。""《金匮要略·中风历节病脉证并治》：""夫风之为病，当半身不遂……邪在于络，肌肤不仁；邪在于经，即重不胜；邪入于腑，即不识人；邪入于脏，舌即难言，口吐涎。""教材分中经络、中脏腑论治。",中风病位在脑，与心肝脾肾相关，基本病机为阴阳失调、气血逆乱，上犯于脑。辨证首辨中经络与中脏腑：无神志昏蒙者为中经络，病轻；有神志昏蒙者为中脏腑，病重。中脏腑再辨闭证与脱证：牙关紧闭、两手握固为闭证（阳闭兼热象、阴闭兼寒象）；目合口开、手撒肢冷为脱证。分证论治：中经络风痰入络治以祛风化痰通络，方用真方白丸子；风阳上扰治以…,1,AI预标注，待人工复核
q042,高血压头晕目眩，面红目赤，中医怎么治疗？,case,xue_001,《中医基础理论》规划教材（要点归纳）,气血津液,血·循行脉中营养滋润全身的红色液态物质,血，即血液，是循行于脉中、富有营养和滋润作用的红色液态物质，是构成人体和维持人体生命活动的基本物质之一。血主要由营气和津液所组成，其生理功能为：①濡养滋润全身脏腑组织；②是神志活动的主要物质基础。血在脉中循行，内至脏腑，外达皮肉筋骨。,血在中医中既是物质概念，又主濡养与养神。血充足则面色红润、视听灵敏、活动自如；血虚则面色萎黄、头晕眼花、失眠多梦。血的生成、运行与心、脾、肝、肾密切相关（详见血的生成与运行各条）。学习时应把血的功能与气血关系、脏腑配属联系起来理解。,1,AI预标注，待人工复核
q042,高血压头晕目眩，面红目赤，中医怎么治疗？,case,xinxue_yinxu_001,中医诊断学,辨证,心血虚证与心阴虚证,心病阴血亏虚类。据规划教材《中医诊断学》归纳：心血虚证以心悸失眠、多梦健忘、眩晕、面色不华或萎黄、唇舌色淡、脉细弱为要点；心阴虚证以心悸心烦、失眠多梦、五心烦热、潮热盗汗、两颧发红、舌红少津、脉细数为要点。,心血虚治宜养血安神；心阴虚治宜滋阴安神。二者共见心悸、失眠、多梦之心病主症。鉴别眼目：血虚证兼面白舌淡、唇甲色淡、脉细弱而无热象；阴虚证兼五心烦热、盗汗、颧红、舌红少津、脉细数等热象。须与肝血虚、肝肾阴虚相鉴别——心病以心悸失眠为主症，肝病以眩晕、目涩、筋脉失养为主症。,1,AI预标注，待人工复核
q042,高血压头晕目眩，面红目赤，中医怎么治疗？,case,zhenzhumu_001,中国药典（2025年版）一部,平肝息风药,珍珠母,据《中国药典》2025 年版一部：珍珠母为蚌科动物三角帆蚌 Hyriopsis cumingii (Lea)、褶纹冠蚌 Cristaria plicata (Leach) 或珍珠贝科动物马氏珍珠贝 Pteria martensii (Dunker) 的贝壳（药用部位：贝壳）。性味咸，寒；归肝、心经。功能与主治：平肝潜阳…,**简明**：珍珠母咸寒，平肝潜阳、安神定惊、明目退翳（**镇心安神而清肝**），主治肝阳眩晕、烦躁失眠惊悸及目赤翳障。**详解**：眩晕失眠配牡蛎、酸枣仁；肝热目赤配菊花、石决明。**先煎**；脾胃虚寒者慎用。,2,AI预标注，待人工复核
q042,高血压头晕目眩，面红目赤，中医怎么治疗？,case,chuanxiong_001,中国药典（2025年版）一部,活血化瘀药,川芎,据《中国药典》2025 年版一部：川芎为伞形科植物川芎 Ligusticum chuanxiong Hort. 的干燥根茎（药用部位：根茎）。性味辛，温；归肝、胆、心包经。功能与主治：活血行气，祛风止痛；用于胸痹心痛，胸胁刺痛，跌扑肿痛，月经不调，经闭痛经，癥瘕腹痛，头痛，风湿痹痛。用法与用量：3～10g。注意：孕妇慎…,**简明**：川芎辛温，活血行气、祛风止痛，为「**血中气药**」，上行头目、下行血海，主治瘀血诸痛、经闭痛经及各种头痛（风寒、血瘀头痛尤宜）。**详解**：血瘀胸胁痛配柴胡、桃仁（血府逐瘀汤）；风寒头痛配羌活、白芷；血虚月经不调配熟地黄、当归（四物汤）；风湿痹痛配独活、秦艽。孕妇慎用，阴虚火旺、月经过多者慎用。,1,AI预标注，待人工复核
q042,高血压头晕目眩，面红目赤，中医怎么治疗？,case,bohe_001,中国药典（2025年版）一部,解表药,薄荷,据《中国药典》2025 年版一部：薄荷为唇形科植物薄荷 Mentha haplocalyx Briq. 的干燥地上部分（药用部位：地上部分）。性味辛，凉；归肺、肝经。功能与主治：疏散风热，清利头目，利咽，透疹，疏肝行气；用于风热感冒，风温初起，头痛，目赤，喉痹，口疮，风疹，麻疹，胸胁胀闷。用法与用量：3～6g，后下。贮…,**简明**：薄荷辛凉，疏散风热、清利头目、利咽透疹、疏肝行气，主治风热感冒、头痛目赤、咽痛、麻疹不透及肝郁胁胀。**详解**：风热感冒配金银花、连翘（银翘散）；目赤肿痛配菊花、桑叶；咽痛配桔梗、甘草；肝郁胁胀配柴胡、白芍（逍遥散）。含挥发油，**入汤剂宜后下**；体虚多汗者不宜。,1,AI预标注，待人工复核
q042,高血压头晕目眩，面红目赤，中医怎么治疗？,case,chushizi_001,中国药典（2025年版）一部,补虚药,楮实子,据《中国药典》2025 年版一部：楮实子为桑科植物构树 Broussonetia papyrifera (L.) Vent. 的干燥成熟果实（药用部位：成熟果实）。性味甘，寒；归肝、肾经。功能与主治：补肾清肝，明目，利尿；用于虚劳骨蒸，头晕目昏，目生翳膜，水肿胀满。用法与用量：6～12g。贮藏：置干燥处，防蛀。,**简明**：楮实子甘寒，补肾清肝而明目利尿，为治头晕目昏、虚劳水肿的常用药。。**详解**：虚劳骨蒸配地骨皮、生地黄；头晕目昏配枸杞子、菊花；目生翳膜配密蒙花、青葙子；水肿胀满配茯苓皮、泽泻。脾胃虚寒者慎用。,1,AI预标注，待人工复核
q042,高血压头晕目眩，面红目赤，中医怎么治疗？,case,xuefenzheng_001,温病学,温病学,血分证,清·叶天士《温热论》：「入血就恐耗血动血，直须凉血散血，如生地、丹皮、阿胶、赤芍等物。」血分证为热邪深入血分、耗血动血之危重阶段。（据规划教材《温病学·血分证》归纳）,血分证为温病最深最重一层，热迫血溢、耗血动血，症见身热灼手、躁扰昏狂、斑疹透露、吐衄便血、舌深绛，或动风痉厥。治直须凉血散血——犀角地黄汤（水牛角代）凉血兼化瘀，使血止而不留瘀；动风痉厥者羚角钩藤汤凉肝息风；真阴欲竭、虚风内动者大小定风珠滋阴息风。此期最危，须防内闭外脱。,1,AI预标注，待人工复核
q042,高血压头晕目眩，面红目赤，中医怎么治疗？,case,snb_lingyangjiao_001,神农本草经,中经,羚羊角,羚羊角，味咸，寒。主明目益气起阴，去恶血注下，辟蛊毒恶鬼不详，安心气，常不魇寐。,羚羊角咸寒，平肝息风、清肝明目、清热解毒，主治肝风内动惊痫抽搐、肝阳眩晕、肝火头痛目赤及温病壮热神昏。本经主明目益气、安心气、不魇寐，取其平肝清肝、息风定惊之功。,1,AI预标注，待人工复核
q042,高血压头晕目眩，面红目赤，中医怎么治疗？,case,xiaodengfengzhu_001,温病条辨,下焦篇,小定风珠,既厥且哕，脉细而劲，小定风珠主之。  小定风珠方： 鸡子黄一枚（生用） 真阿胶二钱 生龟板六钱 童便一杯 淡菜三钱。 水五杯，先煮龟板、淡菜，得二杯，去滓，入阿胶，上火烊化，纳鸡子黄、童便，搅匀，分二次服。,本条论下焦温病阴虚肝阳上逆、厥哕并见的证治。温病后期真阴亏耗，肝阴不足则厥逆；胃阴受伤、肝胃气逆则哕（呃逆）。脉细而劲，细为阴亏，劲为肝阳偏亢。主以小定风珠：鸡子黄、阿胶滋阴养液、息肝风为君，生龟板、淡菜滋阴潜阳，童便咸寒引热下行、降逆止哕。药味精简，专于滋阴潜阳、降逆和胃，较之大定风珠之填阴救脱、标本兼顾者为轻，故称…,1,AI预标注，待人工复核
q042,高血压头晕目眩，面红目赤，中医怎么治疗？,case,shanghan_266,伤寒论,辨少阳病脉证并治,太阳转入少阳与小柴胡汤（第266条）,本太阳病不解，转入少阳者，胁下硬满，干呕不能食，往来寒热，尚未吐下，脉沉紧者，与小柴胡汤。,太阳病不解而内传少阳，见胁下硬满、干呕不能食、往来寒热、脉沉紧，为邪入半表半里、枢机不利。未经吐下，正气未伤，宜小柴胡汤和解枢机、疏利肝胆。,1,AI预标注，待人工复核
q042,高血压头晕目眩，面红目赤，中医怎么治疗？,case,yanggang_001,针灸学,足太阳膀胱经,阳纲,出《针灸甲乙经》。,阳纲定位在脊柱区，第10胸椎棘突下，后正中线旁开3寸，与胆俞平列，属足太阳膀胱经。长于疏利肝胆、清利湿热，主治肠鸣、腹痛、泄泻、黄疸及消渴。刺法：斜刺0.5～0.8寸。,1,AI预标注，待人工复核
q042,高血压头晕目眩，面红目赤，中医怎么治疗？,case,snb_guyangjiao_001,神农本草经,中经,羖羊角,羖羊角，味咸，温。主青盲明目，杀疥虫，止寒泄，辟恶鬼虎狼，止惊悸。,羖羊角咸温，平肝镇惊、明目，主治青盲内障、惊悸癫狂及风寒泄利。本经主青盲明目、止惊悸、辟恶，取其平肝镇惊、清肝明目之功。,1,AI预标注，待人工复核
q042,高血压头晕目眩，面红目赤，中医怎么治疗？,case,yetianshi_002,临证指南医案,肝风门,叶天士·肝阳内风案,某，年逾四句，烦劳太过，阳气过动，肝风内震，耳鸣头眩，肢节皆震，脉左数。先生谓身中阳气，动极化风，非发散可解，非沉寒可除，当以酸甘化阴、滋液熄风。,"此案提出""阳化内风""纲领，辨烦劳伤阴、肝阳化风上扰，主以滋液熄风、甘酸化阴、介类潜阳，反对发散攻逐。实为叶氏治肝风、眩晕、中风一派的心法，对后世平肝熄风治法影响深远。",1,AI预标注，待人工复核
q042,高血压头晕目眩，面红目赤，中医怎么治疗？,case,gan_001,《中医基础理论》规划教材（要点归纳）,藏象,肝·主疏泄主藏血,"肝为五脏之一，主要生理功能：主疏泄，调畅气机、促进脾胃运化、调畅情志、促进男子排精与女子排卵行经；主藏血，贮藏血液、调节血量、防止出血。肝在体合筋，其华在爪，开窍于目，在液为泪，与胆相表里。肝为""罢极之本""，体阴而用阳。",肝主疏泄与藏血，体阴而用阳。疏泄关系到气机调畅、情志与消化；藏血关系到血量调节与血液运行。临床见情志抑郁、胸胁胀痛、眩晕、目疾、出血等多从肝论治。本条为基础理论，不涉及具体诊疗。,1,AI预标注，待人工复核
q042,高血压头晕目眩，面红目赤，中医怎么治疗？,case,shanghan_268,伤寒论,辨少阳病脉证并治,三阳合病脉浮大但欲眠（第268条）,三阳合病，脉浮大，上关上，但欲眠睡，目合则汗。,三阳合病，脉浮大而独盛于关上（关脉），为热盛于经、少阳受邪之象；但欲眠睡、目合则汗，为胆热内扰、阴不敛阳、寐中汗出。当察三阳孰轻孰重而施治。,0,AI预标注，待人工复核
q042,高血压头晕目眩，面红目赤，中医怎么治疗？,case,zhangjiebin_001,中医各家学说,医家,张介宾·温补学派主阳非有余真阴不足,"《类经附翼·大宝论》：""阴以阳为主……阳非有余。""又《真阴论》论""真阴之脏""""真阴之病""，谓""凡阴气本无有余，阴病惟皆不足""。力斥时医偏执苦寒滋阴，主温补命门、阴阳同补。","张介宾，字会卿，号景岳，明代山阴（今浙江绍兴）人，约生活于公元1563—1640年，为明代温补学派代表人物。早年从戎，后折节读书、潜心医学，博及《素问》《灵枢》。学术上反对朱丹溪""阳常有余、阴常不足""之偏，提出""阳非有余，真阴不足""，认为人身生气系于阳气，而真阴（元精、命水）亦易亏难充，故治当阴阳同补、尤重温补脾肾命门…",0,AI预标注，待人工复核
q042,高血压头晕目眩，面红目赤，中医怎么治疗？,case,shanghan_253,伤寒论,辨阳明病脉证并治,吴茱萸汤证治（第253条）,食谷欲呕者，属阳明也，吴茱萸汤主之。得汤反剧者，属上焦也。 吴茱萸汤方 吴茱萸一升（洗，辛热） 人参三两（甘温）生姜六两（切，辛温） 大枣十二枚（掰，甘温） 右四味，以水七升，煮取二升，去滓，温服七合，日三服。,本条论述阳明病之脉证。症见呕。治以吴茱萸汤（温肝暖胃、降逆止呕），药后观其进退。,1,AI预标注，待人工复核
q042,高血压头晕目眩，面红目赤，中医怎么治疗？,case,shanzhaye_001,中国药典（2025年版）一部,消食药,山楂叶,据《中国药典》2025 年版一部：山楂叶为蔷薇科植物山里红 Crataegus pinnatifida Bge. var. major N. E. Br. 或山楂 Crataegus pinnatifida Bge. 的干燥叶（药用部位：叶）。性味酸，平；归肝、心经。功能与主治：活血化瘀，理气通脉，化浊降脂；用于气滞血…,**简明**：山楂叶酸平，活血化瘀而理气通脉、化浊降脂，为治胸痹心痛与高脂血症的常用药。。**详解**：胸痹心痛配丹参、川芎；胸闷憋气配瓜蒌、薤白；高脂血症配决明子、荷叶。,1,AI预标注，待人工复核
q042,高血压头晕目眩，面红目赤，中医怎么治疗？,case,dilong_001,中国药典（2025年版）一部,平肝息风药,地龙,据《中国药典》2025 年版一部：地龙为钜蚓科动物参环毛蚓 Pheretima aspergillum (E. Perrier)、通俗环毛蚓 Pheretima vulgaris Chen、威廉环毛蚓 Pheretima guillelmi (Michaelsen) 或栉盲环毛蚓 Pheretima pectinife…,**简明**：地龙咸寒，清热定惊、通络、平喘、利尿，主治高热惊痫抽搐、热痹麻木、半身不遂、肺热喘咳及水肿尿少。**详解**：高热抽搐配钩藤、僵蚕；气虚血瘀中风半身不遂配黄芪、当归（补阳还五汤）；热痹配忍冬藤、秦艽；肺热喘咳配麻黄、石膏。脾胃虚寒者慎用。,1,AI预标注，待人工复核
q042,高血压头晕目眩，面红目赤，中医怎么治疗？,case,jiangxiang_001,中国药典（2025年版）一部,止血药,降香,据《中国药典》2025 年版一部：降香为豆科植物降香檀 Dalbergia odorifera T. Chen 树干和根的干燥心材（药用部位：心材）。性味辛，温；归肝、脾经。功能与主治：化瘀止血，理气止痛；用于吐血，衄血，外伤出血，肝郁胁痛，胸痹刺痛，跌扑伤痛。用法与用量：9～15g，后下。外用适量，研细末敷患处。贮藏…,**简明**：降香辛温，化瘀止血、理气止痛，主治瘀血出血、肝郁胁痛、胸痹刺痛及跌扑伤痛。**详解**：胸痹刺痛配丹参、砂仁（丹参饮）；胁痛配郁金、香附；外伤出血研末外敷。**含挥发油宜后下**；阴虚火旺、血热妄行者忌用。,1,AI预标注，待人工复核
q042,高血压头晕目眩，面红目赤，中医怎么治疗？,case,fuyuanhuoxue_001,《方剂学》规划教材（要点归纳）,理血剂,复元活血汤·活血祛瘀疏肝通络,"传统方歌：""复元活血汤柴胡，花粉当归山甲俱，桃仁红花大黄草，损伤瘀血酒煎祛。""（《医学发明》方，据教材要点归纳：柴胡约半两、瓜蒌根、当归、红花、甘草、穿山甲、大黄、桃仁各约常用量，酒水煎服。）",复元活血汤为跌打损伤、瘀血留于胁下之代表方，症见胁下瘀肿、痛不可忍、痛处固定。本方大黄、穿山甲逐瘀力猛，孕妇忌用，体弱者须酌减。本方为要点归纳，供参考；具体用药请遵医嘱。,1,AI预标注，待人工复核
q042,高血压头晕目眩，面红目赤，中医怎么治疗？,case,dayezizhu_001,中国药典（2025年版）一部,止血药,大叶紫珠,据《中国药典》2025 年版一部：大叶紫珠为马鞭草科植物大叶紫珠 Callicarpa macrophylla Vahl 的干燥叶或带叶嫩枝（药用部位：叶或带叶嫩枝）。性味苦、辛，平；归肝、肺、胃经。功能与主治：散瘀止血，消肿止痛；用于衄血，咯血，吐血，便血，崩漏，外伤出血，跌扑肿痛。用法与用量：9～15g。外用适量，…,**简明**：大叶紫珠苦辛平，散瘀止血而消肿止痛，为治各种出血与跌扑肿痛的常用药。。**详解**：咯血吐血配白及、白茅根；便血崩漏配地榆、茜草；外伤出血研末外敷；跌扑肿痛配三七、乳香。,1,AI预标注，待人工复核
q042,高血压头晕目眩，面红目赤，中医怎么治疗？,case,erxueyadou_001,中医临床诊疗指南/专家共识（要点归纳）,现代中医,耳穴压豆·适宜技术操作要点,据《中医适宜技术操作规范·耳穴压豆》要点：将王不留行籽或磁珠贴压于耳廓相应耳穴上，用手按压使局部酸胀灼热，借耳穴与脏腑经络相应之理调治诸疾。（要点归纳，非原文照录。）,耳穴压豆（又称耳穴压丸）是常用中医适宜技术，操作要点：先探查敏感点，以王不留行籽贴压于耳廓相应穴位（如失眠取神门、心、皮质下），每日按压 3—5 次、每次数分钟，3—5 日更换一次。适用于失眠、便秘、戒断综合征、痛证等辅助调理。耳廓皮肤炎症、冻伤者不宜贴压。本条目为要点归纳，供参考；具体诊疗请遵医嘱。,0,AI预标注，待人工复核
q042,高血压头晕目眩，面红目赤，中医怎么治疗？,case,naokong_001,针灸学,足少阳胆经,脑空,出《针灸甲乙经》。,脑空为足少阳、阳维脉交会穴，定位在头部，枕外隆凸外侧，横平脑户（督脉），头正中线旁2.25寸。主治头痛项强、眩晕、耳鸣目痛及惊悸。操作平刺0.5～0.8寸；可灸。,0,AI预标注，待人工复核
q042,高血压头晕目眩，面红目赤，中医怎么治疗？,case,naohu_001,针灸学,督脉,脑户,出《针灸甲乙经》。,脑户为督脉、足太阳之会。在头部，枕外隆凸上缘凹陷中（后发际正中直上2.5寸）。主治头痛、项强、眩晕、癫痫、瘖不能言、面痛。刺法：平刺0.5～0.8寸；禁灸。,0,AI预标注，待人工复核
q042,高血压头晕目眩，面红目赤，中医怎么治疗？,case,huaruishi_001,中国药典（2025年版）一部,止血药,花蕊石,据《中国药典》2025 年版一部：花蕊石为变质岩类岩石蛇纹大理岩（药用部位：矿物）。性味酸、涩，平；归肝经。功能与主治：化瘀止血；用于咯血，吐血，外伤出血，跌扑伤痛。用法与用量：4.5～9g，多研末服。外用适量。贮藏：置干燥处。  **【古注】】 《本草纲目》：花蕊石化血止血，治金疮出血、产后恶血，为化瘀止血之要药。,**简明**：花蕊石酸涩平，化瘀止血，治咯血吐血及外伤出血（兼化瘀消肿）。**详解**：咳血吐血配三七、血余炭（化血丹）；外伤出血研末外敷。多研末服，煎剂效减；无瘀滞者慎用。,1,AI预标注，待人工复核
q042,高血压头晕目眩，面红目赤，中医怎么治疗？,case,anzhen_001,中医诊断学,四诊,按诊要点,按诊为医生以手触按病人体表与胸腹，以测寒热、润燥、软硬、压痛、包块及腧穴反应。《素问·调经论》「视其虚实，调其气血」为按诊之旨。教材归纳按胸胁、按腹部、按肌肤、按手足、按腧穴诸法。,按肌肤：肌肤灼热、口干脉数多热证；肌肤清凉、畏寒多寒证；皮肤润燥测津液存亡；按之凹陷举手即起为气肿，凹陷不能即起为水肿；疮疡按之肿硬而不热多阴证，肿硬灼手多阳证。按手足：手足俱冷多阳虚寒盛；手足心热多阴虚内热；手背热甚于手心多外感，手心热甚于手背多内伤。按胸腹：腹满按之柔软、不痛多虚（虚满）；腹满按之坚硬、压痛拒按多实…,0,AI预标注，待人工复核
q042,高血压头晕目眩，面红目赤，中医怎么治疗？,case,wangqingren_001,中医各家学说,医家,王清任·著医林改错亲见脏腑倡活血化瘀,"《医林改错》：""著书不明脏腑，岂不是痴人说梦；治病不明脏腑，何异于盲子夜行。""又论""元气既虚，必不能达于血管，血管无气，必停留而瘀""，立补阳还五汤治气虚血瘀偏枯。",王清任，字勋臣，清代直隶玉田（今属河北）人，生于乾隆三十三年、卒于道光十一年（1768—1831年），久居京师行医。他深感业医当明脏腑，认为古人脏腑记载多有沿袭之误，遂亲观犬尸、刑尸考订，绘图立说，于道光十年（1830年）撰成《医林改错》二卷。其书一方面订正古代脏腑图绘（受时代所限不无疏误），另一方面系统发挥瘀血理论，…,0,AI预标注，待人工复核
q042,高血压头晕目眩，面红目赤，中医怎么治疗？,case,jingui_016,金匮要略,惊悸吐血下血胸满瘀血病脉证治第十六,惊悸吐血下血胸满瘀血病脉证治第十六,（脉证十二条 方五首） 寸口脉动而弱，动即为惊，弱则为悸。 师曰：夫脉浮，目睛晕黄，衄未止；晕黄去，目睛慧了，知衄今止。 又曰：从春至夏，衄者太阳，从秋至冬，衄者阳明。 衄家不可汗，汗出必额上陷，脉紧急，直视不能目旬 ，不得眠。 病人面无血*色，无寒热，脉沉弦者衄；浮弱，手按之绝者，下血；烦咳者，必吐血。 夫吐血，咳逆…,本篇论惊悸、吐血、下血、瘀血。惊为外触、悸由内生；吐血不止主柏叶汤，远血（先便后血）主黄土汤，近血（先血后便）主赤小豆当归散，心气不足吐血衄血主泻心汤；瘀血以唇痿舌青、口燥但欲漱水不欲咽为辨证要点。,0,AI预标注，待人工复核
q042,高血压头晕目眩，面红目赤，中医怎么治疗？,case,geshu_001,针灸学,足太阳膀胱经,膈俞,出《针灸甲乙经》。《灵枢·背腧》：七焦之间，膈腧当其处。,膈俞为八会穴之血会，为气血会聚之所。定位在脊柱区，第7胸椎棘突下，后正中线旁开1.5寸。主治呕吐、呃逆、气喘等气逆病证，吐血、血瘀诸证、贫血等血分病证，以及瘾疹、皮肤瘙痒等皮肤病证。刺法：斜刺0.5～0.8寸；可灸。,0,AI预标注，待人工复核
q042,高血压头晕目眩，面红目赤，中医怎么治疗？,case,wentong_001,中医诊断学,四诊,问疼痛性质,疼痛总由「不通则痛」「不荣则痛」。教材以疼痛性质分虚实寒热：新病痛剧拒按多实，久病痛缓喜按多虚；得温则减多寒，遇热加重多热。,胀痛：痛而且胀，胀甚于痛，多为气滞，胸胁脘腹胀痛多属肝胃气滞。刺痛：痛如针刺、固定不移，多为血瘀。冷痛：痛有冷感、得温则减，多属寒证，常见于腰脊、脘腹、四肢关节。灼痛：痛有灼热感、得凉则舒，多属热证。重痛：痛且沉重、如物裹身，多属湿困，常见于头部、四肢。绞痛：痛势剧烈如刀绞，多因有形实邪阻闭气机（瘀血、蛔虫、结石）或寒…,1,AI预标注，待人工复核
q042,高血压头晕目眩，面红目赤，中医怎么治疗？,case,xuefuzhuyujiaonang_001,《中国药典》一部/药品说明书（要点归纳）,理血/止咳/中成药,血府逐瘀胶囊·活血祛瘀行气止痛,据现行版《中国药典》一部与药品说明书要点归纳：本品由桃仁、红花、当归、生地黄、川芎、赤芍、牛膝、桔梗、柴胡、枳壳、甘草等组成，具活血祛瘀、行气止痛之功，用于气滞血瘀所致胸痛头痛、痛如针刺。用法用量按说明书。,血府逐瘀胶囊为活血化瘀类处方药，用于气滞血瘀之胸痹头痛。孕妇禁用；有出血倾向者慎用；胸痛剧烈者应先排查心血管急症。本条目为中成药，请按说明书或在医师指导下使用。,0,AI预标注，待人工复核
q043,糖尿病口渴多饮，中医如何治疗？,case,manbingguanli_001,中医临床诊疗指南/专家共识（要点归纳）,现代中医,慢性病中医管理·随访调治要点,据慢性病中医药健康管理相关规范：对高血压、糖尿病、脑卒中后遗症、慢性咳喘等慢性病人群，在规范西医治疗与监测的基础上，发挥中医辨证调治、生活方式指导与适宜技术优势，开展定期随访与长期管理。（要点归纳，非原文照录。）,慢性病中医管理是把中医调治纳入长期健康管理的服务模式。管理要点：一、以规范的疾病监测和基础治疗为前提，中医药作为补充与协同，不替代必要的西医治疗与药物；二、按病情分期随访，记录症状、指标、用药与生活方式；三、提供辨证调治、饮食起居指导、运动导引、情志调摄等综合干预，目标是控制病情、减少复发、提高生活质量。强调连续性、个…,3,AI预标注，待人工复核
q043,糖尿病口渴多饮，中医如何治疗？,case,wenyinshi_001,《中医诊断学》规划教材（要点归纳）,四诊,问饮食口味·食欲食量口味偏嗜辨脾胃,问饮食口味是询问患者口渴与饮水、食欲与食量、口味与偏嗜情况以判断脾胃盛衰、津液存亡及寒热虚实的诊法。食欲减退多属脾胃虚弱；多食易饥多属胃火；口渴多饮多属热盛伤津；口淡乏味多属脾虚；口甜黏腻多属湿热；口苦多属热；口咸多属肾病或寒。,问饮食以食欲食量察脾胃、口渴饮水察津液、口味察寒热脏腑：多食易饥属胃火，口淡属脾虚，口甜黏腻属湿热。久病不能食而突然暴食为除中，属危候。此为教材要点归纳，供参考；具体诊疗请遵医嘱，不引导自我诊断。,3,AI预标注，待人工复核
q043,糖尿病口渴多饮，中医如何治疗？,case,yumixu_001,《中药学》（清华社）· 药典外品种,利水渗湿药,玉米须,据清华社《中药学》：玉米须为禾本科植物玉蜀黍 Zea mays L. 的干燥花柱和柱头（药用部位：花柱和柱头）。性味甘，平；归膀胱、肝、胆经。功能与主治：利水消肿，利湿退黄；用于水肿，小便不利，湿热黄疸；现代亦用于高血压、糖尿病辅助治疗。用法与用量：15～30g。贮藏：置通风干燥处，防蛀。,**简明**：玉米须甘平，利水消肿而利湿退黄，药性平和，为治水肿淋证与黄疸的常用药。。**详解**：水肿、小便不利配茯苓皮、泽泻；湿热黄疸配茵陈、金钱草；高血压辅助配决明子、钩藤。,3,AI预标注，待人工复核
q043,糖尿病口渴多饮，中医如何治疗？,case,yuyetang_001,《方剂学》规划教材（要点归纳）,治燥剂,玉液汤·益气滋阴固肾生津,"传统方歌：""玉液汤治消渴方，黄芪山药知鸡内金，葛根五味天花粉，气阴双补此方良。""（《医学衷中参西录》方，据教材要点归纳：山药、黄芪、知母、鸡内金、葛根、五味子、天花粉各约常用量，水煎服。）",玉液汤为益气滋阴、固肾生津之代表方，主治气不布津、肾虚胃燥之消渴，症见口渴引饮、小便频数量多、困倦气短。现代常用于2型糖尿病、尿崩症等阴虚气弱型辅助调理，须配合现代诊疗，不可单用替代。本方为要点归纳，供参考；具体用药请遵医嘱。,3,AI预标注，待人工复核
q043,糖尿病口渴多饮，中医如何治疗？,case,xiaoke_002,中医临床诊疗指南/专家共识（要点归纳）,现代中医,消渴·辨证论治要点,"据现行中医内科常见病诊疗指南：消渴以阴虚燥热为基本病机，病位主在肺、胃、肾；按""三多""症状偏重分上、中、下三消，治以清热润燥、养阴生津为基本原则，并须结合现代医学监测与综合管理。（要点归纳，非原文照录。）","消渴以多饮、多食、多尿、形体消瘦（""三多一少""）为主症，相当于现代医学糖尿病一类疾病。指南要点：辨证常见上消肺热津伤（润肺清热、生津止渴）、中消胃热炽盛（清胃泻火、养阴增液）、下消肾阴亏虚（滋阴补肾）等型，日久可及阴阳两虚、兼夹血瘀；总以清热润燥、养阴生津为法。强调中西医结合、血糖监测、饮食控制与运动调护，防治并发症。…",3,AI预标注，待人工复核
q043,糖尿病口渴多饮，中医如何治疗？,case,snb_gegen_001,神农本草经,中经,葛根,葛根，味甘，平。主消渴，身大热，呕吐，诸痹，起阴气，解诸毒。,葛根甘辛凉，解肌退热、生津止渴、升阳止泻，主治外感发热头痛项强、热病口渴、麻疹不透及脾虚泄泻。本经主消渴、身热、起阴气，皆取其升散生津之功。,3,AI预标注，待人工复核
q043,糖尿病口渴多饮，中医如何治疗？,case,shuyin_001,中医诊断学,辨证,暑淫证,暑淫证为六淫辨证之一，系夏令感受暑邪所致。据规划教材《中医诊断学》归纳：暑淫证以身热、汗出量多、口渴喜饮、心烦、气短神疲、小便短黄、舌红、脉虚数或濡数为辨证要点；暑邪易耗气伤津，且多挟湿，故常兼见身重脘痞、恶心纳呆等湿象。,暑为阳邪，乃夏季炎热之气所化，其性升散、易耗气伤津，且多挟湿。临证以夏季发病、身热汗多、口渴心烦、神疲气短为辨证眼目，治宜清暑生津；挟湿者佐以化湿。须与伤暑（轻证）、中暑（重证，甚则卒然昏倒）相区别；又当辨暑热夹湿与暑热伤气之偏重。,0,AI预标注，待人工复核
q043,糖尿病口渴多饮，中医如何治疗？,case,luohanguo_001,中国药典（2025年版）一部,化痰止咳平喘药,罗汉果,据《中国药典》2025 年版一部：罗汉果为葫芦科植物罗汉果 Siraitia grosvenorii (Swingle) C. Jeffrey ex A. M. Lu et Z. Y. Zhang 的干燥成熟果实（药用部位：成熟果实）。性味甘，凉；归肺、大肠经。功能与主治：清热润肺，利咽开音，滑肠通便；用于肺热燥咳，咽…,**简明**：罗汉果甘凉，清热润肺、利咽开音、滑肠通便，**药食两用**，主治肺热燥咳、咽痛失音及肠燥便秘。**详解**：肺热燥咳配沙参、麦冬；咽痛音哑泡水代茶（配胖大海）。可沸水泡服，糖尿病者适量。,3,AI预标注，待人工复核
q043,糖尿病口渴多饮，中医如何治疗？,case,kaiweishanzhawan_001,《中国药典》一部/药品说明书（要点归纳）,消导/理气/中成药,开胃山楂丸·开胃消食,据现行版《中国药典》一部与药品说明书要点归纳：本品由山楂、六神曲、茯苓、山药、芡实、莲子、白扁豆、麦芽、陈皮等组成，具开胃消食之功，用于饮食积滞、痞满腹胀、消化不良。用法用量按说明书口服。,开胃山楂丸为消食导滞兼健脾的常用中成药，用于饮食积滞之痞满腹胀、消化不良。胃酸过多、胃溃疡者慎用，糖尿病患者（含糖蜜丸）注意。本条目为中成药，请按说明书或在医师指导下使用。,3,AI预标注，待人工复核
q043,糖尿病口渴多饮，中医如何治疗？,case,hanre_001,中医诊断学,辨证,寒热辨证,寒热辨证为八纲之一，用以辨别疾病之性质（阴阳盛衰）。据规划教材《中医诊断学》归纳：寒证以恶寒喜暖、口淡不渴、面色㿠白、肢冷踡卧、便溏尿清长、舌淡苔白而润、脉迟或紧为辨证要点；热证以发热喜凉、口渴饮冷、面红目赤、烦躁不宁、便干尿黄、舌红苔黄而干、脉数为要点。寒热两证并见恶寒之有无、口渴与否、二便及舌脉之润燥以别之。,寒热辨证定性：寒证多因阴盛或阳虚，治宜温阳散寒；热证多因阳盛或阴虚，治宜清热泻火。临证须辨寒热真假——真寒假热（身热反欲得衣、面赤如妆而四肢厥冷、脉沉迟无力）与真热假寒（手足厥冷而脉沉滑有力、胸腹灼热、口渴喜冷），当以舌象、二便、口渴与脉象之有力无力为凭，舍象求本；又有寒热错杂、表里同寒同热之辨，须细致甄别，勿为假象所…,2,AI预标注，待人工复核
q043,糖尿病口渴多饮，中医如何治疗？,case,yangyinqingfeiyanwan_001,《中国药典》一部/药品说明书（要点归纳）,止咳/外妇儿/中成药,养阴清肺丸·养阴润燥清肺利咽,据现行版《中国药典》一部与药品说明书要点归纳：本品由地黄、麦冬、玄参、川贝母、白芍、牡丹皮、薄荷、甘草组成，具养阴润燥、清肺利咽之功，用于阴虚肺燥，咽喉干痛，干咳少痰，或痰中带血。用法用量按说明书口服。,养阴清肺丸为养阴清肺、利咽类中成药，用于阴虚肺燥之咽干干咳、痰中带血。本品滋腻，痰湿壅盛、风寒咳嗽者不宜；糖尿病患者（含糖蜜丸）注意。本条目为中成药，请按说明书或在医师指导下使用。,3,AI预标注，待人工复核
q043,糖尿病口渴多饮，中医如何治疗？,case,zaoyin_001,中医诊断学,辨证,燥淫证,燥淫证为六淫辨证之一，系秋季感受燥邪所致。据规划教材《中医诊断学》归纳：燥淫证以唇、口、鼻、咽干燥，皮肤干燥甚至皲裂，干咳少痰或痰黏难咯，口渴，苔薄少津，脉浮为辨证要点。初秋尚热，多为温燥（兼见发热微恶风寒、咽痛、脉浮数）；深秋近寒，多为凉燥（兼见恶寒无汗、苔薄白、脉浮紧）。,燥性干涩，易伤津液、易伤肺脏。治宜轻宣润燥——温燥宜辛凉甘润，凉燥宜辛温甘润。临证以秋季发病、一派干燥失润之象为辨证眼目；须辨温燥与凉燥之寒热属性，并与内伤津液亏虚（阴虚津伤）相区别——外感燥证多新起、有表证，内伤者多久病、见脏腑阴虚之象。,0,AI预标注，待人工复核
q043,糖尿病口渴多饮，中医如何治疗？,case,milianchuanbeipagaotang_001,《中国药典》一部/药品说明书（要点归纳）,止咳/外妇儿/中成药,蜜炼川贝枇杷膏·清热润肺化痰止咳平喘,据现行版《中国药典》一部与药品说明书要点归纳：本品由川贝母、枇杷叶、桔梗、陈皮、水半夏、北沙参、五味子、款冬花、薄荷脑等组成，具清热润肺、化痰止咳平喘之功，用于肺燥咳嗽，症见干咳、痰黄而黏、胸闷、咽喉痒痛或声音嘶哑。用法用量按说明书口服。,蜜炼川贝枇杷膏为润肺止咳类糖浆中成药，用于肺燥咳嗽、痰黏咽痒。本品含糖量高，糖尿病患者忌服；风寒咳嗽、痰湿壅盛者不宜；服药期间忌辛辣油腻。本条目为中成药，请按说明书或在医师指导下使用。,3,AI预标注，待人工复核
q043,糖尿病口渴多饮，中医如何治疗？,case,fenge_001,中国药典（2025年版）一部,解表药,粉葛,据《中国药典》2025 年版一部：粉葛为豆科植物甘葛藤 Pueraria thomsonii Benth. 的干燥根（药用部位：根）。性味甘、辛，凉；归脾、胃经。功能与主治：解肌退热，生津止渴，升阳止泻；用于外感发热，项背强痛，热病口渴，阴虚消渴，脾虚泄泻。用法与用量：10～15g。贮藏：置通风干燥处，防蛀。,**简明**：粉葛甘辛凉，解肌退热而生津止渴、升阳止泻，为治外感项强与消渴泄泻的常用药。。**详解**：外感发热、项背强痛配桂枝、白芍（葛根汤）；热病口渴、消渴配天花粉、麦冬；脾虚泄泻配党参、白术。,3,AI预标注，待人工复核
q043,糖尿病口渴多饮，中医如何治疗？,case,yong_001,《中医外科学》规划教材（要点归纳）,外科,痈·局部光软无头红肿热痛,痈是指发生于体表皮肉之间的急性化脓性疾病，其特点是局部光软无头、红肿热痛、结块范围多在 6~9cm、易脓易溃易敛，可伴恶寒发热等全身症状。病因多为外感六淫邪毒、过食膏粱厚味、外伤染毒；病机为气血壅滞、热胜肉腐。辨证分热毒蕴结、热胜肉腐、正虚邪恋等型。,痈属阳证疮疡，辨证首分初起、成脓、溃后。初起宜清热解毒、和营消肿；成脓宜托毒透脓、必要时切开排脓；溃后宜益气养血。凡范围大、高热不退、脓出不畅或伴糖尿病者应及时就医。教材要点归纳，供参考；具体诊疗请遵医嘱。,3,AI预标注，待人工复核
q043,糖尿病口渴多饮，中医如何治疗？,case,dashanzhawan_001,《中国药典》一部/药品说明书（要点归纳）,消导/理气/中成药,大山楂丸·开胃消食,据现行版《中国药典》一部与药品说明书要点归纳：本品由山楂、六神曲（麸炒）、炒麦芽三味组成，具开胃消食之功，用于食积内停所致的食欲不振、消化不良、脘腹胀闷。用法用量按说明书口服。,大山楂丸为三味消导药组成的开胃消食常用中成药，用于食积肉积、食欲不振、脘腹胀闷。本品味酸甘，胃酸过多、胃溃疡及糖尿病患者（含糖蜜丸）慎用；服药期间宜清淡饮食。本条目为中成药，请按说明书或在医师指导下使用。,3,AI预标注，待人工复核
q043,糖尿病口渴多饮，中医如何治疗？,case,xueshengbai_001,湿热病篇,湿热病篇,薛生白·湿热郁蒸气分案,湿热证，始恶寒，后但热不寒，汗出，胸痞，舌白，口渴不引饮。薛氏谓此湿热之邪从表里分趋，阳明为表，太阴为里，湿蔽清阳则胸痞，热盛于里则口渴不引饮，治宜辛开芳化、淡渗利湿。,此案为薛生白辨湿热病提纲。辨湿热初起恶寒、继但热不寒、胸痞、舌白、口渴不引饮，指出湿热为阳明太阴同病，治以辛开芳化、淡渗利湿，开湿热病辨证论治专门法门。,0,AI预标注，待人工复核
q043,糖尿病口渴多饮，中医如何治疗？,case,shanghan_263,伤寒论,辨少阳病脉证并治,少阳病提纲（第263条）,少阳之为病，口苦、咽干、目眩也。,本条为少阳病提纲。少阳居半表半里，胆火内郁、三焦气机不利则口苦；热灼津液则咽干；胆火循经上扰空窍则目眩。凡见口苦、咽干、目眩三联，即为少阳病主证，法当和解，主小柴胡汤法。,0,AI预标注，待人工复核
q043,糖尿病口渴多饮，中医如何治疗？,case,lurong_001,中国药典（2025年版）一部,补虚药,鹿茸,据《中国药典》2025 年版一部：鹿茸为鹿科动物梅花鹿 Cervus nippon Temminck 或马鹿 Cervus elaphus Linnaeus 的雄鹿未骨化密生茸毛的幼角（药用部位：幼角）。性味甘、咸，温；归肾、肝经。功能与主治：壮肾阳，益精血，强筋骨，调冲任，托疮毒；用于肾阳不足，精血亏虚，阳痿滑精，宫…,**简明**：鹿茸甘咸温，壮肾阳、益精血、强筋骨、调冲任、托疮毒，为**峻补元阳精血**之品，主治肾阳虚衰阳痿宫冷、精血亏虚羸瘦、筋骨痿软及崩漏阴疽。**详解**：肾阳不足配熟地黄、山茱萸（右归丸）；气血两虚配人参、黄芪（十全大补汤）。**研末冲服（1～2g），宜从小量渐加**；阴虚阳亢、血热者禁用。,0,AI预标注，待人工复核
q043,糖尿病口渴多饮，中医如何治疗？,case,shanghan_209,伤寒论,辨阳明病脉证并治,阳明病（第209条）,阳明病，口燥，但欲漱水不欲咽者，此必衄。,本条论述阳明病之脉证。症见衄。当审其表里寒热、虚实传变而施治。,0,AI预标注，待人工复核
q043,糖尿病口渴多饮，中医如何治疗？,case,zhiweibing_001,《中医基础理论》规划教材（要点归纳）,治则治法,治未病·未病先防既病防变瘥后防复,治未病是中医学预防为主的治疗原则，包括未病先防、既病防变和瘥后防复三个层次。未病先防指平素调养正气、避其邪毒气；既病防变指早期诊治、阻断传变；瘥后防复指病后调摄、防止复发。,"治未病是中医""预防为主""思想的集中体现。它强调在疾病发生前主动调养，发病后早期截断，恢复期巩固防复。学习此原则应与养生、诊疗、康复各环节联系理解。",0,AI预标注，待人工复核
q043,糖尿病口渴多饮，中医如何治疗？,case,qiububen_001,《中医基础理论》规划教材（要点归纳）,治则治法,治病求本·探求疾病根本本质,"治病求本，指治疗疾病时必须探求疾病的根本本质，针对疾病本质进行治疗，是中医治则的核心。""本""指疾病的病因、病位、病性、病机。临床上应通过四诊合参、辨证求因，抓住本质施治，不可为表象所惑。",治病求本是中医治则的总纲，要求透过现象把握本质。它贯穿于正邪、标本、阴阳、气血等具体治则之中。临床见症复杂时，尤须辨明主次、抓准根本。本条为治则基础理论，不涉及具体诊疗。,0,AI预标注，待人工复核
q043,糖尿病口渴多饮，中医如何治疗？,case,tianhuafen_001,中国药典（2025年版）一部,清热药,天花粉,据《中国药典》2025 年版一部：天花粉为葫芦科植物栝楼 Trichosanthes kirilowii Maxim. 或双边栝楼 Trichosanthes rosthornii Harms 的干燥根（药用部位：根）。性味甘、微苦，微寒；归肺、胃经。功能与主治：清热泻火，生津止渴，消肿排脓；用于热病烦渴，肺热燥咳，内…,**简明**：天花粉甘微苦微寒，清热生津、消肿排脓，主治热病口渴、消渴、肺热燥咳及疮疡肿毒。**详解**：津伤口渴配芦根、麦冬；消渴配葛根、山药；疮疡初起配金银花、白芷、皂角刺（仙方活命饮）；肺热燥咳配沙参、麦冬。**反乌头类药**，孕妇禁用（本品含天花粉蛋白有中期引产作用）。,3,AI预标注，待人工复核
q043,糖尿病口渴多饮，中医如何治疗？,case,huoyin_001,中医诊断学,辨证,火淫证,火淫证为六淫辨证之一（火、热同类，热为火之渐、火为热之极）。据规划教材《中医诊断学》归纳：火淫证以壮热、面红目赤、口渴喜冷饮、烦躁或神昏谵语、吐衄发斑、痈肿疮疡、大便秘结、舌红绛、脉洪数或滑数为辨证要点。,火为阳邪，其性炎上，易耗气伤津、生风动血、易致疮痈。治宜清热泻火、凉血解毒。临证以壮热烦渴、面赤舌红、脉数为辨证眼目；火盛动血则见吐衄发斑，火极生风则见抽搐。须与内热（脏腑火热）、虚火（阴虚火旺）相区别——外感火证多属实热、新起，虚火多属阴虚、见潮热盗汗舌红少苔。,2,AI预标注，待人工复核
q043,糖尿病口渴多饮，中医如何治疗？,case,xingpiyangerkeli_001,《中国药典》一部/药品说明书（要点归纳）,止咳/外妇儿/中成药,醒脾养儿颗粒·醒脾开胃养血安神固肠止泻,据现行版《中国药典》一部与药品说明书要点归纳：本品由一点红、毛大丁草、山栀茶、蜘蛛香等组成，具醒脾开胃、养血安神、固肠止泻之功，用于脾气虚所致儿童厌食、腹泻便溏、烦躁盗汗、遗尿夜啼。用法用量按说明书，儿童用量按年龄酌减。,醒脾养儿颗粒为儿科醒脾开胃、固肠止泻类中成药，用于小儿脾气虚之厌食、便溏、盗汗夜啼。糖尿病患儿（含糖颗粒）及过敏体质者慎用；感冒发热期间不宜。服药期间宜清淡饮食、规律喂养；小儿长期厌食消瘦、腹泻脱水或反复呕吐者应及时就医。本条目为中成药，请按说明书或在医师指导下使用。,3,AI预标注，待人工复核
q043,糖尿病口渴多饮，中医如何治疗？,case,tanyin_001,中医内科学,气血津液病证,痰饮,"痰饮是指体内水液输布运化失常、停积于某些部位的一类病证。《金匮要略·痰饮咳嗽病脉证并治》立痰饮专篇，分痰饮、悬饮、溢饮、支饮四类，并提出""病痰饮者，当以温药和之""的治疗大法。《素问·经脉别论》：""饮入于胃，游溢精气，上输于脾，脾气散精……水精四布，五经并行。""教材以此为纲分证论治。",痰饮病位在肺、脾、肾三脏，基本病机为三焦气化不利、水液停聚。辨证首辨痰饮、悬饮、溢饮、支饮四者：饮停胃肠为痰饮，饮流胁下为悬饮，溢于肢体为溢饮，支撑胸肺为支饮。分证论治：痰饮脾阳虚弱治以温脾化饮，方用苓桂术甘汤合小半夏加茯苓汤；饮留胃肠治以攻下逐饮，方用甘遂半夏汤。悬饮邪犯胸肺治以和解宣利，方用柴枳半夏汤；饮停胸胁治以…,0,AI预标注，待人工复核
q043,糖尿病口渴多饮，中医如何治疗？,case,shengmaisun_001,《方剂学》规划教材（要点归纳）,补益剂,生脉散·益气生津敛阴止汗,"传统方歌：""生脉麦味与人参，保肺清心治暑淫，气少汗多兼口渴，病危脉绝急煎斟。""（《医学启源》方，据教材要点归纳：人参约五分、麦冬约五分、五味子七粒，水煎服。）",生脉散为益气生津、敛阴止汗之代表方，主治气阴两虚证，症见体倦气短、咽干口渴、汗多、舌干红、脉虚细；亦常用于暑热耗气伤阴及久咳伤肺、气阴两虚。外感表证未解、汗出属表虚者须辨证化裁。本方为要点归纳，供参考；具体用药请遵医嘱。,0,AI预标注，待人工复核
q043,糖尿病口渴多饮，中医如何治疗？,case,bianzhenglunzhi_001,《中医基础理论》规划教材（要点归纳）,治则治法,辨证论治·中医认识疾病治疗疾病的基本规范,辨证论治，是中医学认识疾病和治疗疾病的基本规范和过程。辨证，是通过四诊（望闻问切）收集资料，辨清疾病的原因、部位、性质和邪正关系，概括判断为某种性质的证；论治，是根据辨证结果确定相应的治疗原则和方法。辨证是论治的前提，论治是辨证的目的。,"辨证论治是中医诊疗的核心特色：通过四诊辨别""证""，再据证立法处方。它不同于辨病而治，而是以证为依据，故有同病异治、异病同治。学习时应把四诊、八纲辨证、脏腑辨证、六经辨证等与辨证论治这条主线联系起来，它贯穿整个中医临床体系。",0,AI预标注，待人工复核
q043,糖尿病口渴多饮，中医如何治疗？,case,dixingzhiyi_001,《中医基础理论》规划教材（要点归纳）,治则治法,因地制宜·根据不同地理环境制定治则,因地制宜，指根据不同地理环境的特点，来制定适宜的治疗原则。不同地域地势高下、气候寒温、生活习惯各异，人体生理与病变特点也随之不同，用药当有区别。如西北多寒燥宜温润，东南多湿热宜清化等。,"因地制宜是""三因制宜""之一，强调治疗要结合地域环境：地域气候、饮食习俗影响体质与发病，用药剂量、性味也应相应调整。它与因时、因人制宜共同体现中医的整体观与个体化治疗。学习时应三者并记。",0,AI预标注，待人工复核
q043,糖尿病口渴多饮，中医如何治疗？,case,feihan_feire_001,中医诊断学,辨证,风寒犯肺证与肺热炽盛证,肺病外感实证类。据规划教材《中医诊断学》归纳：风寒犯肺证以咳嗽、痰稀色白、鼻塞流清涕、恶寒发热、无汗、头身痛、苔薄白、脉浮紧为要点；肺热炽盛（含风热犯肺、热邪壅肺）以咳嗽、痰稠色黄、气喘息粗、甚则鼻翼煽动、壮热口渴、咽喉肿痛、便秘尿黄、舌红苔黄、脉滑数为要点。,风寒犯肺治宜疏风散寒、宣肺止咳；肺热炽盛治宜清热泻肺、化痰平喘。二者均以咳嗽为主症。鉴别眼目：风寒犯肺痰稀色白、兼表寒证（恶寒无汗、脉浮紧）；肺热炽盛痰稠色黄、兼里热证（壮热口渴、舌红苔黄脉数）。须与肺阴虚之久咳鉴别——前者新起属实、有表热或表寒证，后者久病属虚、见阴虚内热诸症。,2,AI预标注，待人工复核
q043,糖尿病口渴多饮，中医如何治疗？,case,qingfengneizhang_001,《中医眼科学》规划教材（要点归纳）,五官,青风内障·原发性开角型青光眼,青风内障指眼无明显不适或仅有轻度眼胀视物模糊、逐渐视野缩小、终致失明的内障眼病，相当于原发性开角型青光眼。多由痰湿内动、肝郁气滞、肝肾两亏或气血不足引起。治疗以控制眼压为主，配合辨证论治。,青风内障为慢性致盲性眼病，早期诊断与长期控制眼压是关键。中药辅助辨证，须眼科专科长期随访。眼胀头痛剧烈、视力骤降者须立即就医。教材要点归纳，供参考；具体诊疗请遵医嘱。,0,AI预标注，待人工复核
q043,糖尿病口渴多饮，中医如何治疗？,case,shanghan_329,伤寒论,辨厥阴病脉证并治,厥阴病渴欲饮水少少与之（第329条）,厥阴病，渴欲饮水者，少少与之，愈。,厥阴病见口渴欲饮者，为阳气来复、津液一时上承不足之象，非阳明大热可比。此时但当少少与饮，以滋津润燥，不可恣饮，以免水停致变，津复则渴止而病愈。,0,AI预标注，待人工复核
q043,糖尿病口渴多饮，中医如何治疗？,case,yinyangxueshuoyingyong_001,《中医基础理论》规划教材（要点归纳）,阴阳五行,阴阳学说在中医学的应用·组织结构生理病理诊断治疗,"阴阳学说贯穿于中医学理论体系各个方面：①组织结构，如背为阳、腹为阴，六腑为阳、五脏为阴；②生理，如人体机能的兴奋与抑制、物质与功能的协调；③病理，如阴阳偏胜偏衰、互损格拒；④诊断，如色泽、声息、脉象分阴阳；⑤治疗，总以""调整阴阳，以平为期""，确立寒者热之、热者寒之、阳病治阴、阴病治阳等原则。","阴阳学说是中医学分析问题的总纲，从解剖、生理、病理到诊断、治疗，都以阴阳归类、以调平为目标。诊断首辨阴阳，治疗核心是恢复阴阳协调平衡。理解这一点，才能把后续八纲辨证（阴阳为总纲）、寒热虚实等内容串起来。学习时应把""先别阴阳""""以平为期""作为贯穿全书的主线。",0,AI预标注，待人工复核
q043,糖尿病口渴多饮，中医如何治疗？,case,shuxie_001,《中医基础理论》规划教材（要点归纳）,病因病机,暑邪·暑为阳邪升散耗气伤津挟湿,"暑邪为六淫之一，独见于夏季，纯属外感，无内暑。致病特点：暑为阳邪，其性炎热，见高热、烦渴、面赤；暑性升散，耗气伤津，见多汗、口渴、乏力、尿赤；暑多挟湿，常见身重脘闷、纳呆便溏；暑扰心神，见卒然昏倒、不省人事之""中暑""。",暑邪独见于夏季，升散耗气伤津、多挟湿。临床见高热多汗、口渴乏力、身重脘闷甚则卒倒神昏者，多属暑邪为患。本条为病因基础理论，不涉及具体诊疗。,0,AI预标注，待人工复核
q043,糖尿病口渴多饮，中医如何治疗？,case,suwen_053,黄帝内经素问,刺志论篇五十三,刺志论篇五十三,黄帝问曰：愿闻虚实之要。 岐伯对曰：气实形实，气虚形虚，此其常也，反此者病。谷盛气盛，谷虚气虚，此其常也，反此者病。脉实血实，脉虚血虚，此其常也，反此者病。 帝曰：如何而反？ 岐伯曰：气盛身寒，此谓反也。气虚身热，此谓反也。（读注：此二句，各本多只有后一句。《甲乙经》二句并作：“气盛身寒，气虚身热。”明•马莳增补为二句…,本篇论虚实之常与反。气实形实、气虚形虚，谷盛气盛、谷虚气虚，脉实血实、脉虚血虚，此其常也，反此者病。所谓反者：气盛身寒、气虚身热，谷入多而气少、谷不入而气多，脉盛血少、脉少血多。并释其故：气盛身寒得之伤寒，气虚身热得之伤暑；谷多气少为脱血湿居下，谷少气多为邪在胃及肺；脉小血多为饮中热，脉大血少为脉有风气水浆不入。末言实…,0,AI预标注，待人工复核
q043,糖尿病口渴多饮，中医如何治疗？,case,xulingtai_002,洄溪医案,痰饮门,徐灵胎·悬饮攻逐案,某，胸胁胀满，咳唾引痛，水气上冲。灵胎辨为悬饮实证，水饮停聚胸胁，非攻逐不去，议用逐水之剂直捣巢穴，得下利而水去，中病即止。,此案辨悬饮水停胸胁为实证，主以攻逐水饮、中病即止。灵胎论饮分虚实，实证敢用峻逐，虚证又主温化，示人攻补须凭脉证，不可偏执一端。,0,AI预标注，待人工复核
q043,糖尿病口渴多饮，中医如何治疗？,case,gugujing_001,《中医骨伤科学》规划教材（要点归纳）,骨伤,股骨颈骨折·老年人常见易致股骨头缺血坏死,股骨颈骨折多见于老年人，多由跌倒扭转暴力引起。临床表现为髋部疼痛、不能站立行走、患肢缩短外旋畸形、大转子上移。因股骨头血供特殊，易致骨折不愈合与股骨头缺血坏死。治疗分手术内固定、人工关节置换与保守牵引，配合中药三期辨证。,股骨颈骨折为老年常见病、危重证，预后差，须由骨科专科处理。中药可辅助三期辨证。老年髋部骨折后长期卧床易并发肺炎、褥疮、深静脉血栓，须及时就医与康复。教材要点归纳，供参考；具体诊疗请遵医嘱。,0,AI预标注，待人工复核
q043,糖尿病口渴多饮，中医如何治疗？,case,raoguyuan_001,《中医骨伤科学》规划教材（要点归纳）,骨伤,桡骨远端骨折·Colles 骨折等腕部损伤,"桡骨远端骨折指距桡骨远端关节面 3cm 以内的骨折，以 Colles 骨折（伸直型）最常见，多由跌倒手掌着地引起。典型畸形为侧面""银叉""畸形、正面""枪刺""畸形。治疗以手法复位、小夹板或石膏外固定为主，配合中药三期辨证。",桡骨远端骨折为常见腕部损伤，复位固定后须早期功能锻炼。老年患者易合并骨质疏松。凡复位不佳、累及关节面者须就医。教材要点归纳，供参考；具体诊疗请遵医嘱。,0,AI预标注，待人工复核
q043,糖尿病口渴多饮，中医如何治疗？,case,huoxie_001,《中医基础理论》规划教材（要点归纳）,病因病机,火邪·火为阳邪炎上耗气伤津生风动血,火邪为六淫之一，又称热邪，温热之极则为火。致病特点：火为阳邪，其性炎上，多见高热、面赤、心烦；火易耗气伤津，见口渴、汗多、乏力；火易生风动血，见抽搐、出血；火易扰心神，见狂躁、神昏谵语；火易致肿疡，见痈肿疮疖。,火（热）邪炎上、耗气伤津、生风动血、扰神致疮。临床见高热面赤、口渴汗多、出血抽搐、神昏狂躁、痈肿疮疖者，多属火邪为患。本条为病因基础理论，不涉及具体诊疗。,0,AI预标注，待人工复核
q043,糖尿病口渴多饮，中医如何治疗？,case,suogugu_001,《中医骨伤科学》规划教材（要点归纳）,骨伤,锁骨骨折,"锁骨骨折多由肩部外侧或跌倒手撑地传导暴力引起，常见于青少年与儿童。临床表现为锁骨部肿胀疼痛、肩部下垂向前内倾斜、患侧手托肘，局部可触及移位骨端。治疗以手法复位、""∞""字绷带或三角巾固定为主，配合中药三期辨证。",锁骨骨折儿童多为青枝骨折，预后较好。固定期间注意腋窝处皮肤护理与上肢血液循环。移位明显、合并血管神经压迫者须就医。教材要点归纳，供参考；具体诊疗请遵医嘱。,0,AI预标注，待人工复核
q043,糖尿病口渴多饮，中医如何治疗？,case,wuxingxueshuoyingyong_001,《中医基础理论》规划教材（要点归纳）,阴阳五行,五行学说在中医学的应用·生理病理诊断治疗,"五行学说在中医学的应用主要有：①生理，以五行配属五脏，说明脏腑间生克制化的协调关系；②病理，以相乘相侮、母子相及说明脏腑病变的传变规律；③诊断，以色、味、脉等五行归类推断病属何脏；④治疗，据生克规律确定治则治法，如滋水涵木、培土生金、益火补土、佐金平木、泻南补北，以及""虚则补其母、实则泻其子""。",五行学说在中医中是解释脏腑关系与指导治则的推演工具：生理上看生克制化，病理上看乘侮与母子相及，诊断上据色味脉归类定脏，治疗上据生克确立治法。它与阴阳学说互为补充，共同构成中医的方法论基础。学习时应把五行生克乘侮、母子相及与具体治方（滋水涵木、培土生金等）对应起来理解。,0,AI预标注，待人工复核
q043,糖尿病口渴多饮，中医如何治疗？,case,liujing_001,中医诊断学,辨证,六经辨证概要,《伤寒论》六经提纲：太阳之为病，脉浮，头项强痛而恶寒；阳明之为病，胃家实是也；少阳之为病，口苦、咽干、目眩也；太阴之为病，腹满而吐，食不下，自利益甚，时腹自痛；少阴之为病，脉微细，但欲寐也；厥阴之为病，消渴，气上撞心，心中疼热，饥而不欲食，食则吐蛔。据规划教材《中医诊断学》归纳：太阳病分中风（发热汗出脉浮缓）、伤寒（恶…,六经辨证为《伤寒论》辨外感病之纲领，以太阳、阳明、少阳为三阳（表、热、实），以太阴、少阴、厥阴为三阴（里、寒、虚）。传变少循太阳→阳明→少阳→太阴→少阴→厥阴，亦有直中、合病、并病。临证以各经提纲证为辨证眼目：三阳证多属实热，治宜祛邪；三阴证多属虚寒，治宜扶正。其意义在辨别外感病之阶段层次与邪正盛衰，与脏腑经络辨证相表…,3,AI预标注，待人工复核
q043,糖尿病口渴多饮，中医如何治疗？,case,jizhegu_001,《中医骨伤科学》规划教材（要点归纳）,骨伤,脊柱骨折,脊柱骨折多由间接暴力（高处坠落、重物砸压）引起，以胸腰椎压缩骨折最常见。临床表现为脊柱局部疼痛、活动受限、棘突后突畸形，严重者合并脊髓损伤，出现截瘫、大小便障碍。治疗须先稳定脊柱、明确神经损伤，再考虑复位、固定与手术，配合中药三期辨证。,脊柱骨折为骨伤重证，疑诊者须立即制动、平卧硬板搬运，不可随意搬动。合并截瘫、大小便障碍者须立即就医。教材要点归纳，供参考；具体诊疗请遵医嘱。,0,AI预标注，待人工复核
q043,糖尿病口渴多饮，中医如何治疗？,case,xinhuo_tanxin_001,中医诊断学,辨证,心火亢盛证与痰蒙心窍证,心病实证类。据规划教材《中医诊断学》归纳：心火亢盛证以心烦失眠、面赤口渴、口舌生疮赤烂、吐血衄血、便秘尿黄、舌红绛、脉数为要点；痰蒙心窍（痰迷心窍）证以神志痴呆、意识模糊或精神抑郁、喃喃自语，甚则昏不知人、喉中痰鸣、苔白腻、脉滑为要点；痰火扰神则在痰浊基础上兼见狂躁妄动、不避亲疏、舌红苔黄腻、脉滑数。,心火亢盛治宜清心泻火；痰蒙心窍治宜涤痰开窍；痰火扰神治宜清心豁痰开窍。心火亢盛以心烦、面赤、口舌生疮、舌红脉数为眼目，属实热；痰蒙心窍以神志异常加苔腻脉滑为眼目，属痰浊；痰火扰神则兼狂躁、苔黄腻。须辨痰之寒热——白腻属痰浊（寒），黄腻属痰火（热）。,0,AI预标注，待人工复核
q043,糖尿病口渴多饮，中医如何治疗？,case,jingfeng_001,《中医儿科学》规划教材（要点归纳）,儿科,惊风·小儿抽搐伴神昏分急慢,惊风是小儿时期常见的急重病证，以抽搐、神昏为主要特征。急惊风起病急暴、属阳属实；慢惊风病势缓慢、属阴属虚。急惊风多由热、痰、惊、风四证引发；慢惊风多由脾胃亏虚或脾肾阴虚、肝木失濡所致。治疗以清热、豁痰、镇惊、熄风为基本法则。,惊风为儿科危重证，急惊风须紧急止痉、退热、通闭；慢惊风须治本补虚。凡抽搐持续、神昏、高热不退、项强者须立即就医。教材要点归纳，供参考；具体诊疗请遵医嘱。,2,AI预标注，待人工复核
q043,糖尿病口渴多饮，中医如何治疗？,case,snb_renshen_001,神农本草经,上经,人参,人参，味甘，微寒。主补五脏，安精神，定魂魄，止惊悸，除邪气，明目，开心益智。久服，轻身延年。一名人衔，一名鬼盖。生山谷。,人参大补元气、补脾益肺、生津安神，主治气虚欲脱、脾肺气虚、津伤口渴及心神不安。本经载其“味甘微寒”，后世临床多从微温论之，为补气第一要药。,0,AI预标注，待人工复核
q043,糖尿病口渴多饮，中医如何治疗？,case,yinchenhaotang_001,金匮要略,黄疸病脉证并治第十五,茵陈蒿汤方,（论二首 脉证十四条 方七首） 寸口脉浮而缓，浮则为风，缓则为痹。痹非中风，四肢苦烦，脾色必黄，瘀热以行。 趺阳脉紧而数，数则为热，热则消谷，紧则为寒，食即为满。尺脉浮为伤肾，趺阳脉紧为伤脾。风寒相搏，食谷即眩，谷气不消，胃中苦浊，浊气下流，小便不通，阴被其寒，热流膀胱，身体尽黄，名曰谷疸。 额上黑，微汗出，手足中热，…,茵陈蒿汤为治疗湿热黄疸（阳黄）之代表方，主治一身面目俱黄、黄色鲜明、小便不利、腹微满、口渴、苔黄腻。茵陈清热利湿退黄为君，栀子清利三焦湿热，大黄通腑泻热，使湿热从二便而去。,2,AI预标注，待人工复核
q043,糖尿病口渴多饮，中医如何治疗？,case,sanyinsanyizhi_001,《中医基础理论》规划教材（要点归纳）,治则治法,三因制宜·因时因地因人制宜,三因制宜，指治疗疾病时根据季节、地域、患者个体不同而制定适宜治法。因时制宜，根据季节气候特点制定治法，如夏慎用温热、冬慎用寒凉；因地制宜，根据地域环境差异制定治法；因人制宜，根据年龄、性别、体质不同制定治法。,三因制宜体现了中医整体观念与个体化治疗思想，要求把疾病放到时间、地域、个体具体背景中考察。本条为治则基础理论，不涉及具体诊疗。,0,AI预标注，待人工复核
q043,糖尿病口渴多饮，中医如何治疗？,case,zaoxie_001,《中医基础理论》规划教材（要点归纳）,病因病机,燥邪·燥性干涩易伤津液伤肺,燥邪为六淫之一，其性干涩，多犯肺脏。致病特点：燥性干涩，易伤津液，见口鼻干燥、咽干口渴、皮肤干涩、毛发不荣；燥易伤肺，肺为娇脏喜润恶燥，见干咳少痰、痰黏难咯、喘息胸痛。初秋尚热多温燥，深秋近寒多凉燥。,燥邪干涩伤津、易伤肺脏，分温燥、凉燥。临床见口鼻干燥、咽干口渴、干咳少痰、皮肤干涩者，多属燥邪为患。本条为病因基础理论，不涉及具体诊疗。,0,AI预标注，待人工复核
q043,糖尿病口渴多饮，中医如何治疗？,case,xiaoerxixie_001,《中医儿科学》规划教材（要点归纳）,儿科,小儿泄泻·大便次数增多粪质稀溏,"小儿泄泻是以大便次数增多、粪质稀溏或如水样为主症的脾胃病证。小儿""脾常不足""，易为外感、伤食、正虚所伤。辨证分湿热、风寒、伤食、脾虚、脾肾阳虚等型。",小儿泄泻治疗以运脾化湿为原则。湿热泻清肠解热，风寒泻疏风散寒，伤食泻消食化滞，虚泻健脾温肾。泻下如水样、尿少口渴、皮肤干燥、精神萎靡者须防脱水，及时就医。教材要点归纳，供参考；具体诊疗请遵医嘱。,0,AI预标注，待人工复核
q043,糖尿病口渴多饮，中医如何治疗？,case,youzaijing_002,静香楼医案,痰饮门,尤在泾·痰饮咳喘温化案,某，咳嗽气喘，痰多清稀，背寒，苔白滑。在泾辨为脾阳不运、寒饮伏肺，痰从寒化，治宜温阳化饮、降气平喘，宗仲景痰饮治法，药取干姜、细辛、五味子、茯苓之类。,"此案辨咳喘痰多清稀、背寒苔白滑属脾阳不运、寒饮伏肺，主以温阳化饮、降气平喘，宗仲景""病痰饮者当以温药和之""之旨，示人寒饮咳喘当温化而非清润。",0,AI预标注，待人工复核
q043,糖尿病口渴多饮，中医如何治疗？,case,yunzhi_001,中国药典（2025年版）一部,安神药,云芝,据《中国药典》2025 年版一部：云芝为多孔菌科真菌彩绒革盖菌 Coriolus versicolor (L. ex Fr.) Quel 的干燥子实体（药用部位：子实体）。性味甘，平；归肝、脾经。功能与主治：健脾利湿，清热解毒；用于湿热黄疸，胁痛，纳差，倦怠乏力。用法与用量：9～27g。贮藏：置干燥处。,**简明**：云芝甘平，健脾利湿而清热解毒，现代多用于肝炎辅助治疗与肿瘤免疫调节。。**详解**：湿热黄疸配茵陈、栀子；胁痛配柴胡、郁金；食少乏力配黄芪、白术。,2,AI预标注，待人工复核
q043,糖尿病口渴多饮，中医如何治疗？,case,qingguo_001,中国药典（2025年版）一部,清热药,青果,据《中国药典》2025 年版一部：青果为橄榄科植物橄榄 Canarium album (Lour.) Raeusch. 的干燥成熟果实（药用部位：成熟果实）。性味甘、酸，平；归肺、胃经。功能与主治：清热解毒，利咽生津；用于咽喉肿痛，咳嗽痰咳，烦热口渴。用法与用量：5～10g。贮藏：置干燥处，防蛀。,**简明**：青果甘酸平，清热解毒而利咽生津，为治咽喉肿痛、口干烦渴的平和常用药。。**详解**：咽喉肿痛、声音嘶哑配玄参、桔梗、麦冬（可含服）；咳嗽痰黏配浙贝母、瓜蒌；烦热口渴配芦根、天花粉；解鱼蟹毒、酒毒可单用嚼食或煎汤。性质平和，可日常代茶饮。,2,AI预标注，待人工复核
q043,糖尿病口渴多饮，中医如何治疗？,case,jingluoyingyong_001,《中医基础理论》规划教材（要点归纳）,经络,经络临床应用·阐释病理指导诊断指导治疗,经络学说在临床上应用主要有三方面：①阐释病理，外邪由表入里、脏腑病变相互传变，多以经络为途径；②指导诊断，根据症状出现部位判为何经病变（分经辨证、循经诊断）；③指导治疗，针灸循经取穴、药物归经引经报使，以及按摩、拔罐等均以经络为据。,"经络学说的临床价值在于：它既解释病邪如何传变（由皮毛、经络到脏腑），也指导医生""按部位辨何经""，再循经取穴或用引经药。如前额痛多属阳明经、偏头痛多属少阳经，即分经辨证。学习时应把经络循行路线与常见分经辨证、归经用药对应起来记。",0,AI预标注，待人工复核
q043,糖尿病口渴多饮，中医如何治疗？,case,jingui_007,金匮要略,肺痿肺痈咳嗽上气病脉证治第七,肺痿肺痈咳嗽上气病脉证治第七,（论三首 脉证四条 方十六首） 问曰：热在上焦者，因咳为肺痿。肺痿之病何从得之？师曰：或从汗出，或从呕吐，或从消渴，小便利数，或从便难，又被快药下利，重亡津液，故得之。曰：寸口脉数，其人咳，口中反有浊唾诞沫者何？师曰：为肺痿之病。若口中辟辟燥，咳即胸中隐隐痛，脉反滑数，此为肺痈，咳唾脓血。脉数虚者为肺痿，数实者为肺痈。…,本篇论肺痿、肺痈、咳嗽上气。肺痿因重亡津液、多涎沫不咳；肺痈咳唾脓血、脉数实；咳嗽上气分寒饮（射干麻黄汤）、痰浊（皂荚丸）、水饮（泽漆汤）等型；附《外台》《千金》苇茎汤等。,3,AI预标注，待人工复核
q043,糖尿病口渴多饮，中医如何治疗？,case,snb_tingli_001,神农本草经,下经,葶苈,葶苈，味辛，寒。主癥瘕积聚结气，饮食寒热，破坚逐邪，通利水道。生平泽。,葶苈子辛苦大寒，泻肺平喘、行水消肿，专泻肺中水饮痰火，主治痰涎壅肺、喘咳痰多、水肿悬饮、胸腹积水、小便不利。性峻泻，肺虚喘咳、脾虚肿满者慎服，不宜久服。,0,AI预标注，待人工复核
q043,糖尿病口渴多饮，中医如何治疗？,case,yinshizhiyi_001,《中医基础理论》规划教材（要点归纳）,治则治法,因时制宜·根据不同时令气候特点制定治则,因时制宜，指根据不同时令、气候的特点，来制定适宜的治疗原则。一年四季气候有春温、夏热、长夏湿、秋燥、冬寒的变化，人体生理活动随之相应。治疗用药应顺应时令，如春夏慎用辛温发散、秋冬慎用苦寒攻伐等。,"因时制宜是""三因制宜""之一，强调治疗要顺应时令气候：天热时慎用热药、天冷时慎用寒药，并结合季节特点用药。它与因地制宜、因人制宜合称""三因制宜""，是中医整体观在治疗上的体现。学习时应三者并记。",0,AI预标注，待人工复核
q043,糖尿病口渴多饮，中医如何治疗？,case,snb_gualougen_001,神农本草经,中经,栝楼根,栝楼根，味，寒。主消渴，身热烦满，大热，补虚安中，续绝伤。,栝楼根即天花粉，甘微苦寒，清热生津、消肿排脓，主治热病津伤口渴、肺热燥咳及痈肿疮疡。本经主消渴、身热烦满、续绝伤，取其清热生津、消肿续伤之功。,3,AI预标注，待人工复核
q043,糖尿病口渴多饮，中医如何治疗？,case,zhasai_001,《中医儿科学》规划教材（要点归纳）,儿科,痄腮·小儿腮腺肿痛性传染病,痄腮是由风温时毒引起的急性传染病，以发热、耳下腮部漫肿疼痛、皮色不红、压之隐痛为特征。相当于西医流行性腮腺炎。辨证常见邪犯少阳、热毒壅盛，变证可见邪陷心肝、毒窜睾腹。治法以疏风清热、清热解毒散结为主。,痄腮即流行性腮腺炎，须隔离至腮肿消退。中医邪犯少阳用柴胡葛根汤，热毒壅盛用普济消毒饮。注意变证：高热神昏抽搐（邪陷心肝）或睾丸肿痛（毒窜睾腹）须立即送医。本条目为教材要点归纳，供参考；具体诊疗请遵医嘱。,2,AI预标注，待人工复核
q043,糖尿病口渴多饮，中医如何治疗？,case,snb_zhimu_001,神农本草经,中经,知母,知母，味，寒。主消渴热中，除邪气，肢体浮肿，下水，补不足，益气。,知母苦甘寒，清热泻火、滋阴润燥，上清肺金、下润肾燥，主治热病烦渴、肺热燥咳、骨蒸潮热及内热消渴。本经主消渴热中、补不足，即清热滋阴之义。,3,AI预标注，待人工复核
q043,糖尿病口渴多饮，中医如何治疗？,case,wulingsan_001,伤寒论,辨太阳病脉证并治中,五苓散方,太阳病，发汗后，大汗出，胃中干，烦躁不得眠，欲得饮水者，少少与饮之，令胃气和则愈。若脉浮，小便不利，微热消渴者，与五苓散主之。 五苓散方 猪苓十八铢（去皮，味甘平） 泽泻一两六铢半（味酸咸） 茯苓十八铢（味甘平） 桂半两（去皮，味辛热） 白术十八铢（味甘平）右五味为末，以白饮和，服方寸匕日三服，多饮暖水，汗出愈。,五苓散为利水渗湿、温阳化气之代表方，主治太阳蓄水证之小便不利、微热消渴、水入即吐。泽泻、猪苓、茯苓利水渗湿，白术健脾运湿，桂枝通阳化气兼解表邪。散剂以白饮和服，多饮暖水取微汗。,3,AI预标注，待人工复核
q043,糖尿病口渴多饮，中医如何治疗？,case,snb_shuiping_001,神农本草经,下经,水萍,水萍，味辛，寒。主暴热，身痒，下水气，胜酒，长须发，止消渴。生池泽。,水萍即今之浮萍，辛寒，发汗解表、透疹止痒、利水消肿，主治外感风热发热无汗、麻疹不透、风疹瘙痒及水肿尿少。其发汗之力较强，自汗、体虚及皮肤干燥者慎用，不宜久服过量。,3,AI预标注，待人工复核
q043,糖尿病口渴多饮，中医如何治疗？,case,shanghan_326,伤寒论,辨厥阴病脉证并治,厥阴病提纲（第326条）,厥阴之为病，消渴，气上撞心，心中疼热，饥而不欲食，食则吐蛔，下之利不止。,本条为厥阴病提纲。厥阴为阴尽阳生之经，病则阴阳胜复、上热下寒。上热则消渴、气上撞心、心中疼热；下寒则饥不欲食、食则吐蛔。若误下，则脾肾阳衰而下利不止。凡见此等寒热错杂之证，即属厥阴病范畴。,3,AI预标注，待人工复核
q043,糖尿病口渴多饮，中医如何治疗？,case,yipingweiqi_001,《中医基础理论》规划教材（要点归纳）,治则治法,以平为期·治疗以恢复阴阳相对平衡为度,"""以平为期""，指治疗的最终目标是调整机体阴阳的偏盛偏衰，使之恢复相对平衡协调的状态。它强调治疗不是一味攻邪或补益，而是以恢复""中和""为度，中病即止，不可过剂伤正。","""以平为期""是中医治疗的总目标：把失调的阴阳调回平衡即止，不可过度攻伐。它与""中病即止""""大毒治病十去其六""等原则一致，体现中医以恢复机体自稳、而非对抗病灶为目标的思路。学习时应与调整阴阳、治则总纲联系理解。",0,AI预标注，待人工复核
q043,糖尿病口渴多饮，中医如何治疗？,case,snb_gouqizi_001,神农本草经,上经,枸杞子,枸杞，味甘，寒。主五内邪气，热中消渴，周痹。久服，坚筋骨，轻身不老。一名杞根，一名地骨，一名枸忌，一名地辅。生川泽。,本经枸杞兼指根实，后世枸杞子甘平，滋补肝肾、益精明目，主治肝肾阴虚、腰膝酸软、头晕目眩、视力减退。,3,AI预标注，待人工复核
q043,糖尿病口渴多饮，中医如何治疗？,case,jueyinjingzheng_001,《中医诊断学》规划教材（要点归纳）,辨证,厥阴经证·寒热错杂消渴气上撞心,厥阴经证是六经病传变的最后阶段，多呈寒热错杂、上热下寒之候。以消渴、气上撞心、心中疼热、饥而不欲食、四肢厥冷为辨证要点。病机为阴阳对峙、寒热交错、厥热胜复。,厥阴经证以寒热错杂、上热下寒为特征，治宜清上温下，代表方乌梅丸。与少阴寒化、阳明里热鉴别：寒热交错、消渴与厥冷并见。此为教材要点归纳，供参考；具体诊疗请遵医嘱，不引导自我诊断。,3,AI预标注，待人工复核
q043,糖尿病口渴多饮，中医如何治疗？,case,duiduan_001,针灸学,督脉,兑端,出《针灸甲乙经》。,兑端为督脉穴。在面部，上唇结节之尖端。主治唇吻强急、口㖞、齿龈痛、鼻渊、癫狂、晕厥、消渴。刺法：向上斜刺0.2～0.3寸；不灸。,3,AI预标注，待人工复核
q043,糖尿病口渴多饮，中医如何治疗？,case,guanyuanshu_001,针灸学,足太阳膀胱经,关元俞,出《太平圣惠方》。,关元俞为足太阳膀胱经穴，与任脉关元穴相应，为元阳之气输注于背部之处。定位在脊柱区，第5腰椎棘突下，后正中线旁开1.5寸。主治腹胀、泄泻等肠腑病证，小便不利、遗尿、消渴等泌尿病证，以及腰痛。刺法：直刺0.8～1.2寸；可灸。,3,AI预标注，待人工复核
q043,糖尿病口渴多饮，中医如何治疗？,case,liuweidihuangwan_002,《中国药典》一部/药品说明书（要点归纳）,补益剂/中成药,六味地黄丸·滋阴补肾,据现行版《中国药典》一部与药品说明书要点归纳：本品由熟地黄、山茱萸、山药、泽泻、牡丹皮、茯苓组成，具滋阴补肾之功，用于肾阴亏损，症见头晕耳鸣、腰膝酸软、骨蒸潮热、盗汗遗精、消渴。用法用量按说明书。,六味地黄丸为滋阴补肾基础中成药，用于肾阴亏虚之腰酸耳鸣潮热盗汗。脾虚便溏者慎用；感冒发热期间不宜服用。本条目为中成药，请按说明书或在医师指导下使用。,3,AI预标注，待人工复核
q043,糖尿病口渴多饮，中医如何治疗？,case,shenshu_001,针灸学,足太阳膀胱经,肾俞,出《针灸甲乙经》。《灵枢·背腧》：十四焦之间，肾腧当其处。,肾俞为肾之背俞穴，为肾气输注于背部的腧穴。定位在脊柱区，第2腰椎棘突下，后正中线旁开1.5寸。主治头晕、耳鸣、耳聋等肾精不足证，腰膝酸痛，遗精、阳痿、不育等生殖泌尿病证，月经不调、带下等妇科病，以及水肿、小便不利。刺法：直刺0.5～1寸；可灸。,0,AI预标注，待人工复核
q043,糖尿病口渴多饮，中医如何治疗？,case,shanghan_071,伤寒论,辨太阳病脉证并治中,五苓散证（第71条）,太阳病，发汗后，大汗出，胃中干，烦躁不得眠，欲得饮水者，少少与饮之，令胃气和则愈。若脉浮，小便不利，微热消渴者，与五苓散主之。 五苓散方 猪苓十八铢（去皮，味甘平） 泽泻一两六铢半（味酸咸） 茯苓十八铢（味甘平） 桂半两（去皮，味辛热） 白术十八铢（味甘平）右五味为末，以白饮和，服方寸匕日三服，多饮暖水，汗出愈。,本条论太阳蓄水证。发汗后大汗出、胃中干、烦躁不得眠、欲得饮水者，少少与之令胃和则愈。若脉浮、小便不利、微热消渴者，与五苓散主之，化气利水。,3,AI预标注，待人工复核
q043,糖尿病口渴多饮，中医如何治疗？,case,yangchi_001,针灸学,手少阳三焦经,阳池,《灵枢·本输》：过于阳池，阳池，在腕上陷者之中也，为原。,阳池为手少阳三焦经原穴，定位在腕后区，腕背横纹中，指总伸肌腱尺侧缘凹陷中。主治目赤肿痛、耳聋、咽喉肿痛、腕臂痛，以及消渴、疟疾。刺法：直刺0.3～0.5寸；可灸。,3,AI预标注，待人工复核
q043,糖尿病口渴多饮，中医如何治疗？,case,fengjiao_001,中国药典（2025年版）一部,补虚药,蜂胶,据《中国药典》2025 年版一部：蜂胶为蜜蜂科昆虫意大利蜂 Apis mellifera Linnaeus 工蜂采集的植物树脂与其上颚腺、蜡腺分泌物混合形成的固体胶状物（药用部位：加工品）。性味苦、辛，平；归脾、胃经。功能与主治：补虚弱，化浊脂，止消渴；外用解毒消肿，收敛生肌；用于体虚早衰，高脂血症，消渴；外治皮肤皲裂…,**简明**：蜂胶苦辛平，补虚弱而化浊脂、止消渴，现代多用于高脂血症与体虚调理。。**详解**：体虚早衰配黄芪、枸杞子；高脂血症配山楂、决明子；消渴配葛根、天花粉；外用治皲裂烫伤。**过敏体质者慎用**。,3,AI预标注，待人工复核
q043,糖尿病口渴多饮，中医如何治疗？,case,yanggang_001,针灸学,足太阳膀胱经,阳纲,出《针灸甲乙经》。,阳纲定位在脊柱区，第10胸椎棘突下，后正中线旁开3寸，与胆俞平列，属足太阳膀胱经。长于疏利肝胆、清利湿热，主治肠鸣、腹痛、泄泻、黄疸及消渴。刺法：斜刺0.5～0.8寸。,3,AI预标注，待人工复核
q043,糖尿病口渴多饮，中医如何治疗？,case,zhimu_001,中国药典（2025年版）一部,清热药,知母,据《中国药典》2025 年版一部：知母为百合科植物知母 Anemarrhena asphodeloides Bge. 的干燥根茎（药用部位：根茎）。性味苦、甘，寒；归肺、胃、肾经。功能与主治：清热泻火，滋阴润燥；用于外感热病，高热烦渴，肺热燥咳，骨蒸潮热，内热消渴，肠燥便秘。用法与用量：6～12g。贮藏：置通风干燥处，…,**简明**：知母苦甘寒，清热泻火、滋阴润燥，上清肺热、中清胃火、下滋肾阴，主治高热烦渴、肺热燥咳、骨蒸潮热。**详解**：气分热盛配石膏（白虎汤）；阴虚火旺配黄柏、熟地黄（知柏地黄丸）；肺热燥咳配贝母、麦冬；消渴配天花粉、葛根。盐知母偏入肾经滋阴降火；脾虚便溏者不宜。,3,AI预标注，待人工复核
q043,糖尿病口渴多饮，中医如何治疗？,case,xiuchouqi_001,《中医诊断学》规划教材（要点归纳）,四诊,嗅气味·病室口气分泌物排泄物气味辨寒热,嗅气味是凭嗅觉嗅辨患者口气、体气及分泌物、排泄物、病室气味变化以辨别寒热虚实的诊法。一般气味酸腐臭秽者多属实热；无臭或微有腥气者多属虚寒。口气酸臭多属胃热或龋齿；病室有血腥气多为失血，有烂苹果味多属消渴重证，有尿臊味多属水肿晚期。,嗅气味以气味清浊、臭秽辨寒热：酸腐臭秽多实热，清腥无臭多虚寒；病室特殊气味提示危重证（失血、消渴、水肿晚期）。此为教材要点归纳，供参考；具体诊疗请遵医嘱，不引导自我诊断。,3,AI预标注，待人工复核
q043,糖尿病口渴多饮，中医如何治疗？,case,digupi_001,中国药典（2025年版）一部,清热药,地骨皮,据《中国药典》2025 年版一部：地骨皮为茄科植物枸杞 Lycium chinense Mill. 或宁夏枸杞 Lycium barbarum L. 的干燥根皮（药用部位：根皮）。性味甘，寒；归肺、肝、肾经。功能与主治：凉血除蒸，清肺降火；用于阴虚潮热，骨蒸盗汗，肺热咳嗽，咯血，衄血，内热消渴。用法与用量：9～15g。…,**简明**：地骨皮甘寒，凉血除蒸、清肺降火，善退**有汗骨蒸**（与牡丹皮无汗骨蒸相对），治肺热咳嗽、血热出血及消渴。**详解**：阴虚骨蒸盗汗配银柴胡、青蒿（清骨散）；肺热咳嗽配桑白皮、甘草（泻白散）；血热吐衄配白茅根、侧柏叶；消渴配天花粉、生地黄。外感风寒发热及脾虚便溏者不宜。,3,AI预标注，待人工复核
q043,糖尿病口渴多饮，中医如何治疗？,case,jingui_013,金匮要略,消渴小便不利淋病脉证并治第十三,消渴小便不利淋病脉证并治第十三,（脉证九条 方六首） 厥阴之为病，消渴，气上冲心，心中疼热，饥而不欲食，食即吐，下之不肯止。 寸口脉浮而迟，浮即为虚，迟即为劳；虚则卫气不足，劳则荣气竭。 趺阳脉浮而数，浮即为气，数即为消谷而大坚（一作紧）。气盛则溲数，溲数即坚，坚数相搏，即为消渴。 男子消渴，小便反多，以饮一斗，小便一斗，肾气丸主之（方见脚气中）。 …,本篇论消渴、小便不利、淋病。消渴有厥阴气上冲心及男子饮一溲一（肾气丸）两型；淋病以小便如粟状、小腹弦急为主；小便不利分水气（五苓散、栝蒌瞿麦丸）、湿热（蒲灰散、猪苓汤）等型。,3,AI预标注，待人工复核
q043,糖尿病口渴多饮，中医如何治疗？,case,xiaoke_001,中医内科学,气血津液病证,消渴,"消渴是以多饮、多食、多尿、形体消瘦，或尿有甜味为主要临床表现的病证。《素问·奇病论》：""此肥美之所发也，此人必数食甘美而多肥也，肥者令人内热，甘者令人中满，故其气上溢，转为消渴。""《金匮要略·消渴小便利淋病脉证并治》立消渴专篇，出肾气丸、白虎加人参汤等方。教材分上、中、下三消论治。",消渴病位在肺、胃、肾，尤以肾为关键，基本病机为阴津亏损、燥热偏盛，以阴虚为本、燥热为标。辨证首辨上、中、下三消：上消以多饮为主，属肺燥；中消以多食为主，属胃热；下消以多尿为主，属肾虚。分证论治：上消肺热津伤治以清热润肺、生津止渴，方用消渴方；中消胃热炽盛治以清胃泻火、养阴增液，方用玉女煎；气阴亏虚治以益气健脾、生津止渴…,3,AI预标注，待人工复核
q043,糖尿病口渴多饮，中医如何治疗？,case,shanzhuyu_001,中国药典（2025年版）一部,收涩药,山茱萸,据《中国药典》2025 年版一部：山茱萸为山茱萸科植物山茱萸 Cornus officinalis Sieb. et Zucc. 的干燥成熟果肉（药用部位：成熟果肉）。性味酸、涩，微温；归肝、肾经。功能与主治：补益肝肾，收涩固脱；用于眩晕耳鸣，腰膝酸痛，阳痿遗精，遗尿尿频，崩漏带下，大汗虚脱，内热消渴。用法与用量：6～…,**简明**：山茱萸酸涩微温，补益肝肾、收涩固脱（**补敛并施，救脱要药**），主治肝肾亏虚之眩晕耳鸣、腰膝酸痛、阳痿遗精、尿频及大汗亡阳虚脱。**详解**：肝肾阴虚配熟地黄、山药（六味地黄丸）；大汗虚脱配人参、附子（来复汤）；崩漏配黄芪、白术（固冲汤）。**急救固脱可重用至 20～30g**；素有湿热、小便淋涩者慎用…,3,AI预标注，待人工复核
q043,糖尿病口渴多饮，中医如何治疗？,case,gouqizi_001,中国药典（2025年版）一部,补虚药,枸杞子,据《中国药典》2025 年版一部：枸杞子为茄科植物宁夏枸杞 Lycium barbarum L. 的干燥成熟果实（药用部位：成熟果实）。性味甘，平；归肝、肾经。功能与主治：滋补肝肾，益精明目；用于虚劳精亏，腰膝酸痛，眩晕耳鸣，阳痿遗精，内热消渴，血虚萎黄，目昏不明。用法与用量：6～12g。贮藏：置阴凉干燥处，防闷热，防…,**简明**：枸杞子甘平，滋补肝肾、益精明目（**平补肝肾阴阳**），主治肝肾阴虚之腰膝酸痛、眩晕耳鸣、阳痿遗精、消渴及目昏不明。**详解**：肝肾阴虚眩晕目暗配菊花、熟地黄（杞菊地黄丸）；遗精配菟丝子、覆盆子（五子衍宗丸）。**药食两用**，可嚼服泡茶；脾虚便溏者慎用。,3,AI预标注，待人工复核
q043,糖尿病口渴多饮，中医如何治疗？,case,wuweizi_001,中国药典（2025年版）一部,收涩药,五味子,据《中国药典》2025 年版一部：五味子为木兰科植物五味子 Schisandra chinensis (Turcz.) Baill. 的干燥成熟果实（药用部位：成熟果实）。性味酸、甘，温；归肺、心、肾经。功能与主治：收敛固涩，益气生津，补肾宁心；用于久嗽虚喘，梦遗滑精，遗尿尿频，久泻不止，自汗盗汗，津伤口渴，内热消渴，…,**简明**：五味子酸甘温，上敛肺气、下滋肾阴，益气生津而宁心安神，为治久咳虚喘、心悸失眠的常用药。。**详解**：久嗽虚喘配款冬花、紫菀；梦遗滑精配金樱子、桑螵蛸；久泻不止配肉豆蔻、诃子；津伤口渴、心悸失眠配人参、麦冬（生脉散）。**表邪未解、内有实热者慎用**。,3,AI预标注，待人工复核
q043,糖尿病口渴多饮，中医如何治疗？,case,wumei_001,中国药典（2025年版）一部,收涩药,乌梅,据《中国药典》2025 年版一部：乌梅为蔷薇科植物梅 Prunus mume (Sieb.) Sieb. et Zucc. 的干燥近成熟果实（药用部位：近成熟果实）。性味酸、涩，平；归肝、脾、肺、大肠经。功能与主治：敛肺，涩肠，生津，安蛔；用于肺虚久咳，久痢滑肠，虚热消渴，蛔厥呕吐腹痛，胆道蛔虫症。用法与用量：6～12…,**简明**：乌梅酸涩平，敛肺、涩肠、生津、安蛔（**酸收敛固**），主治肺虚久咳、久泻久痢、虚热消渴及蛔厥腹痛。**详解**：久咳配罂粟壳、五味子；久泻配诃子、肉豆蔻；蛔厥配细辛、黄连、花椒（乌梅丸）。**外有表邪、内有实热积滞者忌用**。,3,AI预标注，待人工复核
q043,糖尿病口渴多饮，中医如何治疗？,case,youtouju_001,《中医外科学》规划教材（要点归纳）,外科,有头疽·初起粟粒脓头向深部周围扩散,有头疽是发生于肌肤间的急性化脓性疾病，其特点是初起皮肤上即有粟粒样脓头，焮热红肿疼痛，易向深部及周围扩散，脓头相继增多，溃后状如莲蓬蜂窝，范围常超过 9cm，大者可至 30cm，多发于项后、背部，老年人或消渴病患者易患。辨证分火毒凝结、湿热壅滞、阴虚火炽、气虚毒滞等型。,有头疽为阳证重证，易并发内陷。治疗初起清热泻火、和营托毒；溃后气虚毒滞者益气养阴托毒。消渴病患者合并有头疽，病情多重，须控制血糖、及时就医；出现高热神昏、脓出不畅者须警惕内陷。教材要点归纳，供参考；具体诊疗请遵医嘱。,3,AI预标注，待人工复核
q043,糖尿病口渴多饮，中医如何治疗？,case,nanwuweizi_001,中国药典（2025年版）一部,收涩药,南五味子,据《中国药典》2025 年版一部：南五味子为木兰科植物华中五味子 Schisandra sphenanthera Rehd. et Wils. 的干燥成熟果实（药用部位：成熟果实）。性味酸、甘，温；归肺、心、肾经。功能与主治：收敛固涩，益气生津，补肾宁心；用于久嗽虚喘，梦遗滑精，遗尿尿频，久泻不止，自汗盗汗，津伤口渴，…,**简明**：南五味子酸甘温，收敛固涩、益气生津、补肾宁心（**敛肺滋肾、上敛下固**），主治久咳虚喘、遗精尿频、久泻、自汗盗汗、津伤口渴及心悸失眠。**详解**：气阴两伤配人参、麦冬（生脉散）；五更泻配补骨脂、肉豆蔻（四神丸）；遗精配菟丝子、覆盆子（五子衍宗丸）。**表邪未解、内有实热者忌用**。,0,AI预标注，待人工复核
q043,糖尿病口渴多饮，中医如何治疗？,case,yuzhu_001,中国药典（2025年版）一部,补虚药,玉竹,据《中国药典》2025 年版一部：玉竹为百合科植物玉竹 Polygonatum odoratum (Mill.) Druce 的干燥根茎（药用部位：根茎）。性味甘，微寒；归肺、胃经。功能与主治：养阴润燥，生津止渴；用于肺胃阴伤，燥热咳嗽，咽干口渴，内热消渴，阴虚外感。用法与用量：6～12g。贮藏：置通风干燥处，防霉，防…,**简明**：玉竹甘微寒，养阴润燥、生津止渴（**养阴而不滋腻、不恋邪**），主治肺胃阴伤之燥咳咽干口渴、消渴及阴虚外感。**详解**：肺燥咳嗽配沙参、麦冬（沙参麦冬汤）；阴虚外感配葱白、淡豆豉（加减葳蕤汤）。脾虚便溏者慎用。,3,AI预标注，待人工复核
q043,糖尿病口渴多饮，中医如何治疗？,case,tiandong_001,中国药典（2025年版）一部,补虚药,天冬,据《中国药典》2025 年版一部：天冬为百合科植物天冬 Asparagus cochinchinensis (Lour.) Merr. 的干燥块根（药用部位：块根）。性味甘、苦，寒；归肺、肾经。功能与主治：养阴润燥，清肺生津；用于肺燥干咳，顿咳痰黏，劳嗽咳血，腰膝酸痛，骨蒸潮热，内热消渴，热病津伤，咽干口渴，肠燥便秘。…,**简明**：天冬甘苦寒，养阴润燥、清肺生津（**清肺滋肾、润燥力强于麦冬**），主治肺燥干咳劳嗽、骨蒸潮热、内热消渴及肠燥便秘。**详解**：肺肾阴虚配麦冬（二冬膏）；心肾不交失眠配生地黄、人参（天王补心丹）。脾虚便溏、外感风寒者忌用。,3,AI预标注，待人工复核
q043,糖尿病口渴多饮，中医如何治疗？,case,huangjing_001,中国药典（2025年版）一部,补虚药,黄精,据《中国药典》2025 年版一部：黄精为百合科植物滇黄精 Polygonatum kingianum Coll. et Hemsl.、黄精 Polygonatum sibiricum Red. 或多花黄精 Polygonatum cyrtonema Hua 的干燥根茎（药用部位：根茎）。性味甘，平；归脾、肺、肾经。功能…,**简明**：黄精甘平，补气养阴、健脾润肺益肾（**平补气阴三脏、药食两用**），主治脾虚乏力、肺虚燥咳、精血不足腰膝酸软及消渴。**详解**：脾胃气虚配党参、白术；肺燥咳嗽配沙参、麦冬；肾精亏虚配枸杞子、熟地黄。**滋腻**，脾虚湿滞、痰湿内盛者慎用。,3,AI预标注，待人工复核
q043,糖尿病口渴多饮，中医如何治疗？,case,wangu_001,针灸学,手太阳小肠经,腕骨,《灵枢·本输》：过于腕骨，在手外侧腕骨之前，为原。,腕骨为手太阳小肠经原穴，定位在手掌尺侧，第5掌骨基底与钩骨之间的凹陷处，赤白肉际。主治头项强痛、耳鸣、目翳等头面五官疾患，黄疸、消渴、热病汗不出、疟疾等；并治指挛腕痛等局部病证。直刺0.3～0.5寸；可灸。,3,AI预标注，待人工复核
q043,糖尿病口渴多饮，中医如何治疗？,case,shanghan_073,伤寒论,辨太阳病脉证并治中,汗出渴与不渴辨五苓散茯苓甘草汤（第73条）,伤寒汗出而渴者，五苓散主之。不渴者，茯苓甘草汤主之。 茯苓甘草汤方 茯苓二两（味甘平） 桂枝二两（去皮，味辛热） 生姜三两（切，味辛温） 甘草一两（炙，味甘平）右四味，以水四升，煮取二升，去滓，分温三服。,本条以渴与不渴辨五苓散与茯苓甘草汤。伤寒汗出而渴者，五苓散主之；不渴者，茯苓甘草汤主之。渴为津不上承属蓄水，不渴为水停胃中。,0,AI预标注，待人工复核
q043,糖尿病口渴多饮，中医如何治疗？,case,danzhuye_001,中国药典（2025年版）一部,清热药,淡竹叶,据《中国药典》2025 年版一部：淡竹叶为禾本科植物淡竹叶 Lophatherum gracile Brongn. 的干燥茎叶（药用部位：茎叶）。性味甘、淡，寒；归心、胃、小肠经。功能与主治：清热泻火，除烦止渴，利尿通淋；用于热病烦渴，小便短赤涩痛，口舌生疮。用法与用量：6～10g。贮藏：置干燥处。,**简明**：淡竹叶甘淡寒，清热泻火、除烦止渴、利尿通淋，主治心火所致心烦口渴、口疮尿赤、热淋。**详解**：热病烦渴配石膏、麦冬（竹叶石膏汤）；心火移热小肠、口疮尿赤配木通、生地黄（导赤散）；热淋涩痛配车前子、瞿麦。脾胃虚寒者慎用。,2,AI预标注，待人工复核
q043,糖尿病口渴多饮，中医如何治疗？,case,shanghan_277,伤寒论,辨太阴病脉证并治,自利不渴属太阴当温之（第277条）,自利不渴者，属太阴，以其藏有寒故也。当温之，宜服四逆辈。,自利而不渴者，属太阴脾藏有寒，无热故不渴。此为太阴虚寒下利，法当温阳散寒，宜四逆汤一类温中回阳之剂，忌清下。,0,AI预标注，待人工复核
q043,糖尿病口渴多饮，中医如何治疗？,case,weifenzheng_002,《中医诊断学》规划教材（要点归纳）,辨证,卫分证·温邪犯表发热微恶风寒,卫分证是温热病邪侵袭肌表、肺卫失宣所表现的证候，为温病初起。以发热、微恶风寒、口微渴、头痛、咳嗽、苔薄白、脉浮数为辨证要点。病位在肺与皮毛，属表热。,卫分证为温病初起表热证，以发热微恶风寒、口微渴为要点，治宜辛凉解表，代表方银翘散、桑菊饮。与伤寒太阳表寒鉴别：温病初起即口渴、脉浮数。此为教材要点归纳，供参考；具体诊疗请遵医嘱，不引导自我诊断。,0,AI预标注，待人工复核
q043,糖尿病口渴多饮，中医如何治疗？,case,yitang_001,《中药学》（清华社）· 药典外品种,补虚药,饴糖,据清华社《中药学》：饴糖为米、麦、粟等粮食经发酵糖化制成的糖类食品，主含麦芽糖（药用部位：糖类加工品）。性味甘，温；归脾、胃、肺经。功能与主治：补脾益气，缓急止痛，润肺止咳；用于脾胃虚弱，里急腹痛，肺燥咳嗽。用法与用量：15～30g，烊化冲服或入汤剂。注意：湿热内蕴、中满吐逆者慎用。贮藏：密闭，置阴凉处。,**简明**：饴糖甘温，补脾益气而缓急止痛、润肺止咳，为甘缓建中之品（小建中汤主药）。。**详解**：脾胃虚弱配党参、白术、大枣；里急腹痛配桂枝、白芍（小建中汤）；肺燥咳嗽配杏仁、川贝母。**湿热中满、吐逆者慎用**。,0,AI预标注，待人工复核
q043,糖尿病口渴多饮，中医如何治疗？,case,zhuye_001,《中药学》（清华社）· 药典外品种,清热药,竹叶,据清华社《中药学》：竹叶为禾本科植物淡竹 Phyllostachys nigra (Lodd.) Munro var. henonis (Mitf.) Stapf ex Rendle 的干燥叶（药用部位：叶）。性味甘、淡，寒；归心、胃、小肠经。功能与主治：清热除烦，生津利尿；用于热病烦渴，小儿惊痫，口疮尿赤，小便不利。…,**简明**：竹叶甘淡寒，清热除烦而生津利尿，为治热病烦渴、口疮尿赤的常用药。。**详解**：热病烦渴配石膏、麦冬（竹叶石膏汤）；心火口疮尿赤配木通、生地黄（导赤散类）；小便不利配车前子、灯心草。,2,AI预标注，待人工复核
q043,糖尿病口渴多饮，中医如何治疗？,case,lugen_001,中国药典（2025年版）一部,清热药,芦根,据《中国药典》2025 年版一部：芦根为禾本科植物芦苇 Phragmites communis Trin. 的新鲜或干燥根茎（药用部位：新鲜或干燥根茎）。性味甘，寒；归肺、胃经。功能与主治：清热泻火，生津止渴，除烦，止呕，利尿；用于热病烦渴，肺热咳嗽，肺痈吐脓，胃热呕哕，热淋涩痛。用法与用量：15～30g；鲜品用量加倍…,**简明**：芦根甘寒，清热生津、除烦止呕、利尿，药力缓和，主治热病烦渴、胃热呕哕、肺痈吐脓。**详解**：热病津伤口渴配天花粉、麦冬；胃热呕逆配竹茹、生姜；肺痈配薏苡仁、冬瓜仁（千金苇茎汤）。鲜品清热生津力更佳，脾胃虚寒者慎用。,2,AI预标注，待人工复核
q043,糖尿病口渴多饮，中医如何治疗？,case,shanghan_006,伤寒论,辨太阳病脉证并治上,太阳温病提纲（第6条）,太阳病，发热而渴，不恶寒者，为温病。,本条为太阳温病提纲。太阳病发热而渴、不恶寒者，名为温病。温邪上受，热盛伤津故口渴，热势张扬故不恶寒，与中风、伤寒之恶寒、口不渴者迥异，不可辛温发汗，治宜辛凉清解。,0,AI预标注，待人工复核
q043,糖尿病口渴多饮，中医如何治疗？,case,tanyin_002,《中医基础理论》规划教材（要点归纳）,病因病机,痰饮·水液代谢障碍形成的病理产物,"痰饮是水液代谢障碍所形成的病理产物。一般以质地稠浊者为痰，清稀者为饮。痰又分有形之痰（咳吐可见）与无形之痰（停留于脏腑经络，不见其形而见其症）。痰饮形成后可随气升降，无处不到，引起多种病证，故有""百病多由痰作祟""之说。",痰饮既是病理产物，又可成为新的致病因素。其生成与肺、脾、肾三脏水液代谢失调有关。痰随气行，停在何处便见何病，如痰浊上犯可见眩晕，痰气交阻可见梅核气。临床治痰多从健脾、宣肺、温肾、理气入手。学习时应与津液代谢一条互参。,0,AI预标注，待人工复核
q043,糖尿病口渴多饮，中医如何治疗？,case,lingshu_029,灵枢经,师传篇第二十九,师传篇第二十九,黄帝曰：余闻先师，有所心藏，弗著于方，余愿闻而藏之，则而行之，上以治民，下以治身，使百姓无病，上下和亲，德泽下流，子孙无优，传于后世，无有终时。可得闻乎？ 岐伯曰：远乎哉问也！夫治民与自治，治彼与治此，治小与治大，治国与治家，未有逆而能治之也，夫惟顺而已矣。顺者，非独阴阳脉论气之逆顺也，百姓人民皆欲顺其志也。 黄帝曰：…,本篇论先师心传之法。治民自治皆在顺而已，临病人问所便。中热消瘅便寒、寒中便热，辨肠胃寒热之证；王公大人骄恣者，当告之以败、语之以善、导之以便、开之以苦。春夏先治标后治本，秋冬先治本后治标；食饮衣服寒温适中。末论以身形肢节面部外候测脏腑大小：肺候巨肩陷咽、心候𩩲骬、肝候目、脾候唇舌、肾候耳，并候胃大肠小肠胆膀胱三焦之面部…,0,AI预标注，待人工复核
q043,糖尿病口渴多饮，中医如何治疗？,case,shanghan_282,伤寒论,辨少阴病脉证并治,自利而渴小便色白（第282条）,少阴病，欲吐不吐，心烦，但欲寐，五六日，自利而渴者，属少阴也，虚故引水自救。若小便色白者，少阴病形悉具。小便白者，以下焦虚有寒，不能制水，故令色白也。,少阴病欲吐不吐、心烦而仍但欲寐，至五六日自利而渴，属少阴阳虚。其渴乃下焦虚寒、津液不布，引水自救；小便色白，尤证下焦虚有寒、不能制水。凡此诸症并见，少阴病形已具。,0,AI预标注，待人工复核
q043,糖尿病口渴多饮，中医如何治疗？,case,yuganzi_001,中国药典（2025年版）一部,清热药,余甘子,据《中国药典》2025 年版一部：余甘子为大戟科植物余甘子 Phyllanthus emblica L. 的干燥成熟果实（药用部位：成熟果实）。性味甘、酸、涩，凉；归肺、胃经。功能与主治：清热凉血，消食生津；用于血热血瘀，消化不良，腹胀，咳嗽，喉痛，口干。用法与用量：3～9g。贮藏：置阴凉干燥处。,**简明**：余甘子甘酸涩凉，清热凉血而消食生津，为藏药与南药常用，治消化不良、咽干口燥。。**详解**：消化不良、腹胀配山楂、麦芽；肺热咳嗽、喉痛配桔梗、甘草；口干津伤可鲜食或泡茶。脾胃虚寒者不宜多食。,2,AI预标注，待人工复核
q043,糖尿病口渴多饮，中医如何治疗？,case,xiaojianzhongtang_001,伤寒论,辨太阳病脉证并治中,小建中汤方,伤寒二三日，心中悸而烦者，小建中汤主之。,小建中汤即桂枝汤倍芍药加饴糖，温中补虚、和里缓急，主治中焦虚寒之腹中拘急疼痛、喜温喜按、虚劳心悸。饴糖温中补虚、缓急止痛为君，桂枝温阳，芍药敛阴缓急，姜枣草调中。,0,AI预标注，待人工复核
q043,糖尿病口渴多饮，中医如何治疗？,case,lvdou_001,《中药学》（清华社）· 药典外品种,清热药,绿豆,据清华社《中药学》：绿豆为豆科植物绿豆 Vigna radiata (L.) Wilczek 的干燥成熟种子（药用部位：成熟种子）。性味甘，寒；归心、胃经。功能与主治：清热解毒，消暑，利水；用于暑热烦渴，痈肿疮毒；解药食中毒。用法与用量：15～30g。外用适量。贮藏：置通风干燥处，防蛀。,**简明**：绿豆甘寒，清热解毒而消暑利水，为解暑热烦渴与药食中毒的常用药。。**详解**：暑热烦渴配荷叶、西瓜翠衣；痈肿疮毒配蒲公英研末外敷；解附子、砒石等药毒煎汤频服。**脾胃虚寒、肠滑泄泻者慎用**。,2,AI预标注，待人工复核
q043,糖尿病口渴多饮，中医如何治疗？,case,dongguapi_001,中国药典（2025年版）一部,化湿药,冬瓜皮,据《中国药典》2025 年版一部：冬瓜皮为葫芦科植物冬瓜 Benincasa hispida (Thunb.) Cogn. 的干燥外层果皮（药用部位：外层果皮）。性味甘，凉；归脾、小肠经。功能与主治：利尿消肿；用于水肿胀满，小便不利，暑热口渴。用法与用量：9～30g。贮藏：置干燥处。,**简明**：冬瓜皮甘凉，利尿消肿，为治水肿胀满、小便不利的常用药。。**详解**：水肿胀满配茯苓皮、泽泻、猪苓；暑热口渴配西瓜翠衣、荷叶。,0,AI预标注，待人工复核
q043,糖尿病口渴多饮，中医如何治疗？,case,shanghan_074,伤寒论,辨太阳病脉证并治中,水逆证五苓散（第74条）,中风发热，六七日不解而烦，有表里证，渴欲饮水，水入则吐者，名曰水逆。五苓散主之。,本条论水逆证。中风发热六七日不解而烦、有表里证、渴欲饮水、水入则吐者，名曰水逆，五苓散主之。水停下焦、气化不行，饮入即吐。,0,AI预标注，待人工复核
q043,糖尿病口渴多饮，中医如何治疗？,case,hanshuishi_001,《中药学》（清华社）· 药典外品种,清热药,寒水石,据清华社《中药学》：寒水石为硫酸盐类矿物红石膏（石膏之一种）或碳酸盐类矿物方解石的矿石（药用部位：矿石）。性味辛、咸，寒；归心、胃、肾经。功能与主治：清热泻火，除烦止渴；用于热病烦渴，癫狂，口疮，热毒疮肿。用法与用量：10～15g，先煎。外用适量。贮藏：置干燥处。,**简明**：寒水石辛咸寒，清热泻火而除烦止渴，功似石膏，为治热病烦渴与疮肿的常用药。。**详解**：热病烦渴配石膏、知母；癫狂配黄连、朱砂（须遵古法炮制）；口疮疮肿研末外用。**脾胃虚寒者忌用**。,2,AI预标注，待人工复核
q043,糖尿病口渴多饮，中医如何治疗？,case,lingshu_036,灵枢经,五癃津液别篇第三十六,五癃津液别篇第三十六,黄帝问于岐伯曰：水谷入于口，输于肠胃，其液别为五：天寒衣薄，则为溺与气；天热衣厚则为汗；悲哀气并则为泣；中热胃缓则为唾。邪气内逆，则气为之闭塞而不行，不行则为水胀。余知其然也，不知其何由生，愿闻其道。 岐伯曰：水谷皆入于口，其味有五，各注其海。津液各走其道，故三焦出气，以温肌肉，充皮肤，为其津，其流而不行者为液。 天暑…,本篇论水谷入胃其液别为五。天寒衣薄则为溺与气，天热衣厚则为汗，悲哀气并则为泣，中热胃缓则为唾，邪气内逆气闭不行则为水胀。三焦出气温肌肉充皮肤为津，流而不行者为液。天暑腠理开汗出、天寒腠理闭水下膀胱为溺；悲哀心系急肺举故泣出；中热胃缓故唾出；津液和合为膏内渗骨空补益脑髓；阴阳不和则液溢下泄、腰背痛胫酸；气道不通三焦不泻则…,0,AI预标注，待人工复核
q043,糖尿病口渴多饮，中医如何治疗？,case,shanghan_092,伤寒论,辨太阳病脉证并治中,小柴胡汤证（第92条）,伤寒五六日，中风，往来寒热，胸胁苦满，默默不欲饮食，心烦喜呕，或胸中烦而不呕，或渴，或腹中痛，或胁下痞硬，或心下悸，小便不利，或不渴，身有微热，或咳者，与小柴胡汤主之。 小柴胡汤方 柴胡半斤（味苦，微寒） 黄芩三两（味苦寒）人参三两（味甘温） 甘草三两（味甘平） 半夏半升（洗，味辛温） 生姜三两（切，味辛温） 大枣十三…,本条为小柴胡汤主证。伤寒五六日中风，往来寒热、胸胁苦满、默默不欲饮食、心烦喜呕，或胸中烦而不呕、或渴、或腹中痛、或胁下痞硬、或心下悸小便不利、或不渴身有微热、或咳者，小柴胡汤主之。,0,AI预标注，待人工复核
q043,糖尿病口渴多饮，中医如何治疗？,case,jizhijiangtang_001,《中国药典》一部/药品说明书（要点归纳）,止咳/外妇儿/中成药,急支糖浆·清热化痰宣肺止咳,据现行版《中国药典》一部与药品说明书要点归纳：本品由鱼腥草、金荞麦、四季青、麻黄、紫菀、前胡、枳壳、甘草等组成，具清热化痰、宣肺止咳之功，用于外感风热所致咳嗽，症见发热恶寒、胸膈满闷、咳嗽咽痛。用法用量按说明书。,急支糖浆为清热化痰类止咳中成药，用于外感风热急性咳嗽。含麻黄，高血压、心脏病患者慎用；咳嗽迁延不愈或高热喘促者应就医。本条目为中成药，请按说明书或在医师指导下使用。,2,AI预标注，待人工复核
q043,糖尿病口渴多饮，中医如何治疗？,case,xuexue_001,中医各家学说,医家,薛雪·著湿热条辨专论湿热证治,"据《湿热条辨》（《湿热病篇》）：""湿热之病，不独与伤寒不同，且与温病大异""；其论湿热之邪""始虽外受，终归脾胃""，辨湿热在上焦、中焦、下焦及邪在气分、营分之传变与治法。","薛雪，字生白，号一瓢，又号扫叶山人，清代江苏吴县（今苏州）人，生于康熙二十年、卒于乾隆三十五年（1681—1770年）。他博学多通，工诗词、善画兰，又兼工医学，与叶天士同时同里齐名，并称吴中名医。他一生诊务之余潜心著述，代表作为《湿热条辨》（亦名《湿热病篇》）。学术上专擅湿热一证，认为湿热之邪与纯热、纯湿不同，其病""始…",0,AI预标注，待人工复核
q043,糖尿病口渴多饮，中医如何治疗？,case,yizhiren_001,中国药典（2025年版）一部,补虚药,益智仁,据《中国药典》2025 年版一部：益智仁为姜科植物益智 Alpinia oxyphylla Miq. 的干燥成熟果实（药用部位：成熟果实）。性味辛，温；归脾、肾经。功能与主治：暖肾固精缩尿，温脾止泻摄唾；用于肾虚遗尿，小便频数，遗精白浊，脾寒泄泻，腹中冷痛，口多唾涎。用法与用量：3～10g。贮藏：置阴凉干燥处。  **…,**简明**：益智仁辛温，暖肾固精缩尿、温脾止泻摄唾（**脾肾双补**），主治肾虚遗尿尿频、遗精及脾寒泄泻、口多涎唾。**详解**：遗尿配乌药、山药（缩泉丸）；脾寒泄泻配白术、干姜。阴虚火旺者忌用。,0,AI预标注，待人工复核
q043,糖尿病口渴多饮，中医如何治疗？,case,yetianshi_009,中医各家学说,医家,叶桂·创卫气营血辨证为温病学派宗师,"《温热论》：""温邪上受，首先犯肺，逆传心包。""又：""大凡看法，卫之后方言气，营之后方言血。在卫汗之可也，到气才可清气，入营犹可透热转气，……入血就恐耗血动血，直须凉血散血。""","叶桂，字天士，号香岩，清代江苏吴县（今苏州）人，生于康熙五年、卒于乾隆十年（1666—1745年）。其家三世业医，幼承家学，又先后从师十七人，博采众长，声名满于大江南北。门人据其口授与医案辑成《温热论》及《临证指南医案》。学术上最大贡献是系统总结温病辨证论治规律，提出""温邪上受、首先犯肺、逆传心包""的发病途径，并创卫气…",0,AI预标注，待人工复核
q043,糖尿病口渴多饮，中医如何治疗？,case,shanghan_119,伤寒论,辨太阳病脉证并治中,医吐之过脉细数（第119条）,太阳病，当恶寒发热，今自汗出，不恶寒发热，关上脉细数者，以医吐之过也。,本条论误吐变证。太阳病当恶寒发热，今自汗出、不恶寒发热、关上脉细数者，以医吐之过也。误吐伤胃，表邪不解。,0,AI预标注，待人工复核
q043,糖尿病口渴多饮，中医如何治疗？,case,snb_shuyu_001,神农本草经,上经,薯蓣,薯蓣，味甘，温。主伤中，补虚羸，除寒热邪气，补中益气力，长肌肉。久服，耳目聪明，轻身不饥，延年。一名山芋。生山谷。,薯蓣（山药）甘平温，补脾养胃、生津益肺、补肾涩精，为药食两用之品，主治脾虚食少、肺虚喘咳、肾虚遗精带下。,0,AI预标注，待人工复核
q043,糖尿病口渴多饮，中医如何治疗？,case,nanjing_051,难经,第五十一难,第五十一难,曰：病有欲得温者，有欲得寒者，有欲得见人者，有不欲得见人者，而各不同，病在何脏腑也？  然：病欲得寒，而欲见人者，病在腑也；病欲得温，而不欲见人者，病在脏也。何以言之？腑者阳也，阳病欲得寒，又欲见人；脏者，阴也，阴病欲得温，又欲闭户独处，恶闻人声。故以别知脏腑之病也。,本难以喜恶别脏腑病。病欲得寒欲见人者病在腑（阳），欲得温不欲见人者病在脏（阴）。,0,AI预标注，待人工复核
q043,糖尿病口渴多饮，中医如何治疗？,case,dilong_001,中国药典（2025年版）一部,平肝息风药,地龙,据《中国药典》2025 年版一部：地龙为钜蚓科动物参环毛蚓 Pheretima aspergillum (E. Perrier)、通俗环毛蚓 Pheretima vulgaris Chen、威廉环毛蚓 Pheretima guillelmi (Michaelsen) 或栉盲环毛蚓 Pheretima pectinife…,**简明**：地龙咸寒，清热定惊、通络、平喘、利尿，主治高热惊痫抽搐、热痹麻木、半身不遂、肺热喘咳及水肿尿少。**详解**：高热抽搐配钩藤、僵蚕；气虚血瘀中风半身不遂配黄芪、当归（补阳还五汤）；热痹配忍冬藤、秦艽；肺热喘咳配麻黄、石膏。脾胃虚寒者慎用。,2,AI预标注，待人工复核
