query_id,query,query_form,candidate_id,book,chapter,section_title,原文片段,白话片段,relevance,notes
q047,产后乳汁不足，如何通乳？,case,snb_wangbuliuxing_001,神农本草经,下经,王不留行,王不留行，味苦，平。主金创，止血，逐痛，出刺，除风痹内寒。久服轻身，耐老，增寿。生山谷。,王不留行苦平，活血通经、下乳消肿、利尿通淋，主治瘀血经闭、痛经、产后乳汁不下、乳痈肿痛及淋证涩痛。其性走窜通利，孕妇及无瘀滞者忌用，月经过多者慎用，不宜久服。,,
q047,产后乳汁不足，如何通乳？,case,tongcao_001,中国药典（2025年版）一部,利水渗湿药,通草,据《中国药典》2025 年版一部：通草为五加科植物通脱木 Tetrapanax papyrifer (Hook.) K. Koch 的干燥茎髓（药用部位：茎髓）。性味甘、淡，微寒；归肺、胃经。功能与主治：利尿通淋，通气下乳；用于湿热淋证，水肿尿少，乳汁不下。用法与用量：3～5g。注意：孕妇慎用。贮藏：置干燥处。  **…,**简明**：通草甘淡微寒，利尿通淋、通气下乳，主治湿热淋证、水肿及产后乳汁不下，药力缓和。**详解**：热淋配滑石、车前子；乳汁不下配穿山甲（代用品）、王不留行、猪蹄。气阴两虚、内无湿热者慎用，孕妇慎用。,,
q047,产后乳汁不足，如何通乳？,case,chuanshanjia_001,《中药学》（清华社）· 药典外品种,活血化瘀药,穿山甲,据清华社《中药学》（传统品种）：穿山甲为鲮鲤科动物穿山甲 Manis pentadactyla L. 的鳞甲（药用部位：鳞甲）。性味咸，微寒；归肝、胃经。功能与主治：活血消癥，通经下乳，消肿排脓；用于癥瘕经闭，产后乳汁不下，痈肿疮毒，瘰疬。用法与用量（历史）：5～9g，炮制后研粉吞服 1～1.5g。**注意：穿山甲为国…,**简明**：穿山甲咸微寒，活血消癥而通经下乳、消肿排脓，传统为外科要药，**但因保护动物已除名禁售**。。**详解**：（禁药替代说明）癥瘕经闭配三棱、莪术（可改用丹参、水蛭）；乳汁不下配王不留行、路路通；痈肿脓成不溃配皂角刺、黄芪。**保护动物，已禁用药用**；孕妇忌用。,,
q047,产后乳汁不足，如何通乳？,case,tongguanteng_001,中国药典（2025年版）一部,化痰止咳平喘药,通关藤,据《中国药典》2025 年版一部：通关藤为萝藦科植物通关藤 Marsdenia tenacissima (Roxb.) Wight et Arn. 的干燥藤茎（药用部位：藤茎）。性味苦，微寒；归肺、肝经。功能与主治：止咳平喘，祛痰，通乳，清热解毒；用于支气管炎，咳嗽痰多，哮喘，乳汁不通；现代亦用于肿瘤辅助治疗。用法与用…,**简明**：通关藤苦微寒，止咳平喘而祛痰通乳，现代常用于支气管炎与肿瘤辅助治疗（消癌平主药）。。**详解**：咳嗽痰多配黄芩、桔梗；哮喘配麻黄、杏仁；乳汁不通配穿山甲（代用品）、王不留行。,,
q047,产后乳汁不足，如何通乳？,case,mutong_001,中国药典（2025年版）一部,利水渗湿药,木通,据《中国药典》2025 年版一部：木通为木通科植物木通 Akebia quinata (Thunb.) Decne.、三叶木通 Akebia trifoliata (Thunb.) Koidz. 或白木通 Akebia trifoliata (Thunb.) Koidz. var. australis (Diels) …,**简明**：木通苦寒，利尿通淋而清心火，为治热淋涩痛、口舌生疮的常用药，兼能通经下乳。。**详解**：热淋涩痛配车前子、瞿麦、滑石；心火上炎口舌生疮配生地黄、淡竹叶、甘草梢（导赤散）；产后乳汁不下配穿山甲（代用品）、王不留行；经闭配当归、红花。**用量宜小（3～6g）**，过量可致肾损伤；孕妇慎用。,,
q047,产后乳汁不足，如何通乳？,case,sigualuo_001,中国药典（2025年版）一部,祛风湿药,丝瓜络,据《中国药典》2025 年版一部：丝瓜络为葫芦科植物丝瓜 Luffa cylindrica (L.) Roem. 的干燥成熟果实的维管束（药用部位：成熟果实的维管束）。性味甘，平；归肺、胃、肝经。功能与主治：祛风，通络，活血，下乳；用于痹痛拘挛，胸胁胀痛，乳汁不通，乳痈肿痛。用法与用量：5～12g。外用适量。贮藏：置干…,**简明**：丝瓜络甘平，祛风通络、活血下乳，药性平和，主治风湿痹痛、胸胁痛、乳汁不通及乳痈。**详解**：风湿痹痛配威灵仙、秦艽；胁痛配延胡索、郁金；乳汁不通配王不留行、路路通；乳痈配蒲公英、瓜蒌。,,
q047,产后乳汁不足，如何通乳？,case,queru_001,《中医妇科学》规划教材（要点归纳）,妇科,缺乳·产后乳汁甚少或全无,缺乳是指产后哺乳期内，产妇乳汁甚少或全无者。病因多为气血虚弱（化源不足）、肝郁气滞（乳脉壅滞）或痰浊阻滞。辨证常见气血虚弱、肝郁气滞、痰浊阻滞等型。治法以补气养血、疏肝解郁、通络下乳为主。,缺乳分虚实：虚者乳房柔软、乳汁清稀，用通乳丹补气养血；实者乳房胀痛，用下乳涌泉散疏肝通络。配合食疗（如猪蹄汤）、定时吸吮、调畅情志。若乳房红肿热痛、发热，须排除乳痈，及时就医。本条目为教材要点归纳，供参考；具体诊疗请遵医嘱。,,
q047,产后乳汁不足，如何通乳？,case,shaoze_001,针灸学,手太阳小肠经,少泽,《灵枢·本输》：手太阳小肠者，上合手太阳，出于少泽，少泽，小指之端也，为井金。,少泽为手太阳小肠经井穴，五行属金，定位在手指，小指末节尺侧，指甲角侧上方0.1寸。为通乳要穴，善治产后乳少、乳痈；又能开窍泄热，治热病、昏迷、咽喉肿痛、目翳；为急救要穴之一。浅刺0.1寸，或点刺出血；可灸（灸法治乳少效佳）。,,
q047,产后乳汁不足，如何通乳？,case,rugen_001,针灸学,足阳明胃经,乳根,出《针灸甲乙经》。《针灸甲乙经》：乳根，在乳下一寸六分陷者中。,乳根定位在胸部，当乳头直下，乳房根部，第5肋间隙，距前正中线4寸。主治咳嗽、气喘、呃逆、胸痛、乳痈、乳汁不足等胸肺及乳房病证。刺法：斜刺或平刺0.5~0.8寸。,,
q047,产后乳汁不足，如何通乳？,case,snb_dongkuizi_001,神农本草经,上经,冬葵子,冬葵子，味甘，寒。主五脏六腑寒热羸瘦，五癃，利小便。久服，坚骨长肌肉，轻身。生川谷。,冬葵子甘凉，利水通淋、下乳、润肠，主治淋证水肿、小便不利、乳汁不行、乳房胀痛及肠燥便秘。孕妇慎用。,,
q047,产后乳汁不足，如何通乳？,case,ruyong_001,《中医外科学》规划教材（要点归纳）,外科,乳痈·乳房红肿疼痛乳汁不畅,乳痈是由热毒入侵乳房而引起的急性化脓性疾病，其特点是乳房部结块、肿胀疼痛，伴发热，溃后脓出稠厚，常发生于产后未满月的哺乳期妇女，尤以初产妇为多。病因多为乳汁郁积、肝胃郁热、外邪感染。辨证分气滞热壅、热毒炽盛、正虚邪恋等型。,乳痈治疗初起疏肝清胃、通乳消肿；成脓清热解毒、托里透脓或切开排脓；溃后托里消毒。同时应疏通乳汁、排空乳房。高热不退、脓肿形成者应就医。教材要点归纳，供参考；具体诊疗请遵医嘱。,,
q047,产后乳汁不足，如何通乳？,case,dongkuiguo_001,中国药典（2025年版）一部,利水渗湿药,冬葵果,据《中国药典》2025 年版一部：冬葵果为锦葵科植物冬葵 Malva verticillata L. 的干燥成熟果实（药用部位：成熟果实）。性味甘、涩，凉；归膀胱、小肠经。功能与主治：清热利尿，消肿；用于热淋，石淋，水肿，尿闭，乳汁不通。用法与用量：3～9g。贮藏：置干燥处。,**简明**：冬葵果甘涩凉，清热利尿而消肿，为治热淋石淋、水肿尿闭的常用药。。**详解**：热淋石淋配车前子、瞿麦、海金沙；水肿尿闭配茯苓皮、泽泻；乳汁不通配穿山甲（代用品）、王不留行。,,
q047,产后乳汁不足，如何通乳？,case,zhongrushi_001,中国药典（2025年版）一部,补虚药,钟乳石,据《中国药典》2025 年版一部：钟乳石为碳酸盐类矿物方解石族方解石，主含碳酸钙（CaCO₃）（药用部位：矿石）。采挖后，除去杂石。性味甘，温；归肺、肾、胃经。功能与主治：温肺助阳，平喘制酸；用于寒痰喘咳，腰膝冷痛，阳痿，乳汁不通，胃酸过多。用法与用量：3～9g，先煎。贮藏：置干燥处。,**简明**：钟乳石甘温，温肺助阳而平喘制酸，为治寒痰喘咳、腰膝冷痛的常用药。。**详解**：寒痰喘咳配麻黄、杏仁、款冬花；肾阳不足、腰膝冷痛配补骨脂、淫羊藿；胃酸过多配海螵蛸、煅瓦楞子。**阴虚火旺者忌用**；生用先煎。,,
q047,产后乳汁不足，如何通乳？,case,loulu_001,中国药典（2025年版）一部,清热药,漏芦,据《中国药典》2025 年版一部：漏芦为菊科植物祁州漏芦 Rhaponticum uniflorum (L.) DC. 的干燥根（药用部位：根）。性味苦，寒；归胃经。功能与主治：清热解毒，消痈散结，通经下乳；用于乳痈肿痛，痈疽发背，瘰疬疮毒，乳汁不通，湿痹拘挛。用法与用量：5～9g。贮藏：置通风干燥处。,**简明**：漏芦苦寒，清热解毒、消痈散结、通经下乳，主治乳痈肿痛、痈疽发背及乳汁不下。**详解**：乳痈肿痛配瓜蒌、蒲公英；痈疽配连翘、皂角刺；乳汁不通配穿山甲（代用品）、王不留行；湿痹拘挛配秦艽、防己。气虚疮疡平塌及孕妇慎用。,,
q047,产后乳汁不足，如何通乳？,case,xiaotongcao_001,中国药典（2025年版）一部,利水渗湿药,小通草,据《中国药典》2025 年版一部：小通草为旌节花科植物喜马山旌节花 Stachyurus himalaicus Hook. f. et Thoms. 或中国旌节花 Stachyurus chinensis Franch. 的干燥茎髓（药用部位：茎髓）。性味甘、淡，寒；归肺、胃经。功能与主治：清热利尿，下乳；用于小便不利…,**简明**：小通草甘淡寒，清热利尿而下乳，为治淋证尿涩与乳汁不下的常用药。。**详解**：小便不利、淋证配车前草、滑石；乳汁不下配穿山甲（代用品）、王不留行。,,
q047,产后乳汁不足，如何通乳？,case,wangbuliuxing_001,中国药典（2025年版）一部,活血化瘀药,王不留行,据《中国药典》2025 年版一部：王不留行为石竹科植物麦蓝菜 Vaccaria segetalis (Neck.) Garcke 的干燥成熟种子（药用部位：成熟种子）。性味苦，平；归肝、胃经。功能与主治：活血通经，下乳消肿，利尿通淋；用于经闭，痛经，乳汁不下，乳痈肿痛，热淋，血淋，石淋。用法与用量：5～10g。注意：孕…,**简明**：王不留行苦平，活血通经、下乳消肿、利尿通淋，**性走而不守**，为**下乳要药**，兼治经闭痛经、乳痈及诸淋。**详解**：乳汁不下配穿山甲（代用品）、通草（涌泉散）；乳痈配蒲公英、瓜蒌；血淋石淋配金钱草、海金沙。孕妇慎用。,,
q047,产后乳汁不足，如何通乳？,case,maiya_001,中国药典（2025年版）一部,消食药,麦芽,据《中国药典》2025 年版一部：麦芽为禾本科植物大麦 Hordeum vulgare L. 的成熟果实经发芽干燥的炮制加工品（药用部位：发芽果实）。性味甘，平；归脾、胃经。功能与主治：行气消食，健脾开胃，回乳消胀；用于食积不消，脘腹胀痛，脾虚食少，乳汁郁积，乳房胀痛，妇女断乳。生麦芽健脾和胃通乳；炒麦芽行气消食回乳；…,**简明**：麦芽甘平，行气消食（善消**米面薯芋食积**）、健脾开胃、回乳消胀，主治食积胀痛、脾虚食少及断乳乳胀。**详解**：米面食积配山楂、神曲；脾虚食少配党参、白术；乳汁郁积乳房胀痛配青皮、瓜蒌。**回乳须炒用且量大（60g）**；哺乳期妇女忌用，孕妇慎用。,,
q047,产后乳汁不足，如何通乳？,case,danzhong_001,针灸学,任脉,膻中,出《针灸甲乙经》。,膻中为心包募穴、八会穴之气会，定位在胸部，前正中线上，平第4肋间，两乳头连线的中点。主治咳嗽气喘、胸痛心悸、呃逆，以及产后乳少、乳痈。刺法：平刺0.3～0.5寸；可灸。,,
q047,产后乳汁不足，如何通乳？,case,lulutong_001,中国药典（2025年版）一部,祛风湿药,路路通,据《中国药典》2025 年版一部：路路通为金缕梅科植物枫香树 Liquidambar formosana Hance 的干燥成熟果序（药用部位：成熟果序）。性味苦，平；归肝、肾经。功能与主治：祛风活络，利水，通经；用于关节痹痛，麻木拘挛，水肿胀满，乳少经闭。用法与用量：5～10g。外用适量。贮藏：置干燥处。  **【古…,**简明**：路路通苦平，祛风活络、利水通经，主治风湿痹痛、麻木拘挛、水肿及乳少经闭。**详解**：风湿痹痛配威灵仙、秦艽；水肿配茯苓、泽泻；乳汁不下配穿山甲（代用品）、王不留行；风疹瘙痒配防风、白鲜皮。月经过多及孕妇慎用。,,
q047,产后乳汁不足，如何通乳？,case,lingxiaohua_001,中国药典（2025年版）一部,活血化瘀药,凌霄花,据《中国药典》2025 年版一部：凌霄花为紫葳科植物凌霄 Campsis grandiflora (Thunb.) K. Schum. 或美洲凌霄 Campsis radicans (L.) Seem. 的干燥花（药用部位：花）。性味甘、酸，微寒；归肝、心包经。功能与主治：凉血，化瘀，祛风；用于月经不调，经闭癥瘕，产后…,**简明**：凌霄花甘酸微寒，凉血化瘀祛风，主治瘀血经闭癥瘕、血热风疹瘙痒及痤疮（「凉血祛风」）。**详解**：经闭癥瘕配当归、红花（凌霄花散）；风疹瘙痒配蝉蜕、白鲜皮；痤疮配枇杷叶、桑白皮。孕妇慎用，气血虚者忌用。,,
q047,产后乳汁不足，如何通乳？,case,qiangu_001,针灸学,手太阳小肠经,前谷,《灵枢·本输》：溜于前谷，在手外廉本节前，荥也。,前谷为手太阳小肠经荥穴，五行属水，定位在手指，第5掌指关节尺侧远端，赤白肉际凹陷中。主治头项痛、目赤、耳鸣、咽喉肿痛等头面五官热证，热病汗不出、疟疾等外感病证，以及手指麻痛、产后乳少。直刺0.2～0.3寸；可灸。,,
q047,产后乳汁不足，如何通乳？,case,chuanmutong_001,中国药典（2025年版）一部,利水渗湿药,川木通,据《中国药典》2025 年版一部：川木通为毛茛科植物小木通 Clematis armandii Franch. 或绣球藤 Clematis montana Buch.-Ham. 的干燥藤茎（药用部位：藤茎）。性味苦，寒；归心、小肠、膀胱经。功能与主治：利尿通淋，清心除烦，通经下乳；用于淋证，水肿，心烦尿赤，口舌生疮，经…,**简明**：川木通苦寒，利尿通淋、清心除烦、通经下乳，主治热淋涩痛、心火口疮尿赤、经闭乳少及湿热痹痛。**详解**：热淋配车前子、滑石（八正散）；心火上炎口疮配生地黄、竹叶（导赤散）；乳汁不下配王不留行、通草；湿热痹痛配防己、薏苡仁。孕妇慎用，滑精及无湿热者忌用。,,
q047,产后乳汁不足，如何通乳？,case,chuan_shanjia_001,中国药典（2025年版）一部,活血化瘀药,穿山甲,据《中国药典》2025 年版一部：穿山甲为鲮鲤科动物穿山甲 Manis pentadactyla Linnaeus 的鳞甲（药用部位：鳞甲）。性味咸，微寒；归肝、胃经。功能与主治：活血消癥，通经下乳，消肿排脓，搜风通络；用于经闭癥瘕，乳汁不通，痈肿疮毒，风湿痹痛，中风瘫痪。用法与用量：3～9g，一般炮制后用；多入丸散服…,**简明**：穿山甲咸微寒，活血消癥、通经下乳、消肿排脓、搜风通络，性**善走窜通络**，主治经闭癥瘕、乳汁不下、痈肿不溃及痹痛瘫痪。**详解**：痈肿初起配金银花、皂角刺（仙方活命饮）；乳汁不下配王不留行、通草（涌泉散）；痹痛配威灵仙、秦艽。**孕妇慎用**；濒危保护动物，现多遵法规以代用品（王不留行、路路通等）。,,
q047,产后乳汁不足，如何通乳？,case,jingluoyingyong_001,《中医基础理论》规划教材（要点归纳）,经络,经络临床应用·阐释病理指导诊断指导治疗,经络学说在临床上应用主要有三方面：①阐释病理，外邪由表入里、脏腑病变相互传变，多以经络为途径；②指导诊断，根据症状出现部位判为何经病变（分经辨证、循经诊断）；③指导治疗，针灸循经取穴、药物归经引经报使，以及按摩、拔罐等均以经络为据。,"经络学说的临床价值在于：它既解释病邪如何传变（由皮毛、经络到脏腑），也指导医生""按部位辨何经""，再循经取穴或用引经药。如前额痛多属阳明经、偏头痛多属少阳经，即分经辨证。学习时应把经络循行路线与常见分经辨证、归经用药对应起来记。",,
q047,产后乳汁不足，如何通乳？,case,jichuanjian_001,《方剂学》规划教材（要点归纳）,泻下剂,济川煎·温肾益精润肠通便,"传统方歌：""济川归膝肉苁蓉，泽泻升麻枳壳从，精津不足便难下，温肾益精便自通。""（张景岳《景岳全书》方，据教材要点归纳：当归、牛膝、肉苁蓉、泽泻、升麻、枳壳，各约常用量，水煎服。）",济川煎为温润通便代表方，主治肾阳虚弱、精津不足之便秘，症见大便秘结、小便清长、腰膝酸软、舌淡苔白、脉沉迟。功能温肾益精、润肠通便，适用于老年、肾虚及产后肠燥便秘。使用注意：凡热结、气滞及阴虚火旺之便秘非宜；方中温润，实热证忌用。本方为要点归纳，供参考；具体用药请遵医嘱。,,
q047,产后乳汁不足，如何通乳？,case,wennv_001,中医诊断学,四诊,问妇女（经·带·胎·产）,妇女有经、带、胎、产之异，问诊须加问月经周期、量色质、带下、妊娠与产后情况。教材归纳：月经辨气血寒热，带下辨湿浊虚实，胎产察冲任损益。,月经：周期提前、量多色红多血热或气虚；周期延后、量少色淡多血虚或寒凝；经色紫黑有块多血瘀；经前或经期小腹刺痛拒按多气滞血瘀；经后小腹隐痛喜按多气血两虚。经行不畅、乳房胀痛多肝郁气滞。闭经与崩漏须详询诱因与病程。带下：带下色白量多清稀多脾虚或肾虚；带下色黄黏稠臭秽多湿热下注；赤白带下多肝经郁热或湿毒。妊娠：停经伴嗜酸择食…,,
q047,产后乳汁不足，如何通乳？,case,furenwenbing_001,温热论,温热论,妇人温病,再妇人病温，与男子同，但多胎前产后，以及经水适断适来。……而经水适来者，邪气又陷入里，不问其轻重，其邪必散于血室之中，与血相结……至如经水适断，邪随血室空虚而内陷，亦为热入血室。,本条论妇人温病。女子病温，一般与男子同治；惟须兼顾胎前、产后及经水适来适断之时。经水适来而热陷血室、与血相结，或经水适断、血室空虚而邪热内陷，皆成「热入血室」，症见昼静夜甚、谵语如狂、少腹结急。治宜清营凉血、透热导瘀，兼顾胎产虚羸，不可峻攻伤正。,,
q047,产后乳汁不足，如何通乳？,case,guizhifulingwan_002,《中国药典》一部/药品说明书（要点归纳）,止咳/外妇儿/中成药,桂枝茯苓丸·活血消癥,据现行版《中国药典》一部与药品说明书要点归纳：本品由桂枝、茯苓、牡丹皮、赤芍、桃仁组成，具活血、消癥之功，用于妇人宿有癥块，或血瘀经闭，行经腹痛，产后恶露不尽。用法用量按说明书口服。,桂枝茯苓丸为古方（《金匮要略》）改制的活血消癥类妇科处方药，用于妇人癥块、血瘀经闭、产后恶露不尽。本方活血，孕妇禁用；经期及经后慎用；癥块性质不明者应先就医明确诊断。本条目为中成药，请按说明书或在医师指导下使用。,,
q047,产后乳汁不足，如何通乳？,case,shenghuatang_001,《方剂学》规划教材（要点归纳）,理血剂,生化汤·化瘀生新温经止痛,"传统方歌：""生化汤宜产后尝，归芎桃草炮姜良，勿因小产轻尝试，恶露行时腹痛康。""（《傅青主女科》方，据教材要点归纳：当归约八钱、川芎约三钱、桃仁约十四枚、干姜炮黑五分、炙甘草五分，黄酒童便各半煎服。）",生化汤为产后常用方，主治产后血虚受寒、恶露不行之小腹冷痛。本方为产后瘀寒之常方，须在产后遵医嘱使用，血热瘀阻、产后出血过多者不宜。本方为要点归纳，供参考；具体用药请遵医嘱。,,
q047,产后乳汁不足，如何通乳？,case,chanhoueulubujue_001,《中医妇科学》规划教材（要点归纳）,妇科,产后恶露不绝·产后恶露持续3周以上淋漓不止,产后恶露不绝是指产后恶露持续3周以上仍淋漓不断者。病因多为气虚、血热、血瘀，致冲任不固、气血运行失常。辨证常见气虚、血热、血瘀等型。治法以补气摄血、养阴清热止血、活血化瘀止血为主。,产后恶露不绝须辨虚实：气虚色淡量多用补中益气汤，血热色红质稠用保阴煎，血瘀色黯有块用生化汤。若出血量多、持续不止、伴发热腹痛，须及时就医，排除胎盘残留或感染。本条目为教材要点归纳，供参考；具体诊疗请遵医嘱。,,
q047,产后乳汁不足，如何通乳？,case,snb_baijiang_001,神农本草经,中经,败酱,败酱，味苦，平。主暴热火创赤气，疥瘙疽痔，马鞍热气。,败酱辛苦微寒，清热解毒、消痈排脓、祛瘀止痛，主治肠肺痈疮疡及产后瘀阻腹痛。本经主暴热火创、疥瘙疽痔，取其清热解毒消痈之功。,,
q047,产后乳汁不足，如何通乳？,case,chanhoufare_001,《中医妇科学》规划教材（要点归纳）,妇科,产后发热·产褥期内发热持续不退,产后发热是指产褥期内，出现发热持续不退，或突然高热寒战，并伴有其他症状者。病因多为感染邪毒、外感、血瘀、血虚等。辨证常见感染邪毒、外感、血瘀、血虚等型。治法以清热解毒、养血祛风、活血化瘀、补益气血为主。,产后发热须重视，尤以感染邪毒（产褥感染）为危急，多见高热寒战、恶露臭秽、腹痛拒按，须及时就医抗感染。中医分感染邪毒（五味消毒饮）、血瘀（生化汤）、血虚（八珍汤）等论治。高热不退、神昏者须立即送医。本条目为教材要点归纳，供参考；具体诊疗请遵医嘱。,,
q047,产后乳汁不足，如何通乳？,case,yinting_001,《中医妇科学》规划教材（要点归纳）,妇科,阴挺·子宫下移甚至脱出阴道口外,阴挺是指子宫从正常位置沿阴道下降，甚至脱出阴道口外，伴小腹下坠、尿频或排尿困难者，相当于西医子宫脱垂。病因多为分娩损伤、产后过劳、年老肾虚，致气虚下陷或肾气不固、胞络损伤。辨证常见气虚下陷、肾气不固等型。,阴挺即子宫脱垂，临床见小腹下坠、阴道有物脱出。中医分气虚下陷（补中益气汤）、肾气不固（大补元煎）论治，配合提肛锻炼、避免久站久劳、必要时子宫托或手术。脱出不能回纳、破溃感染须及时就医。本条目为教材要点归纳，供参考；具体诊疗请遵医嘱。,,
q047,产后乳汁不足，如何通乳？,case,jingjiesuitan_001,中国药典（2025年版）一部,止血药,荆芥穗炭,据《中国药典》2025 年版一部：荆芥穗炭系唇形科植物荆芥 Schizonepeta tenuifolia Briq. 的干燥花穗经炒炭的炮制品，辛散之力减，专于止血（加工品：炒炭品）。性味辛、涩，微温；归肺、肝经。功能与主治：收敛止血；用于便血，崩漏，产后血晕。用法与用量：5～10g。贮藏：置阴凉干燥处。,**简明**：荆芥穗炭辛涩微温，功专收敛止血，主治便血、崩漏、产后血晕，止血力与荆芥炭相近而取花穗入药。**详解**：崩漏配血余炭、棕榈炭；便血配地榆、槐花。生荆芥穗偏于疏风发汗，**炒炭方入血分止血**，临证须分生用与炭用。,,
q047,产后乳汁不足，如何通乳？,case,lianfang_001,中国药典（2025年版）一部,收涩药,莲房,据《中国药典》2025 年版一部：莲房为睡莲科植物莲 Nelumbo nucifera Gaertn. 的干燥花托（药用部位：花托）。性味苦、涩，温；归肝经。功能与主治：化瘀止血；用于崩漏，尿血，痔疮出血，产后瘀阻，恶露不尽。用法与用量：5～10g。贮藏：置通风干燥处，防蛀。  **【古注】】 《本草纲目》：莲房苦涩温…,**简明**：莲房苦涩温，化瘀止血（**化瘀而不留瘀**），主治崩漏、尿血、痔血及产后恶露不尽。**详解**：崩漏配棕榈炭、血余炭；产后恶露配当归、川芎。**烧存性（莲房炭）止血力强**。,,
q047,产后乳汁不足，如何通乳？,case,yinjiao_001,针灸学,任脉,阴交,出《针灸甲乙经》。,阴交为任脉、冲脉、足少阴之会，定位在下腹部，前正中线上，脐中下1寸。主治腹痛、水肿、疝气、月经不调、带下崩漏及产后恶露不止。刺法：直刺1～1.5寸；可灸。,,
q047,产后乳汁不足，如何通乳？,case,yutinghong_001,余听鸿医案,外证门,余听鸿·乳痈消托案,某妇，乳房掀红肿痛，寒热往来。余氏谓乳为阳明胃经所司，乳头属厥阴肝，此肝胃郁热、乳络壅滞，初起当疏肝清胃、通络散结，使外肿内消，若脓成则又当托里透脓，不可一味内消。,此案辨乳痈为肝胃郁热、乳络壅滞，初起主以疏肝清胃、通络内消，并强调脓成即当托透，不可拘泥一法。余氏于外证辨证精细，示人外治必合内治、消托须分阶段。,,
q047,产后乳汁不足，如何通乳？,case,ruzhong_001,针灸学,足阳明胃经,乳中,出《针灸甲乙经》。《针灸甲乙经》：乳中，禁不可刺灸，灸刺之，不幸生蚀疮，疮中有脓血，可治；疮中有淫疮汁出者，死。,乳中定位在胸部，当第4肋间隙，乳头中央，距前正中线4寸。本穴不针不灸，仅作胸腹部腧穴的定位标志，临床不作为治疗用穴。刺灸法：禁针、禁灸。,,
q047,产后乳汁不足，如何通乳？,case,xiaoerweiyang_001,《中医儿科学》规划教材（要点归纳）,儿科,小儿喂养·母乳喂养与辅食添加,"小儿喂养分母乳喂养、人工喂养与混合喂养。中医主张""乳贵有时，食贵有节""，提倡母乳喂养，按需哺乳；随月龄增长，按由少到多、由稀到稠、由细到粗、由一种到多种原则循序渐进添加辅食，并注意乳母饮食调摄。","小儿""脾常不足""，喂养须节制，忌贪多、过早加杂食、偏嗜。母乳最宜，辅食应顺应发育逐步添加。凡体重不增、反复呕吐腹泻、生长发育迟缓者须就医。教材要点归纳，供参考；具体诊疗请遵医嘱。",,
q047,产后乳汁不足，如何通乳？,case,ruqi_001,《中医外科学》规划教材（要点归纳）,外科,乳癖·乳房良性结块与月经周期相关,乳癖是乳腺组织的既非炎症也非肿瘤的良性增生性疾病，其特点是乳房部出现形状、大小不一的肿块，边界不清，质地不坚，活动度好，常伴胀痛，症状与月经周期相关。病因多为情志内伤、肝郁痰凝，冲任失调。辨证分肝郁痰凝、冲任失调等型。,乳癖治疗以疏肝理气、化痰散结为主，冲任失调者调理冲任。本病为乳腺增生病，但乳房肿块性质须经专科检查与乳腺癌鉴别，定期复查。教材要点归纳，供参考；具体诊疗请遵医嘱。,,
q047,产后乳汁不足，如何通乳？,case,jingui_021,金匮要略,妇人产后病脉证治第二十一,妇人产后病脉证治第二十一,（论一首 证六条 方七首） 问曰：新产妇人有三病，一者病痉，二者病郁冒，三者大便难，何谓也？师曰：新产血虚、多出汗、喜中风，故令病痉；亡血复汗、寒多，故令郁冒；亡津液，胃燥，故大便难。 产妇郁冒，其脉微弱，不能食，大便反坚，但头汗出，所以然者，血虚而厥，厥而必冒。冒家欲解，必大汗出。以血虚下厥，孤阳上出，故头汗出。所以…,本篇论妇人产后病。新产有痉、郁冒、大便难三病，皆因亡血多汗、津液亏虚。产后腹痛分寒疝（当归生姜羊肉汤）、气滞（枳实芍药散）、干血着脐下（下瘀血汤）；产后中风发热主竹叶汤；产后虚烦呕逆主竹皮大丸。,,
q047,产后乳汁不足，如何通乳？,case,shenghuatang_jieyao_001,方解（方论集要）,理血剂·方解,生化汤·化瘀生新温经止痛,本方出《傅青主女科》：组成当归、川芎、桃仁、干姜炮、炙甘草。方中重用当归君，补血活血、化瘀生新；川芎臣，活血行气；桃仁佐，活血祛瘀；炮姜佐，温经散寒止痛；炙甘草使，调和诸药。,生化汤为产后常用方，治产后血虚受寒、恶露不行、小腹冷痛。重用当归补血活血为君，川芎桃仁活血，炮姜温经，生新化瘀。本方为产后通剂，血热瘀滞、产后出血过多者不宜。方解供学习参考；具体用药请遵医嘱。,,
q047,产后乳汁不足，如何通乳？,case,zhejin_001,针灸学,足少阳胆经,辄筋,出《针灸甲乙经》。,辄筋定位在侧胸部，渊腋前1寸，平乳头，第4肋间隙中。主治胸满胁痛、气喘及呕吐吞酸。操作斜刺0.5～0.8寸；可灸。,,
q047,产后乳汁不足，如何通乳？,case,juye_001,《中药学》（清华社）· 药典外品种,理气药,橘叶,据清华社《中药学》：橘叶为芸香科植物橘 Citrus reticulata Blanco 及其栽培变种的干燥叶（药用部位：叶）。性味苦、辛，平；归肝经。功能与主治：疏肝行气，散结消肿；用于胁肋胀痛，乳痈，乳房结块，疝气。用法与用量：6～10g。外用适量。贮藏：置通风干燥处。,**简明**：橘叶苦辛平，疏肝行气而散结消肿，为治胁痛乳痈与乳癖的常用药。。**详解**：胁肋胀痛配柴胡、郁金；乳痈配瓜蒌、蒲公英、金银花；乳房结块配夏枯草、牡蛎；疝气配橘核、荔枝核。,,
q047,产后乳汁不足，如何通乳？,case,quanpen_001,针灸学,足阳明胃经,缺盆,出《针灸甲乙经》。《针灸甲乙经》：缺盆，一名天盖，在肩上横骨陷者中。,缺盆定位在锁骨上窝中央，前正中线旁开4寸。主治咳嗽、气喘、咽喉肿痛、缺盆中痛、瘰疬等胸肺病证。刺法：直刺或斜刺0.3~0.5寸，孕妇禁针。,,
q047,产后乳汁不足，如何通乳？,case,lieque_001,针灸学,手太阴肺经,列缺,《灵枢·经脉》：手太阴之别，名曰列缺，起于腕上分间，并太阴之经直入掌中，散入于鱼际。  四总穴歌：头项寻列缺。,列缺为手太阴肺经络穴、八脉交会穴（通于任脉），定位在前臂，腕掌侧远端横纹上1.5寸，拇短伸肌腱与拇长展肌腱之间，拇长展肌腱沟凹陷中（两手虎口交叉，一手食指尖所指凹陷处）。主治咳嗽、气喘、咽喉痛，以及头痛、项强、口眼歪斜、齿痛等头项部疾患，「头项寻列缺」即指此。刺法：向上斜刺0.3～0.5寸；可灸。,,
q047,产后乳汁不足，如何通乳？,case,nanjing_045,难经,第四十五难,第四十五难,曰：经言八会者，何也？  然：腑会太仓，脏会季胁，筋会阳陵泉，髓会绝骨，血会鬲俞，骨会大抒，脉会太渊，气会三焦外，一筋直两乳内也。热病在内者，取其会之气穴也。,本难论八会穴。腑会太仓（中脘）、脏会季胁（章门）、筋会阳陵泉、髓会绝骨、血会膈俞、骨会大杼、脉会太渊、气会三焦外两乳内（膻中），热病在内取之。,,
q048,小儿积食腹胀，食欲不振，怎么办？,case,dashanzhawan_001,《中国药典》一部/药品说明书（要点归纳）,消导/理气/中成药,大山楂丸·开胃消食,据现行版《中国药典》一部与药品说明书要点归纳：本品由山楂、六神曲（麸炒）、炒麦芽三味组成，具开胃消食之功，用于食积内停所致的食欲不振、消化不良、脘腹胀闷。用法用量按说明书口服。,大山楂丸为三味消导药组成的开胃消食常用中成药，用于食积肉积、食欲不振、脘腹胀闷。本品味酸甘，胃酸过多、胃溃疡及糖尿病患者（含糖蜜丸）慎用；服药期间宜清淡饮食。本条目为中成药，请按说明书或在医师指导下使用。,,
q048,小儿积食腹胀，食欲不振，怎么办？,case,yanshi_001,《中医儿科学》规划教材（要点归纳）,儿科,厌食·较长时期食欲不振见食不贪,厌食是小儿较长时期见食不贪、食欲不振，甚至拒食的病证。病因多为喂养不当、他病伤脾、先天不足、情志失调；辨证分脾失健运、脾胃气虚、脾胃阴虚等型。,厌食治疗以运脾开胃为原则，脾失健运者调和脾胃，脾胃气虚者健脾益气，脾胃阴虚者养胃育阴。同时注意纠正不良饮食习惯。明显消瘦、体重不增者须就医。教材要点归纳，供参考；具体诊疗请遵医嘱。,,
q048,小儿积食腹胀，食欲不振，怎么办？,case,jianli_001,针灸学,任脉,建里,出《针灸甲乙经》。,建里属任脉，定位在上腹部，前正中线上，脐中上3寸。主治胃痛、呕吐、腹胀肠鸣及食欲不振。刺法：直刺1～1.5寸；可灸。,,
q048,小儿积食腹胀，食欲不振，怎么办？,case,chengman_001,针灸学,足阳明胃经,承满,出《针灸甲乙经》。《针灸甲乙经》：承满，在不容下一寸。,承满定位在上腹部，当脐中上5寸，前正中线旁开2寸。主治胃痛、呕吐、腹胀、肠鸣、食欲不振等胃腑病证。刺法：直刺0.5~0.8寸。,,
q048,小儿积食腹胀，食欲不振，怎么办？,case,gansong_001,中国药典（2025年版）一部,理气药,甘松,据《中国药典》2025 年版一部：甘松为败酱科植物甘松 Nardostachys jatamansi DC. 的干燥根及根茎（药用部位：根及根茎）。性味辛、甘，温；归脾、胃经。功能与主治：理气止痛，开郁醒脾；用于脘腹胀满，食欲不振，呕吐；外治牙痛，脚气肿毒。用法与用量：3～6g。外用适量，泡汤漱口或煎汤洗脚。贮藏：置阴…,**简明**：甘松辛甘温，理气止痛、开郁醒脾，主治脘腹胀满、食欲不振、呕吐，外治牙痛脚气。**详解**：脘腹胀痛配木香、砂仁；食欲不振配陈皮、麦芽；牙痛煎汤含漱。气虚血热者慎用。,,
q048,小儿积食腹胀，食欲不振，怎么办？,case,ciwujiaopian_001,《中国药典》一部/药品说明书（要点归纳）,补益剂/中成药,刺五加片·益气健脾补肾安神,据现行版《中国药典》一部与药品说明书要点归纳：本品为刺五加浸膏片，具益气健脾、补肾安神之功，用于脾肾阳虚，症见体虚乏力、食欲不振、腰膝酸痛、失眠多梦。用法用量按说明书口服。,刺五加片为单味药益气健脾、补肾安神类中成药，用于脾肾阳虚之体虚乏力、食欲不振、腰膝酸痛、失眠多梦。本品偏温补，阴虚火旺、感冒发热者不宜。服药期间宜规律作息、适度运动；失眠长期不愈或伴明显不适者应就医。本条目为中成药，请按说明书或在医师指导下使用。,,
q048,小儿积食腹胀，食欲不振，怎么办？,case,dangyao_001,中国药典（2025年版）一部,清热药,当药,据《中国药典》2025 年版一部：当药为龙胆科植物瘤毛獐牙菜 Swertia pseudochinensis Hara 的干燥全草（药用部位：全草）。性味苦，寒；归肝、胆、胃经。功能与主治：清热利湿，健胃；用于湿热黄疸，胁痛，食欲不振。用法与用量：6～12g。贮藏：置阴凉干燥处。,**简明**：当药苦寒，清热利湿而健胃，为治湿热黄疸与食欲不振的常用药。。**详解**：湿热黄疸配茵陈、栀子；胁痛配柴胡、郁金；食欲不振配麦芽、山楂。脾胃虚寒者慎用。,,
q048,小儿积食腹胀，食欲不振，怎么办？,case,bazhenwan_001,《中国药典》一部/药品说明书（要点归纳）,补益剂/中成药,八珍丸·补气益血,据现行版《中国药典》一部与药品说明书要点归纳：本品由党参、白术、茯苓、甘草、当归、白芍、川芎、熟地黄（四君子汤合四物汤）组成，具补气益血之功，用于气血两虚，面色萎黄，食欲不振，四肢乏力，月经过多。用法用量按说明书口服。,八珍丸为四君子汤合四物汤的气血双补基础中成药，用于气血两虚之面色萎黄、食少乏力。本品偏温补，咳嗽痰多、脘腹胀痛、感冒发热者不宜；服药期间不宜和感冒类药同服。本条目为中成药，请按说明书或在医师指导下使用。,,
q048,小儿积食腹胀，食欲不振，怎么办？,case,xiaochaihukeli_001,《中国药典》一部/药品说明书（要点归纳）,解表剂/中成药,小柴胡颗粒·解表散热疏肝和胃,据现行版《中国药典》一部与药品说明书要点归纳：本品由柴胡、黄芩、半夏、党参、生姜、甘草、大枣等组成，具解表散热、疏肝和胃之功，用于外感病邪犯少阳证，症见寒热往来、胸胁苦满、食欲不振、心烦喜呕、口苦咽干。用法用量按说明书开水冲服。,小柴胡颗粒为古方小柴胡汤改制的常用和解少阳类中成药，用于邪犯少阳之寒热往来、胸胁苦满、口苦咽干。服药期间忌烟、酒及辛辣生冷油腻；风寒表证、阴虚吐血者不宜，孕妇慎用。本条目为中成药，请按说明书或在医师指导下使用。,,
q048,小儿积食腹胀，食欲不振，怎么办？,case,baibiandou_001,中国药典（2025年版）一部,补虚药,白扁豆,据《中国药典》2025 年版一部：白扁豆为豆科植物扁豆 Dolichos lablab L. 的干燥成熟种子（药用部位：成熟种子）。性味甘，微温；归脾、胃经。功能与主治：健脾化湿，和中消暑；用于脾胃虚弱，食欲不振，大便溏泻，白带过多，暑湿吐泻，胸闷腹胀。用法与用量：9～15g。贮藏：置通风干燥处，防蛀。  **【古注】…,**简明**：白扁豆甘微温，健脾化湿、和中消暑（**补脾而不腻、化湿而不燥**），主治脾虚食少便溏、带下及暑湿吐泻。**详解**：脾虚泄泻配白术、山药（参苓白术散）；暑湿吐泻配香薷、厚朴（香薷散）。**炒用健脾止泻力佳**；需煮熟食用。,,
q048,小儿积食腹胀，食欲不振，怎么办？,case,shuganheweiwan_001,《中国药典》一部/药品说明书（要点归纳）,消导/理气/中成药,舒肝和胃丸·疏肝解郁和胃止痛,据现行版《中国药典》一部与药品说明书要点归纳：本品由香附、白芍、佛手、郁金、白术、陈皮、广藿香、木香、砂仁、柴胡、炙甘草等组成，具舒肝解郁、和胃止痛之功，用于肝胃不和，两胁胀满，食欲不振，嗳气泛酸，恶心呕吐，胃脘胀痛，大便失调。用法用量按说明书口服。,舒肝和胃丸为常用疏肝和胃类中成药，用于肝胃不和之胁胀、纳呆、嗳气泛酸、胃脘胀痛。服药期间忌情绪激动、忌生冷油腻；孕妇慎用，脾胃阴虚、肝阴不足者不宜。本条目为中成药，请按说明书或在医师指导下使用。,,
q048,小儿积食腹胀，食欲不振，怎么办？,case,ciwujia_001,中国药典（2025年版）一部,补虚药,刺五加,据《中国药典》2025 年版一部：刺五加为五加科植物刺五加 Acanthopanax senticosus (Rupr. et Maxim.) Harms 的干燥根和根茎（药用部位：根和根茎）。性味辛、微苦，温；归脾、肾、心经。功能与主治：益气健脾，补肾安神；用于脾肺气虚，体虚乏力，食欲不振，肺肾两虚，久咳虚喘，肾虚腰…,**简明**：刺五加辛微苦温，益气健脾而补肾安神，为治脾虚乏力、失眠健忘的常用药。。**详解**：脾虚乏力、食欲不振配黄芪、白术；腰膝酸软配杜仲、牛膝；失眠多梦配酸枣仁、茯神。阴虚火旺者慎用。,,
q048,小儿积食腹胀，食欲不振，怎么办？,case,guipiwan_002,《中国药典》一部/药品说明书（要点归纳）,补益剂/中成药,归脾丸·益气健脾养血安神,据现行版《中国药典》一部与药品说明书要点归纳：本品由党参、白术、黄芪、茯苓、远志、酸枣仁、龙眼肉、当归、木香、大枣、炙甘草组成，具益气健脾、养血安神之功，用于心脾两虚，气短心悸，失眠多梦，头昏头晕，肢倦乏力，食欲不振，崩漏便血。用法用量按说明书温开水或生姜汤送服。,归脾丸为古方归脾汤改制的益气养血、健脾安神类中成药，用于心脾两虚之心悸失眠、食少乏力、崩漏便血。本方甘温壅补，痰湿内盛、阴虚火旺者不宜；感冒发热期间停服。本条目为中成药，请按说明书或在医师指导下使用。,,
q048,小儿积食腹胀，食欲不振，怎么办？,case,hujiao_001,中国药典（2025年版）一部,温里药,胡椒,据《中国药典》2025 年版一部：胡椒为胡椒科植物胡椒 Piper nigrum L. 的干燥近成熟或成熟果实（药用部位：果实）。性味辛，热；归胃、大肠经。功能与主治：温中散寒，下气消痰；用于胃寒呕吐，腹痛泄泻，食欲不振，癫痫痰多。用法与用量：0.6～1.5g，研粉吞服；外用适量。贮藏：密闭，置阴凉干燥处。  **【古…,**简明**：胡椒辛热，温中散寒、下气消痰，主治胃寒呕吐、腹痛泄泻、食欲不振及癫痫痰多，亦为调味品。**详解**：胃寒吐泻研粉吞服或配干姜；食欲不振配神曲；癫痫痰壅配白矾研末服。阴虚火旺者忌用，多食动火耗液。,,
q048,小儿积食腹胀，食欲不振，怎么办？,case,lajiao_001,中国药典（2025年版）一部,温里药,辣椒,据《中国药典》2025 年版一部：辣椒为茄科植物辣椒 Capsicum annuum L. 及其栽培变种的干燥成熟果实（药用部位：成熟果实）。性味辛，热；归脾、胃经。功能与主治：温中散寒，开胃消食；用于寒滞腹痛，呕吐，泻痢，冻疮。用法与用量：0.5～1g。外用适量。注意：阴虚火旺及消化道溃疡者忌服。贮藏：置阴凉干燥处。,**简明**：辣椒辛热，温中散寒而开胃消食，内服治寒滞腹痛泻痢，外用治冻疮。。**详解**：寒滞腹痛、呕吐泻痢配干姜、高良姜；食欲不振可少量佐餐；冻疮可用辣椒酊外涂。**阴虚火旺、胃溃疡、痔疮出血者忌服**；外用勿过量以免起疱。,,
q048,小儿积食腹胀，食欲不振，怎么办？,case,taizishen_001,中国药典（2025年版）一部,补虚药,太子参,据《中国药典》2025 年版一部：太子参为石竹科植物孩儿参 Pseudostellaria heterophylla (Miq.) Pax ex Pax et Hoffm. 的干燥块根（药用部位：块根）。性味甘、微苦，平；归脾、肺经。功能与主治：益气健脾，生津润肺；用于脾虚体倦，食欲不振，病后虚弱，气阴不足，自汗口渴，…,**简明**：太子参甘微苦平，益气健脾、生津润肺（**清补气阴、药力平和**），主治脾虚食少倦怠、病后虚弱、自汗口渴及肺燥干咳，尤宜小儿。**详解**：气阴不足配麦冬、五味子；脾虚食少配白术、茯苓；肺燥干咳配沙参、麦冬。,,
q048,小儿积食腹胀，食欲不振，怎么办？,case,lianzi_001,中国药典（2025年版）一部,收涩药,莲子,据《中国药典》2025 年版一部：莲子为睡莲科植物莲 Nelumbo nucifera Gaertn. 的干燥成熟种子（药用部位：成熟种子）。性味甘、涩，平；归脾、肾、心经。功能与主治：补脾止泻，止带，益肾涩精，养心安神；用于脾虚久泻，食欲不振，肾虚遗精，带下，虚烦失眠，心悸。用法与用量：6～15g。贮藏：置干燥处，防…,**简明**：莲子甘涩平，补脾止泻、止带、益肾涩精、养心安神（**补涩兼施，心脾肾同治**），主治脾虚久泻、肾虚遗精带下及虚烦失眠。**详解**：脾虚泄泻配白术、茯苓（参苓白术散）；遗精带下配芡实、金樱子；心肾不交配酸枣仁、远志。**中满痞胀、大便燥结者慎用**。,,
q048,小儿积食腹胀，食欲不振，怎么办？,case,snb_qianglang_001,神农本草经,下经,蜣螂,蜣螂，味咸，寒。主小儿惊痫瘈疭，腹胀寒热，大人癫疾狂易。生池泽。,蜣螂（鞘翅目金龟子科屎蜣螂）咸寒有毒，定惊止痉、破瘀散结、通便，主治小儿惊痫瘈疭、大人癫疾狂乱、腹胀便秘及癥瘕。其有毒，须炒制后入丸散，孕妇及脾胃虚寒者忌用，不宜久服过量。,,
q048,小儿积食腹胀，食欲不振，怎么办？,case,pixu_001,中医诊断学,辨证,脾气虚证与脾阳虚证,脾虚证类。据规划教材《中医诊断学》归纳：脾气虚证以食少纳呆、腹胀（食后益甚）、便溏、肢体倦怠、少气懒言、面色萎黄或㿠白、舌淡苔白、脉缓弱为要点；脾阳虚证在脾气虚基础上兼见腹部冷痛、喜温喜按、畏寒肢冷、或肢体浮肿、妇女带下清稀量多、舌淡胖嫩、脉沉迟无力。,脾气虚治宜健脾益气；脾阳虚治宜温中健脾。二者均见运化失健之食少、腹胀、便溏。鉴别眼目：脾气虚以倦怠、面黄、舌淡脉弱为主，无明显寒象；脾阳虚兼腹部冷痛、喜温喜按、畏寒肢冷、舌淡胖，属寒象明显。脾失升清可致中气下陷（见气虚气陷条），脾不统血可致出血，均为脾气虚之变证。,,
q048,小儿积食腹胀，食欲不振，怎么办？,case,weibing_001,中医诊断学,辨证,胃气虚、胃热、胃阴虚与食滞胃脘证,胃病辨证。据规划教材《中医诊断学》归纳：胃气虚证以胃脘隐痛或痞胀、食纳不振、食后胀甚、嗳气、面色萎黄、舌淡苔白、脉弱为要点；胃热证以胃脘灼痛、吞酸嘈杂、渴喜冷饮、消谷善饥、口臭、牙龈肿痛溃烂、便秘、舌红苔黄、脉滑数为要点；胃阴虚证以胃脘隐痛、饥不欲食、口燥咽干、大便干结、舌红少苔或无苔、脉细数为要点；食滞胃脘证以胃脘胀…,胃气虚治宜益气养胃；胃热治宜清胃泻火；胃阴虚治宜滋养胃阴；食滞胃脘治宜消食导滞。胃病均以胃脘痞胀疼痛为主症。鉴别眼目：胃气虚为隐痛痞胀、食后胀甚、舌淡脉弱（虚）；胃热为灼痛、消谷善饥、口臭龈肿、苔黄（实热）；胃阴虚为饥不欲食、口干便干、舌红少苔（虚热）；食滞胃脘为胀痛嗳腐、吐后痛减、苔厚腻（食积实证）。,,
q048,小儿积食腹胀，食欲不振，怎么办？,case,feierwan_001,《方剂学》规划教材（要点归纳）,消食剂,肥儿丸·杀虫消积健脾清热治小儿疳积虫积,"传统方歌：""肥儿丸内使君连，肉蔻香连曲麦槟榔，猪胆为丸米饮下，杀虫消疳幼科先。""（《太平惠民和剂局方》方，据教材要点归纳：神曲、黄连、肉豆蔻、使君子、麦芽、槟榔、木香，猪胆汁为丸，各约常用量，米汤化下。）",肥儿丸为杀虫消积、健脾清热代表方，主治小儿疳积、虫积腹痛，症见小儿面黄腹胀、食少便溏、肚腹胀痛、或吐清水蛔虫、发热口臭。功能杀虫消积、健脾清热，为儿科治疳积虫积常用方。使用注意：方含使君子、槟榔等驱虫药，为儿童专用，须按年龄体重酌量；脾胃虚弱、无虫积者不可轻投；驱虫后当调理脾胃。本方为要点归纳，供参考；具体用药请遵医嘱…,,
q048,小儿积食腹胀，食欲不振，怎么办？,case,jizhi_001,《中医儿科学》规划教材（要点归纳）,儿科,积滞·内伤乳食停聚脘腹胀满,积滞是小儿内伤乳食、停聚胃肠、积而不消、气滞不行所形成的脾胃病证，以不思乳食、脘腹胀满、嗳腐呕吐、大便溏薄或秘结臭秽为特征。辨证分乳食内积、脾虚夹积等型。,积滞治疗以消食化滞、理气行滞为原则，实证消导，虚中夹积消补兼施。积滞日久可成疳证，须及时调治。教材要点归纳，供参考；具体诊疗请遵医嘱。,,
q048,小儿积食腹胀，食欲不振，怎么办？,case,changyanningpian_001,《中国药典》一部/药品说明书（要点归纳）,消导/理气/中成药,肠炎宁片·清热利湿行气,据现行版《中国药典》一部与药品说明书要点归纳：本品由地锦草、金毛耳草、樟树根、香薷、枫香树叶等组成，具清热利湿、行气之功，用于大肠湿热所致泄泻，症见大便泄泻、腹痛腹胀；急慢性胃肠炎、腹泻、小儿消化不良见上述证候者。用法用量按说明书口服。,肠炎宁片为清热利湿止泻类中成药，用于大肠湿热之急慢性胃肠炎、腹泻腹痛。本品性偏寒凉，脾胃虚寒泄泻、寒湿痢者慎用。服药期间饮食宜清淡，忌烟酒辛辣油腻；腹泻伴高热、剧烈腹痛、脓血便或脱水者应及时就医。本条目为中成药，请按说明书或在医师指导下使用。,,
q048,小儿积食腹胀，食欲不振，怎么办？,case,shanghan_565,伤寒论,辨痉湿暍脉证,湿家病（第565条）,湿家病，身上疼痛，发热面黄而喘，头痛，鼻塞而烦，其脉大，自能饮食，腹中和无病，病在头中寒湿，故鼻塞，内药鼻中，则愈。,本条论述痉湿暍之脉证。症见发热、头痛、烦、喘。当审其表里寒热、虚实传变而施治。,,
q048,小儿积食腹胀，食欲不振，怎么办？,case,jishiteng_001,《中药学》（清华社）· 药典外品种,消食药,鸡矢藤,据清华社《中药学》：鸡矢藤为茜草科植物鸡矢藤 Paederia scandens (Lour.) Merr. 的干燥地上部分（药用部位：地上部分）。性味甘、苦，平；归脾、胃、肝经。功能与主治：消食化积，止痛，解毒消肿；用于食积腹胀，小儿疳积，脘腹疼痛，跌打损伤，湿疹。用法与用量：15～30g。外用适量。贮藏：置通风干燥…,**简明**：鸡矢藤甘苦平，消食化积而止痛解毒，为治食积腹胀与疳积的常用药。。**详解**：食积腹胀配山楂、麦芽、莱菔子；小儿疳积配使君子、槟榔；脘腹疼痛配延胡索、木香；湿疹煎水外洗。,,
q048,小儿积食腹胀，食欲不振，怎么办？,case,xiaoerhuashiwan_001,《中国药典》一部/药品说明书（要点归纳）,止咳/外妇儿/中成药,小儿化食丸·消食化滞泻火通便,据现行版《中国药典》一部与药品说明书要点归纳：本品由六神曲、山楂、麦芽、槟榔、莪术、三棱、牵牛子、大黄组成，具消食化滞、泻火通便之功，用于小儿胃热停食，肚腹胀满，恶心呕吐，烦躁，口渴，大便干燥。用法用量按说明书口服，周岁以内酌减。,小儿化食丸为儿科消食导滞、泻火通便类中成药，用于小儿胃热停食之腹胀、便干。本方含大黄、牵牛子，泻下力较强，脾虚便溏者不宜，不可过量久服；服药后大便通、症状减即停。本条目为中成药，请按说明书或在医师指导下使用。,,
q048,小儿积食腹胀，食欲不振，怎么办？,case,dajianzhongtang_001,金匮要略,腹满寒疝宿食病脉证治第十,大建中汤方,（论一首 脉证十六条 方十四首） 趺阳脉微弦，法当腹满，不满者必便难，两胠疼痛，此虚寒从下上也，以温药服之。病者腹满，按之不痛为虚，痛者为实，可下之。舌黄未下者，下之黄自去。 腹满时减，复如故，此为寒，当与温药。 病者痿黄，躁而不渴，胸中寒实而利不止者，死。 寸口脉弦者，即胁下拘急而痛，其人啬啬恶寒也。 夫中寒家，喜欠…,大建中汤主治中阳衰弱、阴寒内盛之心胸中大寒痛、呕不能食、腹中寒甚。蜀椒温中散寒止痛，干姜温中祛寒，人参、饴糖补中缓急，共奏温中补虚、降逆止痛之功。,,
q048,小儿积食腹胀，食欲不振，怎么办？,case,jingui_010,金匮要略,腹满寒疝宿食病脉证治第十,腹满寒疝宿食病脉证治第十,（论一首 脉证十六条 方十四首） 趺阳脉微弦，法当腹满，不满者必便难，两胠疼痛，此虚寒从下上也，以温药服之。病者腹满，按之不痛为虚，痛者为实，可下之。舌黄未下者，下之黄自去。 腹满时减，复如故，此为寒，当与温药。 病者痿黄，躁而不渴，胸中寒实而利不止者，死。 寸口脉弦者，即胁下拘急而痛，其人啬啬恶寒也。 夫中寒家，喜欠…,本篇论腹满、寒疝、宿食。腹满分虚实，实者可下（大承气、大柴胡），寒者宜温（附子粳米、大建中）；寒疝以绕脐痛、手足厥冷为主，主大乌头煎或当归生姜羊肉汤；宿食在上脘当吐（瓜蒂散），在中下当下。,,
q048,小儿积食腹胀，食欲不振，怎么办？,case,zhangmen_001,针灸学,足厥阴肝经,章门,出《针灸甲乙经》。,章门为脾之募穴、八会穴之脏会，定位在侧腰部，当第11肋游离端的下方。为疏肝健脾要穴，主治腹痛、腹胀、肠鸣、泄泻、呕吐、神疲肢倦及小儿疳积。刺法：斜刺0.5～0.8寸；可灸。,,
q048,小儿积食腹胀，食欲不振，怎么办？,case,weicang_001,针灸学,足太阳膀胱经,胃仓,出《针灸甲乙经》。,胃仓定位在脊柱区，第12胸椎棘突下，后正中线旁开3寸，与胃俞平列，属足太阳膀胱经。长于和胃消食、健脾利水，主治腹胀、胃痛、小儿食积、水肿及背脊痛。刺法：斜刺0.5～0.8寸。,,
q048,小儿积食腹胀，食欲不振，怎么办？,case,shenqu_001,中国药典（2025年版）一部,消食药,六神曲,据《中国药典》2025 年版一部：六神曲为辣蓼、青蒿、杏仁泥、赤小豆、鲜苍耳草加入面粉（或麦麸）混合后经发酵而成的加工品（药用部位：发酵加工品）。性味甘、辛，温；归脾、胃经。功能与主治：健脾和胃，消食调中；用于饮食停滞，胸痞腹胀，呕吐泻痢，小儿腹大坚积。用法与用量：6～15g。贮藏：置通风干燥处，防潮，防蛀。  **【…,**简明**：六神曲甘辛温，健脾和胃、消食调中，善消**面食酒积**，主治饮食停滞、胸痞腹胀、呕吐泻痢。**详解**：食积配山楂、麦芽（保和丸）；脾虚食滞配白术、枳实（曲麦枳术丸）；兼表证配解表药。炒焦消食力强。,,
q048,小儿积食腹胀，食欲不振，怎么办？,case,ganzheng_001,《中医儿科学》规划教材（要点归纳）,儿科,疳证·脾胃虚损形体消瘦气血亏耗,疳证是由喂养不当或久病使脾胃虚损、气液耗伤而导致的小儿慢性病证，以形体消瘦、毛发稀疏、饮食异常、肚腹膨胀、精神萎靡或烦躁为特征，相当于小儿营养不良。辨证分疳气、疳积、干疳及兼证（疳肿胀、眼疳、口疳）。,疳证治疗以调理脾胃为原则：疳气和脾健运，疳积消积理脾，干疳补益气血。本病为慢性营养不良，须长期调治，严重消瘦、水肿者须就医。教材要点归纳，供参考；具体诊疗请遵医嘱。,,
q048,小儿积食腹胀，食欲不振，怎么办？,case,snb_baihe_001,神农本草经,中经,百合,百合，味甘，平。主邪气腹胀，心痛，利大小便，补中益气。,百合甘寒质润，养阴润肺、清心安神，主治阴虚燥咳、劳嗽咯血及虚烦惊悸、失眠多梦。本经主邪气腹胀心痛、利大小便、补中益气，取其清润和中、养阴安神之功。,,
q048,小儿积食腹胀，食欲不振，怎么办？,case,shanghan_322,伤寒论,辨少阴病脉证并治,少阴腹胀不大便急下（第322条）,少阴病，六七日，腹胀不大便者，急下之，宜大承气汤。,少阴病六七日，腹胀满而不大便，为燥屎内结、腑气壅滞，阴液受灼。此时邪实正虚，若不急下则阴竭难救，宜大承气汤峻下燥结，急下存阴。,,
q048,小儿积食腹胀，食欲不振，怎么办？,case,wuyi_001,中国药典（2025年版）一部,驱虫药,芜荑,据《中国药典》2025 年版一部：芜荑为榆科植物大果榆 Ulmus macrocarpa Hance 的果实经加工而成（药用部位：果实加工品）。性味辛、苦，温；归脾、胃经。功能与主治：杀虫消积；用于蛔虫病，蛲虫病，虫积腹痛，小儿疳积。外用治疥癣瘙痒。用法与用量：3～10g。外用适量，研末调敷。贮藏：置通风干燥处。,**简明**：芜荑辛苦温，杀虫消积，治蛔虫蛲虫、小儿疳积，外治疥癣瘙痒。**详解**：虫积疳积配使君子、槟榔；疥癣外用研末调敷。脾胃虚寒者慎用。,,
q048,小儿积食腹胀，食欲不振，怎么办？,case,heshi_001,中国药典（2025年版）一部,驱虫药,鹤虱,据《中国药典》2025 年版一部：鹤虱为菊科植物天名精 Carpesium abrotanoides L. 的干燥成熟果实（药用部位：成熟果实）。性味苦、辛，平；有小毒；归脾、胃经。功能与主治：杀虫消积；用于蛔虫病，蛲虫病，绦虫病，虫积腹痛，小儿疳积。用法与用量：3～9g。贮藏：置阴凉干燥处。  **【古注】】 《本草…,**简明**：鹤虱苦辛平有小毒，杀虫消积，治蛔虫蛲虫绦虫及小儿疳积，多入复方。**详解**：虫积腹痛配槟榔、使君子（化虫丸）。有小毒，不宜过量久服。,,
q048,小儿积食腹胀，食欲不振，怎么办？,case,shanghan_339,伤寒论,辨厥阴病脉证并治,热少厥微指头寒或便血（第339条）,伤寒，热少厥微，指头寒，默默不欲食，烦躁数日，小便利，色白者，此热除也，欲得食，其病为愈。若厥而呕，胸胁烦满者，其后必便血。,热少厥微，仅指头寒、默默不欲食而烦躁。若小便利色白、欲得食，为热除病愈；若厥而呕、胸胁烦满，为热邪深入血分，其后必便血。此以二便与食欲判断热邪之退进。,,
q048,小儿积食腹胀，食欲不振，怎么办？,case,jizhong_001,针灸学,督脉,脊中,出《针灸甲乙经》。,脊中为督脉穴。在脊柱区，第11胸椎棘突下凹陷中，后正中线上。主治腰脊强痛、黄疸、腹泻、痢疾、小儿疳积、痔疾。刺法：斜刺0.5～1寸；可灸。,,
q048,小儿积食腹胀，食欲不振，怎么办？,case,jianerxiaoshikoufuye_001,《中国药典》一部/药品说明书（要点归纳）,止咳/外妇儿/中成药,健儿消食口服液·健脾益胃理气消食,据现行版《中国药典》一部与药品说明书要点归纳：本品由炙黄芪、白术（麸炒）、麦冬、陈皮、黄芩、莱菔子（炒）、山楂（炒）等组成，具健脾益胃、理气消食之功，用于小儿饮食不节损伤脾胃引起的纳呆食少、脘腹胀满、面色萎黄、大便不调、厌食。用法用量按说明书，儿童用量按年龄酌减。,健儿消食口服液为儿科健脾益胃、理气消食类中成药，用于小儿饮食不节、脾胃受损之纳呆腹胀、厌食面黄。服药期间宜规律喂养、清淡易消化饮食，忌零食油腻；脾胃虚寒、反复腹泻者应辨证使用。小儿长期厌食消瘦、腹胀呕吐或发热者应及时就医。本条目为中成药，请按说明书或在医师指导下使用。,,
q048,小儿积食腹胀，食欲不振，怎么办？,case,jineijin_001,中国药典（2025年版）一部,消食药,鸡内金,据《中国药典》2025 年版一部：鸡内金为雉科动物家鸡 Gallus gallus domesticus Brisson 的干燥砂囊内壁（药用部位：砂囊内壁）。性味甘，平；归脾、胃、小肠、膀胱经。功能与主治：健胃消食，涩精止遗，通淋化石；用于食积不消，呕吐泻痢，小儿疳积，遗尿，遗精，石淋涩痛，胆胀胁痛。用法与用量：3～…,**简明**：鸡内金甘平，健胃消食（消**一切食积**尤宜米面薯芋）、涩精止遗、通淋化石，主治食积疳积、遗尿遗精、胆肾结石。**详解**：食积配山楂、麦芽；遗尿配桑螵蛸、益智仁；结石配金钱草、海金沙。**研末冲服效果优于煎剂**。,,
q048,小儿积食腹胀，食欲不振，怎么办？,case,yuji_001,针灸学,手太阴肺经,鱼际,《灵枢·本输》：溜于鱼际，鱼际者，手鱼也，为荥。,鱼际为手太阴肺经荥穴，定位在手外侧，第1掌骨桡侧中点赤白肉际处。主治咳嗽、咯血、咽喉肿痛、失音、发热等肺系热证，及小儿疳积。刺法：直刺0.5～0.8寸；可灸。,,
q048,小儿积食腹胀，食欲不振，怎么办？,case,feizi_001,中国药典（2025年版）一部,驱虫药,榧子,据《中国药典》2025 年版一部：榧子为红豆杉科植物榧 Torreya grandis Fort. 的干燥成熟种子（药用部位：成熟种子）。性味甘，平；归肺、胃、大肠经。功能与主治：杀虫消积，润肺止咳，润燥通便；用于钩虫病，蛔虫病，绦虫病，虫积腹痛，小儿疳积，肺燥咳嗽，肠燥便秘。用法与用量：9～15g。贮藏：置阴凉干燥处…,**简明**：榧子甘平无毒，杀虫消积（钩虫蛔虫绦虫）而不伤胃，兼润肺止咳、润燥通便。**详解**：虫积腹痛配槟榔、使君子；肺燥咳嗽配杏仁、川贝母；肠燥便秘配火麻仁。可炒熟嚼食，大便溏泄者慎用。,,
q048,小儿积食腹胀，食欲不振，怎么办？,case,luohui_001,中国药典（2025年版）一部,泻下药,芦荟,据《中国药典》2025 年版一部：芦荟为百合科植物库拉索芦荟 Aloe barbadensis Miller、好望角芦荟 Aloe ferox Miller 或其他同属近缘植物叶的汁液浓缩干燥物（药用部位：叶汁浓缩干燥物）。性味苦，寒；归肝、胃、大肠经。功能与主治：泻下通便，清肝泻火，杀虫疗疳；用于热结便秘，惊痫抽搐，…,**简明**：芦荟苦寒，泻下通便、清肝泻火、杀虫疗疳，主治热结便秘、肝火烦躁惊痫及小儿疳积。**详解**：热结便秘配朱砂（更衣丸）；肝经实火头晕目赤配龙胆、栀子（当归龙荟丸）；小儿疳积配使君子、槟榔。**不入汤剂，宜入丸散**（2～5g）；孕妇忌用，脾胃虚寒者忌用。,,
q048,小儿积食腹胀，食欲不振，怎么办？,case,snb_wujiapi_001,神农本草经,中经,五加皮,五加皮，味辛，温。主心腹疝气，腹痛，益气疗躄，小儿不能行，疽创阴蚀。,五加皮辛苦温，祛风除湿、补益肝肾、强筋壮骨，主治风湿痹痛、筋骨痿软、小儿行迟及水肿脚气。本经主心腹疝气腹痛、疗躄、小儿不能行，取其祛风湿、补肝肾、强筋骨之功。,,
q048,小儿积食腹胀，食欲不振，怎么办？,case,leiwan_001,中国药典（2025年版）一部,驱虫药,雷丸,据《中国药典》2025 年版一部：雷丸为白蘑科真菌雷丸 Omphalia lapidescens Schroet. 的干燥菌核（药用部位：菌核）。性味微苦，寒；有小毒；归胃、大肠经。功能与主治：杀虫消积；用于绦虫病，钩虫病，蛔虫病，虫积腹痛，小儿疳积。用法与用量：15～21g，不宜入煎剂，一般研粉服，每次 5～7g，饭…,**简明**：雷丸微苦寒有小毒，杀虫消积，治绦虫钩虫蛔虫及疳积。**详解**：绦虫病配槟榔、南瓜子；小儿疳积配使君子、槟榔。**有效成分雷丸素遇热易破坏，不入煎剂，宜研粉饭后服**；有小毒，不宜过量。,,
q048,小儿积食腹胀，食欲不振，怎么办？,case,snb_leiwan_001,神农本草经,下经,雷丸,雷丸，味咸，寒。主杀三虫，逐毒气，胃中热，利丈夫，不利女子。作摩膏，除小儿百病。生山谷。,雷丸（多孔菌科真菌雷丸的菌核）苦寒有小毒，杀虫消积，为驱杀绦虫要药，兼治蛔虫、钩虫及小儿疳积。其有效成分雷丸素不耐高温，须入丸散（研末吞服），不宜入煎剂；无虫积者不宜，孕妇慎用，不宜久服。,,
q048,小儿积食腹胀，食欲不振，怎么办？,case,snb_yangtao_001,神农本草经,下经,羊桃,羊桃，味苦，寒。主熛热，暴赤色，风水积聚，恶疮，小儿热瘛。一名鬼桃。生川谷。,羊桃（古药名，一说为猕猴桃科软枣猕猴桃或猕猴桃茎汁，后世品种考订不一）苦寒，清热祛风、利水杀虫，主治风热赤皮、风水积聚、恶疮及小儿热惊瘛疭。今临床少用，须明辨品种，不可盲目久服。,,
q048,小儿积食腹胀，食欲不振，怎么办？,case,shijunzi_001,中国药典（2025年版）一部,驱虫药,使君子,据《中国药典》2025 年版一部：使君子为使君子科植物使君子 Quisqualis indica L. 的干燥成熟果实（药用部位：成熟果实）。性味甘，温；归脾、胃经。功能与主治：杀虫消积；用于蛔虫病，蛲虫病，虫积腹痛，小儿疳积。用法与用量：使君子 9～12g，捣碎入煎剂；使君子仁 6～9g，多入丸散或单用，作 1～2 …,**简明**：使君子甘温，杀虫消积（驱**蛔虫蛲虫**），为小儿驱虫消疳要药。**详解**：蛔虫腹痛配槟榔、苦楝皮；小儿疳积配槟榔、神曲。**忌饮浓茶**（同服致呃逆）；大量服可致呃逆、眩晕，不宜与热茶同服，空腹服效佳。,,
q048,小儿积食腹胀，食欲不振，怎么办？,case,qinjiao_001,中国药典（2025年版）一部,祛风湿药,秦艽,据《中国药典》2025 年版一部：秦艽为龙胆科植物秦艽 Gentiana macrophylla Pall.、麻花秦艽 Gentiana straminea Maxim.、粗茎秦艽 Gentiana crassicaulis Duthie ex Burk. 或小秦艽 Gentiana dahurica Fisch. 的…,**简明**：秦艽辛苦平，祛风湿、清湿热、退虚热，性平不燥（风药中之润剂），通治风湿痹痛（新久寒热皆宜），兼退虚热治黄疸。**详解**：风湿痹痛配独活、防风；中风半身不遂配当归、白芍（大秦艽汤）；骨蒸潮热配鳖甲、地骨皮（秦艽鳖甲散）；湿热黄疸配茵陈、栀子。,,
q048,小儿积食腹胀，食欲不振，怎么办？,case,yinchaihu_001,中国药典（2025年版）一部,清热药,银柴胡,据《中国药典》2025 年版一部：银柴胡为石竹科植物银柴胡 Stellaria dichotoma L. var. lanceolata Bge. 的干燥根（药用部位：根）。性味甘，微寒；归肝、胃经。功能与主治：清虚热，除疳热；用于阴虚发热，骨蒸劳热，小儿疳热。用法与用量：3～10g。贮藏：置通风干燥处，防蛀。,**简明**：银柴胡甘微寒，清虚热、除疳热，专治阴虚发热、骨蒸劳热及小儿疳积发热。**详解**：阴虚骨蒸配地骨皮、青蒿（清骨散）；小儿疳热消瘦配胡黄连、使君子。**无升散之性**，与外感发热无涉；外感风寒及血虚者忌用。,,
q048,小儿积食腹胀，食欲不振，怎么办？,case,jingwaiqixue_001,针灸大成,经络腧穴/刺法歌括,经外奇穴歌,诸多奇穴不念经，….… 四缝四指节横纹，….… 十宣十指尖头上，….… 三角灸在脐下旁，….… 腰眼四椎下旁量，….… 定喘大椎旁寸当，….… 夹脊十一椎两旁，….… 太阳眉后陷中藏，….…,此歌括《针灸大成》所载经外奇穴之要穴定位与主治，包括四缝（治疳积）、十宣（开窍醒神，治晕厥）、三角灸（治疝气）、腰眼（治腰痛）、定喘（治哮喘咳嗽）、夹脊（华佗夹脊，治脏腑诸疾）、太阳（治头痛目疾）等。经外奇穴虽不属十四经系统，但临床疗效确切，为历代医家经验之结晶。,,
q048,小儿积食腹胀，食欲不振，怎么办？,case,snb_baizhu_001,神农本草经,上经,白术,术，味苦，温。主风寒湿痹，死肌，痉，疸，止汗，除热，消食。作煎饵。久服，轻身延年，不饥。一名山蓟。生山谷。,白术苦温，健脾益气、燥湿利水、止汗安胎，主治脾虚食少、腹胀泄泻、痰饮水肿及胎动不安。本经“术”兼指后世白术、苍术。,,
q048,小儿积食腹胀，食欲不振，怎么办？,case,guanmen_001,针灸学,足阳明胃经,关门,出《针灸甲乙经》。《针灸甲乙经》：关门，在梁门下一寸。,关门定位在上腹部，当脐中上3寸，前正中线旁开2寸。主治腹胀、腹痛、肠鸣、泄泻、水肿等肠胃病证。刺法：直刺0.5~0.8寸。,,
q048,小儿积食腹胀，食欲不振，怎么办？,case,liangmen_001,针灸学,足阳明胃经,梁门,出《针灸甲乙经》。《针灸甲乙经》：梁门，在承满下一寸。,梁门定位在上腹部，当脐中上4寸，前正中线旁开2寸。主治胃痛、呕吐、腹胀、纳呆、泄泻等胃腑病证。刺法：直刺0.5~0.8寸。,,
q048,小儿积食腹胀，食欲不振，怎么办？,case,burong_001,针灸学,足阳明胃经,不容,出《针灸甲乙经》。《针灸甲乙经》：不容，在幽门傍各一寸五分，去任脉二寸。,不容定位在上腹部，当脐中上6寸，前正中线旁开2寸。主治呕吐、胃痛、纳呆、腹胀、胃脘胀痛等胃腑病证。刺法：直刺0.5~0.8寸。,,
q048,小儿积食腹胀，食欲不振，怎么办？,case,wenhanre_001,中医诊断学,四诊,问寒热（恶寒发热·但寒不热·但热不寒·寒热往来）,问寒热首辨恶寒与发热的关系。教材归纳四型：恶寒发热并见主表证；但寒不热主里寒证；但热不寒主里热证；寒热往来主半表半里证。《伤寒论》以「发热恶寒者，发于阳也；无热恶寒者，发于阴也」为辨纲。,恶寒发热：恶寒与发热同时并见，为外感病初起、邪正交争于表。新起恶寒重发热轻多风寒表证；发热重恶寒轻多风热表证。但寒不热：只觉怕冷而不发热，新病脘腹冷痛多里寒实证，久病畏寒肢冷多里虚寒证。但热不寒：只发热不畏寒，分三类——壮热（高热持续不退，多见于里实热证极期）；潮热（按时发热或按时热甚），午后热甚、身热不扬多湿温，午后…,,
q048,小儿积食腹胀，食欲不振，怎么办？,case,qianyi_003,中医各家学说,医家,钱乙·创儿科五脏辨证著小儿药证直诀,"据《小儿药证直诀》：""小儿五脏六腑，成而未全，全而未壮""，治病当""面证、目证、心证""合参，以五脏为纲辨其虚实寒热，治脏用方各有主药（如心主惊、肝主风、脾主困、肺主喘、肾主虚）。","钱乙，字仲阳，北宋郓州人，生于仁宗景祐、卒于徽宗政和年间（约1032—1113年），尤擅儿科，行医于山东，后被召入京师为太医丞，后世尊为""儿科之圣""。其学术经门人阎孝忠辑为《小儿药证直诀》三卷传世。钱乙针对小儿""五脏六腑成而未全、全而未壮""的生理特点，首创儿科五脏辨证体系，以五脏为纲归纳小儿惊风、疳积、痘疹、吐泻等病证…",,
q048,小儿积食腹胀，食欲不振，怎么办？,case,xiaoerweiyang_001,《中医儿科学》规划教材（要点归纳）,儿科,小儿喂养·母乳喂养与辅食添加,"小儿喂养分母乳喂养、人工喂养与混合喂养。中医主张""乳贵有时，食贵有节""，提倡母乳喂养，按需哺乳；随月龄增长，按由少到多、由稀到稠、由细到粗、由一种到多种原则循序渐进添加辅食，并注意乳母饮食调摄。","小儿""脾常不足""，喂养须节制，忌贪多、过早加杂食、偏嗜。母乳最宜，辅食应顺应发育逐步添加。凡体重不增、反复呕吐腹泻、生长发育迟缓者须就医。教材要点归纳，供参考；具体诊疗请遵医嘱。",,
q048,小儿积食腹胀，食欲不振，怎么办？,case,suwen_040,黄帝内经素问,腹中论篇第四十,腹中论篇第四十,黄帝问曰：有病心腹满，旦食则不能暮食，此为何病？岐伯对曰：名为鼓胀。帝曰：治之奈何？岐伯曰：治之以鸡矢醴，一剂知，二剂已。帝曰：其时有复发者何也？岐伯曰：此饮食不节，故时有病也。虽然其病且已，时故当病，气聚于腹也。帝曰：有病胸胁支满者，妨于食，病至则先闻腥臊臭，出清液，先唾血，四肢清，目眩，时时前后血，病名为何？何以得…,本篇论腹中诸病。心腹满、旦食不能暮食名鼓胀，治以鸡矢醴；胸胁支满、唾血、时时前后血名血枯，得之年少大脱血或醉入房中、气竭肝伤，治以四乌鲗骨一藘茹丸；少腹盛上下有根、环脐而痛名伏梁，不可动。又论热中消中禁膏粱芳草石药，及膺肿颈痛胸满腹胀名厥逆之治，须其气并乃可治。,,
q048,小儿积食腹胀，食欲不振，怎么办？,case,guya_001,中国药典（2025年版）一部,消食药,谷芽,据《中国药典》2025 年版一部：谷芽为禾本科植物粟 Setaria italica (L.) Beauv. 的成熟果实经发芽干燥的炮制加工品（药用部位：发芽果实）。性味甘，温；归脾、胃经。功能与主治：消食和中，健脾开胃；用于食积不消，腹胀口臭，脾胃虚弱，不饥食少。用法与用量：9～15g。贮藏：置通风干燥处，防蛀。,**简明**：谷芽甘温，消食和中、健脾开胃，消食力缓和而兼**补脾**（不似麦芽克削），主治食积腹胀、脾虚食少。**详解**：食积配麦芽、山楂；脾虚食少配白术、党参。,,
q048,小儿积食腹胀，食欲不振，怎么办？,case,geshanxiao_001,《中药学》（清华社）· 药典外品种,补虚药,隔山消,据清华社《中药学》：隔山消为萝藦科植物隔山消 Cynanchum wilfordii (Maxim.) Hemsl. 的干燥块根（药用部位：块根）。性味甘、苦，平；归脾、胃、肝经。功能与主治：消食健胃，理气止痛；用于食积不化，脘腹胀痛，胁痛。用法与用量：6～15g。外用适量。贮藏：置通风干燥处。,**简明**：隔山消甘苦平，消食健胃而理气止痛，为治食积脘胀与胁痛的常用药。。**详解**：食积不化配山楂、神曲、莱菔子；脘腹胀痛配木香、延胡索；胁痛配柴胡、郁金。,,
q048,小儿积食腹胀，食欲不振，怎么办？,case,shanzha_001,中国药典（2025年版）一部,消食药,山楂,据《中国药典》2025 年版一部：山楂为蔷薇科植物山里红 Crataegus pinnatifida Bge. var. major N. E. Br. 或山楂 Crataegus pinnatifida Bge. 的干燥成熟果实（药用部位：成熟果实）。性味酸、甘，微温；归脾、胃、肝经。功能与主治：消食健胃，行气散瘀，…,**简明**：山楂酸甘微温，消食健胃（善消**肉食积滞**）、行气散瘀、化浊降脂，主治肉积脘胀、泻痢腹痛、瘀血经闭及高脂血症。**详解**：肉食积滞配莱菔子、神曲（保和丸）；瘀血经闭配当归、川芎；胸痹高脂配丹参、决明子。生用活血化瘀，焦用消食导滞。胃酸过多、胃溃疡者慎用，孕妇忌多食。,,
q048,小儿积食腹胀，食欲不振，怎么办？,case,maiya_001,中国药典（2025年版）一部,消食药,麦芽,据《中国药典》2025 年版一部：麦芽为禾本科植物大麦 Hordeum vulgare L. 的成熟果实经发芽干燥的炮制加工品（药用部位：发芽果实）。性味甘，平；归脾、胃经。功能与主治：行气消食，健脾开胃，回乳消胀；用于食积不消，脘腹胀痛，脾虚食少，乳汁郁积，乳房胀痛，妇女断乳。生麦芽健脾和胃通乳；炒麦芽行气消食回乳；…,**简明**：麦芽甘平，行气消食（善消**米面薯芋食积**）、健脾开胃、回乳消胀，主治食积胀痛、脾虚食少及断乳乳胀。**详解**：米面食积配山楂、神曲；脾虚食少配党参、白术；乳汁郁积乳房胀痛配青皮、瓜蒌。**回乳须炒用且量大（60g）**；哺乳期妇女忌用，孕妇慎用。,,
q048,小儿积食腹胀，食欲不振，怎么办？,case,xiaoerxixie_001,《中医儿科学》规划教材（要点归纳）,儿科,小儿泄泻·大便次数增多粪质稀溏,"小儿泄泻是以大便次数增多、粪质稀溏或如水样为主症的脾胃病证。小儿""脾常不足""，易为外感、伤食、正虚所伤。辨证分湿热、风寒、伤食、脾虚、脾肾阳虚等型。",小儿泄泻治疗以运脾化湿为原则。湿热泻清肠解热，风寒泻疏风散寒，伤食泻消食化滞，虚泻健脾温肾。泻下如水样、尿少口渴、皮肤干燥、精神萎靡者须防脱水，及时就医。教材要点归纳，供参考；具体诊疗请遵医嘱。,,
q048,小儿积食腹胀，食欲不振，怎么办？,case,jiaobinglang_001,中国药典（2025年版）一部,消食药,焦槟榔,据《中国药典》2025 年版一部：焦槟榔系槟榔的炒焦加工品，为棕榈科植物槟榔 Areca catechu L. 的干燥成熟种子经清炒至焦黄色而得（药用部位：炒焦成熟种子）。生槟榔力峻，长于杀虫、行气、利水；炒焦后苦寒之性缓和，克伐之性减，长于消食导滞、止泻痢。性味苦、辛，温；归胃、大肠经。功能与主治：消食导滞；用于食积…,**简明**：焦槟榔系槟榔炒焦品，苦辛温，消食导滞，长于治食积不消、泻痢后重，而杀虫利水之力较弱。**详解**：食积气滞、脘腹胀满配木香、青皮、大黄（木香槟榔丸）；食积嗳腐配山楂、神曲、麦芽（保和丸意）；泻痢里急后重配芍药、当归。**生用杀虫、炒焦消食**；气虚下陷、脾虚便溏者慎用。,,
q048,小儿积食腹胀，食欲不振，怎么办？,case,daoya_001,中国药典（2025年版）一部,消食药,稻芽,据《中国药典》2025 年版一部：稻芽为禾本科植物稻 Oryza sativa L. 的成熟果实经发芽干燥的炮制加工品（药用部位：发芽果实）。性味甘，温；归脾、胃经。功能与主治：消食和中，健脾开胃；用于食积不消，腹胀口臭，脾胃虚弱，不饥食少。用法与用量：9～15g。贮藏：置通风干燥处，防蛀。  **【古注】】 《本草纲…,**简明**：稻芽甘温，消食和中、健脾开胃，善消**谷食积滞**（功近麦芽而性缓），主治食积不消、腹胀口臭、脾虚食少。**详解**：谷食积滞配麦芽、山楂；脾虚不饥配白术、茯苓。炒用消食力增强。,,
q048,小儿积食腹胀，食欲不振，怎么办？,case,guzhang_001,中医内科学,肝胆系病证,鼓胀,"鼓胀是以腹部胀大如鼓、皮色苍黄、脉络暴露为特征的病证。《素问·腹中论》：""有病心腹满，旦食则不能暮食……名为鼓胀。""《灵枢·水胀》：""鼓胀何如？腹胀身皆大，大与肤胀等也，色苍黄，腹筋起，此其候也。""《金匮要略》对肝水、脾水等证治有所论述。教材将其列为肝胆系重证。",鼓胀病位在肝脾，久则及肾，基本病机为肝脾肾三脏功能失调，气滞、血瘀、水湿停聚腹中。辨证首辨虚实标本：初起多实（气滞、湿阻、热蕴、血瘀），后期多虚（脾阳虚、肝肾阴虚），总属本虚标实、虚实夹杂。分证论治：气滞湿阻治以疏肝理气、运脾利湿，方用柴胡疏肝散合胃苓汤；水湿困脾治以温中健脾、行气利水，方用实脾饮；水热蕴结治以清热利湿…,,
q048,小儿积食腹胀，食欲不振，怎么办？,case,nanjing_056,难经,第五十六难,第五十六难,曰：五脏之积，各有名乎？以何月、何日得之？  然：肝之积，名曰肥气，在左胁下，如覆杯，有头足。久不愈，令人发咳逆，疟，连岁不已。以季夏戊己日得之。何以言之？肺病传于肝，肝当传脾，脾季夏适王，王者不受邪，肝复欲还肺，肺不肯受，故留结为积。故知肥气以季夏戊己日得之，心之积，名曰伏梁，起脐上，大如臂，上至心下。久不愈，令人病…,本难详述五脏之积。肝积肥气在左胁下如覆杯，心积伏梁起脐上大如臂，脾积痞气在胃脘覆如盘，肺积息贲在右胁下覆如杯，肾积贲豚发少腹上至心下如豚状；各以相克之脏王日留结而成。,,
q048,小儿积食腹胀，食欲不振，怎么办？,case,awei_001,中国药典（2025年版）一部,消食药,阿魏,据《中国药典》2025 年版一部：阿魏为伞形科植物新疆阿魏 Ferula sinkiangensis K. M. Shen 或阜康阿魏 Ferula fukanensis K. M. Shen 的树脂（药用部位：树脂）。性味苦、辛，温；有毒；归脾、胃经。功能与主治：消积，化癥，散痞，杀虫；用于癥瘕痞块，虫积腹痛，食积停…,**简明**：阿魏苦辛温有毒，消积化癥而散痞杀虫，为治癥瘕痞块与虫积的常用药。。**详解**：癥瘕痞块熬膏外贴或入丸散；虫积腹痛配槟榔、使君子；食积停滞配山楂、神曲。**有毒**，孕妇禁用；内服量宜小（1～1.5g）。,,
q048,小儿积食腹胀，食欲不振，怎么办？,case,huatuo_001,名医类案,华佗医案,华佗治广陵太守陈登胃中虫案,广陵太守陈登得病，胸中烦懑，面赤不食。佗脉之曰：府君胃中有虫数升，欲成内疽，食腥物所为也。即作汤二升，先服一升，斯须尽服之。食顷，吐出三升许虫，赤头皆动，半身是生鱼脍也。所苦便愈。佗曰：此病后三期当发，遇良医乃可济救。依期果发动，时佗不在，如言而死。（《三国志·魏书·方技传》）,陈登症见胸中烦懑、面赤不食，华佗切脉断其胃中虫积、将成内疽，病因嗜食生腥鱼脍。作汤药涌吐，吐赤头虫三升许（半身似生鱼脍），诸症即愈。又预言三年后当复发，须良医方可救；后果如期复发而华佗已不在，竟如其言而殁。此案见华佗诊察精微、治虫积用涌吐之法，并能预断远期预后。,,
q048,小儿积食腹胀，食欲不振，怎么办？,case,ganqi_001,中国药典（2025年版）一部,活血化瘀药,干漆,据《中国药典》2025 年版一部：干漆为漆树科植物漆树 Toxicodendron vernicifluum (Stokes) F. A. Barkl. 的树脂经加工后的干燥品（药用部位：树脂加工品）。性味辛、苦，温；有毒；归肝、脾经。功能与主治：破瘀通经，消积杀虫；用于瘀血经闭，癥瘕积聚，虫积腹痛。用法与用量：2～5…,**简明**：干漆辛苦温有毒，破瘀通经而消积杀虫，为峻烈破癥之品，用于顽固瘀血癥瘕。。**详解**：瘀血经闭、癥瘕积聚配三棱、莪术、水蛭（大黄䗪虫丸类）；虫积腹痛配槟榔、使君子。**有毒**，内服须煅或炒至烟尽，用量 2～5g；**孕妇及漆过敏者禁用**。,,
q048,小儿积食腹胀，食欲不振，怎么办？,case,yadanzi_001,中国药典（2025年版）一部,清热药,鸦胆子,据《中国药典》2025 年版一部：鸦胆子为苦木科植物鸦胆子 Brucea javanica (L.) Merr. 的干燥成熟果实（药用部位：成熟果实）。性味苦，寒；有小毒；归大肠、肝经。功能与主治：清热解毒，止痢，截疟，腐蚀赘疣；用于热毒血痢，冷积久痢，各型疟疾，外治赘疣、鸡眼。用法与用量：0.5～2g，用龙眼肉包裹或…,**简明**：鸦胆子苦寒有小毒，清热解毒、止痢截疟、腐蚀赘疣，主治热毒血痢、久痢、疟疾及外治鸡眼赘疣。**详解**：治痢疾疟疾**用龙眼肉包裹或胶囊吞服**（0.5～2g），不入汤剂；赘疣鸡眼捣烂外敷。**有毒**，脾胃虚寒、呕吐者忌用，孕妇慎用，不可过量。,,
q048,小儿积食腹胀，食欲不振，怎么办？,case,snb_tianshushi_001,神农本草经,中经,天鼠屎,天鼠屎，味辛，寒。主面痈肿，皮肤洗洗时痛，腹中血气，破寒热积聚，除惊悸。,天鼠屎即夜明砂，辛寒，消积活血散瘀、明目，主治目赤白翳、跌打积聚及惊疳。本经主面痈肿、皮肤时痛、破寒热积聚，取其散瘀消积明目之功。,,
q049,口腔溃疡反复发作，中医怎么治？,case,kouchuang_001,《中医口腔科学》规划教材（要点归纳）,五官,口疮·口腔黏膜溃疡疼痛口腔溃疡,口疮是指口腔黏膜发生表浅溃疡、灼热疼痛、反复发作的口腔疾病，即复发性口腔溃疡。病机多为心脾积热上炎、阴虚火旺上灼口舌，或脾肾阳虚、口舌失养，或气血两虚、创面难复。,口疮即复发性口腔溃疡，以口腔黏膜溃疡灼痛为主。心脾积热用凉膈散，阴虚火旺用知柏地黄丸，脾肾阳虚用附子理中汤，配合局部敷药。若溃疡大而深、长期不愈、基底变硬须及时就医排除病变。本条目为教材要点归纳，供参考；具体诊疗请遵医嘱。,,
q049,口腔溃疡反复发作，中医怎么治？,case,xileisan_001,《中国药典》一部/药品说明书（要点归纳）,清热剂/中成药,锡类散·解毒化腐,据现行版《中国药典》一部与药品说明书要点归纳：本品由象牙屑、青黛、壁钱炭、人指甲（滑石制）、珍珠、冰片、牛黄等组成，具解毒化腐之功，用于咽喉糜烂肿痛、口腔溃疡。用法用量按说明书吹敷患处。,锡类散为传统外用吹敷类咽喉口腔中成药，长于解毒化腐，用于咽喉糜烂、口腔溃疡。本品为局部外用吹敷剂，不可内服；孕妇慎用。用药期间忌烟酒辛辣油腻；咽喉糜烂、肿痛剧烈或高热不退者应及时就医。本条目为中成药，请按说明书或在医师指导下使用。,,
q049,口腔溃疡反复发作，中医怎么治？,case,xiguashuangrunhoupian_001,《中国药典》一部/药品说明书（要点归纳）,清热剂/中成药,西瓜霜润喉片·清音利咽消肿止痛,据现行版《中国药典》一部与药品说明书要点归纳：本品由西瓜霜、冰片、薄荷脑、薄荷素油等组成，具清音利咽、消肿止痛之功，用于防治咽喉肿痛、声音嘶哑、口舌生疮；急慢性咽喉炎、急性扁桃体炎、口腔溃疡、口腔炎、牙龈肿痛见上述证候者。用法用量按说明书含服。,西瓜霜润喉片为常用含服咽喉口腔病中成药，用于咽喉肿痛、声音嘶哑、口舌生疮。本品为含服剂，含服时不宜嚼碎吞服；服药期间忌烟酒辛辣，不宜同时服用温补性中药；脾虚便溏、孕妇慎用。本条目为中成药，请按说明书或在医师指导下使用。,,
q049,口腔溃疡反复发作，中医怎么治？,case,xiaochuan_001,《中医儿科学》规划教材（要点归纳）,儿科,哮喘·反复发作性痰鸣气喘,哮喘是小儿时期常见的肺系疾患，以发作性喉间痰鸣、气促、呼气延长、反复发作、难予根除为特征。病因多为宿痰内伏、感受外邪诱发。辨证分发作期（寒性、热性、外寒内热）与缓解期（肺、脾、肾三脏虚损）。,哮喘治疗发作期攻邪（温肺或清肺化痰平喘），缓解期扶正（健脾补肺益肾）。哮喘持续状态、呼吸困难、口唇紫绀者须立即就医。教材要点归纳，供参考；具体诊疗请遵医嘱。,,
q049,口腔溃疡反复发作，中医怎么治？,case,biqiu_001,《中医耳鼻咽喉科学》规划教材（要点归纳）,五官,鼻鼽·阵发性鼻痒喷嚏流清涕过敏性鼻炎,鼻鼽是指阵发性和反复发作的鼻痒、喷嚏、流清涕、鼻塞为特征的鼻病，即西医学变应性鼻炎（过敏性鼻炎）。病机多为肺气虚寒、脾气虚弱、肾阳不足，卫表不固、腠理疏松，风寒异气乘虚侵袭；或肺经伏热上炎鼻窍。,鼻鼽即过敏性鼻炎，以阵发鼻痒、喷嚏、清涕为主。中医分肺气虚寒（温肺止流丹、玉屏风散）、脾气虚（补中益气汤）等论治，配合避过敏源、针灸、穴位贴敷。反复发作、伴哮喘者须规范诊治。本条目为教材要点归纳，供参考；具体诊疗请遵医嘱。,,
q049,口腔溃疡反复发作，中医怎么治？,case,shichuang_001,《中医皮肤性病学》规划教材（要点归纳）,皮肤,湿疮·湿疹,湿疮是一种皮损多形、瘙痒、渗液、对称分布、反复发作的过敏性炎症性皮肤病，相当于西医湿疹。病因多为禀赋不耐、风湿热邪客于肌肤。辨证分湿热浸淫、脾虚湿蕴、血虚风燥等型。外治根据皮损选择湿敷、软膏、油剂等。,湿疮辨证分急性多湿热、亚急性多脾虚湿蕴、慢性多血虚风燥。治疗内外合治，避免搔抓、热水烫洗、辛辣鱼腥。皮损泛发、渗液明显、继发感染者须就医。教材要点归纳，供参考；具体诊疗请遵医嘱。,,
q049,口腔溃疡反复发作，中医怎么治？,case,xiaoerxianzheng_001,《中医儿科学》规划教材（要点归纳）,儿科,小儿痫证·小儿发作性神昏抽搐反复发作,小儿痫证是小儿时期常见的发作性神志异常疾病，以突然神昏、昏仆、两眼上视、四肢抽搐、口吐涎沫、喉中痰鸣、反复发作、醒后如常为特征。病因多为先天禀赋、惊恐、痰浊、瘀血、惊风后遗等，致肝风夹痰上扰、心神被蒙。辨证常见惊痫、风痫、痰痫、瘀血痫等型。,小儿痫证相当于癫痫，须明确病因、规范诊治，不可仅恃中药。中医分惊痫、风痫、痰痫等，发作期息风定痫、涤痰开窍，缓解期健脾化痰固本。频繁发作、持续抽搐不缓解者须立即送医。本条目为教材要点归纳，供参考；具体诊疗请遵医嘱。,,
q049,口腔溃疡反复发作，中医怎么治？,case,zhenyan_001,《中医眼科学》规划教材（要点归纳）,五官,针眼·眼睑边生小结麦粒肿,针眼是指眼睑边缘生小疖，形如麦粒，赤肿疼痛，易成脓溃破的眼病，即西医学麦粒肿。病位在睑弦，病机为风热客睑或脾胃热毒上攻，睑弦气血壅滞。辨证分风热客睑、脾胃热毒、脾虚湿热三型。外治初起可冷敷，成脓后切开排脓，切忌挤压。,针眼即麦粒肿，初起眼睑局部红肿硬结，数日后成脓。治疗内外合治，外敷与内服清热散结。切忌挤压，以防扩散致眼睑蜂窝织炎或颅内感染。反复发作、红肿范围扩大者须及时就医。,,
q049,口腔溃疡反复发作，中医怎么治？,case,jingjianqichuxue_001,《中医妇科学》规划教材（要点归纳）,妇科,经间期出血·氤氲期周期性少量出血,经间期出血是指氤氲期（排卵期）出现周期性少量阴道出血者。病因多为肾阴虚、湿热或血瘀，致氤氲期阳气内动、阴络易伤。辨证分肾阴虚、湿热、血瘀等型。,经间期出血多发生于月经中期，量少、持续短。肾阴虚者治宜滋肾养阴；湿热者清利湿热；血瘀者化瘀止血。反复发作者须排除宫颈病变、息肉等。教材要点归纳，供参考；具体诊疗请遵医嘱。,,
q049,口腔溃疡反复发作，中医怎么治？,case,dandu_001,《中医外科学》规划教材（要点归纳）,外科,丹毒·皮肤突然发红色如涂丹,丹毒是皮肤突然发红、色如涂丹的急性感染性疾病，其特点是病起突然，恶寒发热，局部皮肤忽然变赤，色如丹涂脂染，焮热肿胀，边界清楚，迅速扩大，数日内可逐渐痊愈，但易复发。多发于头面、小腿。辨证分风热毒蕴、肝脾湿火、湿热毒蕴、胎火蕴毒等型。,丹毒治疗以凉血清热、解毒化瘀为主，发于头面者普济消毒饮，发于胁下者柴胡清肝汤，发于下肢者五神汤、萆薢渗湿汤。下肢反复发作者宜抬高患肢、治疗足癣。高热不退、皮损迅速扩大者应就医。教材要点归纳，供参考；具体诊疗请遵医嘱。,,
q049,口腔溃疡反复发作，中医怎么治？,case,liangchuang_001,《中医外科学》规划教材（要点归纳）,外科,臁疮·小腿下部慢性溃疡经久难愈,"臁疮是指发生于小腿下部内、外侧的慢性溃疡，俗称""老烂腿""，久不收口或愈后易复发。多继发于下肢静脉曲张，久站久立、气血运行不畅、湿热下注或气虚血瘀、肌肤失养而溃。辨证常见湿热下注、气虚血瘀、脾虚湿盛等型。",臁疮多见于久站、下肢静脉曲张者，好发于小腿下三分之一，疮口凹陷、经久难愈。中医分湿热下注（二妙丸、三妙丸）、气虚血瘀（补阳还五汤）论治，配合外治清洁、生肌收口，并宜抬高患肢、弹力绷带。疮面扩大恶臭者须及时就医。本条目为教材要点归纳，供参考；具体诊疗请遵医嘱。,,
q049,口腔溃疡反复发作，中医怎么治？,case,guasha_001,中医临床诊疗指南/专家共识（要点归纳）,现代中医,刮痧·适宜技术操作要点,据《中医适宜技术操作规范·刮痧》要点：以边缘光滑之刮痧板蘸润滑油，在体表特定部位反复刮动，至皮肤出现红紫色痧点、痧斑，具疏通腠理、透痧外出、行气活血之功。（要点归纳，非原文照录。）,刮痧是常用中医适宜技术，操作要点：先涂刮痧油润滑，沿肌肉走行或经络方向单向刮动，力度由轻渐重、以出痧为度，一般每部位刮 20—30 次。适用于外感头昏、项背强痛、肌肉酸痛等。操作后避风寒、饮温水；皮肤破溃、出血倾向、过饥过饱者不宜。本条目为要点归纳，供参考；具体诊疗请遵医嘱。,,
q049,口腔溃疡反复发作，中医怎么治？,case,dingchuantang_001,《方剂学》规划教材（要点归纳）,理气剂,定喘汤·宣降肺气清热化痰治哮喘,"传统方歌：""定喘白果与麻黄，款冬半夏白皮桑，苏杏黄芩兼甘草，肺寒膈热哮喘尝。""（《摄生众妙方》方，据教材要点归纳：白果、麻黄、苏子、甘草、款冬花、杏仁、桑白皮、黄芩、半夏，各约常用量，水煎服。）",定喘汤为宣降肺气、清热化痰代表方，主治风寒外束、痰热内蕴之哮喘，症见哮喘咳嗽、痰多气急、痰稠色黄、微恶风寒、苔黄腻、脉滑数。功能宣降肺气、清热化痰，为治表寒痰热哮喘常用方。使用注意：新感风寒表无痰热者非宜；哮喘反复发作、虚实夹杂者当辨证加减；哮喘持续状态当结合现代医学急治。本方为要点归纳，供参考；具体用药请遵医嘱。,,
q049,口腔溃疡反复发作，中医怎么治？,case,toutong_002,中医临床诊疗指南/专家共识（要点归纳）,现代中医,头痛·辨证论治要点,据现行中医内科常见病诊疗指南：头痛辨证首分外感与内伤；外感头痛多属实证，治以疏风散寒、清热、祛湿止痛；内伤头痛分肝阳、血虚、痰浊、瘀血等型，肝阳上亢者治宜平肝潜阳。（要点归纳，非原文照录。）,头痛以自觉头部疼痛为主症，指南要点：辨证分外感与内伤——外感头痛起病较急、病程短，多属实证，分风寒、风热、风湿，治以疏风祛邪止痛；内伤头痛起病缓慢、反复发作，分肝阳头痛（治宜平肝潜阳息风）、血虚头痛（养血滋阴）、痰浊头痛（化痰降逆）、瘀血头痛（活血化瘀）。临证须结合头痛部位分经用药、警惕颅内病变，配合调情志、避风寒、规…,,
q049,口腔溃疡反复发作，中医怎么治？,case,zhiweibing_001,《中医基础理论》规划教材（要点归纳）,治则治法,治未病·未病先防既病防变瘥后防复,治未病是中医学预防为主的治疗原则，包括未病先防、既病防变和瘥后防复三个层次。未病先防指平素调养正气、避其邪毒气；既病防变指早期诊治、阻断传变；瘥后防复指病后调摄、防止复发。,"治未病是中医""预防为主""思想的集中体现。它强调在疾病发生前主动调养，发病后早期截断，恢复期巩固防复。学习此原则应与养生、诊疗、康复各环节联系理解。",,
q049,口腔溃疡反复发作，中医怎么治？,case,xiaobing_002,中医临床诊疗指南/专家共识（要点归纳）,现代中医,哮病·辨证论治要点,据现行中医内科常见病诊疗指南：哮病以伏痰内蕴、遇感引触、痰阻气道为基本病机，辨证分发作期与缓解期；发作期辨寒哮、热哮，治以攻邪治标、祛痰利气；缓解期辨肺、脾、肾之虚，治以扶正固本。（要点归纳，非原文照录。）,"哮病为发作性痰鸣气喘病证，指南要点：以发作时喉中哮鸣有声、呼吸喘促、甚则不能平卧为主症，缓解期如常人。发作期寒哮治宜温肺散寒、化痰平喘，热哮治宜清热宣肺、化痰定喘；缓解期按肺脾气虚、肺肾两虚等分别补肺健脾益肾。临证强调""发时治标、平时治本""，配合避过敏原、防寒保暖、饮食清淡等调护。本条目为要点归纳，供参考；具体诊疗请遵…",,
q049,口腔溃疡反复发作，中医怎么治？,case,xiaobing_001,中医内科学,肺系病证,哮病,《金匮要略·痰饮咳嗽病脉证并治》：「咳而上气，喉中水鸡声，射干麻黄汤主之。」已认识到发作性痰鸣喘咳之候。元·朱丹溪《丹溪心法》始以「哮喘」为名专篇论述，提出「未发以扶正气为主，既发以攻邪气为急」。（据规划教材《中医内科学·肺系病证·哮病》归纳）,哮病为发作性痰鸣气喘疾患，以宿痰伏肺为「夙根」，遇诱因引触，痰随气升、气因痰阻，壅塞气道而发，症见喉中哮鸣、气促困难、甚则不能平卧。辨证分发作期与缓解期：发作期邪实为主——冷哮（射干麻黄汤温肺化饮）、热哮（定喘汤清热宣肺）、寒包热哮（小青龙加石膏汤解表清里）、风痰哮（三子养亲汤祛风涤痰）、虚哮（平喘固本汤补肺纳肾）；缓…,,
q049,口腔溃疡反复发作，中医怎么治？,case,kesou_001,中医内科学,肺系病证,咳嗽,《素问·咳论》：「五脏六腑皆令人咳，非独肺也。」又云「皮毛者，肺之合也，皮毛先受邪气，邪气以从其合也」。明·张介宾《景岳全书·咳嗽》将咳嗽分外感、内伤两大类，为后世辨证纲领。（据规划教材《中医内科学·肺系病证·咳嗽》归纳）,咳嗽由肺失宣降、肺气上逆作声，或伴咯痰。辨治首分外感与内伤：外感多新病、起病急、病程短，属邪实——风寒袭肺（三拗汤合止嗽散疏风散寒）、风热犯肺（桑菊饮疏风清热）、风燥伤肺（桑杏汤清温燥；凉燥用杏苏散）；内伤多久病、反复发作，属邪实正虚——痰湿蕴肺（二陈平胃散合三子养亲汤燥湿化痰）、痰热郁肺（清金化痰汤清热豁痰）、肝火犯…,,
q049,口腔溃疡反复发作，中医怎么治？,case,kangfuqihu_001,中医临床诊疗指南/专家共识（要点归纳）,现代中医,康复期调护·病后恢复要点,"据中医康复与病后调护相关共识：大病之后正气未复，须""务后以将养""，从饮食、起居、活动、情志等方面循序渐进调养，忌骤劳、忌暴食、忌恣情，以防病复（食复、劳复、房劳复等）。（要点归纳，非原文照录。）",康复期调护针对疾病初愈、术后或卒中后等恢复期人群，以扶助正气、促进功能恢复、防止复发为目的。调护要点：一、饮食宜清淡、易消化、少量多餐，由流质、半流质逐步过渡到正常饮食，忌油腻恣饱；二、活动量由床上、床边逐步增加，配合针对性康复训练与传统功法，忌急于求成；三、作息规律、保证睡眠、情绪安定；四、按医嘱定期复查，出现发热、…,,
q049,口腔溃疡反复发作，中医怎么治？,case,tixuan_001,《中医皮肤性病学》规划教材（要点归纳）,皮肤,体癣·环形红斑边缘隆起瘙痒圆癣,"体癣是发生于除头皮、毛发、掌跖、甲以外平滑皮肤上的癣病，又称""圆癣""""金钱癣""。以环形或多环形红斑、边缘隆起伴丘疹水疱、中央自愈脱屑、瘙痒为特征，夏季多发。病机多为风湿虫毒侵袭、湿热蕴肤。",体癣为真菌感染，须保持皮肤干燥、避免接触患癣动物与人。以外治抗真菌为主，范围广或反复者配合清热利湿解毒。泛发全身、红肿化脓须及时就医。本条目为教材要点归纳，供参考；具体诊疗请遵医嘱。,,
q049,口腔溃疡反复发作，中医怎么治？,case,shanghan_208,伤寒论,辨阳明病脉证并治,阳明病（第208条）,阳明病，脉浮而紧者，必潮热，发作有时。但浮者，必盗汗出。,本条论述阳明病之脉证。症见脉浮、汗出、潮热。当审其表里寒热、虚实传变而施治。,,
q049,口腔溃疡反复发作，中医怎么治？,case,shanghan_085,伤寒论,辨太阳病脉证并治中,病人有寒复发汗吐蛔（第85条）,病人有寒，复发汗，胃中冷，必吐蛔。,本条论中寒误汗。病人有寒，复发汗，胃中冷，必吐蛔。中虚脏寒者误汗更伤中阳，蛔动不安故吐蛔。,,
q049,口腔溃疡反复发作，中医怎么治？,case,xianbing_001,中医内科学,心系病证,痫病,《素问·奇病论》：「此得之在母腹中时，其母有所大惊，气上而不下……故令子发为颠疾也。」已认识到先天因素与本病关系。（据规划教材《中医内科学·心系病证·痫病》归纳）,痫病是一种反复发作性神志异常疾患，以突然仆倒、昏不知人、口吐涎沫、两目上视、四肢抽搐，或口中如作猪羊叫声，移时苏醒、一如常人为特征。病位在心肝，与脾、肾相关，病机为积痰内伏，每因情志、劳累、饮食等触动，风痰上逆，闭塞心窍，引动肝风而发病。治疗宜分标本虚实：频繁发作期以治标为主——风痰闭阻（定痫丸涤痰息风）、痰火扰神（龙…,,
q049,口腔溃疡反复发作，中医怎么治？,case,shanghan_249,伤寒论,辨阳明病脉证并治,病人不大便五六日（第249条）,病人不大便五六日，绕脐痛，烦躁，发作有时者，此有燥屎，故使不大便也。,本条论述阳明病之脉证。症见烦、烦躁。当审其表里寒热、虚实传变而施治。,,
q049,口腔溃疡反复发作，中医怎么治？,case,snb_yinyu_001,神农本草经,下经,茵芋,茵芋，味苦，温。主五脏邪气，心腹寒热，羸瘦如疟状，发作有时，诸关节风湿痹痛。生川谷。,茵芋辛苦温有毒，祛风除湿、温经止痛，主治风湿痹痛、关节不利、四肢挛急及脏腑寒热羸瘦如疟状。古多入煎酒或丸散，毒性较烈，阴虚血燥及孕妇忌用，不可过量久服。,,
q049,口腔溃疡反复发作，中医怎么治？,case,shuangliaohoufengsan_001,《中国药典》一部/药品说明书（要点归纳）,清热剂/中成药,双料喉风散·清热解毒消肿利咽,据现行版《中国药典》一部与药品说明书要点归纳：本品由人工牛黄、珍珠、冰片、黄连、山豆根、甘草、青黛、人中白、寒水石等组成，具清热解毒、消肿利咽之功，用于肺胃热毒炽盛所致咽喉肿痛、口腔糜烂、牙龈肿痛、鼻窦脓肿。用法用量按说明书喷吹或吹敷患处。,双料喉风散为局部外用吹敷类咽喉口腔中成药，用于肺胃热毒之咽喉肿痛、口腔糜烂、牙龈肿痛。本品为外用喷吹剂，不可内服；孕妇慎用。用药期间忌烟酒辛辣鱼腥；咽喉肿痛剧烈、高热、吞咽或呼吸困难者应及时就医。本条目为中成药，请按说明书或在医师指导下使用。,,
q049,口腔溃疡反复发作，中医怎么治？,case,feizhang_001,中医内科学,肺系病证,肺胀,《灵枢·胀论》：「肺胀者，虚满而喘咳。」《金匮要略·肺痿肺痈咳嗽上气病脉证治》：「咳而上气，烦躁而喘，脉浮者，心下有水，小青龙加石膏汤主之。」对本病主症及水饮凌心射肺之变已有认识。（据规划教材《中医内科学·肺系病证·肺胀》归纳）,肺胀系多种慢性肺系疾患反复发作、迁延不愈，致肺脾肾三脏虚损、痰瘀潴留、肺气壅满不能敛降，临床以胸部膨满、胀闷如塞、喘咳上气、痰多烦躁为主症，甚则唇甲紫绀、肢体浮肿、心悸动、神昏谵语。辨证总属本虚标实：标实为痰浊、水饮、血瘀，本虚为肺肾气虚、阴阳并损。常见证治——痰浊壅肺（苏子降气汤合三子养亲汤化痰降气）、痰热郁肺（越婢…,,
q049,口腔溃疡反复发作，中医怎么治？,case,shanghan_060,伤寒论,辨太阳病脉证并治中,汗下后振寒脉微细（第60条）,下之后，复发汗，必振寒，脉微细。所以然者，以内外俱虚故也。,本条论汗下后表里俱虚。下之后复发汗，必振寒、脉微细。所以然者，内外俱虚故也。阳气虚则振寒，阴阳俱虚则脉微细。,,
q049,口腔溃疡反复发作，中医怎么治？,case,chensiduo_001,中医各家学说,医家,陈士铎·著辨证录石室秘录别开医径,据《辨证录》：是书以证为纲，分述内伤外感、杂证妇儿各门，先列脉证、次辨真伪虚实，再出方药，每证反复推勘，示辨证之法。（其书多托岐伯、天师问答以立论，文辞奇崛。）,"陈士铎，号远公，又号朱华子、大雅堂主人，清代山阴（今浙江绍兴）人，约生活于明末清初康熙年间，生平记载简略。他著述颇丰，传世有《辨证录》《石室秘录》《外经微言》《本草新编》《脉诀阐微》等数种。其书体例独特，多托名""岐伯天师""、吕洞宾等仙真口授，文辞古奥而议论新奇。学术上以《辨证录》最具代表性，该书分证论辨，每证详列脉症、…",,
q049,口腔溃疡反复发作，中医怎么治？,case,wuwuwu_001,《中医儿科学》规划教材（要点归纳）,儿科,五迟五软·小儿立行发齿语迟与头项手足肌肉软,五迟指立迟、行迟、发迟、齿迟、语迟；五软指头项软、口软、手软、足软、肌肉软。均属小儿生长发育障碍病证，多由先天禀赋不足、肝肾亏损，或后天失养、心脾两虚所致。治法以补肾养肝、健脾养心、益气填精为主。,五迟五软多属脑发育不全、佝偻病、遗传代谢病等，须尽早明确病因、规范诊治与康复训练。中医分肝肾亏损（加味六味地黄丸）、心脾两虚（调元散）等，配合针灸、康复。发现发育落后须及时就医。本条目为教材要点归纳，供参考；具体诊疗请遵医嘱。,,
q049,口腔溃疡反复发作，中医怎么治？,case,shanghan_626,伤寒论,辨可下病脉证并治,大承气汤证治（第626条）,下利差后，至其年月日复发者，以病不尽故也，当下之，宜大承气汤。,本条论述下法之脉证。症见下利。治以大承气汤（峻下热结），药后观其进退。,,
q049,口腔溃疡反复发作，中医怎么治？,case,cugudao_001,中医养生（古籍要义归纳）,导引功法,撮谷道·提肛缩臀古法养生,"唐·孙思邈《备急千金要方·调气法》及《枕中方》类载：""谷道宜常撮""，谓以意收缩肛门、如忍大便状，缓缓上提后放松，反复行之。明清养生书亦有""撮提谷道""""撮提肾路""之诀。","撮谷道即今人所称""提肛""，是中医传统日常养生法之一。做法为在静坐、平卧或行走时，有意识地收缩肛门与会阴，如忍大便状，缓缓向上向内提收，稍停后放松，如此一紧一松反复若干次，配合呼吸则更觉自然。古人以""谷道""称肛门，故命此名；道家养生家常将其与叩齿、咽津、摩腹并列，作为日常修身小动作，认为有助于升提气机、锻炼盆底肌肉。此法…",,
q049,口腔溃疡反复发作，中医怎么治？,case,shanghan_148,伤寒论,辨太阳病脉证并治下,小柴胡汤证治（第148条）,妇人中风，七八日，续得寒热，发作有时，经水适断者，此为热入血室，其血必结，故使如疟状，发作有时，小柴胡汤主之。,本条论述太阳病之脉证。治以小柴胡汤（和解少阳），药后观其进退。,,
q049,口腔溃疡反复发作，中医怎么治？,case,yuxuebianzheng_001,《中医诊断学》规划教材（要点归纳）,辨证,瘀血辨证·瘀阻不同部位证候各异,瘀血辨证是辨别瘀血停留部位与性质。临床表现：刺痛固定不移、拒按、夜间加重；或体表青紫肿块、腹内癥积；或出血反复、色紫黑夹血块；面色黧黑、口唇爪甲青紫；舌紫暗或有瘀斑、脉涩。,瘀血辨证以刺痛、肿块、紫绀、瘀斑、脉涩为要点。内脏出血、剧烈胸痛、偏瘫须立即就医。此为教材要点归纳，供参考；具体诊疗请遵医嘱，不引导自我诊断。,,
q049,口腔溃疡反复发作，中医怎么治？,case,gouqijuhuacha_001,中医养生（古籍要义归纳）,食疗养生,枸杞菊花茶·清肝明目代茶饮,《本草纲目》载枸杞子甘平滋肾润肺、明目；菊花（甘菊）味甘苦、性凉，疏风清热、明目解毒。后世食养方书多以二味相伍代茶频饮（据古籍食治要点归纳）。,枸杞菊花茶是中医传统代茶饮，以枸杞子十余粒、菊花数朵，沸水冲泡焖数分钟，代茶温饮。要领：可反复冲泡至味淡，不拘时；上班族常用以佐茶。作为古代食养文化与家常茶饮，其意在清肝明目、滋养肝肾、舒缓目涩。本条目为养生保健参考，不替代诊疗；体质有异，食用前自行斟酌。,,
q049,口腔溃疡反复发作，中医怎么治？,case,qingweisan_001,《方剂学》规划教材（要点归纳）,清热剂,清胃散·清胃凉血胃火牙痛,"传统方歌：""清胃散用升麻连，当归生地牡丹全，或益石膏平胃热，口疮吐衄及牙宣。""（李东垣《兰室秘藏》方，据教材要点归纳：生地、当归身、牡丹皮、黄连、升麻，各约常用量，水煎服。）",清胃散为清胃凉血代表方，主治胃火牙痛证，症见牙痛牵引头脑、面颊发热、喜冷恶热、牙宣出血、唇舌肿痛、口气热臭、舌红苔黄、脉滑数。功能清胃凉血，为胃火上攻口齿之常用方。使用注意：风寒牙痛、肾虚虚火牙痛非本方所宜；胃阴虚者当配合养阴。本方为要点归纳，供参考；具体用药请遵医嘱。,,
q049,口腔溃疡反复发作，中医怎么治？,case,baguan_001,中医临床诊疗指南/专家共识（要点归纳）,现代中医,拔罐·适宜技术操作要点,据《中医适宜技术操作规范·拔罐》要点：以罐为工具，借燃火、抽气排除罐内空气形成负压，使其吸附于体表腧穴或部位，常见留罐、走罐、闪罐、刺络拔罐等法，具疏通经络、行气活血、消肿止痛之功。（要点归纳，非原文照录。）,拔罐是常用中医适宜技术，操作要点：依部位选大小适宜之罐，留罐一般 5—15 分钟，走罐需先涂润滑剂往返推拉，操作后局部出现红晕、瘀点属正常反应。适用于外感风寒、肩背酸痛、腰背肌肉劳损等。禁忌包括皮肤过敏、溃疡、水肿、高热抽搐及孕妇腹部腰骶部。本条目为要点归纳，供参考；具体诊疗请遵医嘱。,,
q049,口腔溃疡反复发作，中医怎么治？,case,xueweitie_001,中医临床诊疗指南/专家共识（要点归纳）,现代中医,穴位贴敷·适宜技术操作要点,据《中医适宜技术操作规范·穴位贴敷》要点：将中药研末调成糊状或制成膏药，贴敷于特定腧穴，借药物与穴位双重作用透皮吸收，常见三伏贴、三九贴等，用于冬病夏治。（要点归纳，非原文照录。）,"穴位贴敷是常用中医适宜技术，操作要点：依证选穴（如咳喘常取肺俞、定喘、风门），贴敷时长数小时至一日不等，以局部皮肤微赤、微痒为度，避免起泡破溃。适用于慢性咳喘、反复感冒、痹证、脾胃虚寒等，三伏贴即""冬病夏治""代表。皮肤过敏、破溃、孕妇及婴幼儿须慎用。本条目为要点归纳，供参考；具体诊疗请遵医嘱。",,
q049,口腔溃疡反复发作，中医怎么治？,case,snb_shengma_001,神农本草经,上经,升麻,升麻，味甘，平。主解百毒，杀百精老物殃鬼，辟温疫瘴邪蛊毒。久服，轻身长年。生川谷。,升麻辛微甘微寒，发表透疹、清热解毒、升举阳气，主治风热头痛、齿痛口疮、咽喉肿痛、麻疹不透及气虚下陷、久泻脱肛。,,
q049,口腔溃疡反复发作，中医怎么治？,case,zhuye_001,《中药学》（清华社）· 药典外品种,清热药,竹叶,据清华社《中药学》：竹叶为禾本科植物淡竹 Phyllostachys nigra (Lodd.) Munro var. henonis (Mitf.) Stapf ex Rendle 的干燥叶（药用部位：叶）。性味甘、淡，寒；归心、胃、小肠经。功能与主治：清热除烦，生津利尿；用于热病烦渴，小儿惊痫，口疮尿赤，小便不利。…,**简明**：竹叶甘淡寒，清热除烦而生津利尿，为治热病烦渴、口疮尿赤的常用药。。**详解**：热病烦渴配石膏、麦冬（竹叶石膏汤）；心火口疮尿赤配木通、生地黄（导赤散类）；小便不利配车前子、灯心草。,,
q049,口腔溃疡反复发作，中医怎么治？,case,zhuweibing_001,中医临床诊疗指南/专家共识（要点归纳）,现代中医,治未病四大状态·三级预防要点,"据治未病指南专家共识：以""未病先防、既病防变、瘥后防复""为核心，按人群状态分未病、欲病、已病、瘥后四阶段，分别施以健康调养、早期干预、阻断传变、防止复发。（要点归纳，非原文照录。）",治未病是中医预防医学核心思想，现代治未病指南将人群状态归纳为未病、欲病、已病、瘥后四大阶段，对应三级预防：未病与欲病阶段主未病先防，通过体质辨识、饮食、起居、运动、情志调养增强体质；已病阶段主既病防变，早期干预、阻断疾病传变加重；瘥后阶段主瘥后防复，病愈后巩固调养、防其复发。本条目为要点归纳，供参考；具体诊疗请遵医嘱。,,
q049,口腔溃疡反复发作，中医怎么治？,case,hanshuishi_001,《中药学》（清华社）· 药典外品种,清热药,寒水石,据清华社《中药学》：寒水石为硫酸盐类矿物红石膏（石膏之一种）或碳酸盐类矿物方解石的矿石（药用部位：矿石）。性味辛、咸，寒；归心、胃、肾经。功能与主治：清热泻火，除烦止渴；用于热病烦渴，癫狂，口疮，热毒疮肿。用法与用量：10～15g，先煎。外用适量。贮藏：置干燥处。,**简明**：寒水石辛咸寒，清热泻火而除烦止渴，功似石膏，为治热病烦渴与疮肿的常用药。。**详解**：热病烦渴配石膏、知母；癫狂配黄连、朱砂（须遵古法炮制）；口疮疮肿研末外用。**脾胃虚寒者忌用**。,,
q049,口腔溃疡反复发作，中医怎么治？,case,shangfeng_001,《中医外科学》规划教材（要点归纳）,外科,破伤风·外伤后牙关紧闭角弓反张须及时就医,破伤风是因皮肉破损，风毒（破伤风杆菌）从伤口侵入而发的急性危重疾病。病因病机为风毒自创口入侵，传经络、功脏腑，引动内风。临床见外伤后牙关紧闭、苦笑面容、项背强直、角弓反张，遇声光刺激则抽搐发作。治法以祛风镇痉、清热解毒为主。,破伤风是外伤后风毒入里的危急重症，典型表现为牙关紧闭、苦笑面容、角弓反张。本病须立即送医，使用破伤风抗毒素、控制痉挛，并配合玉真散等祛风镇痉。预防重在及时清创、破伤风疫苗/抗毒素。本条目为教材要点归纳，供参考；具体诊疗请遵医嘱。,,
q049,口腔溃疡反复发作，中医怎么治？,case,chenpicha_001,中医养生（古籍要义归纳）,食疗养生,陈皮茶·陈皮代茶物理气健脾,"《本草纲目》列陈皮""苦辛，温""，理气、健脾、燥湿；民间习以陈皮一小片沸水泡服，为日常代茶饮。（据古籍本草要点归纳，非逐字转引。）",陈皮茶是中医家常理气代茶饮，取陈皮一小瓣（约 3—5 克），以沸水冲泡、加盖焖数分钟，温时代茶徐饮，可反复冲泡至味淡。要领：用量宜轻，取其芳香之气；饭后或感觉胸脘饱胀时小杯慢饮，空腹不宜过浓。作为古代食养文化与家常饮品，陈皮辛苦性温，意在理气健脾、和中化湿，为日常解腻开胃的清香茶饮。本条目为养生保健参考，不替代诊疗；体…,,
q049,口腔溃疡反复发作，中医怎么治？,case,bohe_001,中国药典（2025年版）一部,解表药,薄荷,据《中国药典》2025 年版一部：薄荷为唇形科植物薄荷 Mentha haplocalyx Briq. 的干燥地上部分（药用部位：地上部分）。性味辛，凉；归肺、肝经。功能与主治：疏散风热，清利头目，利咽，透疹，疏肝行气；用于风热感冒，风温初起，头痛，目赤，喉痹，口疮，风疹，麻疹，胸胁胀闷。用法与用量：3～6g，后下。贮…,**简明**：薄荷辛凉，疏散风热、清利头目、利咽透疹、疏肝行气，主治风热感冒、头痛目赤、咽痛、麻疹不透及肝郁胁胀。**详解**：风热感冒配金银花、连翘（银翘散）；目赤肿痛配菊花、桑叶；咽痛配桔梗、甘草；肝郁胁胀配柴胡、白芍（逍遥散）。含挥发油，**入汤剂宜后下**；体虚多汗者不宜。,,
q049,口腔溃疡反复发作，中医怎么治？,case,shanghan_473,伤寒论,平脉法,问曰（第473条）,问曰：脉有灾怪，何谓也？师曰：假令人病，脉得太阳，与形证相应，因为作汤。比还送汤如食顷，病人乃大吐，若下利，腹中痛。师曰：我前来不见此证，今乃变异，是名灾怪。又问曰：何缘作此吐利？答曰：或有旧时服药，今乃发作，故名灾怪耳。,本条论述脉诊之脉证。症见下利。当审其表里寒热、虚实传变而施治。,,
q049,口腔溃疡反复发作，中医怎么治？,case,shengma_001,中国药典（2025年版）一部,解表药,升麻,据《中国药典》2025 年版一部：升麻为毛茛科植物大三叶升麻 Cimicifuga heracleifolia Kom.、兴安升麻 Cimicifuga dahurica (Turcz.) Maxim. 或升麻 Cimicifuga foetida L. 的干燥根茎（药用部位：根茎）。性味辛、微甘，微寒；归肺、脾、胃、…,**简明**：升麻辛微甘微寒，发表透疹、清热解毒、升举阳气，主治麻疹不透、热毒咽痛齿痛及中气下陷诸证。**详解**：麻疹不透配葛根、白芍（升麻葛根汤）；胃火牙痛口疮配黄连、牡丹皮（清胃散）；咽痛配玄参、桔梗；中气下陷脱肛、子宫脱垂配黄芪、柴胡（补中益气汤）。升阳宜小量蜜炙，解毒透疹宜生用；阴虚阳浮者忌用。,,
q049,口腔溃疡反复发作，中医怎么治？,case,jinlongdancao_001,中国药典（2025年版）一部,化痰止咳平喘药,金龙胆草,据《中国药典》2025 年版一部：金龙胆草为菊科植物苦蒿 Conyza blinii Lévl. 的干燥地上部分（药用部位：地上部分）。性味苦，寒；归肺、肝经。功能与主治：清热化痰，止咳平喘，解毒利湿，凉血止血；用于肺热咳嗽，痰多气喘，咽痛，口疮，湿热黄疸，衄血，便血，崩漏，外伤出血。用法与用量：6～9g。外用适量。贮…,**简明**：金龙胆草苦寒，清热化痰而止咳平喘、解毒利湿，为治肺热咳喘与湿热黄疸的常用药。。**详解**：肺热咳嗽、痰多气喘配黄芩、瓜蒌；咽痛口疮配射干、板蓝根；湿热黄疸配茵陈、栀子；衄血便血配白茅根、侧柏叶。脾胃虚寒者慎用。,,
q049,口腔溃疡反复发作，中医怎么治？,case,pengsha_001,《中药学》（清华社）· 药典外品种,攻毒杀虫止痒药,硼砂,据清华社《中药学》：硼砂为硼酸盐类矿物硼砂族硼砂经精制而成的结晶（药用部位：加工品）。性味甘、咸，凉；归肺、胃经。功能与主治：外用清热解毒，内服清肺化痰；用于咽喉肿痛，口疮，目赤翳障；内服治痰热咳嗽。用法与用量：外用适量，研极细末撒敷或调敷。内服 1.5～3g，入丸散。注意：内服不宜过量。贮藏：置阴凉干燥处，密闭。,**简明**：硼砂甘咸凉，外用清热解毒（喉口目疾要药，冰硼散主药），内服清肺化痰。。**详解**：咽喉肿痛、口疮配冰片、玄明粉（冰硼散）吹敷；目赤翳障配黄连、炉甘石点眼；痰热咳嗽内服配贝母、瓜蒌。**内服不宜过量**。,,
q049,口腔溃疡反复发作，中医怎么治？,case,jingui_011,金匮要略,五脏风寒积聚病脉证并治第十一,五脏风寒积聚病脉证并治第十一,（论二首 脉证十七条 方二首） 肺中风者，口燥而喘，身运而重，冒而肿胀。 肺中寒，吐浊涕。 肺死藏，浮之虚，按之弱如葱叶，下无根者，死。 肝中风者，头目目闰，两胁痛，行带伛，令人嗜甘。 肝中寒者，两臂不举，舌本燥，喜太息，胸中痛，不得转侧，食则吐而汗出也（《脉经、千金》云，时盗汗、咳，食已吐其汁）。 肝死藏，浮之弱，按…,本篇分论五脏中风中寒诸证及真脏死脉，并辨积（藏病不移）、聚（府病发作有时）、馨气（按之则愈）之别。出肝着（旋复花汤）、脾约（麻子仁丸）、肾着（甘姜苓术汤）三方。,,
q049,口腔溃疡反复发作，中医怎么治？,case,shanghan_076,伤寒论,辨太阳病脉证并治中,栀子豉汤证（第76条）,发汗后，饮水多，必喘，以水灌之，亦喘。发汗后，水药不得入口为逆，若更发汗，必吐下不止。发汗吐下后，虚烦不得眠；若剧者，必反复颠倒，心中懊憹，栀子豉汤主之。 栀子豉汤方 栀子十四枚（掰，味甘寒） 香豉四合（绵裹，味苦寒）右二味，以水四升，先煮栀子，得二升半，内豉，煮取一升半，去滓，分为二服，温进一服。得吐者，止后服。若少…,本条论热扰胸膈证。发汗吐下后虚烦不得眠，剧者反复颠倒、心中懊憹，栀子豉汤主之。栀子清热除烦，香豉宣散透邪。并论汗后饮水多必喘、水药不入为逆。,,
q049,口腔溃疡反复发作，中医怎么治？,case,zhizichitang_001,伤寒论,辨太阳病脉证并治中,栀子豉汤方,发汗后，饮水多，必喘，以水灌之，亦喘。发汗后，水药不得入口为逆，若更发汗，必吐下不止。发汗吐下后，虚烦不得眠；若剧者，必反复颠倒，心中懊憹，栀子豉汤主之。 栀子豉汤方 栀子十四枚（掰，味甘寒） 香豉四合（绵裹，味苦寒）右二味，以水四升，先煮栀子，得二升半，内豉，煮取一升半，去滓，分为二服，温进一服。得吐者，止后服。若少…,栀子豉汤主治热郁胸膈之虚烦不得眠、心中懊憹、反复颠倒、胸中窒。栀子苦寒清心除烦，豆豉轻宣透热，二药相配清宣郁热。若少气者加甘草，呕者加生姜。,,
q049,口腔溃疡反复发作，中医怎么治？,case,jingui_008,金匮要略,奔豚气病脉证治第八,奔豚气病脉证治第八,（论二首 方三首） 师曰：病有奔豚，有吐脓，有惊怖，有火邪，此四部病，皆从惊发得之。师曰：奔豚病，从少腹起，上冲咽喉，发作欲死，复还止，皆从惊恐得之。 奔豚气上冲胸，腹痛，往来寒热，奔豚汤主之。 奔豚汤方 甘草 芎穷 当归各二两 半夏四两 黄芩二两 生葛五两 芍药二两 生姜四两 甘李根白皮一升 右九味，以水二斗，煮取五…,本篇论奔豚气病。奔豚从少腹起上冲咽喉、发作欲死，多从惊恐或烧针发汗引发；肝气上冲偏热者主奔豚汤，心阳虚寒气上冲者主桂枝加桂汤，欲作奔豚（脐下悸）主苓桂甘枣汤。,,
q049,口腔溃疡反复发作，中医怎么治？,case,jingui_019,金匮要略,趺蹶手指臂肿转筋阴狐疝蛔虫病脉证治第十九,趺蹶手指臂肿转筋阴狐疝蛔虫病脉证治第十九,（论一首 脉证一条 方四首） 师曰：病趺蹶，其人但能前，不能却，刺月腨入二寸，此太阳经伤也。 病人常以手指臂肿动，此人身体目闰 目闰 者，藜芦甘草汤主之。 藜芦甘草汤方（未见） 转筋之为病，其人臂脚直，脉上下行，微弦。转筋入腹者，鸡屎白散主之。鸡屎白散方 鸡屎白 右一味，为散，取方寸匕，以水六合，和，温服。 阴狐疝气者…,本篇合论趺蹶（能前不能却）、手指臂肿动、转筋入腹、阴狐疝、蛔虫等杂病。蛔虫病令人吐涎、心痛发作有时，主甘草粉蜜汤；蛔厥（藏寒蛔上入膈）主乌梅丸温脏安蛔，为治蛔名方。,,
q049,口腔溃疡反复发作，中医怎么治？,case,jineijin_001,中国药典（2025年版）一部,消食药,鸡内金,据《中国药典》2025 年版一部：鸡内金为雉科动物家鸡 Gallus gallus domesticus Brisson 的干燥砂囊内壁（药用部位：砂囊内壁）。性味甘，平；归脾、胃、小肠、膀胱经。功能与主治：健胃消食，涩精止遗，通淋化石；用于食积不消，呕吐泻痢，小儿疳积，遗尿，遗精，石淋涩痛，胆胀胁痛。用法与用量：3～…,**简明**：鸡内金甘平，健胃消食（消**一切食积**尤宜米面薯芋）、涩精止遗、通淋化石，主治食积疳积、遗尿遗精、胆肾结石。**详解**：食积配山楂、麦芽；遗尿配桑螵蛸、益智仁；结石配金钱草、海金沙。**研末冲服效果优于煎剂**。,,
q049,口腔溃疡反复发作，中医怎么治？,case,snb_shufu_001,神农本草经,下经,鼠妇,鼠妇，味咸，温。主气癃不得小便，妇人月闭血瘕，痫痓寒热，利水道。生平谷。,鼠妇（潮虫科平甲虫，俗称地虱、西瓜虫）咸温，破血通经、利水通淋、截疟，主治小便癃闭、经闭血瘕、久疟寒热及牙疳口疮。今临床少用，多入丸散，孕妇及无瘀滞者忌用，不宜久服。,,
q049,口腔溃疡反复发作，中医怎么治？,case,qingdai_001,中国药典（2025年版）一部,清热药,青黛,据《中国药典》2025 年版一部：青黛为爵床科植物马蓝 Baphicacanthus cusia (Nees) Bremek.、蓼科植物蓼蓝 Polygonum tinctorium Ait. 或十字花科植物菘蓝 Isatis indigotica Fort. 的叶或茎叶经加工制得的干燥粉末、团块或颗粒（药用部位：加工…,**简明**：青黛咸寒，清热解毒、凉血消斑、泻火定惊，主治温毒发斑、血热吐衄、痄腮喉痹、小儿惊痫。**详解**：发斑吐衄配水牛角、栀子；咳嗽咯血配海蛤壳（黛蛤散）；痄腮口疮外用调敷；小儿惊风配钩藤、牛黄。**一般不入汤剂**，宜入丸散或冲服。,,
q049,口腔溃疡反复发作，中医怎么治？,case,shexiangbaoxinwan_001,《中国药典》一部/药品说明书（要点归纳）,理血/止咳/中成药,麝香保心丸·芳香温通益气强心,据现行版《中国药典》一部与药品说明书要点归纳：本品由麝香、人参、牛黄、肉桂、苏合香、蟾酥、冰片组成，具芳香温通、益气强心之功，用于气滞血瘀所致胸痹，症见心前区疼痛、固定不移；心肌缺血所致心绞痛、心肌梗死见上述证候者。用法用量按说明书口服或舌下含服。,麝香保心丸为芳香温通、益气强心类处方药，用于气滞血瘀之胸痹心绞痛。本品含麝香、蟾酥，孕妇禁用；运动员慎用；心绞痛持续发作应立即就医。本条目为中成药，请按说明书或在医师指导下使用。,,
q049,口腔溃疡反复发作，中医怎么治？,case,ercha_001,中国药典（2025年版）一部,活血化瘀药,儿茶,据《中国药典》2025 年版一部：儿茶为豆科植物儿茶 Acacia catechu (L.f.) Willd. 去皮枝干的干燥煎膏（药用部位：煎膏）。性味苦、涩，微寒；归肺、心经。功能与主治：活血止痛，止血生肌，收湿敛疮，清肺化痰；用于跌扑伤痛，外伤出血，疮疡不敛，湿疹湿疮，肺热咳嗽。用法与用量：1～3g，包煎；多入丸…,**简明**：儿茶苦涩微寒，活血止痛、止血生肌、收湿敛疮、清肺化痰，主治跌扑伤痛、外伤出血、疮疡湿疮及肺热咳嗽。**详解**：外伤出血疮疡研末外敷；口疮咽痛配冰片、硼砂；肺热咳嗽配桑白皮、黄芩。**多入丸散或包煎**。,,
q049,口腔溃疡反复发作，中医怎么治？,case,shandougen_001,中国药典（2025年版）一部,清热药,山豆根,据《中国药典》2025 年版一部：山豆根为豆科植物越南槐 Sophora tonkinensis Gagnep. 的干燥根和根茎（药用部位：根和根茎）。性味苦，寒；有毒；归肺、胃经。功能与主治：清热解毒，消肿利咽；用于火毒蕴结，咽喉肿痛，齿龈肿痛。用法与用量：3～6g。贮藏：置干燥处。,**简明**：山豆根苦寒有毒，清热解毒、消肿利咽，为治**热毒咽喉肿痛**要药。**详解**：喉痹咽痛配射干、牛蒡子、桔梗；龈肿口疮配黄连、升麻。**有毒**，用量 3～6g 不可过量，脾胃虚寒、少食便溏者忌用。,,
q049,口腔溃疡反复发作，中医怎么治？,case,dengxincao_001,中国药典（2025年版）一部,利水渗湿药,灯心草,据《中国药典》2025 年版一部：灯心草为灯心草科植物灯心草 Juncus effusus L. 的干燥茎髓（药用部位：茎髓）。性味甘、淡，微寒；归心、肺、小肠经。功能与主治：清心火，利小便；用于心烦失眠，尿少涩痛，口舌生疮。用法与用量：1～3g。外用适量。贮藏：置干燥处。,**简明**：灯心草甘淡微寒，清心火、利小便，主治心火亢盛之心烦失眠、口舌生疮、小便涩痛。**详解**：心烦不寐配竹叶、栀子；口疮配黄连、甘草；热淋配车前子、木通。药力缓和，多配入复方，下焦虚寒者慎用。,,
q049,口腔溃疡反复发作，中医怎么治？,case,danfan_001,《中药学》（清华社）· 药典外品种,涌吐药,胆矾,据清华社《中药学》：胆矾为硫酸盐类矿物胆矾的矿石，或人工制成的含水硫酸铜（CuSO₄·5H₂O）（药用部位：加工品）。性味酸、涩、辛，寒；有毒；归肝、胆经。功能与主治：涌吐风痰，解毒收湿，蚀疮去腐；用于风痰壅塞，喉痹，癫痫；外治口疮，风眼赤烂，疮疡。用法与用量：0.3～0.6g，温水化服催吐。外用适量，研末撒敷或水溶后…,**简明**：胆矾酸涩辛寒有毒，涌吐风痰而解毒收湿，为涌吐峻药，多外用蚀疮。。**详解**：风痰壅塞、喉痹、癫痫温汤化服 0.3～0.6g 催吐；口疮、风眼赤烂水溶外洗；疮疡研末撒敷。**有毒**，体虚者忌用，中病即止。,,
q049,口腔溃疡反复发作，中医怎么治？,case,niuxi_001,中国药典（2025年版）一部,活血化瘀药,牛膝,据《中国药典》2025 年版一部：牛膝为苋科植物牛膝 Achyranthes bidentata Bl. 的干燥根（药用部位：根）。性味苦、甘、酸，平；归肝、肾经。功能与主治：逐瘀通经，补肝肾，强筋骨，利尿通淋，引血下行；用于经闭，痛经，腰膝酸痛，筋骨无力，淋证，水肿，头痛，眩晕，牙痛，口疮，吐血，衄血。用法与用量：5…,**简明**：牛膝苦甘酸平，逐瘀通经、补肝肾强筋骨、利尿通淋、**引血引火下行**，主治瘀血经闭、腰膝酸软、淋证水肿及头痛眩晕、牙痛口疮（上炎之火）。**详解**：痹证腰膝配独活、桑寄生（独活寄生汤）；胃火上炎齿痛配石膏、知母（玉女煎）；瘀血经闭配桃仁、红花；引火下行配代赭石、牡蛎。生用活血引血下行，酒制补肝肾。孕妇慎…,,
q049,口腔溃疡反复发作，中医怎么治？,case,aipian_001,中国药典（2025年版）一部,开窍药,艾片,据《中国药典》2025 年版一部：艾片系菊科植物艾纳香 Blumea balsamifera (L.) DC. 的新鲜叶经水蒸气蒸馏、提取加工制成的结晶，为左旋龙脑（加工品：叶提取结晶，与天然冰片、合成龙脑并列而来源不同）。性味辛、苦，微寒；归心、脾、肺经。功能与主治：开窍醒神，清热止痛；用于热病神昏、痉厥，中风痰厥，…,**简明**：艾片辛苦微寒，开窍醒神、清热止痛，为**凉开**之品，主治热病神昏痉厥、中风痰厥，及目赤口疮、咽喉肿痛、耳道流脓。**详解**：热闭神昏配牛黄、麝香（安宫牛黄丸）；寒闭配苏合香（苏合香丸）；五官科外用点敷。**不入煎剂，入丸散 0.15～0.3g**；孕妇慎用。,,
q049,口腔溃疡反复发作，中医怎么治？,case,danzhuye_001,中国药典（2025年版）一部,清热药,淡竹叶,据《中国药典》2025 年版一部：淡竹叶为禾本科植物淡竹叶 Lophatherum gracile Brongn. 的干燥茎叶（药用部位：茎叶）。性味甘、淡，寒；归心、胃、小肠经。功能与主治：清热泻火，除烦止渴，利尿通淋；用于热病烦渴，小便短赤涩痛，口舌生疮。用法与用量：6～10g。贮藏：置干燥处。,**简明**：淡竹叶甘淡寒，清热泻火、除烦止渴、利尿通淋，主治心火所致心烦口渴、口疮尿赤、热淋。**详解**：热病烦渴配石膏、麦冬（竹叶石膏汤）；心火移热小肠、口疮尿赤配木通、生地黄（导赤散）；热淋涩痛配车前子、瞿麦。脾胃虚寒者慎用。,,
q049,口腔溃疡反复发作，中医怎么治？,case,niuhuangjiedupian_001,《中国药典》一部/药品说明书（要点归纳）,清热剂/中成药,牛黄解毒片·清热解毒,据现行版《中国药典》一部与药品说明书要点归纳：本品由人工牛黄、雄黄、石膏、大黄、黄芩、桔梗、冰片、甘草等组成，具清热解毒之功，用于火热内盛，症见咽喉肿痛、牙龈肿痛、口舌生疮、目赤肿痛。用法用量按说明书。,牛黄解毒片为常用清热泻火解毒类中成药，用于实火上炎之咽痛口疮。含雄黄（砷化合物），不宜长期或过量服用，孕妇禁用，婴幼儿慎用；身体不适应就医。本条目为中成药，请按说明书或在医师指导下使用。,,
q049,口腔溃疡反复发作，中医怎么治？,case,bingpian_001,中国药典（2025年版）一部,开窍药,冰片,据《中国药典》2025 年版一部：冰片为龙脑香科植物龙脑香 Dryobalanops aromatica Gaertn. f. 树脂加工品或龙脑香树的树干、树枝切碎，经蒸馏冷却而得的结晶（合成龙脑）（药用部位：树脂加工品或合成品）。性味辛、苦，微寒；归心、脾、肺经。功能与主治：开窍醒神，清热止痛；用于热病神昏，惊厥，中…,**简明**：冰片辛苦微寒，开窍醒神、清热止痛（**清热开窍、外用消肿止痛**），主治热病神昏、胸痹心痛及目赤口疮咽痛、疮疡（外用）。**详解**：热闭神昏配麝香、牛黄（安宫牛黄丸）；咽喉口疮配硼砂、朱砂（冰硼散）；目赤肿痛研粉点眼。**入丸散（0.15～0.3g），不入煎剂**；孕妇慎用。,,
q049,口腔溃疡反复发作，中医怎么治？,case,laogong_001,针灸学,手厥阴心包经,劳宫,《灵枢·本输》：手心主溜于劳宫，劳宫，掌中中指本节之内间也，为荥。,劳宫为手厥阴心包经荥穴，定位在掌区，横平第3掌指关节近端，第2、3掌骨之间偏于第3掌骨（握拳屈指时中指尖处）。主治中风昏迷、中暑、心痛、癫狂痫、口疮、口臭及鹅掌风，为清心火要穴。刺法：直刺0.3～0.5寸；可灸。,,
q049,口腔溃疡反复发作，中医怎么治？,case,chuanxinlianpian_001,《中国药典》一部/药品说明书（要点归纳）,清热剂/中成药,穿心莲片·清热解毒凉血消肿,据现行版《中国药典》一部与药品说明书要点归纳：本品由穿心莲一味组成，具清热解毒、凉血消肿之功，用于邪毒内盛，感冒发热、咽喉肿痛、口舌生疮、顿咳劳嗽、泄泻痢疾、痈肿疮疡、毒蛇咬伤。用法用量按说明书口服。,穿心莲片为单味药清热解毒类中成药，用于感冒发热、咽痛口疮、泻痢痈肿。本品味极苦，空腹服易致胃部不适，脾胃虚寒者宜饭后服，不宜久服；服药 3 天症状无缓解应就医。本条目为中成药，请按说明书或在医师指导下使用。,,
q049,口腔溃疡反复发作，中医怎么治？,case,chuanmutong_001,中国药典（2025年版）一部,利水渗湿药,川木通,据《中国药典》2025 年版一部：川木通为毛茛科植物小木通 Clematis armandii Franch. 或绣球藤 Clematis montana Buch.-Ham. 的干燥藤茎（药用部位：藤茎）。性味苦，寒；归心、小肠、膀胱经。功能与主治：利尿通淋，清心除烦，通经下乳；用于淋证，水肿，心烦尿赤，口舌生疮，经…,**简明**：川木通苦寒，利尿通淋、清心除烦、通经下乳，主治热淋涩痛、心火口疮尿赤、经闭乳少及湿热痹痛。**详解**：热淋配车前子、滑石（八正散）；心火上炎口疮配生地黄、竹叶（导赤散）；乳汁不下配王不留行、通草；湿热痹痛配防己、薏苡仁。孕妇慎用，滑精及无湿热者忌用。,,
q049,口腔溃疡反复发作，中医怎么治？,case,zhusha_001,中国药典（2025年版）一部,安神药,朱砂,据《中国药典》2025 年版一部：朱砂为硫化物类矿物辰砂族辰砂，主含硫化汞（HgS）（药用部位：矿物）。性味甘，微寒；有毒；归心经。功能与主治：清心镇惊，安神，明目，解毒；用于心悸易惊，失眠多梦，癫痫发狂，小儿惊风，视物昏花，口疮，喉痹，疮疡肿毒。用法与用量：0.1～0.5g，多入丸散服，不宜入煎剂。外用适量。注意：本…,**简明**：朱砂甘微寒有毒，清心镇惊、安神明目、解毒，主治心火亢盛之心悸失眠、惊痫癫狂及口疮疮毒（外用）。**详解**：心火失眠配黄连、甘草（朱砂安神丸）；小儿惊风配牛黄、天竺黄。**有毒（硫化汞），不入煎剂，只入丸散（0.1～0.5g）**，不可过量久服，孕妇及肝肾功能不全者禁用。,,
q049,口腔溃疡反复发作，中医怎么治？,case,mangxiao_001,中国药典（2025年版）一部,泻下药,芒硝,据《中国药典》2025 年版一部：芒硝为硫酸盐类矿物芒硝族芒硝，经加工精制而成的结晶体，主含含水硫酸钠（Na2SO4·10H2O）（药用部位：矿物精制品）。性味咸、苦，寒；归胃、大肠经。功能与主治：泻下通便，润燥软坚，清火消肿；用于实热积滞，腹满胀痛，大便燥结，肠痈肿痛，外治乳痈，痔疮肿痛。用法与用量：6～12g，一般…,**简明**：芒硝咸苦寒，泻下通便、润燥软坚、清火消肿，主治实热燥结便秘（软坚之力优于大黄）及外敷消肿。**详解**：实热便秘配大黄（大承气汤）；咽痛口疮、目赤可化水含漱或滴眼；乳痈痔疮肿痛外敷。**不入煎剂，宜冲服或溶入汤剂**；孕妇慎用，脾胃虚寒者忌用。,,
q049,口腔溃疡反复发作，中医怎么治？,case,wangchuyachi_001,《中医诊断学》规划教材（要点归纳）,四诊,望唇齿龈·口唇牙齿牙龈望诊,望唇齿龈是观察口唇、牙齿、牙龈的色泽形态。唇为脾之外候：唇色淡白为血虚；唇色红赤为热；口唇糜烂为脾胃积热；口唇青黑为寒极痛极。齿为骨之余，属肾：牙齿干燥为热盛伤津；牙齿松动为肾虚。龈为胃之络：牙龈红肿为胃火；牙龈萎缩为肾虚或胃阴不足。,唇齿龈分属脾、肾、胃，望之可测脏腑寒热虚实。牙关紧闭、齿衄不止、牙龈溃烂须就医。此为教材要点归纳，供参考；具体诊疗请遵医嘱，不引导自我诊断。,,
q049,口腔溃疡反复发作，中医怎么治？,case,baiji_001,中国药典（2025年版）一部,止血药,白及,据《中国药典》2025 年版一部：白及为兰科植物白及 Bletilla striata (Thunb.) Reichb. f. 的干燥块茎（药用部位：块茎）。性味苦、甘、涩，微寒；归肺、肝、胃经。功能与主治：收敛止血，消肿生肌；用于咯血，吐血，外伤出血，疮疡肿毒，皮肤皲裂。用法与用量：6～15g；研粉吞服 3～6g。外…,**简明**：白及苦涩微寒，收敛止血、消肿生肌，为治**肺胃出血**（咯血吐血）之要药，兼治疮疡不敛、皲裂。**详解**：肺痨咳血配枇杷叶、阿胶（白及枇杷丸）；胃溃疡出血配乌贼骨（乌及散，研粉吞服）；疮疡久溃配乳香、没药。**反川乌、草乌、附子**；外感咯血及肺胃实热者慎用。,,
q049,口腔溃疡反复发作，中医怎么治？,case,chuanyangzonglun_001,《中医外科学》规划教材（要点归纳）,外科,疮疡总论·外科化脓性感染性疾病概述,疮疡是各种致病因素侵袭人体后引起的一切体表化脓性疾患的总称，分急性与慢性两类。其特点是局部红肿热痛、成脓破溃，或伴全身热毒表现。病因分外感、内伤、损伤三端；病机为经络阻塞、气血凝滞、营卫不和、脏腑失和。辨证分阴证、阳证；外治按初起、成脓、溃后三期，分别用消、托、补三法。,疮疡辨证首分阴阳：阳证多皮薄色红、焮痛易脓易溃；阴证多皮色不变、酸痛难脓难溃。治疗初起宜消（清热解毒、和营消肿），成脓宜托（托毒透脓），溃后宜补（益气养血）。凡范围大、全身高热、脓出不畅者须及时就医。,,
q049,口腔溃疡反复发作，中医怎么治？,case,bailian_001,中国药典（2025年版）一部,清热药,白蔹,据《中国药典》2025 年版一部：白蔹为葡萄科植物白蔹 Ampelopsis japonica (Thunb.) Makino 的干燥块根（药用部位：块根）。性味苦、辛，微寒；归心、胃经。功能与主治：清热解毒，消痈散结；用于痈肿疮疡，瘰疬，水火烫伤。用法与用量：5～10g。外用适量，煎汤洗或研成极细粉敷患处。注意：不宜…,**简明**：白蔹苦辛微寒，清热解毒而消痈散结，为外科疮疡常用，内服外敷皆宜。。**详解**：痈肿疮疡初起配金银花、连翘、蒲公英；疮溃不敛可研粉掺敷；水火烫伤配地榆、大黄研末调敷。**反乌头（十八反）**，不宜与川乌、草乌、附子同用。,,
q049,口腔溃疡反复发作，中医怎么治？,case,snb_baiji_001,神农本草经,下经,白及,白及，味苦，平。主痈肿恶疮败疽，伤阴死肌，胃中邪气，贼风鬼击，痱缓不收。生川谷。,白及苦甘涩微寒，收敛止血、消肿生肌，为内外伤出血、痈肿溃后不敛之要药，主治咯血吐血、外伤出血、疮疡肿毒、皮肤皲裂及肺痈。其质黏腻，反乌头类（川乌、草乌、附子），外感咯血及肺胃实热者不宜早用，不宜久服。,,
q049,口腔溃疡反复发作，中医怎么治？,case,xiguashuang_001,中国药典（2025年版）一部,清热药,西瓜霜,据《中国药典》2025 年版一部：西瓜霜系葫芦科植物西瓜 Citrullus lanatus (Thunb.) Matsum. et Nakai 的成熟新鲜果实与芒硝经加工制成的结晶性粉末（加工品：西瓜与芒硝同置，待瓜外析出白霜收集而成）。性味咸，寒；归肺、胃、大肠经。功能与主治：清热泻火，消肿止痛；用于肺胃火热上蒸之…,**简明**：西瓜霜咸寒，清泄肺胃大肠之火、消肿止痛，为喉科、口腔外用要药，主治咽喉红肿、喉痹、口舌生疮。**详解**：多外用研末吹敷患处（如西瓜霜喷剂），少量内服亦可。**性寒凉**，风寒咽痛、脾胃虚寒便溏者忌用；用后忌烟酒辛辣鱼腥。,,
q049,口腔溃疡反复发作，中医怎么治？,case,shanghan_058,伤寒论,辨太阳病脉证并治中,阴阳自和必自愈（第58条）,凡病若发汗、若吐、若下、若亡津液，阴阳自和者，必自愈。,本条论病后自愈机理。凡病若发汗、若吐、若下、若亡津液，阴阳自和者必自愈。示人勿妄攻，待阴阳自和、正气来复则愈。,,
q049,口腔溃疡反复发作，中医怎么治？,case,gonglaomu_001,中国药典（2025年版）一部,清热药,功劳木,据《中国药典》2025 年版一部：功劳木为小檗科植物阔叶十大功劳 Mahonia bealei (Fort.) Carr. 或细叶十大功劳 Mahonia fortunei (Lindl.) Fedde 的干燥茎（药用部位：茎）。性味苦，寒；归肺、肝、大肠经。功能与主治：清热燥湿，泻火解毒；用于湿热泻痢，黄疸尿赤，目赤…,**简明**：功劳木苦寒，清热燥湿、泻火解毒，功类黄连黄柏而力缓，主治湿热泻痢、黄疸目赤、胃火牙痛及疮疡湿疹。**详解**：湿热泻痢配黄连、秦皮；黄疸配茵陈、栀子；目赤配菊花、夏枯草；湿疹湿疮煎水外洗。脾胃虚寒者慎用。,,
q049,口腔溃疡反复发作，中医怎么治？,case,dasuan_001,中国药典（2025年版）一部,攻毒杀虫止痒药,大蒜,据《中国药典》2025 年版一部：大蒜为百合科植物大蒜 Allium sativum L. 的干燥鳞茎（药用部位：鳞茎）。性味辛，温；归脾、胃、肺经。功能与主治：解毒消肿，杀虫，止痢；用于痈肿疮疡，疥癣，肺痨，顿咳，痢疾，泄泻。用法与用量：9～15g。外用适量。贮藏：置阴凉干燥处。  **【古注】】 《本草纲目》：大蒜…,**简明**：大蒜辛温，解毒消肿、杀虫止痢（**药食两用**），主治痈肿疮疡、疥癣、肺痨顿咳及痢疾泄泻。**详解**：痢疾配黄连煎服；痈肿疥癣捣烂外敷；顿咳可糖蒜食疗。**阴虚火旺、目疾及胃溃疡者慎用**。,,
q049,口腔溃疡反复发作，中医怎么治？,case,chongbaila_001,中国药典（2025年版）一部,活血化瘀药,虫白蜡,据《中国药典》2025 年版一部：虫白蜡为介壳虫科昆虫白蜡虫 Ericerus pela (Chavannes) Guerin 的雄虫群栖于木犀科植物白蜡树 Fraxinus chinensis Roxb.、女贞 Ligustrum lucidum Ait. 或女贞属其他种植物枝干上分泌的蜡，经精制而成（药用部位：精制…,**简明**：虫白蜡甘平，生肌敛疮而止血定痛，为疮疡久溃不敛的常用外用药。。**详解**：溃疡久不收敛配乳香、没药研末掺敷；创伤出血研末外敷；内服入丸散用于肺虚久咳。,,
q049,口腔溃疡反复发作，中医怎么治？,case,wenyinshi_001,《中医诊断学》规划教材（要点归纳）,四诊,问饮食口味·食欲食量口味偏嗜辨脾胃,问饮食口味是询问患者口渴与饮水、食欲与食量、口味与偏嗜情况以判断脾胃盛衰、津液存亡及寒热虚实的诊法。食欲减退多属脾胃虚弱；多食易饥多属胃火；口渴多饮多属热盛伤津；口淡乏味多属脾虚；口甜黏腻多属湿热；口苦多属热；口咸多属肾病或寒。,问饮食以食欲食量察脾胃、口渴饮水察津液、口味察寒热脏腑：多食易饥属胃火，口淡属脾虚，口甜黏腻属湿热。久病不能食而突然暴食为除中，属危候。此为教材要点归纳，供参考；具体诊疗请遵医嘱，不引导自我诊断。,,
q049,口腔溃疡反复发作，中医怎么治？,case,liewen_she_001,《中医诊断学》规划教材（要点归纳）,四诊,裂纹舌·舌面有裂纹主阴血亏虚或脾虚,裂纹舌指舌面上有深浅不一、形状各异的裂纹。舌淡白而有裂纹多属血虚；舌红绛而有裂纹多属热盛伤阴；舌淡白胖嫩边有齿痕兼有裂纹多属脾虚气弱。部分人先天舌面有浅裂纹，无不适者不作病论。,裂纹舌以舌面裂纹为辨证眼目，须结合舌色苔之多少辨血虚、热盛伤阴与脾虚。长期贫血、持续高热、口干明显者须就医。此为教材要点归纳，供参考；具体诊疗请遵医嘱，不引导自我诊断。,,
q049,口腔溃疡反复发作，中医怎么治？,case,jinqiaomai_001,中国药典（2025年版）一部,清热药,金荞麦,据《中国药典》2025 年版一部：金荞麦为蓼科植物金荞麦 Fagopyrum dibotrys (D. Don) Hara 的干燥根茎（药用部位：根茎）。性味微辛、涩，凉；归肺经。功能与主治：清热解毒，排脓祛瘀；用于肺痈吐脓，肺热喘咳，乳蛾肿痛。用法与用量：15～45g，用水或黄酒隔水密闭炖服。贮藏：置干燥处，防蛀。,**简明**：金荞麦微辛涩凉，清热解毒、排脓祛瘀，主治肺痈吐脓、肺热喘咳、乳蛾肿痛。**详解**：肺痈吐脓配鱼腥草、桔梗、薏苡仁；肺热咳嗽配黄芩、瓜蒌；乳蛾咽痛配板蓝根、射干。单用隔水炖服亦可治肺脓疡；脾胃虚寒者慎用。,,
q049,口腔溃疡反复发作，中医怎么治？,case,huanglian_001,中国药典（2025年版）一部,清热药,黄连,据《中国药典》2025 年版一部：黄连为毛茛科植物黄连 Coptis chinensis Franch.、三角叶黄连 Coptis deltoidea C. Y. Cheng et Hsiao 或云连 Coptis teeta Wall. 的干燥根茎（药用部位：根茎）。性味苦，寒；归心、脾、胃、肝、胆、大肠经。功能与主…,**简明**：黄连大苦大寒，清热燥湿、泻火解毒，善清**心胃之火**，为治湿热泻痢第一要药。**详解**：湿热泻痢配木香（香连丸）；心火亢盛心烦不寐配朱砂或肉桂（交泰丸引火归元）；胃火牙痛口疮配石膏、升麻；三焦火毒配黄芩、黄柏、栀子（黄连解毒汤）；消渴配天花粉、麦冬。苦寒败胃，**不宜久服过量**，脾胃虚寒者忌用。,,
q049,口腔溃疡反复发作，中医怎么治？,case,yong_001,《中医外科学》规划教材（要点归纳）,外科,痈·局部光软无头红肿热痛,痈是指发生于体表皮肉之间的急性化脓性疾病，其特点是局部光软无头、红肿热痛、结块范围多在 6~9cm、易脓易溃易敛，可伴恶寒发热等全身症状。病因多为外感六淫邪毒、过食膏粱厚味、外伤染毒；病机为气血壅滞、热胜肉腐。辨证分热毒蕴结、热胜肉腐、正虚邪恋等型。,痈属阳证疮疡，辨证首分初起、成脓、溃后。初起宜清热解毒、和营消肿；成脓宜托毒透脓、必要时切开排脓；溃后宜益气养血。凡范围大、高热不退、脓出不畅或伴糖尿病者应及时就医。教材要点归纳，供参考；具体诊疗请遵医嘱。,,
q049,口腔溃疡反复发作，中医怎么治？,case,qingweisan_jieyao_001,方解（方论集要）,清热剂·方解,清胃散·清胃凉血,"本方出李东垣《兰室秘藏》：组成生地黄、当归身各三分，牡丹皮半钱，黄连（拣净，六分，夏月倍之），升麻一钱。方中黄连君，苦寒直折，清胃腑之积热；升麻臣，辛凉散火、清热解毒，兼为阳明引经使药，""火郁发之""，与黄连一降一散；丹皮、生地佐，凉血滋阴、清热凉血；当归佐，养血和血、消肿止痛。",清胃散为清胃凉血之代表方，治胃中积热、胃火上攻之牙痛牵引头脑、牙龈溃烂肿痛。黄连苦寒直折胃火，升麻轻清凉散火郁、兼引经，一降一散，火郁发之；生地、丹皮凉血滋阴，当归和血消肿。与玉女煎相比：彼为胃热兼肾阴不足之牙痛，兼清胃滋肾；此为纯胃火上攻，专于清胃凉血。风寒牙痛、肾虚虚火牙痛者非宜。方解供学习参考；具体用药请遵医嘱。,,
q049,口腔溃疡反复发作，中医怎么治？,case,kouheliao_001,针灸学,手阳明大肠经,口禾髎,出《针灸甲乙经》。,口禾髎定位在面部，横平人中沟上1/3与下2/3交点，鼻孔外缘直下。主治鼻塞、鼻衄、鼻息肉等鼻病，以及口㖞、口噤、口唇瞤动等口面部病证。直刺或斜刺0.3～0.5寸；禁灸。,,
q049,口腔溃疡反复发作，中医怎么治？,case,fengla_001,中国药典（2025年版）一部,补虚药,蜂蜡,据《中国药典》2025 年版一部：蜂蜡为蜜蜂科昆虫中华蜜蜂 Apis cerana Fabricius 或意大利蜂 Apis mellifera Linnaeus 分泌的蜡质，经精制而成（药用部位：精制蜡）。性味甘，平；归脾、胃、大肠经。功能与主治：解毒，敛疮，生肌，止痛；用于下痢脓血，久泻不止，疮疡溃烂，臁疮。用法与…,**简明**：蜂蜡甘平，解毒敛疮而生肌止痛，内服止泻痢，外用收疮口。。**详解**：下痢脓血、久泻配黄连、木香；疮疡溃烂、臁疮久不收口可熔化外敷。,,
q049,口腔溃疡反复发作，中医怎么治？,case,jingui_018,金匮要略,疮痈肠痈浸淫病脉证并治第十八,疮痈肠痈浸淫病脉证并治第十八,（论一首 脉证三条 方五首） 诸浮数脉，应当发热，而反洒淅恶寒，若有痛处，当发其痈。 师曰：诸痈肿，欲知有脓无脓，以手掩肿上，热者为有脓，不热者为无脓。 肠痈之为病，其身甲错，腹皮急，按之濡，如肿状，腹无积聚，身无热，脉数，此为腹内有痈脓，薏苡附子败酱散主之。 薏苡附子败酱散方 薏苡六十分 附子二分 败酱五分 右三味，…,本篇论疮痈、肠痈、浸淫疮、金疮。肠痈以身甲错、腹皮急按之濡为辨证，脓未成（脉迟紧）可下，脓已成（脉洪数）不可下；主薏苡附子败酱散排脓、大黄牡丹汤泻热逐瘀；金疮主王不留行散。,,
q049,口腔溃疡反复发作，中医怎么治？,case,fengfang_001,中国药典（2025年版）一部,攻毒杀虫止痒药,蜂房,据《中国药典》2025 年版一部：蜂房为胡蜂科昆虫果马蜂 Polistes olivaceous (DeGeer)、日本长脚胡蜂 Polistes japonicus Saussure 或异腹胡蜂 Parapolybia varia Fabricius 的巢（药用部位：巢）。性味甘，平；归胃经。功能与主治：攻毒杀虫，祛…,**简明**：蜂房甘平，攻毒杀虫、祛风止痛（**以毒攻毒**），主治疮疡肿毒、乳痈瘰疬、顽癣瘙痒、风湿痹痛及牙痛。**详解**：疮疡肿毒配全蝎、蜈蚣；痹痛配威灵仙、羌活；牙痛煎水含漱。**气血虚弱者慎用**。,,
q049,口腔溃疡反复发作，中医怎么治？,case,mutong_001,中国药典（2025年版）一部,利水渗湿药,木通,据《中国药典》2025 年版一部：木通为木通科植物木通 Akebia quinata (Thunb.) Decne.、三叶木通 Akebia trifoliata (Thunb.) Koidz. 或白木通 Akebia trifoliata (Thunb.) Koidz. var. australis (Diels) …,**简明**：木通苦寒，利尿通淋而清心火，为治热淋涩痛、口舌生疮的常用药，兼能通经下乳。。**详解**：热淋涩痛配车前子、瞿麦、滑石；心火上炎口舌生疮配生地黄、淡竹叶、甘草梢（导赤散）；产后乳汁不下配穿山甲（代用品）、王不留行；经闭配当归、红花。**用量宜小（3～6g）**，过量可致肾损伤；孕妇慎用。,,
q049,口腔溃疡反复发作，中医怎么治？,case,suwen_069,黄帝内经素问,气交变大论篇六十九,气交变大论篇六十九,黄帝问曰：五运更治，上应天期，阴阳往复，寒暑迎随，真邪相薄，内外分离，六经波荡，五气倾移，太过不及，专胜兼并，愿言其始，而有常名，可得闻乎？ 岐伯稽首再拜对曰：昭乎哉问也！是明道也！此上帝所贵，先师传之，臣虽不敏，往闻其旨。 帝曰：余闻：“得其人不教，是谓失道，传非其人，慢泄天宝。”余诚菲德，未足以受至道，然而众子哀其…,本篇论岁运太过不及之变民病与星应。本于天地方位人事，太过先天不及后天。次述岁木太过风气流行脾土受邪，民病飧泄食减体重；岁火太过炎暑流行肺金受邪，病疟少气咳喘血溢血泄；岁土太过雨湿流行肾受邪，腹痛体重；岁金太过燥气流行肝受邪，胁痛目赤；岁水太过寒气流行害心火。各列变象民病所绝之脉与上应星辰。末论善言天者必验于人，上知天文…,,
q049,口腔溃疡反复发作，中医怎么治？,case,qianliguang_001,中国药典（2025年版）一部,清热药,千里光,据《中国药典》2025 年版一部：千里光为菊科植物千里光 Senecio scandens Buch.-Ham. 的干燥地上部分（药用部位：地上部分）。性味苦，寒；归肺、肝、大肠经。功能与主治：清热解毒，明目，利湿；用于痈肿疮毒，感冒发热，目赤肿痛，泄泻痢疾，皮肤湿疹。用法与用量：15～30g。外用适量，煎水熏洗。贮藏…,**简明**：千里光苦寒，清热解毒、明目利湿，主治痈肿疮毒、目赤翳障、湿疹及湿热泻痢（民间谚称「一世不生疮」）。**详解**：疮痈肿毒配蒲公英、金银花；目赤肿痛配菊花、决明子；湿疹疥癣煎水外洗；泻痢配黄连、白头翁。脾胃虚寒者慎用。,,
q049,口腔溃疡反复发作，中医怎么治？,case,tianhuafen_001,中国药典（2025年版）一部,清热药,天花粉,据《中国药典》2025 年版一部：天花粉为葫芦科植物栝楼 Trichosanthes kirilowii Maxim. 或双边栝楼 Trichosanthes rosthornii Harms 的干燥根（药用部位：根）。性味甘、微苦，微寒；归肺、胃经。功能与主治：清热泻火，生津止渴，消肿排脓；用于热病烦渴，肺热燥咳，内…,**简明**：天花粉甘微苦微寒，清热生津、消肿排脓，主治热病口渴、消渴、肺热燥咳及疮疡肿毒。**详解**：津伤口渴配芦根、麦冬；消渴配葛根、山药；疮疡初起配金银花、白芷、皂角刺（仙方活命饮）；肺热燥咳配沙参、麦冬。**反乌头类药**，孕妇禁用（本品含天花粉蛋白有中期引产作用）。,,
q049,口腔溃疡反复发作，中医怎么治？,case,duiduan_001,针灸学,督脉,兑端,出《针灸甲乙经》。,兑端为督脉穴。在面部，上唇结节之尖端。主治唇吻强急、口㖞、齿龈痛、鼻渊、癫狂、晕厥、消渴。刺法：向上斜刺0.2～0.3寸；不灸。,,
q049,口腔溃疡反复发作，中医怎么治？,case,daying_001,针灸学,足阳明胃经,大迎,出《针灸甲乙经》。《针灸甲乙经》：大迎，一名髓孔，在曲颔前一寸三分，骨陷者中，动脉应手。,大迎定位在下颌角前方，咬肌附着部的前缘凹陷中，当面动脉搏动处。主治口歪、口噤、颊肿、齿痛、面肿、唇吻瞤动等面口病证。刺法：避开动脉，斜刺0.3~0.5寸。,,
q049,口腔溃疡反复发作，中医怎么治？,case,yadanzi_001,中国药典（2025年版）一部,清热药,鸦胆子,据《中国药典》2025 年版一部：鸦胆子为苦木科植物鸦胆子 Brucea javanica (L.) Merr. 的干燥成熟果实（药用部位：成熟果实）。性味苦，寒；有小毒；归大肠、肝经。功能与主治：清热解毒，止痢，截疟，腐蚀赘疣；用于热毒血痢，冷积久痢，各型疟疾，外治赘疣、鸡眼。用法与用量：0.5～2g，用龙眼肉包裹或…,**简明**：鸦胆子苦寒有小毒，清热解毒、止痢截疟、腐蚀赘疣，主治热毒血痢、久痢、疟疾及外治鸡眼赘疣。**详解**：治痢疾疟疾**用龙眼肉包裹或胶囊吞服**（0.5～2g），不入汤剂；赘疣鸡眼捣烂外敷。**有毒**，脾胃虚寒、呕吐者忌用，孕妇慎用，不可过量。,,
q049,口腔溃疡反复发作，中医怎么治？,case,xiuqi_001,中医诊断学,四诊,嗅气味,嗅气味包括病体之气与排出物、分泌物之气。教材归纳：一般气味酸腐臭秽者多属实热，无臭或微腥者多属虚寒；其规律为「浊秽为热、腥清为寒」。,口气：口气酸臭多属食积胃肠；口气臭秽多属胃热；口气腐臭兼咳吐脓血多属内痈（肺痈）。汗气：汗出腥膻多属湿热或瘟毒；病室有烂苹果气味多属消渴重证。排出物方面：大便臭秽难闻多属肠腑积热；大便腥臭清稀多属寒湿；小便黄赤混浊有臊臭多属膀胱湿热；经带臭秽黄稠多属湿热下注，带下清稀微腥多属寒湿或脾虚。凡新病、气味浓重臭秽者多实多热；…,,
q050,更年期潮热汗出，心烦失眠，如何调理？,case,xinxue_yinxu_001,中医诊断学,辨证,心血虚证与心阴虚证,心病阴血亏虚类。据规划教材《中医诊断学》归纳：心血虚证以心悸失眠、多梦健忘、眩晕、面色不华或萎黄、唇舌色淡、脉细弱为要点；心阴虚证以心悸心烦、失眠多梦、五心烦热、潮热盗汗、两颧发红、舌红少津、脉细数为要点。,心血虚治宜养血安神；心阴虚治宜滋阴安神。二者共见心悸、失眠、多梦之心病主症。鉴别眼目：血虚证兼面白舌淡、唇甲色淡、脉细弱而无热象；阴虚证兼五心烦热、盗汗、颧红、舌红少津、脉细数等热象。须与肝血虚、肝肾阴虚相鉴别——心病以心悸失眠为主症，肝病以眩晕、目涩、筋脉失养为主症。,,
q050,更年期潮热汗出，心烦失眠，如何调理？,case,zhibaidihuang_001,《方剂学》规划教材（要点归纳）,补益剂,知柏地黄丸·滋阴降火,"传统方歌：""六味地黄益肾肝，茱薯丹泽地苓专，更加知柏成八味，阴虚火旺自可煎。""（据教材要点归纳：即六味地黄丸原方加知母、黄柏，炼蜜为丸，温水送服。）",知柏地黄丸为滋阴降火之代表方，即六味地黄丸加知母、黄柏，主治阴虚火旺证，症见骨蒸潮热、虚烦盗汗、腰脊酸痛、遗精、舌红少苔。本方滋腻兼苦寒，脾胃虚寒、便溏纳呆者须慎用。本方为要点归纳，供参考；具体用药请遵医嘱。,,
q050,更年期潮热汗出，心烦失眠，如何调理？,case,snb_maimendong_001,神农本草经,上经,麦门冬,麦门冬，味甘，平。主心腹结气，伤中伤饱，胃络脉绝，羸瘦短气。久服，轻身不老不饥。生川谷及堤坂。,麦门冬甘微苦微寒，养阴润肺、益胃生津、清心除烦，主治肺燥干咳、津伤口渴、心烦失眠及肠燥便秘。,,
q050,更年期潮热汗出，心烦失眠，如何调理？,case,jiang_she_001,《中医诊断学》规划教材（要点归纳）,四诊,绛舌·舌色深红主热入营血,绛舌指舌色深红，较红舌更深。主热盛。外感病中舌绛为热入营血；内伤杂病中舌绛少苔多属阴虚火旺。舌绛而干燥多为热盛伤阴；舌绛而光亮如镜为胃阴大伤。,绛舌为热盛重证，须结合苔之有无润燥辨热入营血与阴虚火旺。高热、神昏、斑疹、出血者须立即就医。此为教材要点归纳，供参考；具体诊疗请遵医嘱，不引导自我诊断。,,
q050,更年期潮热汗出，心烦失眠，如何调理？,case,kouchuang_001,《中医口腔科学》规划教材（要点归纳）,五官,口疮·口腔黏膜溃疡疼痛口腔溃疡,口疮是指口腔黏膜发生表浅溃疡、灼热疼痛、反复发作的口腔疾病，即复发性口腔溃疡。病机多为心脾积热上炎、阴虚火旺上灼口舌，或脾肾阳虚、口舌失养，或气血两虚、创面难复。,口疮即复发性口腔溃疡，以口腔黏膜溃疡灼痛为主。心脾积热用凉膈散，阴虚火旺用知柏地黄丸，脾肾阳虚用附子理中汤，配合局部敷药。若溃疡大而深、长期不愈、基底变硬须及时就医排除病变。本条目为教材要点归纳，供参考；具体诊疗请遵医嘱。,,
q050,更年期潮热汗出，心烦失眠，如何调理？,case,pangdaxiao_she_001,《中医诊断学》规划教材（要点归纳）,四诊,胖大舌瘦薄舌·舌体胖大或瘦薄的主病,胖大舌指舌体较正常胖大，甚则伸舌满口、舌边有齿痕，多属脾虚湿盛、阳虚水泛。瘦薄舌指舌体瘦小薄瘪，多属气血两虚或阴虚火旺。舌体胖大色淡多属虚寒；舌体瘦薄色红绛多属阴虚热盛。,胖大舌瘦薄舌以舌体形态大小为辨证眼目，须结合舌色润燥辨寒热虚实。全身水肿、消瘦、持续低热者须就医。此为教材要点归纳，供参考；具体诊疗请遵医嘱，不引导自我诊断。,,
q050,更年期潮热汗出，心烦失眠，如何调理？,case,wangyanhou_001,《中医诊断学》规划教材（要点归纳）,四诊,望咽喉·咽喉色泽形态,望咽喉是观察咽喉色泽形态。咽喉为肺胃之门户。咽喉红肿疼痛为肺胃热盛；咽喉溃烂生脓为肺胃热毒；咽喉淡红不肿为阴虚火旺；乳蛾红肿为风热或肺胃热；伪膜坚韧不易剥离为白喉危候。,咽喉为肺胃门户，望其色泽形态测肺胃寒热虚实。呼吸急促、吞咽困难、伪膜形成须立即就医。此为教材要点归纳，供参考；具体诊疗请遵医嘱，不引导自我诊断。,,
q050,更年期潮热汗出，心烦失眠，如何调理？,case,dengxincao_001,中国药典（2025年版）一部,利水渗湿药,灯心草,据《中国药典》2025 年版一部：灯心草为灯心草科植物灯心草 Juncus effusus L. 的干燥茎髓（药用部位：茎髓）。性味甘、淡，微寒；归心、肺、小肠经。功能与主治：清心火，利小便；用于心烦失眠，尿少涩痛，口舌生疮。用法与用量：1～3g。外用适量。贮藏：置干燥处。,**简明**：灯心草甘淡微寒，清心火、利小便，主治心火亢盛之心烦失眠、口舌生疮、小便涩痛。**详解**：心烦不寐配竹叶、栀子；口疮配黄连、甘草；热淋配车前子、木通。药力缓和，多配入复方，下焦虚寒者慎用。,,
q050,更年期潮热汗出，心烦失眠，如何调理？,case,shese_002,《中医诊断学》规划教材（要点归纳）,四诊,舌色·淡红淡红舌红舌绛舌紫舌青舌,舌色指舌质的颜色。正常舌淡红、鲜明、润泽。病理舌色：淡白舌主虚证、寒证（气血两虚或阳虚）；红舌主热证（邪热亢盛或阴虚内热）；绛舌主热盛（热入营血或阴虚火旺）；紫舌、青舌主气血瘀滞、寒凝血瘀或热瘀。,舌色辨寒热虚实：淡白主虚寒，红绛主热，紫青主瘀。需结合舌苔与全身证候综合判断。此为教材要点归纳，供参考；具体诊疗请遵医嘱，不引导自我诊断。,,
q050,更年期潮热汗出，心烦失眠，如何调理？,case,xuanmaoganjiekeli_001,《中国药典》一部/药品说明书（要点归纳）,清热剂/中成药,玄麦甘桔颗粒·清热滋阴祛痰利咽,据现行版《中国药典》一部与药品说明书要点归纳：本品由玄参、麦冬、甘草、桔梗等组成，具清热滋阴、祛痰利咽之功，用于阴虚火旺、虚火上浮所致口鼻干燥、咽喉肿痛、干咳少痰。用法用量按说明书开水冲服。,玄麦甘桔颗粒为药简力专的滋阴清热、利咽类中成药，用于阴虚火旺之口鼻干燥、咽喉肿痛、干咳。本品偏凉润，外感风寒、痰湿咳嗽及脾胃虚寒便溏者慎用。服药期间忌烟酒辛辣鱼腥；咽喉肿痛剧烈、高热者应就医。本条目为中成药，请按说明书或在医师指导下使用。,,
q050,更年期潮热汗出，心烦失眠，如何调理？,case,liuweidihuang_001,《方剂学》规划教材（要点归纳）,补益剂,六味地黄丸·三补三泻滋补肝肾,"传统方歌：""六味地黄益肾肝，茱薯丹泽地苓专，更加知柏成八味，阴虚火旺自可煎。""（《小儿药证直诀》方，据教材要点归纳：熟地黄约八钱、山茱萸约四钱、山药约四钱、泽泻、牡丹皮、茯苓各约三钱，为末蜜丸温水送下。）",六味地黄丸为补阴基础方，主治肾阴虚证，症见腰膝酸软、头晕耳鸣、盗汗遗精、骨蒸潮热、手足心热。本方钱乙由崔氏八味丸减桂、附化裁，专为小儿肾怯失音设，后世推广为肝肾阴虚要方。脾虚便溏、痰湿内盛者慎用。本方为要点归纳，供参考；具体用药请遵医嘱。,,
q050,更年期潮热汗出，心烦失眠，如何调理？,case,zhibaidihuangwan_002,《中国药典》一部/药品说明书（要点归纳）,补益剂/中成药,知柏地黄丸·滋阴降火,据现行版《中国药典》一部与药品说明书要点归纳：本品由熟地黄、山茱萸、山药、泽泻、牡丹皮、茯苓、知母、黄柏组成，具滋阴降火之功，用于阴虚火旺，潮热盗汗，口干咽痛，耳鸣遗精，小便短赤。用法用量按说明书口服。,知柏地黄丸为六味地黄丸加知母、黄柏的滋阴降火类中成药，用于阴虚火旺之潮热盗汗、口干咽痛、耳鸣遗精。本方滋腻兼苦寒，脾虚便溏、阳虚畏寒者不宜；感冒发热期间停服。本条目为中成药，请按说明书或在医师指导下使用。,,
q050,更年期潮热汗出，心烦失眠，如何调理？,case,xinji_002,中医临床诊疗指南/专家共识（要点归纳）,现代中医,心悸·辨证论治要点,据现行中医内科常见病诊疗指南：心悸以心神不宁、气血阴阳亏虚或痰瘀扰心为基本病机，辨证常见心虚胆怯、心血不足、心阳不振、阴虚火旺、瘀阻心脉等型，治以补虚安神、化痰逐瘀为法。（要点归纳，非原文照录。）,"心悸以自觉心中悸动、惊惕不安，甚则不能自主为主症，阵发性者称""心悸""，持续而重者称""怔忡""，指南要点：辨证分心虚胆怯（治宜镇惊定志、养心安神）、心血不足（补血养心、益气安神）、心阳不振（温补心阳）、阴虚火旺（滋阴清火、养心安神）、瘀阻心脉（活血化瘀、理气通络）等型。临证须结合心电图等现代检查，配合调情志、节饮食、避劳累…",,
q050,更年期潮热汗出，心烦失眠，如何调理？,case,hongbanlangchuang_001,《中医皮肤性病学》规划教材（要点归纳）,皮肤,红斑狼疮·面部蝶形红斑多系统损害,红斑狼疮是一种自身免疫性结缔组织病，分盘状红斑狼疮与系统性红斑狼疮。系统性以面部蝶形红斑、发热、关节痛、多系统损害为特征。病机多为先天禀赋不足、热毒炽盛或阴虚火旺、脾肾阳虚、气滞血瘀，伤及脏腑经络。,红斑狼疮为自身免疫性疾病，须规范西医诊治，中医辅助分热毒炽盛（清瘟败毒饮）、阴虚火旺（知柏地黄丸）、脾肾阳虚（真武汤）等论治。避免日晒、劳累。出现高热、肾损害、胸腹水须立即就医。本条目为教材要点归纳，供参考；具体诊疗请遵医嘱。,,
q050,更年期潮热汗出，心烦失眠，如何调理？,case,xinhuo_tanxin_001,中医诊断学,辨证,心火亢盛证与痰蒙心窍证,心病实证类。据规划教材《中医诊断学》归纳：心火亢盛证以心烦失眠、面赤口渴、口舌生疮赤烂、吐血衄血、便秘尿黄、舌红绛、脉数为要点；痰蒙心窍（痰迷心窍）证以神志痴呆、意识模糊或精神抑郁、喃喃自语，甚则昏不知人、喉中痰鸣、苔白腻、脉滑为要点；痰火扰神则在痰浊基础上兼见狂躁妄动、不避亲疏、舌红苔黄腻、脉滑数。,心火亢盛治宜清心泻火；痰蒙心窍治宜涤痰开窍；痰火扰神治宜清心豁痰开窍。心火亢盛以心烦、面赤、口舌生疮、舌红脉数为眼目，属实热；痰蒙心窍以神志异常加苔腻脉滑为眼目，属痰浊；痰火扰神则兼狂躁、苔黄腻。须辨痰之寒热——白腻属痰浊（寒），黄腻属痰火（热）。,,
q050,更年期潮热汗出，心烦失眠，如何调理？,case,yangqishi_001,《中药学》（清华社）· 药典外品种,补虚药,阳起石,据清华社《中药学》：阳起石为硅酸盐类矿物阳起石或阳起石石棉的矿石（药用部位：矿石）。性味咸，温；归肾经。功能与主治：温肾壮阳；用于阳痿，宫冷不孕，腰膝冷痹。用法与用量：3～6g，入丸散服。外用适量。注意：阴虚火旺者忌用；不宜久服。贮藏：置干燥处。,**简明**：阳起石咸温，温肾壮阳，为治阳痿宫冷不孕的常用矿物药。。**详解**：阳痿配淫羊藿、菟丝子、巴戟天；宫冷不孕配鹿茸、艾叶；腰膝冷痹配杜仲、续断。**阴虚火旺者忌用**；不宜久服。,,
q050,更年期潮热汗出，心烦失眠，如何调理？,case,xiaomai_001,《中药学》（清华社）· 药典外品种,安神药,小麦,据清华社《中药学》：小麦为禾本科植物小麦 Triticum aestivum L. 的干燥成熟果实（药用部位：成熟果实）。性味甘，凉；归心、脾、肾经。功能与主治：养心除烦，益肾；用于脏躁，心烦不宁，失眠，妇人脏躁。用法与用量：30～60g。贮藏：置通风干燥处，防蛀。,**简明**：小麦甘凉，养心除烦而益肾，为治妇人脏躁、心烦失眠的常用药（甘麦大枣汤主药）。。**详解**：脏躁、心烦失眠配甘草、大枣（甘麦大枣汤）；心悸不安配酸枣仁、柏子仁。,,
q050,更年期潮热汗出，心烦失眠，如何调理？,case,luoli_001,《中医外科学》规划教材（要点归纳）,外科,瘰疬·颈部淋巴结慢性感染累累如串珠,瘰疬是发生于颈部淋巴结的慢性感染性疾病，其特点是结块串珠成串，皮色不变，不觉疼痛，以后渐窜生，破溃后脓水清稀，夹有败絮样物，可形成窦道。病因多为情志不畅、肝气郁结、痰火凝结，或肺肾阴虚、虚火灼津为痰。辨证分气滞痰凝、阴虚火旺、气血两虚等型。,瘰疬治疗初起疏肝理气、化痰散结；中期阴虚火旺者滋阴降火；溃后气血两虚者益气养血。本病多属颈部淋巴结结核，须与颈部肿瘤鉴别，确诊需就医。教材要点归纳，供参考；具体诊疗请遵医嘱。,,
q050,更年期潮热汗出，心烦失眠，如何调理？,case,xiongcane_001,《中药学》（清华社）· 药典外品种,补虚药,雄蚕蛾,据清华社《中药学》：雄蚕蛾为蚕蛾科昆虫家蚕 Bombyx mori L. 的雄性成虫（药用部位：雄性成虫）。性味咸，温；归肝、肾经。功能与主治：补肝益肾，壮阳涩精；用于阳痿遗精，腰膝酸软，尿频。用法与用量：3～6g，研末冲服或入丸散。注意：阴虚火旺者忌用。贮藏：置通风干燥处，防蛀。,**简明**：雄蚕蛾咸温，补肝益肾而壮阳涩精，为治阳痿遗精与尿频的常用药。。**详解**：阳痿遗精配菟丝子、枸杞子、覆盆子；腰膝酸软配杜仲、牛膝；尿频配桑螵蛸、益智仁。**阴虚火旺者忌用**。,,
q050,更年期潮热汗出，心烦失眠，如何调理？,case,huangoushen_001,《中药学》（清华社）· 药典外品种,补虚药,黄狗肾,据清华社《中药学》：黄狗肾为犬科动物犬 Canis familiaris L. 的干燥雄性外生殖器（药用部位：雄性外生殖器）。性味咸，温；归肾经。功能与主治：补肾壮阳；用于阳痿，腰膝酸软，畏寒肢冷。用法与用量：3～9g，研粉吞服或入丸散 1～2g。注意：阴虚火旺者忌用。贮藏：置阴凉干燥处，防蛀。,**简明**：黄狗肾咸温，补肾壮阳，为治阳痿腰酸的传统动物药。。**详解**：阳痿配淫羊藿、菟丝子、肉苁蓉；腰膝酸软配杜仲、续断、巴戟天。**阴虚火旺者忌用**。,,
q050,更年期潮热汗出，心烦失眠，如何调理？,case,liujing_001,中医诊断学,辨证,六经辨证概要,《伤寒论》六经提纲：太阳之为病，脉浮，头项强痛而恶寒；阳明之为病，胃家实是也；少阳之为病，口苦、咽干、目眩也；太阴之为病，腹满而吐，食不下，自利益甚，时腹自痛；少阴之为病，脉微细，但欲寐也；厥阴之为病，消渴，气上撞心，心中疼热，饥而不欲食，食则吐蛔。据规划教材《中医诊断学》归纳：太阳病分中风（发热汗出脉浮缓）、伤寒（恶…,六经辨证为《伤寒论》辨外感病之纲领，以太阳、阳明、少阳为三阳（表、热、实），以太阴、少阴、厥阴为三阴（里、寒、虚）。传变少循太阳→阳明→少阳→太阴→少阴→厥阴，亦有直中、合病、并病。临证以各经提纲证为辨证眼目：三阳证多属实热，治宜祛邪；三阴证多属虚寒，治宜扶正。其意义在辨别外感病之阶段层次与邪正盛衰，与脏腑经络辨证相表…,,
q050,更年期潮热汗出，心烦失眠，如何调理？,case,xianmao_001,中国药典（2025年版）一部,补虚药,仙茅,据《中国药典》2025 年版一部：仙茅为石蒜科植物仙茅 Curculigo orchioides Gaertn. 的干燥根茎（药用部位：根茎）。性味辛，热；有毒；归肾、肝、脾经。功能与主治：补肾阳，强筋骨，祛寒湿；用于阳痿精冷，筋骨痿软，腰膝冷痹，阳虚冷泻。用法与用量：3～10g。注意：阴虚火旺者忌服。贮藏：置干燥处，…,**简明**：仙茅辛热有毒，补肾阳、强筋骨、祛寒湿，**温补之力峻猛**，主治阳痿精冷、腰膝冷痹、筋骨痿软及阳虚冷泻。**详解**：肾阳虚阳痿配淫羊藿、巴戟天；更年期综合征配知母、黄柏（二仙汤）。**有毒，不宜久服**；阴虚火旺者忌用。,,
q050,更年期潮热汗出，心烦失眠，如何调理？,case,lajiao_001,中国药典（2025年版）一部,温里药,辣椒,据《中国药典》2025 年版一部：辣椒为茄科植物辣椒 Capsicum annuum L. 及其栽培变种的干燥成熟果实（药用部位：成熟果实）。性味辛，热；归脾、胃经。功能与主治：温中散寒，开胃消食；用于寒滞腹痛，呕吐，泻痢，冻疮。用法与用量：0.5～1g。外用适量。注意：阴虚火旺及消化道溃疡者忌服。贮藏：置阴凉干燥处。,**简明**：辣椒辛热，温中散寒而开胃消食，内服治寒滞腹痛泻痢，外用治冻疮。。**详解**：寒滞腹痛、呕吐泻痢配干姜、高良姜；食欲不振可少量佐餐；冻疮可用辣椒酊外涂。**阴虚火旺、胃溃疡、痔疮出血者忌服**；外用勿过量以免起疱。,,
q050,更年期潮热汗出，心烦失眠，如何调理？,case,zishiying_001,中国药典（2025年版）一部,补虚药,紫石英,据《中国药典》2025 年版一部：紫石英为氟化物类矿物萤石族萤石，主含氟化钙（CaF₂）（药用部位：矿石）。采挖后，除去杂石。性味甘，温；归心、肺、肾经。功能与主治：温肾暖宫，镇心安神，温肺平喘；用于肾阳亏虚，宫冷不孕，心悸怔忡，虚烦不眠，肺寒气逆，痰多喘咳。用法与用量：9～15g，先煎。注意：阴虚火旺者慎用。贮藏：置…,**简明**：紫石英甘温，温肾暖宫而镇心安神、温肺平喘，为治宫冷不孕、心悸喘咳的常用药。。**详解**：肾阳亏虚、宫冷不孕配肉桂、艾叶、当归；心悸怔忡配酸枣仁、柏子仁；肺寒气逆喘咳配款冬花、杏仁。**阴虚火旺者慎用**；生用宜先煎。,,
q050,更年期潮热汗出，心烦失眠，如何调理？,case,shuyin_001,中医诊断学,辨证,暑淫证,暑淫证为六淫辨证之一，系夏令感受暑邪所致。据规划教材《中医诊断学》归纳：暑淫证以身热、汗出量多、口渴喜饮、心烦、气短神疲、小便短黄、舌红、脉虚数或濡数为辨证要点；暑邪易耗气伤津，且多挟湿，故常兼见身重脘痞、恶心纳呆等湿象。,暑为阳邪，乃夏季炎热之气所化，其性升散、易耗气伤津，且多挟湿。临证以夏季发病、身热汗多、口渴心烦、神疲气短为辨证眼目，治宜清暑生津；挟湿者佐以化湿。须与伤暑（轻证）、中暑（重证，甚则卒然昏倒）相区别；又当辨暑热夹湿与暑热伤气之偏重。,,
q050,更年期潮热汗出，心烦失眠，如何调理？,case,shanmaidong_001,中国药典（2025年版）一部,补虚药,山麦冬,据《中国药典》2025 年版一部：山麦冬为百合科植物湖北麦冬 Liriope spicata (Thunb.) Lour. var. prolifera Y. T. Ma 或短葶山麦冬 Liriope muscari (Decne.) Baily 的干燥块根（药用部位：块根）。性味甘、微苦，微寒；归肺、胃、心经。功能与…,**简明**：山麦冬甘微苦微寒，养阴生津而润肺清心，功似麦冬，为肺燥干咳、心烦失眠常用。。**详解**：肺燥干咳配沙参、玉竹；阴虚痨嗽配百合、贝母；津伤口渴配天花粉、乌梅；心烦失眠配酸枣仁、丹参。脾虚便溏者慎用。,,
q050,更年期潮热汗出，心烦失眠，如何调理？,case,xinshu_001,针灸学,足太阳膀胱经,心俞,出《针灸甲乙经》。《灵枢·背腧》：心腧在五焦之间，夹脊相去三寸所。,心俞为心之背俞穴，为心气输注于背部的腧穴。定位在脊柱区，第5胸椎棘突下，后正中线旁开1.5寸。主治心痛、心悸、心烦、失眠、多梦、健忘等心与神志病证，以及癫痫、咳嗽、吐血。刺法：斜刺0.5～0.8寸；可灸。,,
q050,更年期潮热汗出，心烦失眠，如何调理？,case,tieshipishihu_001,中国药典（2025年版）一部,补虚药,铁皮石斛,据《中国药典》2025 年版一部：铁皮石斛为兰科植物铁皮石斛 Dendrobium officinale Kimura et Migo 的干燥茎（药用部位：茎）。性味甘，微寒；归胃、肾经。功能与主治：益胃生津，滋阴清热；用于热病津伤，口干烦渴，胃阴不足，食少干呕，阴虚火旺，骨蒸劳热。用法与用量：6～12g。贮藏：置通风…,**简明**：铁皮石斛甘微寒，益胃生津而滋阴清热，为治胃阴不足、口干烦渴的上品。。**详解**：热病津伤、口干烦渴配麦冬、天花粉；胃阴不足、食少干呕配沙参、玉竹；阴虚火旺、骨蒸劳热配生地黄、地骨皮。**脾胃虚寒者慎用**。,,
q050,更年期潮热汗出，心烦失眠，如何调理？,case,maidong_001,中国药典（2025年版）一部,补虚药,麦冬,据《中国药典》2025 年版一部：麦冬为百合科植物麦冬 Ophiopogon japonicus (Thunb.) Ker-Gawl. 的干燥块根（药用部位：块根）。性味甘、微苦，微寒；归心、肺、胃经。功能与主治：养阴生津，润肺清心；用于肺燥干咳，阴虚劳嗽，喉痹咽痛，津伤口渴，内热消渴，心烦失眠，肠燥便秘。用法与用量：…,**简明**：麦冬甘微苦微寒，养阴生津、润肺清心（**清养肺胃心三脏之阴**），主治肺燥干咳、喉痹咽痛、津伤口渴消渴、心烦失眠及肠燥便秘。**详解**：气阴两伤配人参、五味子（生脉散）；肺燥干咳配沙参、玉竹（沙参麦冬汤）；肠燥便秘配玄参、生地黄（增液汤）。风寒感冒、痰湿咳喘者忌用。,,
q050,更年期潮热汗出，心烦失眠，如何调理？,case,gongsun_001,针灸学,足太阴脾经,公孙,《灵枢·经脉》：足太阴之别，名曰公孙，去本节后一寸，别走阳明；其别者入络肠胃。,公孙为足太阴脾经络穴、八脉交会穴（通于冲脉），定位在第1跖骨基底部的前下方，赤白肉际处。为治胃、心、胸病证之要穴，「公孙冲脉胃心胸」，主治胃痛、呕吐、腹痛、泄泻、痢疾、心烦失眠、逆气里急。刺法：直刺0.5～1寸；可灸。,,
q050,更年期潮热汗出，心烦失眠，如何调理？,case,xuelianhua_001,《中药学》（清华社）· 药典外品种,祛风湿药,雪莲花,据清华社《中药学》：雪莲花为菊科植物绵头雪莲花 Saussurea laniceps Hand.-Mazz. 等多种雪莲花的干燥带花全株（药用部位：带花全株）。性味甘、微苦，温；归肝、肾经。功能与主治：祛风湿，强筋骨，温肾壮阳；用于风寒湿痹，腰膝酸软，阳痿，月经不调。用法与用量：6～12g。外用适量。注意：孕妇慎用；阴…,**简明**：雪莲花甘微苦温，祛风湿而强筋骨、温肾壮阳，为高原治寒痹腰酸的要药。。**详解**：风寒湿痹、腰膝酸软配独活、桑寄生、杜仲；阳痿配淫羊藿、巴戟天；月经不调配当归、川芎。**孕妇慎用，阴虚火旺者忌用**。,,
q050,更年期潮热汗出，心烦失眠，如何调理？,case,yinyanghuo_001,中国药典（2025年版）一部,补虚药,淫羊藿,据《中国药典》2025 年版一部：淫羊藿为小檗科植物淫羊藿 Epimedium brevicornu Maxim.、箭叶淫羊藿 Epimedium sagittatum (Sieb. et Zucc.) Maxim.、柔毛淫羊藿 Epimedium pubescens Maxim. 或朝鲜淫羊藿 Epimedium k…,**简明**：淫羊藿辛甘温，补肾阳、强筋骨、祛风湿，为**补肾壮阳常用**（仙灵脾），主治阳痿遗精、筋骨痿软、风湿痹痛麻木及更年期高血压。**详解**：肾阳虚阳痿配巴戟天、肉苁蓉；更年期高血压配仙茅、知母、黄柏（二仙汤）；痹痛配独活、威灵仙。阴虚火旺者忌用。,,
q050,更年期潮热汗出，心烦失眠，如何调理？,case,yimucaogao_001,《中国药典》一部/药品说明书（要点归纳）,止咳/外妇儿/中成药,益母草膏·活血调经,据现行版《中国药典》一部与药品说明书要点归纳：本品由益母草单味药组成，具活血调经之功，用于血瘀所致月经不调，症见经水量少、淋漓不净。用法用量按说明书口服。,益母草膏为单味益母草的活血调经类妇科常用中成药，用于血瘀之月经量少、淋漓不净。本品活血，孕妇禁用；气血亏虚、无瘀滞者不宜；青春期少女及更年期妇女应在医师指导下服用。本条目为中成药，请按说明书或在医师指导下使用。,,
q050,更年期潮热汗出，心烦失眠，如何调理？,case,shanghan_228,伤寒论,辨阳明病脉证并治,大承气汤证治（第228条）,二阳并病，太阳证罢，但发潮热，手足 汗出，大便难而谵语者，下之则愈，宜大承气汤。,本条论述阳明病之脉证。症见汗出、谵语、潮热。治以大承气汤（峻下热结），药后观其进退。,,
q050,更年期潮热汗出，心烦失眠，如何调理？,case,shanghan_152,伤寒论,辨太阳病脉证并治下,小柴胡汤证治（第152条）,伤寒五六日，头汗出，微恶寒，手足冷，心下满，口不欲食，大便硬，脉细者，此为阳微结，必有表，复有里也。脉沉，亦在里也。汗出为阳微，假令纯阴结，不得复有外证，悉入在里，此为半在里半在外也。脉虽沉紧，不得为少阴病，所以然者，阴不得有汗，今头汗出，故知非少阴也，可与小柴胡汤。设不了了者，得屎而解。,本条论述太阳病之脉证。症见恶寒、脉沉、汗出、心下满、欲食。治以小柴胡汤（和解少阳），药后观其进退。,,
q050,更年期潮热汗出，心烦失眠，如何调理？,case,ziheche_001,中国药典（2025年版）一部,补虚药,紫河车,据《中国药典》2025 年版一部：紫河车为健康人的干燥胎盘（药用部位：人胎盘）。性味甘、咸，温；归心、肺、肾经。功能与主治：温肾补精，益气养血；用于虚劳羸瘦，骨蒸盗汗，咳嗽气喘，食少气短，阳痿遗精，不孕少乳。用法与用量：2～3g，研末吞服。注意：阴虚火旺者不宜单独应用。贮藏：置干燥处，防蛀。  **【古注】】 《本草纲…,**简明**：紫河车甘咸温，温肾补精、益气养血（**血肉有情之品、峻补精血**），主治虚劳羸瘦、骨蒸盗汗、咳喘气短、阳痿不孕及乳少。**详解**：虚劳羸瘦配人参、黄芪；肺肾虚喘配蛤蚧、五味子。**研末吞服（2～3g）**；阴虚火旺者不宜单独应用。,,
q050,更年期潮热汗出，心烦失眠，如何调理？,case,shanghan_159,伤寒论,辨太阳病脉证并治下,附子泻心汤证治（第159条）,心下痞而复恶寒，汗出者，附子泻心汤主之。 附子泻心汤方 大黄二两 黄连一两 黄芩一两 附子一枚（炮，去皮，破，别煮取汁） 上四味，切三味，以麻沸汤二升渍之，须臾绞去滓，纳附子汁。分温再服。,本条论述太阳病之脉证。症见恶寒、汗出、心下痞。治以附子泻心汤（泄热消痞、扶阳固表），药后观其进退。,,
q050,更年期潮热汗出，心烦失眠，如何调理？,case,shanghan_002,伤寒论,辨太阳病脉证并治上,太阳中风证提纲（第2条）,太阳病，发热，汗出，恶风，脉缓者，名为中风。,本条为太阳中风提纲。太阳病见发热、汗出、恶风、脉浮缓者，名为中风。风邪外袭，卫强营弱，卫气浮盛于外故发热，营阴不能内守故汗出，风邪伤表故恶风，脉缓为营阴不足、卫气不共营气和调之象，主以桂枝汤解肌祛风。,,
q050,更年期潮热汗出，心烦失眠，如何调理？,case,shanghan_014,伤寒论,辨太阳病脉证并治上,桂枝汤主证（第14条）,太阳病，头痛发热，汗出恶风者，桂枝汤主之。,本条补述桂枝汤主证。太阳病头痛发热、汗出恶风者，桂枝汤主之。承上条重申桂枝汤证，凡见头痛发热汗出恶风之表虚证，即宜桂枝汤解肌，不必悉具。,,
q050,更年期潮热汗出，心烦失眠，如何调理？,case,shanghan_370,伤寒论,辨厥阴病脉证并治,下利（第370条）,下利，脉数，有微热汗出，今自愈。设复紧，为未解。,本条论述厥阴病之脉证。症见脉数、汗出、下利。当审其表里寒热、虚实传变而施治。,,
q050,更年期潮热汗出，心烦失眠，如何调理？,case,shanghan_380,伤寒论,辨厥阴病脉证并治,通脉四逆汤证治（第380条）,下利清谷，里寒外热，汗出而厥者，通脉四逆汤主之。,本条论述厥阴病之脉证。症见汗出、下利、清谷、厥、四逆。治以通脉四逆汤（破阴回阳、通达内外），药后观其进退。,,
q050,更年期潮热汗出，心烦失眠，如何调理？,case,shanghan_208,伤寒论,辨阳明病脉证并治,阳明病（第208条）,阳明病，脉浮而紧者，必潮热，发作有时。但浮者，必盗汗出。,本条论述阳明病之脉证。症见脉浮、汗出、潮热。当审其表里寒热、虚实传变而施治。,,
q050,更年期潮热汗出，心烦失眠，如何调理？,case,dachaihutang_001,伤寒论,辨太阳病脉证并治下,大柴胡汤方,伤寒，发热，汗出不解，心下痞硬，呕吐而下利者，大柴胡汤主之。,大柴胡汤为小柴胡汤去人参、甘草加芍药、枳实、大黄而成，和解少阳兼泻阳明热结，主治少阳阳明合病之往来寒热、胸胁苦满、呕不止、心下急、郁郁微烦、大便不通。方中柴胡、黄芩和解少阳，大黄、枳实泻热通便，芍药缓急止痛。,,
q050,更年期潮热汗出，心烦失眠，如何调理？,case,shanghan_169,伤寒论,辨太阳病脉证并治下,大柴胡汤证治（第169条）,伤寒，发热，汗出不解，心下痞硬，呕吐而下利者，大柴胡汤主之。,本条论述太阳病之脉证。症见发热、汗出、下利、呕、心下痞。治以大柴胡汤（和解少阳、通下里实），药后观其进退。,,
q050,更年期潮热汗出，心烦失眠，如何调理？,case,shanghan_091,伤寒论,辨太阳病脉证并治中,荣弱卫强宜桂枝汤（第91条）,太阳病，发热汗出者，此为荣弱卫强，故使汗出，欲救邪风者，宜桂枝汤。,本条重申营卫不和。太阳病发热汗出者，此为荣弱卫强，故使汗出，欲救邪风者，宜桂枝汤。,,
q050,更年期潮热汗出，心烦失眠，如何调理？,case,shen_pangguang_001,中医诊断学,辨证,肾阳虚、肾阴虚、肾精不足与膀胱湿热证,肾与膀胱辨证。据规划教材《中医诊断学》归纳：肾阳虚证以腰膝酸软冷痛、畏寒肢冷（下肢尤甚）、面色㿠白或黧黑、阳痿宫寒、夜尿多、五更泄泻、舌淡胖苔白、脉沉细无力（尺脉尤弱）为要点；肾阴虚证以腰膝酸痛、眩晕耳鸣、失眠多梦、潮热盗汗、五心烦热、咽干、遗精经少、舌红少苔、脉细数为要点；肾精不足证以小儿发育迟缓、智力低下，成人生殖…,肾阳虚治宜温补肾阳；肾阴虚治宜滋补肾阴；肾精不足治宜补益肾精；膀胱湿热治宜清热利湿通淋。肾虚三证均以腰膝酸软为主症：兼畏寒肢冷、五更泻为肾阳虚；兼潮热盗汗、舌红少苔为肾阴虚；兼发育生殖功能低下、早衰健忘为肾精不足。膀胱湿热为下焦实证，以尿频尿急尿痛、苔黄腻为眼目，与肾虚之久病虚证迥别。,,
q050,更年期潮热汗出，心烦失眠，如何调理？,case,shanghan_355,伤寒论,辨厥阴病脉证并治,伤寒六七日（第355条）,伤寒六七日，不利，便发热而利，其人汗出不止者，死。有阴无阳故也。,本条论述厥阴病之脉证。症见发热、汗出。当审其表里寒热、虚实传变而施治。,,
q050,更年期潮热汗出，心烦失眠，如何调理？,case,shanghan_566,伤寒论,辨痉湿暍脉证,病者一身尽疼（第566条）,病者一身尽疼，发热，日晡所剧者，此名风湿。此病伤于汗出当风，或久伤取冷所致也。,本条论述痉湿暍之脉证。症见发热、汗出。当审其表里寒热、虚实传变而施治。,,
q050,更年期潮热汗出，心烦失眠，如何调理？,case,wenhanre_001,中医诊断学,四诊,问寒热（恶寒发热·但寒不热·但热不寒·寒热往来）,问寒热首辨恶寒与发热的关系。教材归纳四型：恶寒发热并见主表证；但寒不热主里寒证；但热不寒主里热证；寒热往来主半表半里证。《伤寒论》以「发热恶寒者，发于阳也；无热恶寒者，发于阴也」为辨纲。,恶寒发热：恶寒与发热同时并见，为外感病初起、邪正交争于表。新起恶寒重发热轻多风寒表证；发热重恶寒轻多风热表证。但寒不热：只觉怕冷而不发热，新病脘腹冷痛多里寒实证，久病畏寒肢冷多里虚寒证。但热不寒：只发热不畏寒，分三类——壮热（高热持续不退，多见于里实热证极期）；潮热（按时发热或按时热甚），午后热甚、身热不扬多湿温，午后…,,
q050,更年期潮热汗出，心烦失眠，如何调理？,case,shanghan_099,伤寒论,辨太阳病脉证并治中,柴胡证下后复与柴胡汤（第99条）,凡柴胡汤病证而下之，若柴胡证不罢者，复与柴胡汤，必蒸蒸而振，却发热汗出而解。,本条论误下后柴胡证仍在。凡柴胡汤病证而下之，若柴胡证不罢者，复与柴胡汤，必蒸蒸而振，却发热汗出而解。,,
q050,更年期潮热汗出，心烦失眠，如何调理？,case,shanghan_246,伤寒论,辨阳明病脉证并治,茵陈汤证治（第246条）,阳明病，发热汗出，此为热越，不能发黄也。但头汗出，身无汗，剂颈而还，小便不利，渴引水浆者，此为瘀热在里，自必发黄，茵陈汤主之。 茵陈蒿汤方 茵陈蒿六两（苦微寒） 栀子十四枚（掰，苦寒） 大黄二两（去皮，苦寒）右三味，以水一斗，先煮茵陈，减六升，内二味，煮取三升，去滓，分温三服，小便当利，尿如皂角汁状，色正赤，一宿腹减，…,本条论述阳明病之脉证。症见发热、汗出、无汗、渴、小便不利。治以茵陈汤，随证加减。,,
q050,更年期潮热汗出，心烦失眠，如何调理？,case,shanghan_450,伤寒论,辨脉法,脉浮而滑（第450条）,脉浮而滑，浮为阳，滑为实，阳实相搏，其脉数疾，卫气失度，浮滑之脉数疾，发热汗出者，此为不治。,本条论述脉诊之脉证。症见发热、脉浮、脉数、汗出。当审其表里寒热、虚实传变而施治。,,
q050,更年期潮热汗出，心烦失眠，如何调理？,case,shanghan_192,伤寒论,辨阳明病脉证并治,伤寒发热无汗（第192条）,伤寒发热无汗，呕不能食，而反汗出濈濈然者，是转属阳明也。,本条论述阳明病之脉证。症见发热、汗出、无汗、呕、不能食。当审其表里寒热、虚实传变而施治。,,
q050,更年期潮热汗出，心烦失眠，如何调理？,case,snb_xiongqiong_001,神农本草经,上经,芎䓖,芎䓖，味辛，温。主中风入脑头痛，寒痹筋挛缓急，金疮，妇人血闭无子。生川谷。,芎䓖即川芎，辛温，活血行气、祛风止痛，主治胸胁刺痛、跌扑肿痛、月经不调、经闭痛经及头痛、风湿痹痛。阴虚火旺者慎用。,,
q050,更年期潮热汗出，心烦失眠，如何调理？,case,shanghan_153,伤寒论,辨太阳病脉证并治下,大陷胸汤证治（第153条）,伤寒五六日，呕而发热者，柴胡汤证具，而以他药下之，柴胡证仍在者，复与柴胡汤。此虽已下之，不为逆，必蒸蒸而振，却发热汗出而解。若心下满，而硬痛者，此为结胸也，大陷胸汤主之；但满而不痛者，此为痞，柴胡不中与之，宜半夏泻心汤。 半夏泻心汤方 半夏半升（洗，辛平） 黄芩（苦寒） 干姜（辛热） 人参（甘温）各三两 黄连一两（苦寒…,本条论述太阳病之脉证。症见发热、汗出、呕、心下满、结胸。治以大陷胸汤（泻热逐水破结），药后观其进退。,,
q050,更年期潮热汗出，心烦失眠，如何调理？,case,shanghan_303,伤寒论,辨少阴病脉证并治,少阴心中烦不得卧黄连阿胶汤（第303条）,少阴病，得之二三日以上，心中烦，不得卧，黄连阿胶汤主之。 黄连阿胶汤方 黄连四两（苦寒） 黄芩一两（苦寒） 芍药二两（酸平） 鸡子黄二枚（甘温） 阿胶三两（甘温）右五味，以水五升，先煮三物，取二升，去滓，内胶烊尽，小冷，内鸡子黄，搅令相得，温服七合，日三服。,少阴病得之二三日以上，心中烦、不得卧，为少阴热化、阴虚火旺、心肾不交。治以黄连阿胶汤，芩连清心火，胶芍鸡子黄滋肾阴，滋阴降火、交通心肾。,,
q050,更年期潮热汗出，心烦失眠，如何调理？,case,laoshangbianzheng_001,《中医诊断学》规划教材（要点归纳）,辨证,劳伤辨证·劳力劳神房劳过度所致证候,劳伤辨证是辨别过度劳累所致证候。劳力过度则耗气，见神疲乏力、少气懒言、气喘汗出；劳神过度则耗伤心血、损伤心脾，见心悸失眠、纳呆健忘；房劳过度则耗伤肾精，见腰膝酸软、头晕耳鸣、遗精早泄、月经不调。,劳伤辨证须辨过劳性质与所伤脏腑。慢性消耗、持续神疲、性功能障碍须就医。此为教材要点归纳，供参考；具体诊疗请遵医嘱，不引导自我诊断。,,
q050,更年期潮热汗出，心烦失眠，如何调理？,case,huanglianejiaotang_001,伤寒论,辨少阴病脉证并治,黄连阿胶汤方,少阴病，得之二三日以上，心中烦，不得卧，黄连阿胶汤主之。 黄连阿胶汤方 黄连四两（苦寒） 黄芩一两（苦寒） 芍药二两（酸平） 鸡子黄二枚（甘温） 阿胶三两（甘温）右五味，以水五升，先煮三物，取二升，去滓，内胶烊尽，小冷，内鸡子黄，搅令相得，温服七合，日三服。,黄连阿胶汤主治少阴病阴虚火旺之心烦不得卧、舌红少苔、脉细数。黄连、黄芩清心泻火，阿胶、鸡子黄滋阴养血，芍药和阴敛液，共奏滋阴降火、除烦安神之功。,,
q050,更年期潮热汗出，心烦失眠，如何调理？,case,zhudanxi_003,格致余论,阳有余阴不足论,朱丹溪滋阴降火治阴虚痰火案,一中年人，禀味厚，多思虑，遂至潮热盗汗，咳嗽心烦，舌红少津，脉来细数。丹溪曰：此阳有余而阴不足，阴虚则火动，火动则痰生。治宜滋阴降火，以大补阴丸（黄柏、知母、熟地黄、龟板，猪脊髓为丸）主之，兼化痰顺气，戒炙煿厚味。久服阴渐复、火渐降。（《格致余论》引丹溪治阴虚案大意。）,"中年厚味多思之人，潮热盗汗、咳嗽心烦、舌红脉细数，朱丹溪据""阳有余阴不足""之论，辨为阴虚火动、痰火内扰，主大补阴丸滋阴降火、龟板熟地滋阴、知柏降火，并戒厚味节欲以养阴。此案为丹溪滋阴派之代表，示人设阴虚火旺、相火妄动之证治，与东垣温补脾胃各擅所长。",,
q050,更年期潮热汗出，心烦失眠，如何调理？,case,hehuanhua_001,中国药典（2025年版）一部,安神药,合欢花,据《中国药典》2025 年版一部：合欢花为豆科植物合欢 Albizia julibrissin Durazz. 的干燥花序或花蕾（药用部位：花序或花蕾）。性味甘，平；归心、肝经。功能与主治：解郁安神；用于心神不安，忧郁失眠。用法与用量：5～10g。贮藏：置通风干燥处。,**简明**：合欢花甘平，解郁安神，主治**忧郁忿怒**所致之心神不安、失眠。**详解**：忧郁失眠配合欢皮、郁金、酸枣仁；心烦不寐配夜交藤、柏子仁。可泡水代茶。,,
q050,更年期潮热汗出，心烦失眠，如何调理？,case,tanxiang_001,中国药典（2025年版）一部,理气药,檀香,据《中国药典》2025 年版一部：檀香为檀香科植物檀香 Santalum album L. 的干燥心材（药用部位：心材）。性味辛，温；归脾、胃、心、肺经。功能与主治：行气温中，开胃止痛；用于寒凝气滞，胸膈不舒，胸痹心痛，脘腹疼痛，呕吐食少。用法与用量：2～5g，后下。贮藏：置阴凉干燥处。  **【古注】】 《本草纲目》…,**简明**：檀香辛温，行气温中、开胃止痛，主治寒凝气滞之胸痹心痛、脘腹冷痛、呕吐食少。**详解**：胸痹心痛配丹参、砂仁（丹参饮）；寒凝胃痛配沉香、香附。含挥发油，**后下**；阴虚火旺者慎用。,,
q050,更年期潮热汗出，心烦失眠，如何调理？,case,yizhiren_001,中国药典（2025年版）一部,补虚药,益智仁,据《中国药典》2025 年版一部：益智仁为姜科植物益智 Alpinia oxyphylla Miq. 的干燥成熟果实（药用部位：成熟果实）。性味辛，温；归脾、肾经。功能与主治：暖肾固精缩尿，温脾止泻摄唾；用于肾虚遗尿，小便频数，遗精白浊，脾寒泄泻，腹中冷痛，口多唾涎。用法与用量：3～10g。贮藏：置阴凉干燥处。  **…,**简明**：益智仁辛温，暖肾固精缩尿、温脾止泻摄唾（**脾肾双补**），主治肾虚遗尿尿频、遗精及脾寒泄泻、口多涎唾。**详解**：遗尿配乌药、山药（缩泉丸）；脾寒泄泻配白术、干姜。阴虚火旺者忌用。,,
q050,更年期潮热汗出，心烦失眠，如何调理？,case,heizhongcaozi_001,中国药典（2025年版）一部,补虚药,黑种草子,据《中国药典》2025 年版一部：黑种草子为毛茛科植物瘤果黑种草 Nigella glandulifera Freyn et Sint. 的干燥成熟种子（药用部位：成熟种子）。性味辛、微苦，温；归肾、肝经。功能与主治：温肾祛风，散寒止痛；用于肾虚腰痛，风寒湿痹，脘腹冷痛。用法与用量：3～6g。外用适量。贮藏：置干燥处。,**简明**：黑种草子辛微苦温，温肾祛风而散寒止痛，为维药治肾虚腰痛、寒痹的常用药。。**详解**：肾虚腰痛配杜仲、续断；风寒湿痹配独活、威灵仙；脘腹冷痛配高良姜、香附。**阴虚火旺者慎用**。,,
q050,更年期潮热汗出，心烦失眠，如何调理？,case,dasuan_001,中国药典（2025年版）一部,攻毒杀虫止痒药,大蒜,据《中国药典》2025 年版一部：大蒜为百合科植物大蒜 Allium sativum L. 的干燥鳞茎（药用部位：鳞茎）。性味辛，温；归脾、胃、肺经。功能与主治：解毒消肿，杀虫，止痢；用于痈肿疮疡，疥癣，肺痨，顿咳，痢疾，泄泻。用法与用量：9～15g。外用适量。贮藏：置阴凉干燥处。  **【古注】】 《本草纲目》：大蒜…,**简明**：大蒜辛温，解毒消肿、杀虫止痢（**药食两用**），主治痈肿疮疡、疥癣、肺痨顿咳及痢疾泄泻。**详解**：痢疾配黄连煎服；痈肿疥癣捣烂外敷；顿咳可糖蒜食疗。**阴虚火旺、目疾及胃溃疡者慎用**。,,
q050,更年期潮热汗出，心烦失眠，如何调理？,case,ciwujia_001,中国药典（2025年版）一部,补虚药,刺五加,据《中国药典》2025 年版一部：刺五加为五加科植物刺五加 Acanthopanax senticosus (Rupr. et Maxim.) Harms 的干燥根和根茎（药用部位：根和根茎）。性味辛、微苦，温；归脾、肾、心经。功能与主治：益气健脾，补肾安神；用于脾肺气虚，体虚乏力，食欲不振，肺肾两虚，久咳虚喘，肾虚腰…,**简明**：刺五加辛微苦温，益气健脾而补肾安神，为治脾虚乏力、失眠健忘的常用药。。**详解**：脾虚乏力、食欲不振配黄芪、白术；腰膝酸软配杜仲、牛膝；失眠多梦配酸枣仁、茯神。阴虚火旺者慎用。,,
q050,更年期潮热汗出，心烦失眠，如何调理？,case,jiucaizi_001,中国药典（2025年版）一部,补虚药,韭菜子,据《中国药典》2025 年版一部：韭菜子为百合科植物韭菜 Allium tuberosum Rottl. ex Spreng. 的干燥成熟种子（药用部位：成熟种子）。性味辛、甘，温；归肝、肾经。功能与主治：温补肝肾，壮阳固精；用于阳痿遗精，腰膝酸痛，遗尿尿频，白浊带下。用法与用量：3～9g。贮藏：置干燥处。,**简明**：韭菜子辛甘温，温补肝肾而壮阳固精，为治阳痿遗精、遗尿带下的常用药。。**详解**：阳痿遗精配菟丝子、巴戟天、淫羊藿；腰膝酸痛配杜仲、补骨脂；遗尿尿频配益智、桑螵蛸。**阴虚火旺者忌用**。,,
q050,更年期潮热汗出，心烦失眠，如何调理？,case,xinyi_001,中国药典（2025年版）一部,解表药,辛夷,据《中国药典》2025 年版一部：辛夷为木兰科植物望春花 Magnolia biondii Pamp.、玉兰 Magnolia denudata Desr. 或武当玉兰 Magnolia sprengeri Pamp. 的干燥花蕾（药用部位：花蕾）。性味辛，温；归肺、胃经。功能与主治：散风寒，通鼻窍；用于风寒头痛，鼻塞…,**简明**：辛夷辛温，散风寒、通鼻窍，为治鼻渊、鼻塞之要药，尤宜风寒所致鼻病。**详解**：鼻渊鼻塞配苍耳子、白芷、薄荷（苍耳子散）；风寒头痛配川芎、防风。本品有绒毛，**入汤剂宜包煎**；阴虚火旺者忌用。,,
q050,更年期潮热汗出，心烦失眠，如何调理？,case,bajiaohuixiang_001,中国药典（2025年版）一部,温里药,八角茴香,据《中国药典》2025 年版一部：八角茴香为木兰科植物八角茴香 Illicium verum Hook. f. 的干燥成熟果实（药用部位：成熟果实）。性味辛，温；归肝、肾、脾、胃经。功能与主治：温阳散寒，理气止痛；用于寒疝腹痛，肾虚腰痛，胃寒呕吐，脘腹冷痛。用法与用量：3～6g。贮藏：置阴凉干燥处。,**简明**：八角茴香辛温，温阳散寒而理气止痛，为治寒疝腹痛与胃寒呕吐的常用药。。**详解**：寒疝腹痛配小茴香、乌药；肾虚腰痛配杜仲、补骨脂；胃寒呕吐、脘腹冷痛配高良姜、丁香。**阴虚火旺者慎用**。,,
q050,更年期潮热汗出，心烦失眠，如何调理？,case,bichengqie_001,中国药典（2025年版）一部,温里药,荜澄茄,据《中国药典》2025 年版一部：荜澄茄为樟科植物山鸡椒 Litsea cubeba (Lour.) Pers. 的干燥成熟果实（药用部位：成熟果实）。性味辛，温；归脾、胃、肾、膀胱经。功能与主治：温中散寒，行气止痛；用于胃寒呕逆，脘腹冷痛，寒疝腹痛，寒湿郁滞，小便浑浊。用法与用量：1.5～3g。贮藏：置阴凉干燥处。 …,**简明**：荜澄茄辛温，温中散寒、行气止痛，主治胃寒呕逆、脘腹冷痛、寒疝腹痛及寒湿小便浑浊。**详解**：胃寒呕吐配高良姜、半夏；寒疝腹痛配小茴香、乌药；小便浑浊配萆薢、石菖蒲。阴虚火旺者忌用。,,
q050,更年期潮热汗出，心烦失眠，如何调理？,case,paojiang_001,中国药典（2025年版）一部,止血药,炮姜,据《中国药典》2025 年版一部：炮姜为姜科植物姜 Zingiber officinale Rosc. 干燥根茎的炮制品（药用部位：干姜炮制品）。性味辛、热；归脾、胃、肝经。功能与主治：温经止血，温中止痛；用于阳虚失血，吐血，便血，崩漏，脾胃虚寒，腹痛吐泻。用法与用量：3～9g。贮藏：置阴凉干燥处，防蛀。  **【古注…,**简明**：炮姜辛热，温经止血、温中止痛，主治**脾阳虚寒**之失血（吐衄便血崩漏）及脘腹冷痛吐泻。**详解**：虚寒吐血便血配艾叶、棕榈炭；脾胃虚寒腹痛配党参、白术（理中汤）。阴虚火旺、血热妄行者忌用。,,
q050,更年期潮热汗出，心烦失眠，如何调理？,case,snb_jiegeng_001,神农本草经,下经,桔梗,桔梗，味辛，微温。主胸胁痛如刀刺，腹满，肠鸣幽幽，惊恐悸气。生山谷。,桔梗苦辛平，开宣肺气、祛痰利咽、排脓，为肺经气分要药，兼能载药上行，主治咳嗽痰多、咽痛音哑、肺痈吐脓、胸膈满闷等。性升散，凡呕吐、眩晕、阴虚火旺及咯血者慎用，不宜过量以免恶心呕吐。,,
q050,更年期潮热汗出，心烦失眠，如何调理？,case,xiaohuixiang_001,中国药典（2025年版）一部,温里药,小茴香,据《中国药典》2025 年版一部：小茴香为伞形科植物茴香 Foeniculum vulgare Mill. 的干燥成熟果实（药用部位：成熟果实）。性味辛，温；归肝、肾、脾、胃经。功能与主治：散寒止痛，理气和胃；用于寒疝腹痛，睾丸偏坠，痛经，少腹冷痛，脘腹胀痛，食少吐泻。用法与用量：3～6g。外用适量。贮藏：置阴凉干燥处…,**简明**：小茴香辛温，散寒止痛、理气和胃，主治**寒疝腹痛**、睾丸偏坠、痛经及脘腹胀痛，亦作调味香辛料。**详解**：寒疝少腹痛配乌药、肉桂（暖肝煎）；痛经配当归、香附；胃寒脘痛配干姜、木香。阴虚火旺者慎用。,,
q050,更年期潮热汗出，心烦失眠，如何调理？,case,yinyang_001,中医诊断学,辨证,阴阳辨证,阴阳辨证为八纲之总纲，统摄表里寒热虚实——表、热、实属阳，里、寒、虚属阴。据规划教材《中医诊断学》归纳：阴虚证以形体消瘦、口燥咽干、潮热盗汗、五心烦热、颧红、舌红少苔、脉细数为要点；阳虚证以畏寒肢冷、面色㿠白、神疲乏力、自汗、舌淡胖嫩、脉沉迟无力为要点；亡阴证见汗热而黏、手足温、气喘口渴、脉细数无力；亡阳证见冷汗淋漓、…,阴阳为八纲总纲，用以概括病证类别与盛衰。阴虚则热，治宜滋阴；阳虚则寒，治宜温阳。亡阴与亡阳为疾病危重阶段，须急辨：亡阴汗热而黏、身温脉数，治宜救阴敛液；亡阳汗稀而凉、肢厥脉微，治宜回阳救逆。二者常迅速转化，须参舌脉与汗之冷热黏稀、肢体温凉、口渴与否以决断。,,
q050,更年期潮热汗出，心烦失眠，如何调理？,case,zhushaanshen_001,《方剂学》规划教材（要点归纳）,安神剂,朱砂安神丸·镇心清热安神,"传统方歌：""朱砂安神东垣方，归连甘草合地黄，怔忡不寐心烦乱，清热养阴可复康。""（《内外伤辨惑论》方，据教材要点归纳：朱砂约另研水飞为衣，黄连、生地、当归、炙甘草各约常用量，为丸或汤服。）",朱砂安神丸为重镇安神代表方，主治心火亢盛、阴血不足之失眠心烦。本方含朱砂，不宜久服多服。本方为要点归纳，供参考；具体用药请遵医嘱。,,
q050,更年期潮热汗出，心烦失眠，如何调理？,case,tiaoqiixue_001,《中医基础理论》规划教材（要点归纳）,治则治法,调理气血·气虚补气气滞理气血虚养血血瘀活血,调理气血，指纠正气血失常，恢复气血协调关系。气虚者补气，气滞者理气，气逆者降气；血虚者养血，血瘀者活血，出血者止血。气病及血、血病及气者，气血并调；气血关系失常者，气血双补或行气活血。,气血是人体生命活动的物质基础和动力，气血失常是基本病机。调理气血即补气、理气、养血、活血等法。本条为治则基础理论，不涉及具体诊疗。,,
q050,更年期潮热汗出，心烦失眠，如何调理？,case,xuezheng_001,中医诊断学,辨证,血虚、血瘀、血热、血寒证,血病辨证四类。据规划教材《中医诊断学》归纳：血虚证以面白无华或萎黄、唇舌色淡、头晕眼花、心悸失眠、手足麻木、脉细为要点；血瘀证以刺痛拒按、痛有定处、肿块紫暗、出血紫黑夹块、舌紫暗或有瘀斑、脉涩为要点；血热证以身热夜甚、心烦、吐衄发斑、舌红绛、脉数为要点；血寒证以冷痛喜暖、形寒肢冷、肤色紫暗、得温痛减、脉沉迟为要点。,"血虚治宜养血；血瘀治宜活血化瘀；血热治宜清热凉血；血寒治宜温经散寒。血虚以""色淡、脉细""为眼目，属虚；血瘀以""刺痛、紫暗、舌瘀斑、脉涩""为眼目，属实；血热以""身热、出血色鲜红、舌红绛、脉数""为眼目，属实热；血寒以""冷痛、得温则减、形寒""为眼目，属实寒。血证常互见（如血瘀兼血虚、血热动血），须参合舌脉以辨主次寒热。",,
q050,更年期潮热汗出，心烦失眠，如何调理？,case,baduanjin_001,中医养生（古籍要义归纳）,导引功法,八段锦·立式导引八式,"传世八段锦歌诀：""双手托天理三焦，左右开弓似射雕，调理脾胃须单举，五劳七伤往后瞧，摇头摆尾去心火，两手攀足固肾腰，攒拳怒目增气力，背后七颠百病消。""（出宋明以来导引典籍，明清《遵生八笺》《内功图说》等辗转传抄。）",八段锦是中医传统导引养生术，由八节连贯动作组成，每节对应调畅相应脏腑与周身气血。要领：动作圆缓、呼吸自然、意守放松，每日晨间或日间各练一遍，每次十余分钟。作为古代养生文化与传统健身术，其作用在于舒展筋骨、活动关节、调和气息。本条目为养生保健参考，不替代诊疗；身体不适或患有疾病者应在专业指导下练习。,,
q050,更年期潮热汗出，心烦失眠，如何调理？,case,tiandong_001,中国药典（2025年版）一部,补虚药,天冬,据《中国药典》2025 年版一部：天冬为百合科植物天冬 Asparagus cochinchinensis (Lour.) Merr. 的干燥块根（药用部位：块根）。性味甘、苦，寒；归肺、肾经。功能与主治：养阴润燥，清肺生津；用于肺燥干咳，顿咳痰黏，劳嗽咳血，腰膝酸痛，骨蒸潮热，内热消渴，热病津伤，咽干口渴，肠燥便秘。…,**简明**：天冬甘苦寒，养阴润燥、清肺生津（**清肺滋肾、润燥力强于麦冬**），主治肺燥干咳劳嗽、骨蒸潮热、内热消渴及肠燥便秘。**详解**：肺肾阴虚配麦冬（二冬膏）；心肾不交失眠配生地黄、人参（天王补心丹）。脾虚便溏、外感风寒者忌用。,,
q050,更年期潮热汗出，心烦失眠，如何调理？,case,shenmen_001,针灸学,手少阴心经,神门,《灵枢·本输》：心脉注于太冲，太冲，即神门，掌后锐骨之端陷者中也，为输。,神门为手少阴心经输穴、原穴，定位在腕前区，腕掌侧远端横纹尺侧端，尺侧腕屈肌腱的桡侧缘。主治心痛、心烦、惊悸、怔忡、健忘、失眠、癫狂痫、痴呆及腕部痛，为宁心安神第一要穴。刺法：直刺0.3～0.5寸；可灸。,,
q050,更年期潮热汗出，心烦失眠，如何调理？,case,yuejingbing_001,《中医妇科学》规划教材（要点归纳）,妇科,月经病总论·月经失调类疾病概述,月经病是指月经的周期、经期、经量、经色、经质发生异常改变，或伴随月经周期出现明显不适症状的疾病。病因有情志内伤、外感六淫、多产房劳、先天禀赋不足等；病机为脏腑功能失常、气血失调、冲任二脉损伤。治疗以调经为大法，调理气血、补肾、疏肝、健脾，兼顾调冲任。,月经病辨证首辨经期、经量、经色、经质，再结合兼证与舌脉分虚实寒热。治疗原则：经前调气、经后调血、平时调脏腑。凡经量骤增、剧烈腹痛、异常出血者须及时就医。,,
q050,更年期潮热汗出，心烦失眠，如何调理？,case,nanjing_058,难经,第五十八难,第五十八难,曰：伤寒有几？其脉有变不？  然：伤寒有五，有中风，有伤寒，有湿温，有热病，有温病，其所苦各不同。  中风之脉，阳浮而滑，阴濡而弱；湿温之脉，阳濡而弱，阴小而急；伤寒之脉，阴阳俱盛而紧涩；热病之脉，阴阳俱浮，浮之而滑，沉之散涩；温病之脉，行在诸经，不知何经之动也，各随其经所在而取之。  伤寒有汗出而愈，下之而死者；有汗…,本难论伤寒五种及脉证。伤寒有中风、伤寒、湿温、热病、温病，脉象各别；阳虚阴盛者汗解下死，阳盛阴虚者下解汗死；又分皮寒热、肌寒热、骨寒热。,,
q050,更年期潮热汗出，心烦失眠，如何调理？,case,shanghan_237,伤寒论,辨阳明病脉证并治,小柴胡汤证治（第237条）,阳明病，发潮热，大便溏，小便自可，胸胁满不去者，小柴胡汤主之。,本条论述阳明病之脉证。症见潮热。治以小柴胡汤（和解少阳），药后观其进退。,,
q050,更年期潮热汗出，心烦失眠，如何调理？,case,jingluoyingyong_001,《中医基础理论》规划教材（要点归纳）,经络,经络临床应用·阐释病理指导诊断指导治疗,经络学说在临床上应用主要有三方面：①阐释病理，外邪由表入里、脏腑病变相互传变，多以经络为途径；②指导诊断，根据症状出现部位判为何经病变（分经辨证、循经诊断）；③指导治疗，针灸循经取穴、药物归经引经报使，以及按摩、拔罐等均以经络为据。,"经络学说的临床价值在于：它既解释病邪如何传变（由皮毛、经络到脏腑），也指导医生""按部位辨何经""，再循经取穴或用引经药。如前额痛多属阳明经、偏头痛多属少阳经，即分经辨证。学习时应把经络循行路线与常见分经辨证、归经用药对应起来记。",,
q050,更年期潮热汗出，心烦失眠，如何调理？,case,erxueyadou_001,中医临床诊疗指南/专家共识（要点归纳）,现代中医,耳穴压豆·适宜技术操作要点,据《中医适宜技术操作规范·耳穴压豆》要点：将王不留行籽或磁珠贴压于耳廓相应耳穴上，用手按压使局部酸胀灼热，借耳穴与脏腑经络相应之理调治诸疾。（要点归纳，非原文照录。）,耳穴压豆（又称耳穴压丸）是常用中医适宜技术，操作要点：先探查敏感点，以王不留行籽贴压于耳廓相应穴位（如失眠取神门、心、皮质下），每日按压 3—5 次、每次数分钟，3—5 日更换一次。适用于失眠、便秘、戒断综合征、痛证等辅助调理。耳廓皮肤炎症、冻伤者不宜贴压。本条目为要点归纳，供参考；具体诊疗请遵医嘱。,,
q050,更年期潮热汗出，心烦失眠，如何调理？,case,shanghan_362,伤寒论,辨厥阴病脉证并治,四逆汤证治（第362条）,大汗出，热不去，内拘急，四肢疼，又下利，厥逆而恶寒者，四逆汤主之。,本条论述厥阴病之脉证。症见恶寒、汗出、下利、厥、厥逆。治以四逆汤（回阳救逆），药后观其进退。,,
q050,更年期潮热汗出，心烦失眠，如何调理？,case,shayuanyi_001,中国药典（2025年版）一部,补虚药,沙苑子,据《中国药典》2025 年版一部：沙苑子为豆科植物扁茎黄芪 Astragalus complanatus R. Br. 的干燥成熟种子（药用部位：成熟种子）。性味甘，温；归肝、肾经。功能与主治：补肾助阳，固精缩尿，养肝明目；用于肾虚腰痛，遗精早泄，遗尿尿频，白浊带下，目暗昏花。用法与用量：9～15g。贮藏：置通风干燥处…,**简明**：沙苑子甘温，补肾助阳、固精缩尿、养肝明目，主治肾虚腰痛、遗精早泄、尿频带下及目暗昏花。**详解**：遗精配芡实、莲须（金锁固精丸类）；目暗配枸杞子、女贞子；腰痛配杜仲、续断。阴虚火旺、阳强易举者慎用。,,
q050,更年期潮热汗出，心烦失眠，如何调理？,case,suoyang_001,中国药典（2025年版）一部,补虚药,锁阳,据《中国药典》2025 年版一部：锁阳为锁阳科植物锁阳 Cynomorium songaricum Rupr. 的干燥肉质茎（药用部位：肉质茎）。性味甘，温；归肝、肾、大肠经。功能与主治：补肾阳，益精血，润肠通便；用于腰膝痿软，阳痿滑精，肠燥便秘。用法与用量：5～10g。贮藏：置通风干燥处。,**简明**：锁阳甘温，补肾阳、益精血、润肠通便，**功类肉苁蓉而力稍逊**，主治腰膝痿软、阳痿滑精及肠燥便秘。**详解**：肾阳虚配肉苁蓉、巴戟天；精血亏虚配熟地黄、枸杞子；虚人便秘配火麻仁、当归。阴虚火旺、脾虚泄泻者忌用。,,
q050,更年期潮热汗出，心烦失眠，如何调理？,case,shanghan_069,伤寒论,辨太阳病脉证并治中,茯苓四逆汤证（第69条）,发汗若下之，病仍不解，烦躁者，茯苓四逆汤主之。 茯苓四逆汤方 茯苓六两（味甘平） 人参一两（味甘温） 甘草二两（炙，味甘平） 干姜一两半（味辛热） 附子一枚（生用，去皮，破八片，味辛热）右五味，以水五升，煮取三升，去滓，温服七合，日三服。,本条论汗下后烦躁。发汗若下之，病仍不解、烦躁者，茯苓四逆汤主之。附子干姜回阳，人参茯苓补气宁神，治阴阳俱虚之烦躁。,,
q050,更年期潮热汗出，心烦失眠，如何调理？,case,suanzaoren_001,中国药典（2025年版）一部,安神药,酸枣仁,据《中国药典》2025 年版一部：酸枣仁为鼠李科植物酸枣 Ziziphus jujuba Mill. var. spinosa (Bunge) Hu ex H. F. Chou 的干燥成熟种子（药用部位：成熟种子）。性味甘、酸，平；归肝、胆、心经。功能与主治：养心补肝，宁心安神，敛汗，生津；用于虚烦不眠，惊悸多梦，体虚…,**简明**：酸枣仁甘酸平，养心补肝、宁心安神、敛汗生津，为**养心安神之要药**，主治虚烦不眠、惊悸多梦及体虚多汗。**详解**：肝血虚虚烦失眠配川芎、知母（酸枣仁汤）；心肾不交失眠配生地黄、麦冬（天王补心丹）；体虚自汗盗汗配五味子、牡蛎。**炒用安神力佳**；实邪郁火者慎用。,,
q050,更年期潮热汗出，心烦失眠，如何调理？,case,zhangjingyue_001,景岳全书,传忠录,张景岳用大剂熟地温补治虚损案,"一虚损人，羸瘦少气，腰膝酸软，脉来虚细。景岳诊曰：此真阴下竭，非苦寒伐伤所宜，亦非峻补纯阳可治。当专培真阴，以左归丸、大补元煎之属，重用地黄、枸杞、山萸、胶、龟之属滋填精血，久服阴长阳固，形气渐充。人以其善用熟地，至有""张熟地""之目。（《景岳全书》）","患者虚损羸瘦、腰膝酸软、脉虚细，张景岳辨为真阴亏损，反对苦寒伤阴与峻刚助火，主大剂熟地、枸杞、山萸、龟鹿二胶滋填精血，佐以阳中求阴，久服形气渐充。景岳善用熟地，时人目为""张熟地""。此案为温补学派（养阴一派）代表，示人虚损真阴不足当甘润滋填，阴阳互济。",,
q050,更年期潮热汗出，心烦失眠，如何调理？,case,huanglianejiao_001,温病条辨,下焦篇,黄连阿胶汤,少阴温病，真阴欲竭，壮火复炽，心中烦，不得卧者，黄连阿胶汤主之。  黄连阿胶汤方： 黄连四钱 黄芩一钱 阿胶三钱 白芍一钱 鸡子黄二枚。 水八杯，先煮三物，取三杯，去滓，纳阿胶烊尽，再纳鸡子黄，搅令相得，分三次服。,本条论少阴温病真阴欲竭、壮火复炽、心肾不交的证治。温病深入少阴肾，肾水亏于下，心火亢于上，水不济火、心肾不交，故心中烦、不得卧。此为阴虚火炽之证，治当育阴与泻火并用。主以黄连阿胶汤：黄连、黄芩苦寒清心泻火（除壮火），阿胶、鸡子黄、白芍滋阴养液（救真阴）。黄芩、黄连苦寒直折上燔之火，阿胶、鸡子黄滋填下亏之阴，一清一补、心…,,
q050,更年期潮热汗出，心烦失眠，如何调理？,case,shanghan_061,伤寒论,辨太阳病脉证并治中,干姜附子汤证（第61条）,下之后，复发汗，昼日烦躁，不得眠，夜而安静，不呕不渴，无表证，脉沉微，身无大热者，干姜附子汤主之。 干姜附子汤方 干姜一两（味辛热） 附子一枚（生用，去皮，破八片，味辛热）右二味，以水三升，煮取一升，去滓，顿服。,本条论肾阳虚烦躁。下之后复发汗，昼日烦躁不得眠、夜而安静、不呕不渴、无表证、脉沉微、身无大热者，干姜附子汤主之。干姜附子辛热回阳，急复肾阳。,,
q050,更年期潮热汗出，心烦失眠，如何调理？,case,shanghan_100,伤寒论,辨太阳病脉证并治中,小建中汤证心中悸而烦（第100条）,伤寒二三日，心中悸而烦者，小建中汤主之。,本条论里虚心悸烦。伤寒二三日，心中悸而烦者，小建中汤主之。里虚气血不足，心中失养则悸烦，小建中汤温中补虚。,,
q050,更年期潮热汗出，心烦失眠，如何调理？,case,shanghan_057,伤寒论,辨太阳病脉证并治中,发汗后复烦宜桂枝汤（第57条）,伤寒发汗，解半日许，复烦，脉浮数者，可更发汗，宜桂枝汤主之。,本条论汗后复烦再汗。伤寒发汗解半日许复烦、脉浮数者，可更发汗，宜桂枝汤主之。汗后余邪未尽、复烦脉浮者，可再与桂枝汤解肌。,,
q050,更年期潮热汗出，心烦失眠，如何调理？,case,shanghan_352,伤寒论,辨厥阴病脉证并治,大汗出热不去内拘急四逆汤主之（第352条）,大汗出，热不去，内拘急，四肢疼，又下利，厥逆而恶寒者，四逆汤主之。,大汗出而热不去（非真热，乃虚阳外越），兼内拘急、四肢疼、下利、厥逆恶寒，为少阴阳衰、阴寒内盛，治以四逆汤回阳救逆。虽有热不去之象，实属真寒假热。,,
q050,更年期潮热汗出，心烦失眠，如何调理？,case,shanghan_076,伤寒论,辨太阳病脉证并治中,栀子豉汤证（第76条）,发汗后，饮水多，必喘，以水灌之，亦喘。发汗后，水药不得入口为逆，若更发汗，必吐下不止。发汗吐下后，虚烦不得眠；若剧者，必反复颠倒，心中懊憹，栀子豉汤主之。 栀子豉汤方 栀子十四枚（掰，味甘寒） 香豉四合（绵裹，味苦寒）右二味，以水四升，先煮栀子，得二升半，内豉，煮取一升半，去滓，分为二服，温进一服。得吐者，止后服。若少…,本条论热扰胸膈证。发汗吐下后虚烦不得眠，剧者反复颠倒、心中懊憹，栀子豉汤主之。栀子清热除烦，香豉宣散透邪。并论汗后饮水多必喘、水药不入为逆。,,
q050,更年期潮热汗出，心烦失眠，如何调理？,case,zihandaohan_001,中医内科学,气血津液病证,自汗盗汗,"自汗、盗汗是由于阴阳失调、腠理不固，而致汗液外泄失常的病证。白昼时时汗出、动辄益甚者称为自汗；寐中汗出、醒后即止者称为盗汗。《素问·宣明五气》：""五脏化液，心为汗。""《灵枢·营卫生会》：""夺血者无汗，夺汗者无血。""《伤寒论》对桂枝汤证""时发热自汗出""及牡蛎泽泻散证等有所论述。教材以虚实为纲分证论治。",自汗、盗汗病位在肺、心、肝、肾，基本病机为阴阳失调、腠理不固、汗液外泄。辨证首辨虚实：自汗多属气虚不固（肺卫不固、营卫不和），盗汗多属阴虚内热；邪热郁蒸则属实。分证论治：肺卫不固治以益气固表，方用玉屏风散；营卫不和治以调和营卫，方用桂枝汤；阴虚火旺治以滋阴降火，方用当归六黄汤；邪热郁蒸治以清肝泄热、化湿和营，方用龙胆泻…,,
q050,更年期潮热汗出，心烦失眠，如何调理？,case,shanghan_054,伤寒论,辨太阳病脉证并治中,时发热自汗出宜桂枝汤（第54条）,病人藏无他病，时发热，自汗出，而不愈者，此卫气不和也。先其时发汗则愈，宜桂枝汤主之。,本条论卫气不和的间歇性发热自汗。病人藏无他病，时发热自汗出而不愈者，此卫气不和也。先其发热之时发汗则愈，宜桂枝汤主之。,,
q050,更年期潮热汗出，心烦失眠，如何调理？,case,suanzaorentang_jieyao_001,方解（方论集要）,安神剂·方解,酸枣仁汤·养血安神清热除烦,本方出《金匮要略》血痹虚劳病脉证并治：组成酸枣仁二升，甘草一两，知母二两，茯苓二两，川芎二两。方中酸枣仁君，甘酸平，养肝血、安心神、敛心气，为治虚烦不眠主药；茯苓臣，宁心安神；知母臣，苦寒清热除烦、滋阴润燥；川芎佐，辛温调肝血、疏肝气，与酸枣仁相配，一酸收一辛散，养血调肝；甘草使，和中缓急、调和诸药。,酸枣仁汤为养血安神、清热除烦之代表方，治肝血不足、虚热内扰之虚烦不得眠、心悸眩晕咽干。重用酸枣仁养肝血安心神为君，配川芎调肝血疏肝气，一收一散，养血调肝；茯苓宁心，知母除烦，甘草和中。与天王补心丹相比：彼滋阴为主兼补心气，治心阴不足之失眠；此养肝血为主兼清虚热，治肝血不足之虚烦不眠。痰热内扰、心火亢盛之失眠非宜。方解供…,,
q050,更年期潮热汗出，心烦失眠，如何调理？,case,dandouchi_001,中国药典（2025年版）一部,解表药,淡豆豉,据《中国药典》2025 年版一部：淡豆豉为豆科植物大豆 Glycine max (L.) Merr. 的成熟种子的发酵加工品（药用部位：发酵加工品）。性味苦、辛，凉；归肺、胃经。功能与主治：解表，除烦，宣发郁热；用于感冒，寒热头痛，烦躁胸闷，虚烦不眠。用法与用量：6～12g。贮藏：置通风干燥处，防蛀。,**简明**：淡豆豉苦辛凉，解表除烦、宣发郁热，主治外感寒热头痛及热病虚烦不眠。**详解**：风寒感冒配葱白（葱豉汤），风热感冒配薄荷、连翘（银翘散）；热扰胸膈虚烦懊憹配栀子（栀子豉汤）。发汗力缓和，无论风寒风热皆可配用。,,
q050,更年期潮热汗出，心烦失眠，如何调理？,case,shanghan_115,伤寒论,辨太阳病脉证并治中,欲自解先烦汗出（第115条）,欲自解者，必当先烦，乃有汗而解。何以知之？脉浮，故知汗出解也。,本条论病欲解征兆。欲自解者必当先烦，乃有汗而解。何以知之？脉浮故知汗出解也。,,
q050,更年期潮热汗出，心烦失眠，如何调理？,case,guijia_001,中国药典（2025年版）一部,补虚药,龟甲,据《中国药典》2025 年版一部：龟甲为龟科动物乌龟 Chinemys reevesii (Gray) 的背甲及腹甲（药用部位：腹甲及背甲）。性味咸、甘，微寒；归肝、肾、心经。功能与主治：滋阴潜阳，益肾强骨，养血补心，固经止崩；用于阴虚潮热，骨蒸盗汗，头晕目眩，虚风内动，筋骨痿软，心虚健忘，崩漏经多。用法与用量：9～2…,**简明**：龟甲咸甘微寒，滋阴潜阳、益肾强骨、养血补心、固经止崩（**滋阴潜阳之首**），主治阴虚潮热、虚风内动、筋骨痿软、心虚健忘及崩漏。**详解**：阴虚火旺配熟地黄、黄柏（大补阴丸）；肝阳上亢配代赭石、牡蛎（镇肝熄风汤）。**打碎先煎**；脾胃虚寒、胃有寒湿者慎用。,,
q050,更年期潮热汗出，心烦失眠，如何调理？,case,shanghan_071,伤寒论,辨太阳病脉证并治中,五苓散证（第71条）,太阳病，发汗后，大汗出，胃中干，烦躁不得眠，欲得饮水者，少少与饮之，令胃气和则愈。若脉浮，小便不利，微热消渴者，与五苓散主之。 五苓散方 猪苓十八铢（去皮，味甘平） 泽泻一两六铢半（味酸咸） 茯苓十八铢（味甘平） 桂半两（去皮，味辛热） 白术十八铢（味甘平）右五味为末，以白饮和，服方寸匕日三服，多饮暖水，汗出愈。,本条论太阳蓄水证。发汗后大汗出、胃中干、烦躁不得眠、欲得饮水者，少少与之令胃和则愈。若脉浮、小便不利、微热消渴者，与五苓散主之，化气利水。,,
q050,更年期潮热汗出，心烦失眠，如何调理？,case,shanghan_108,伤寒论,辨太阳病脉证并治中,火劫两阳相熏灼（第108条）,太阳病中风，以火劫发汗，邪风被火热，血气流溢，失其常度，两阳相熏灼，其身发黄。阳盛则欲衄，阴虚则小便难，阴阳俱虚竭，身体则枯燥。但头汗出，剂颈而还，腹满微喘，口干咽烂，或不大便，久则谵语，甚者至哕，手足躁扰，捻衣摸床，小便利者，其人可治。,本条论火劫重证。太阳病中风以火劫发汗，邪风被火热，血气流溢，两阳相熏灼，其身发黄。阳盛欲衄，阴虚小便难，阴阳俱虚则身体枯燥，但头汗出、腹满喘、口干咽烂、谵语、捻衣摸床，小便利者可治。,,
q050,更年期潮热汗出，心烦失眠，如何调理？,case,shanghan_065,伤寒论,辨太阳病脉证并治中,茯苓桂枝甘草大枣汤证（第65条）,发汗后，其人脐下悸者，欲作奔豚，茯苓桂枝甘草大枣汤主之。 茯苓桂枝甘草大枣汤方 茯苓半斤（味甘平） 甘草二两（炙，味甘平）大枣十五枚（掰，味甘平） 桂枝四两（去皮）右四味，以甘瀾水一斗，先煮茯苓，减二升，内诸药，煮取三升，去滓，温服一升，日三服。作甘瀾水法，取水二斗，置大盆内，以杓扬之，水上有珠子五六千颗相逐，取用之。,本条论欲作奔豚证。发汗后其人脐下悸者，欲作奔豚，茯苓桂枝甘草大枣汤主之。茯苓利水宁心，桂枝甘草温通心阳，大枣培土制水，以甘澜水煎药。,,
q050,更年期潮热汗出，心烦失眠，如何调理？,case,fushen_001,《中药学》（清华社）· 药典外品种,安神药,茯神,据清华社《中药学》：茯神为多孔菌科真菌茯苓 Poria cocos (Schw.) Wolf 菌核中抱有松根的白色部分（药用部位：菌核含松根部分）。性味甘、淡，平；归心、脾经。功能与主治：宁心安神，利水；用于心悸怔忡，失眠健忘，小便不利。用法与用量：9～15g。贮藏：置干燥处。,**简明**：茯神甘淡平，宁心安神而利水，为茯苓抱木之品，善治心悸失眠。。**详解**：心悸怔忡、失眠健忘配酸枣仁、远志、龙眼肉；小便不利配茯苓、泽泻。,,
q050,更年期潮热汗出，心烦失眠，如何调理？,case,shanghan_062,伤寒论,辨太阳病脉证并治中,新加汤证等三条合（第62条）,发汗后，身疼痛，脉沉迟者，桂枝加芍药生姜各一两人参三两新加汤主之。发汗后，不可更行桂枝汤。汗出而喘，无大热者，可与麻黄杏仁甘草石膏汤主之。发汗过多，其人叉手自冒心，心下悸，欲得按者，桂枝甘草汤主之。 桂枝加芍药生姜各一两人参三两新加汤方 桂枝三两（去皮） 芍药四两 甘草二两（炙） 人参三两 大枣十二枚（擘） 生姜四两上…,本条合论汗后三证：发汗后身疼痛、脉沉迟者，为营气不足，桂枝加芍药生姜各一两人参三两新加汤主之；汗出而喘、无大热者，可与麻黄杏仁甘草石膏汤；发汗过多叉手自冒心、心下悸欲得按者，桂枝甘草汤主之。,,
q050,更年期潮热汗出，心烦失眠，如何调理？,case,zhuzhenheng_001,中医各家学说,医家,朱震亨·滋阴派倡阳常有余阴常不足,"《格致余论·阳有余阴不足论》：""人受天地之气以生，天之阳气为气，地之阴气为血，故气常有余，血常不足……阳常有余，阴常不足。""又《茹淡论》主节饮食、色欲以养阴。","朱震亨，字彦修，号丹溪翁，元代婺州义乌人，约生活于公元1281—1358年，为金元四大家之一、滋阴派创始人。少习儒业，后从理学家许谦游，又受罗知悌（刘完素再传、旁通李东垣、张从正之学）指引而业医，融诸家之长而自成一家。其学术以""阳常有余，阴常不足""为核心，谓人身精血阴阴易亏难成，而情欲妄动、相火易亢，故多阴虚火旺之证，…",,
q050,更年期潮热汗出，心烦失眠，如何调理？,case,shanghan_273,伤寒论,辨太阴病脉证并治,太阴病提纲（第273条）,太阴之为病，腹满而吐，食不下，自利益甚，时腹自痛。若下之，必胸下结硬。,本条为太阴病提纲。脾阳虚损、寒湿内盛，气机壅滞则腹满；胃气上逆则吐、食不下；脾失升清则自利益甚；寒湿气滞则时腹自痛。其证属虚属寒，法当温之；若误下则更伤脾阳，致胸下结硬。,,
q050,更年期潮热汗出，心烦失眠，如何调理？,case,shanghan_283,伤寒论,辨少阴病脉证并治,脉阴阳俱紧反汗出亡阳（第283条）,病人脉阴阳俱紧，反汗出者，亡阳也，此属少阴，法当咽痛，而复吐利。,脉阴阳俱紧本为寒盛，若反见汗出，为阴寒内盛、阳气外亡，属少阴亡阳之候。阳虚阴盛，虚火上灼则咽痛，阴寒气逆则吐利，皆虚寒危候。,,
q050,更年期潮热汗出，心烦失眠，如何调理？,case,shanghan_145,伤寒论,辨太阳病脉证并治下,五苓散证治（第145条）,病在阳，应以汗解之，反以冷水潠之，若灌之，其热被劫不得去，弥更益烦，肉上粟起，意欲饮水，反不渴者，服文蛤散。若不差者，与五苓散。寒实结胸，无热证者，与三物小陷胸汤，白散亦可服。 文蛤散方 文蛤五两（味咸寒）右一味，为散，以沸汤和一方寸匕服，汤用五合 五苓散方 猪苓十八铢（去黑皮） 白术十八铢 泽泻一两六铢 茯苓十八铢 …,本条论述太阳病之脉证。症见汗出、烦、渴、结胸、身热。治以五苓散（利水渗湿、温阳化气），药后观其进退。,,
q050,更年期潮热汗出，心烦失眠，如何调理？,case,chunwen_001,温病学,温病学,春温,《素问·金匮真言论》：「冬伤于寒，春必病温。」春温为冬季感受寒邪、郁而化热，至春内伏外发之伏气温病，初起即见里热炽盛。（据规划教材《温病学·春温》归纳）,春温为伏气温病，发于春季，初起即以里热炽盛为主（或兼表卫），症情急重、易动风动血。发于气分者高热烦渴、舌红苔黄、脉数，白虎汤、黄芩汤清气泄热；深入营分则身热夜甚、心烦不寐、斑疹隐隐，清营汤清营育阴；热盛动风则痉厥抽搐，羚角钩藤汤凉肝息风；后期真阴耗竭、低热久羁，加减复脉汤滋阴填精。本病初起不可作外感风寒辛温发汗。,,
q050,更年期潮热汗出，心烦失眠，如何调理？,case,shanghan_064,伤寒论,辨太阳病脉证并治中,桂枝甘草汤证（第64条）,发汗过多，其人叉手自冒心，心下悸欲得按者，桂枝甘草汤主之。 桂枝甘草汤方 桂枝四两（去皮，味辛热） 甘草二两（炙，味甘平）右二味，以水三升，煮取一升，去滓，顿服。,本条论发汗过多损伤心阳。发汗过多，其人叉手自冒心、心下悸欲得按者，桂枝甘草汤主之。桂枝甘草辛甘化阳，温复心阳，为辛甘化阳祖方。,,
q050,更年期潮热汗出，心烦失眠，如何调理？,case,shanghan_571,伤寒论,辨不可发汗病脉证并治,脉濡而弱（第571条）,脉濡而弱，弱反在关，濡反在巅，微反在上，涩反在下。微则阳气不足，涩则无血。阳气反微，中风汗出而反躁烦。涩则无血，厥而且寒。阳微发汗，躁不得眠。,本条论述汗法禁例之脉证。症见汗出、烦、不得眠、厥。当审其表里寒热、虚实传变而施治。,,
q050,更年期潮热汗出，心烦失眠，如何调理？,case,danxixuepai_001,中医各家学说,流派,丹溪学派·阳有余阴不足倡导滋阴降火,"《格致余论·阳有余阴不足论》：""人受天地之气以生……阳常有余，阴常不足。""又《相火论》论""天主生物，故恒于动；人有此生，亦恒于动""，主节饮食、色欲以养阴制相火，立大补阴丸、越鞠丸、保和丸诸方。","丹溪学派为金元四大家之一派，由元代朱震亨（号丹溪翁，浙江义乌人）开创，因号得名，又以其主滋阴降火而称""滋阴派""（养阴派）。震亨早岁从许谦研理学，后师罗知悌，融会刘完素火热、李东垣脾胃、张从正攻邪诸家之说，而自出机杼。其核心学说是""阳常有余，阴常不足""与""相火论""：谓人身精血阴液难成易亏，而情欲、色欲、饮食、七情过极易致…",,
q050,更年期潮热汗出，心烦失眠，如何调理？,case,rougui_001,中国药典（2025年版）一部,温里药,肉桂,据《中国药典》2025 年版一部：肉桂为樟科植物肉桂 Cinnamomum cassia Presl 的干燥树皮（药用部位：树皮）。性味辛、甘，大热；归肾、脾、心、肝经。功能与主治：补火助阳，引火归元，散寒止痛，温通经脉；用于阳痿宫冷，腰膝冷痛，肾虚作喘，虚阳上浮，眩晕目赤，心腹冷痛，虚寒吐泻，寒疝腹痛，痛经经闭。用法…,**简明**：肉桂辛甘大热，补火助阳、引火归元、散寒止痛、温通经脉，善补**命门之火**（与附子补阳力同而守而不走），主治肾阳不足、虚阳上浮、寒凝诸痛及阴疽。**详解**：肾阳虚配附子、熟地黄（肾气丸）；虚阳上浮口疮配牛膝、黄连；寒凝痛经配当归、川芎；阴疽配熟地黄、鹿角胶（阳和汤）。**后下或焗服**（1～5g）；孕妇…,,
q050,更年期潮热汗出，心烦失眠，如何调理？,case,buzhongyiqi_001,《方剂学》规划教材（要点归纳）,补益剂,补中益气汤·补中益气升阳举陷,"传统方歌：""补中益气芪术陈，升柴参草当归身，虚劳内伤功独擅，亦治阳虚外感因。""（《内外伤辨惑论》方，据教材要点归纳：黄芪约一钱、人参约三分、白术、炙甘草各约五分，当归、陈皮各约二分，升麻、柴胡各约二分，水煎服。）",补中益气汤为补气升阳、甘温除热之代表方，主治脾胃气虚及气虚下陷证，症见食少体倦、少气懒言、久泻脱肛、内脏下垂；亦治气虚发热之证。阴虚火旺、表证发热者不宜。本方为要点归纳，供参考；具体用药请遵医嘱。,,
q050,更年期潮热汗出，心烦失眠，如何调理？,case,shanghan_275,伤寒论,辨太阴病脉证并治,太阴病欲解时（第275条）,太阴病欲解时，从亥至丑上。,太阴为病，欲解之时多在亥至丑时（夜九时至凌晨三时）。此时太阴脾土经气当旺，阳气渐复，寒湿易化，故病气于此易解。,,
q050,更年期潮热汗出，心烦失眠，如何调理？,case,wenbuxuepai_001,中医各家学说,流派,温补学派·重阳气命门善用温补,"据张介宾《类经附翼·大宝论》：""阴以阳为主……难得而易失者，此阳也；既失而难复者，亦此阳也。""其论""阳非有余、真阴不足""，倡温补真阳真阴；赵献可《医贯》主命门为一身之主，善用八味、六味丸。","温补学派是明清之际兴盛的医学流派，由明代薛己（立斋）开其端，张介宾（景岳）、赵献可（养葵）集其成，至清代沿袭不绝。该派针对当时医界盲从丹溪""阳常有余、阴常不足""、滥用苦寒滋阴之偏，力主人身阳气为性命之本。薛己善用六味、八味及补中益气，重视脾肾；张介宾倡""阳非有余、真阴不足""，提出""阴以阳为主""，创制左归丸、右归丸、左归…",,
q050,更年期潮热汗出，心烦失眠，如何调理？,case,huoyin_001,中医诊断学,辨证,火淫证,火淫证为六淫辨证之一（火、热同类，热为火之渐、火为热之极）。据规划教材《中医诊断学》归纳：火淫证以壮热、面红目赤、口渴喜冷饮、烦躁或神昏谵语、吐衄发斑、痈肿疮疡、大便秘结、舌红绛、脉洪数或滑数为辨证要点。,火为阳邪，其性炎上，易耗气伤津、生风动血、易致疮痈。治宜清热泻火、凉血解毒。临证以壮热烦渴、面赤舌红、脉数为辨证眼目；火盛动血则见吐衄发斑，火极生风则见抽搐。须与内热（脏腑火热）、虚火（阴虚火旺）相区别——外感火证多属实热、新起，虚火多属阴虚、见潮热盗汗舌红少苔。,,
q050,更年期潮热汗出，心烦失眠，如何调理？,case,snb_xuanshen_001,神农本草经,中经,玄参,玄参，味苦，微寒。主腹中寒热积聚，女子产乳余疾，补肾气，令人目明。,玄参苦甘咸微寒，清热凉血、滋阴降火、解毒散结，主治热入营血、温毒发斑、咽喉肿痛、痈肿疮毒及阴虚骨蒸。本经主腹中积聚、补肾气、明目，取其滋阴降火软坚之功。,,
q050,更年期潮热汗出，心烦失眠，如何调理？,case,shihu_001,中国药典（2025年版）一部,补虚药,石斛,据《中国药典》2025 年版一部：石斛为兰科植物金钗石斛 Dendrobium nobile Lindl.、鼓槌石斛 Dendrobium chrysotoxum Lindl. 或流苏石斛 Dendrobium fimbriatum Hook. 的栽培品及其同属植物近似种的新鲜或干燥茎（药用部位：茎）。性味甘，微寒；归…,**简明**：石斛甘微寒，益胃生津、滋阴清热（**专养胃阴、清虚热**），主治热病津伤口干烦渴、胃阴不足干呕、阴虚虚热及目暗不明。**详解**：胃阴不足配沙参、麦冬；阴虚虚热配生地黄、地骨皮；目暗不明配枸杞子、菊花（石斛夜光丸）。**鲜用滋阴力佳**；虚而无热者慎用。,,
q050,更年期潮热汗出，心烦失眠，如何调理？,case,shanghan_278,伤寒论,辨太阴病脉证并治,系在太阴脾家实腐秽去（第278条）,伤寒脉浮而缓，手足自温者，系在太阴。太阴当发身黄；若小便自利者，不能发黄。至七八日，虽暴烦，下利日十余行，必自止，以脾家实，腐秽去故也。,脉浮缓、手足自温，为邪系太阴而非少阴。太阴湿郁可发身黄；若小便自利则湿有出路，不发黄。七八日后暴烦、下利日十余行，乃脾阳恢复、驱腐秽下行，利必自止，为向愈之兆。,,
q050,更年期潮热汗出，心烦失眠，如何调理？,case,suwen_069,黄帝内经素问,气交变大论篇六十九,气交变大论篇六十九,黄帝问曰：五运更治，上应天期，阴阳往复，寒暑迎随，真邪相薄，内外分离，六经波荡，五气倾移，太过不及，专胜兼并，愿言其始，而有常名，可得闻乎？ 岐伯稽首再拜对曰：昭乎哉问也！是明道也！此上帝所贵，先师传之，臣虽不敏，往闻其旨。 帝曰：余闻：“得其人不教，是谓失道，传非其人，慢泄天宝。”余诚菲德，未足以受至道，然而众子哀其…,本篇论岁运太过不及之变民病与星应。本于天地方位人事，太过先天不及后天。次述岁木太过风气流行脾土受邪，民病飧泄食减体重；岁火太过炎暑流行肺金受邪，病疟少气咳喘血溢血泄；岁土太过雨湿流行肾受邪，腹痛体重；岁金太过燥气流行肝受邪，胁痛目赤；岁水太过寒气流行害心火。各列变象民病所绝之脉与上应星辰。末论善言天者必验于人，上知天文…,,
q050,更年期潮热汗出，心烦失眠，如何调理？,case,suwen_001,黄帝内经素问,上古天真论篇第一,上古天真论篇第一,昔在黄帝，生而神灵，弱而能言，幼而徇齐，长而敦敏，成而登天。乃问于天师曰：余闻上古之人，春秋皆度百岁，而动作不衰；今时之人，年半百而动作皆衰者，时世异耶？人将失之耶？岐伯对曰：上古之人，其知道者，法于阴阳，和于术数，食饮有节，起居有常，不妄作劳，故能形与神俱，而尽终其天年，度百岁乃去。今时之人不然也，以酒为浆，以妄为常…,本篇为《素问》首篇，论养生与天年。要点：上古知晓养生之道的人，效法阴阳消长、调和各类术数，饮食有节制、起居有规律、劳作不超常，故形神健全，享尽天年而活过百岁；今时之人以酒为浆、纵欲耗精、起居无节，故半百即衰。核心在「法于阴阳，和于术数，食饮有节，起居有常，不妄作劳」——此为中医养生总纲。,,
q050,更年期潮热汗出，心烦失眠，如何调理？,case,wennv_001,中医诊断学,四诊,问妇女（经·带·胎·产）,妇女有经、带、胎、产之异，问诊须加问月经周期、量色质、带下、妊娠与产后情况。教材归纳：月经辨气血寒热，带下辨湿浊虚实，胎产察冲任损益。,月经：周期提前、量多色红多血热或气虚；周期延后、量少色淡多血虚或寒凝；经色紫黑有块多血瘀；经前或经期小腹刺痛拒按多气滞血瘀；经后小腹隐痛喜按多气血两虚。经行不畅、乳房胀痛多肝郁气滞。闭经与崩漏须详询诱因与病程。带下：带下色白量多清稀多脾虚或肾虚；带下色黄黏稠臭秽多湿热下注；赤白带下多肝经郁热或湿毒。妊娠：停经伴嗜酸择食…,,
q050,更年期潮热汗出，心烦失眠，如何调理？,case,shanghan_008,伤寒论,辨太阳病脉证并治上,发于阳发于阴与愈期（第8条）,病有发热恶寒者，发于阳也；无热恶寒者，发于阴也。发于阳者七日愈，发于阴者六日愈，以阳数七，阴数六故也。,本条辨病发阴阳及愈期。发热恶寒者为发于阳，无热恶寒者为发于阴。发于阳者七日愈，发于阴者六日愈，以阳数七、阴数六故。示人以阴阳分类判断预后，为六经辨证之总纲。,,
q050,更年期潮热汗出，心烦失眠，如何调理？,case,jingjianqichuxue_001,《中医妇科学》规划教材（要点归纳）,妇科,经间期出血·氤氲期周期性少量出血,经间期出血是指氤氲期（排卵期）出现周期性少量阴道出血者。病因多为肾阴虚、湿热或血瘀，致氤氲期阳气内动、阴络易伤。辨证分肾阴虚、湿热、血瘀等型。,经间期出血多发生于月经中期，量少、持续短。肾阴虚者治宜滋肾养阴；湿热者清利湿热；血瘀者化瘀止血。反复发作者须排除宫颈病变、息肉等。教材要点归纳，供参考；具体诊疗请遵医嘱。,,
q050,更年期潮热汗出，心烦失眠，如何调理？,case,panganshi_001,中医各家学说,医家,庞安时·著伤寒总病论倡寒温分治,"据《伤寒总病论》：""伤寒之病，本于冬月感寒，至春变为温病，至夏变为暑病""；又论温病、寒湿、天行时气之别，主张分寒温、察时气以施治，并注重将息、养生与食治。",庞安时，字安常，北宋蕲州蕲水（今湖北浠水）人，约生于庆历、卒于元符间（约1042—1099年），出身世医，自幼聪慧，折节读书，融会《内经》《难经》《伤寒论》而不泥古，与苏轼、黄庭坚等交游，行医江淮间，活人甚众，晚年以目疾致仕。他精研《伤寒论》，以数十年体会，于元符三年（1100年）撰成《伤寒总病论》六卷（原名《伤寒总病…,,
q050,更年期潮热汗出，心烦失眠，如何调理？,case,yuejinghouqi_001,《中医妇科学》规划教材（要点归纳）,妇科,月经后期·月经延后七天以上,"月经后期是指月经周期延后七天以上，甚至四五十日一行，连续两个周期以上者，又称""月经延后""""经迟""。病因多为精血不足或邪气阻滞、冲任不畅；辨证分肾虚、血虚、血寒、气滞、痰湿等型。",月经后期辨证分虚实：虚者经色淡、质稀、量少，治宜补血温肾；实者经色黯、有块、小腹胀，治宜理气散寒。育龄期月经延后须排除妊娠。教材要点归纳，供参考；具体诊疗请遵医嘱。,,
q050,更年期潮热汗出，心烦失眠，如何调理？,case,lingshu_064,灵枢经,阴阳二十五人篇六十四,阴阳二十五人篇六十四,黄帝曰：余闻阴阳之人何如？伯高曰：“天地之间，六合之内，不离于五，人亦应之。故五五二十五人之政，而阴阳之人不与焉。其态又不合于众者五。”余已知之矣。愿闻二十五人之形，血气之所生，别而以候，从外知内，何如？ 岐伯曰：悉乎哉问也！此先师之秘也，虽伯高犹不能明之也。 黄帝避席遵循而却曰：余闻之，得其人弗教，是谓重失；得而泄之…,本篇按五行将人分为二十五型，述其形态、肤色、性格及对四时的耐受性。木形苍色小头长面，火形赤色广䏖锐面，土形黄色圆面大头，金形方面白色，水形黑色面不平；各能春夏或能秋冬。又论年忌：七、十六、二十五、三十四、四十三、五十二、六十一皆大忌。详述十二经脉上下气血盛衰在面部毛髭眉须等外候。刺法当审形气有余不足，导气令和。,,
q050,更年期潮热汗出，心烦失眠，如何调理？,case,yipingweiqi_001,《中医基础理论》规划教材（要点归纳）,治则治法,以平为期·治疗以恢复阴阳相对平衡为度,"""以平为期""，指治疗的最终目标是调整机体阴阳的偏盛偏衰，使之恢复相对平衡协调的状态。它强调治疗不是一味攻邪或补益，而是以恢复""中和""为度，中病即止，不可过剂伤正。","""以平为期""是中医治疗的总目标：把失调的阴阳调回平衡即止，不可过度攻伐。它与""中病即止""""大毒治病十去其六""等原则一致，体现中医以恢复机体自稳、而非对抗病灶为目标的思路。学习时应与调整阴阳、治则总纲联系理解。",,
q050,更年期潮热汗出，心烦失眠，如何调理？,case,chaoyuanfang_001,中医各家学说,医家,巢元方·奉敕撰诸病源候论开创病因证候学,"据《诸病源候论》（《巢氏病源》）：是书分六十七门、一千七百三十九候，""会粹群说，沈研精理，形脉之证，罔不该集""，论病源、病机、证候而不载方药，每候之末多附导引法。",巢元方，隋代医家，炀帝大业年间任太医博士（一说太医令），奉敕主持与诸医共撰《诸病源候论》（亦称《巢氏病源》）五十卷。该书成于大业六年（610年），分述内、外、妇、儿、五官、皮肤等各科病证一千七百余候，详于病源、病机与证候表现，而不载方药，于每候之末附以导引养身之法。它是我国现存最早的病因病机证候学专著，上承《内经》《难…,,
q050,更年期潮热汗出，心烦失眠，如何调理？,case,yuejingxianqi_001,《中医妇科学》规划教材（要点归纳）,妇科,月经先期·月经提前七天以上,"月经先期是指月经周期提前七天以上，甚至十余日一行，连续两个周期以上者，又称""月经赶前""""经早""。病因多为气虚统摄无权或热扰冲任迫血妄行；辨证分气虚、阳盛血热、阴虚血热、肝郁化热等型。",月经先期辨证分虚实：气虚者经色淡、质稀、量多，治宜补气摄血；血热者经色红或紫、质稠，治宜清热凉血。经量骤增、淋漓不止者须就医。教材要点归纳，供参考；具体诊疗请遵医嘱。,,
q050,更年期潮热汗出，心烦失眠，如何调理？,case,yuejingguoshao_001,《中医妇科学》规划教材（要点归纳）,妇科,月经过少·经量明显少于正常,月经过少是指月经量明显少于正常（不足 30ml），或经行时间不足两天，而周期基本正常者。病因多为精血亏少或瘀阻冲任血行不畅；辨证分肾虚、血虚、血瘀、痰湿等型。,月经过少辨证分虚实：虚者补肾养血，实者化瘀或化痰。育龄期经量进行性减少须排除宫腔粘连、卵巢功能减退等，宜就医。教材要点归纳，供参考；具体诊疗请遵医嘱。,,
q050,更年期潮热汗出，心烦失眠，如何调理？,case,nanjing_007,难经,第七难,第七难,曰：经言少阳之至，乍大乍小，乍短乍长；阳明之至，浮大而短；太阳之至，洪大而长；少阴之至，紧大而长；太阴之至，紧细而长；厥阴之至，沉短而紧。此六者，是平脉那？将病脉耶？  然：皆王脉也。  其气以何月，各王几日？  然：冬至之后，初得甲子少阳王，复得甲子阳明王，复得甲子太阳王，复得甲子少阴王，复得甲子太阴王，复得甲子厥阴…,本难论六经四时王脉。冬至后甲子起少阳王，历阳明、太阳、少阴、太阴至厥阴，各王六十日，共三百六十日，皆平脉而非病脉。,,
q050,更年期潮热汗出，心烦失眠，如何调理？,case,shanghan_130,伤寒论,辨太阳病脉证并治中,太阳病（第130条）,太阳病，小便利者，以饮水多，必心下悸。小便少者，必苦里急也。,本条论述太阳病之脉证。症见心下悸。当审其表里寒热、虚实传变而施治。,,
q050,更年期潮热汗出，心烦失眠，如何调理？,case,shanghan_004,伤寒论,辨太阳病脉证并治上,辨太阳病传与不传（第4条）,伤寒一日，太阳受之，脉若静者为不传；颇欲吐，若躁烦，脉数急者，为传也。,本条辨太阳病传变。伤寒一日太阳受之，脉若安静不躁，知邪不传；若颇欲吐、躁烦、脉数急，为邪气化热传变之候。脉静与躁烦、脉数急对举，示人以脉证合参判断病情传变，不可拘于日数。,,
q050,更年期潮热汗出，心烦失眠，如何调理？,case,suwen_016,黄帝内经素问,诊要经终论篇第十六,诊要经终论篇第十六,黄帝问曰：诊要何如。岐伯对曰：正月二月，天气始方，地气始发，人气在肝。三月四月，天气正方，地气定发，人气在脾（按《太素》为心）。五月六月，天气盛，地气高，人气在头（按《太素》为脾）。七月八月，阴气始杀，人气在肺（按《太素》为胃）。九月十月，阴气始冰，地气始闭，人气在心（按《太素》为肺）。十一月十二月，冰复，地气合，人气…,本篇论诊要、四时刺法及十二经脉终证。按十二月人气所在，分春秋冬夏所刺之分与俞，误刺则各生其病。刺胸腹必避五脏，中脏有死期。又详载太阳、少阳、阳明、少阴、太阴、厥阴十二经终绝之证：太阳戴眼反折瘛疭、少阳耳聋百节纵、阳明口目动作、少阴面黑齿长、太阴腹胀闭不得息、厥阴舌卷卵缩，为判死之候。,,
q050,更年期潮热汗出，心烦失眠，如何调理？,case,shanghan_133,伤寒论,辨太阳病脉证并治下,藏结无阳证（第133条）,藏结无阳证，不往来寒热（一云寒而不热），其人反静，舌上胎滑者，不可攻也。,本条论述太阳病之脉证。症见往来寒热。当审其表里寒热、虚实传变而施治。,,
