query_id,query,query_form,candidate_id,book,chapter,section_title,原文片段,白话片段,relevance,notes
q028,胸痹,classical,gualouxiebai_001,《方剂学》规划教材（要点归纳）,理气剂,瓜蒌薤白白酒汤·通阳散结行气祛痰治胸痹,"传统方歌：""瓜蒌薤白白酒汤，胸痹胸闷痛难当，喘息短气时咳唾，难医尤当此方尝。""（《金匮要略》方，据教材要点归纳：瓜蒌实、薤白、白酒，各约常用量，水煎服。）",瓜蒌薤白白酒汤为通阳散结、行气祛痰代表方，主治胸痹（胸阳不振、痰阻气滞），症见胸中闷痛、甚至胸痛彻背、喘息咳唾、短气、苔白腻、脉沉弦或紧。功能通阳散结、行气祛痰，为《金匮》治胸痹基础方。使用注意：本方偏温通，痰浊化热、阴虚阳亢之胸痹心痛非宜；胸痛剧烈、真心痛当结合现代医学急治。本方为要点归纳，供参考；具体用药请遵医嘱。,,
q028,胸痹,classical,zhishixiebaiguizhi_001,《方剂学》规划教材（要点归纳）,理气剂,枳实薤白桂枝汤·通阳散结祛痰下气治胸痹气结,"传统方歌：""枳实薤白桂枝汤，厚朴瓜蒌合成方，通阳理气又散结，胸痹心痛皆可尝。""（《金匮要略》方，据教材要点归纳：枳实、厚朴、薤白、桂枝、瓜蒌实，各约常用量，水煎服。）",枳实薤白桂枝汤为通阳散结、祛痰下气代表方，主治胸痹气结在胸证，症见胸满而痛、心中痞气、气结在胸、胁下逆抢心、苔白腻、脉沉弦或紧。功能通阳散结、祛痰下气，较瓜蒌薤白白酒汤降气除痞之力为胜，适用于胸痹兼气结较甚者。使用注意：本方偏温通，痰热瘀阻、阴虚阳亢者非宜；真心痛当结合现代医学急治。本方为要点归纳，供参考；具体用药请遵…,,
q028,胸痹,classical,xiongbi_001,中医内科学,心系病证,胸痹,《金匮要略·胸痹心痛短气病脉证治》：「胸痹之病，喘息咳唾，胸背痛，短气……瓜蒌薤白白酒汤主之。」又提出「阳微阴弦」病机纲领。（据规划教材《中医内科学·心系病证·胸痹》归纳）,胸痹以胸部闷痛、甚则胸痛彻背、短气、喘息不得卧为主症，病位在心，涉肝、脾、肾，病机为本虚标实——本虚为气、血、阴、阳亏虚，心脉失养；标实为血瘀、痰浊、气滞、寒凝，痹阻心脉。辨证首辨标本虚实之主次。常见证治——心血瘀阻（血府逐瘀汤活血化瘀）、气滞心胸（柴胡疏肝散疏肝理气）、痰浊闭阻（瓜蒌薤白半夏汤合涤痰汤通阳泄浊）、寒凝…,,
q028,胸痹,classical,snb_danshen_001,神农本草经,上经,丹参,丹参，味苦，微寒。主心腹邪气，肠鸣幽幽如走水，寒热积聚，破癥除瘕，止烦满，益气。一名郄蝉草。生川谷。,丹参苦微寒，活血祛瘀、通经止痛、清心除烦、凉血消痈，主治胸痹心痛、月经不调、癥瘕积聚、心烦不眠及疮疡肿痛。反藜芦。,,
q028,胸痹,classical,xiongbi_002,中医临床诊疗指南/专家共识（要点归纳）,现代中医,胸痹心痛·辨证论治要点,据现行中医内科常见病诊疗指南：胸痹以心脉痹阻不通为基本病机，辨证常见心血瘀阻、气滞心胸、痰浊闭阻、气阴两虚等型，治以活血化瘀、通脉止痛为总则，随证佐以行气、化痰、益气养阴。（要点归纳，非原文照录。）,胸痹以胸部闷痛、甚则胸痛彻背、气短喘息不得卧为主症，指南要点：辨证分心血瘀阻（治宜活血化瘀、通脉止痛）、气滞心胸（疏肝理气）、痰浊闭阻（通阳泄浊、豁痰开结）、气阴两虚（益气养阴、活血通脉）等型。本病病情多变，剧烈胸痛、持续不缓解者须紧急西医救治，配合调情志、节饮食、忌劳累、戒烟限酒等调护。本条目为要点归纳，供参考；具体…,,
q028,胸痹,classical,yinxingyepian_001,《中国药典》一部/药品说明书（要点归纳）,理血/止咳/中成药,银杏叶片·活血化瘀通络,据现行版《中国药典》一部与药品说明书要点归纳：本品为银杏叶提取物制成的片剂，具活血化瘀通络之功，用于瘀血阻络引起的胸痹心痛、中风、半身不遂、舌强语謇；冠心病稳定型心绞痛、脑梗塞见上述证候者。用法用量按说明书口服。,银杏叶片为活血化瘀通络类中成药，用于瘀血阻络之胸痹心痛、中风半身不遂。有出血倾向、正在使用抗凝或抗血小板药物者应在医师指导下使用，孕妇慎用。胸痛剧烈、突发肢体无力或言语不清者为急症，应立即就医。本条目为中成药，请按说明书或在医师指导下使用。,,
q028,胸痹,classical,guangzao_001,中国药典（2025年版）一部,补虚药,广枣,据《中国药典》2025 年版一部：广枣为漆树科植物南酸枣 Choerospondias axillaris (Roxb.) Burtt et Hill 的干燥成熟果实（药用部位：成熟果实）。性味甘、酸，平；归心、肝经。功能与主治：行气活血，养心安神；用于气滞血瘀，胸痹作痛，心悸气短，心神不宁。用法与用量：1.5～2.5…,**简明**：广枣甘酸平，行气活血而养心安神，为蒙药治胸痹心痛、心神不宁的常用药。。**详解**：胸痹心痛配丹参、川芎；心悸气短配黄芪、党参；心神不宁、失眠配酸枣仁、远志。,,
q028,胸痹,classical,yinxingye_001,中国药典（2025年版）一部,活血化瘀药,银杏叶,据《中国药典》2025 年版一部：银杏叶为银杏科植物银杏 Ginkgo biloba L. 的干燥叶（药用部位：叶）。性味甘、苦、涩，平；归心、肺经。功能与主治：活血化瘀，通络止痛；用于胸痹心痛，中风偏瘫，高脂血症。用法与用量：9～12g。贮藏：置通风干燥处。,**简明**：银杏叶甘苦涩平，活血化瘀而通络止痛，现代广泛用于心脑血管疾病的防治。。**详解**：胸痹心痛配丹参、川芎、赤芍；中风偏瘫配黄芪、地龙；高脂血症配山楂、决明子。现代多制成银杏叶片、胶囊等制剂服用。**不宜长期超量服用**，有出血倾向者慎用。,,
q028,胸痹,classical,fufangdancandiwan_001,《中国药典》一部/药品说明书（要点归纳）,理血/止咳/中成药,复方丹参滴丸·活血化瘀理气止痛,据现行版《中国药典》一部与药品说明书要点归纳：本品由丹参、三七、冰片组成，具活血化瘀、理气止痛之功，用于气滞血瘀所致胸痹，症见胸闷、心前区刺痛；冠心病心绞痛见上述证候者。用法用量按说明书舌下含服或吞服。,复方丹参滴丸为活血化瘀、理气止痛类处方药，用于气滞血瘀之胸闷、心前区刺痛、冠心病心绞痛。孕妇慎用，出血倾向者慎用；心绞痛持续发作或剧烈胸痛应立即就医。本条目为中成药，请按说明书或在医师指导下使用。,,
q028,胸痹,classical,shanzhaye_001,中国药典（2025年版）一部,消食药,山楂叶,据《中国药典》2025 年版一部：山楂叶为蔷薇科植物山里红 Crataegus pinnatifida Bge. var. major N. E. Br. 或山楂 Crataegus pinnatifida Bge. 的干燥叶（药用部位：叶）。性味酸，平；归肝、心经。功能与主治：活血化瘀，理气通脉，化浊降脂；用于气滞血…,**简明**：山楂叶酸平，活血化瘀而理气通脉、化浊降脂，为治胸痹心痛与高脂血症的常用药。。**详解**：胸痹心痛配丹参、川芎；胸闷憋气配瓜蒌、薤白；高脂血症配决明子、荷叶。,,
q028,胸痹,classical,snb_xiebai_001,神农本草经,中经,薤白,薤，味辛苦，温。主金创疮败，轻身不饥，耐老。,薤白辛苦温，通阳散结、行气导滞，主治胸痹心痛彻背、痰饮咳嗽及泻痢里急后重。本经主金创疮败，后世多用于胸痹气滞之要药，取其辛通苦降、温通散结之功。,,
q028,胸痹,classical,dengzhanxixin_001,中国药典（2025年版）一部,活血化瘀药,灯盏细辛,据《中国药典》2025 年版一部：灯盏细辛为菊科植物短葶飞蓬 Erigeron breviscapus (Vant.) Hand.-Mazz. 的干燥全草（药用部位：全草）。性味辛、微苦，温；归心、肝经。功能与主治：活血通络，止痛；用于中风偏瘫，胸痹心痛，风湿痹痛，跌打损伤。用法与用量：9～15g。外用适量。贮藏：置干…,**简明**：灯盏细辛辛微苦温，活血通络而止痛，为治中风偏瘫、胸痹的常用药，云南灯盏花系列制剂主药。。**详解**：中风偏瘫配黄芪、地龙、川芎；胸痹心痛配丹参、赤芍、郁金；风湿痹痛配威灵仙、独活；跌打损伤配三七。阴虚火旺者慎用。,,
q028,胸痹,classical,sanleng_001,中国药典（2025年版）一部,活血化瘀药,三棱,据《中国药典》2025 年版一部：三棱为黑三棱科植物黑三棱 Sparganium stoloniferum Buch.-Ham. 的干燥块茎（药用部位：块茎）。性味辛、苦，平；归肝、脾经。功能与主治：破血行气，消积止痛；用于癥瘕痞块，痛经，瘀血经闭，胸痹心痛，食积胀痛。用法与用量：5～10g。注意：孕妇禁用。贮藏：置通…,**简明**：三棱辛苦平，破血行气、消积止痛，**破血之力峻于莪术**，主治癥瘕痞块、瘀血经闭、胸痹心痛及食积胀痛。**详解**：癥瘕配莪术、丹参；经闭痛经配当归、红花；食积胀痛配青皮、麦芽。**孕妇禁用**，月经过多者忌用。,,
q028,胸痹,classical,snb_zhishi_001,神农本草经,中经,枳实,枳实，味，寒。主大风在皮肤中，如麻豆苦痒，除寒热结，止利，长肌肉，利五脏，益气轻身。,枳实苦辛微寒，破气消积、化痰散痞，主治积滞内停、痞满胀痛、泻痢后重、大便不通及痰滞气阻胸痹。本经主皮肤如麻豆苦痒、除寒热结，取其破气消痞、推陈致新之功。,,
q028,胸痹,classical,hongjingtian_001,中国药典（2025年版）一部,补虚药,红景天,据《中国药典》2025 年版一部：红景天为景天科植物大花红景天 Rhodiola crenulata (Hook. f. et Thoms.) H. Ohba 的干燥根和根茎（药用部位：根和根茎）。性味甘、苦，平；归肺、心经。功能与主治：益气活血，通脉平喘；用于气虚血瘀，胸痹心痛，中风偏瘫，倦怠气喘。用法与用量：3～6…,**简明**：红景天甘苦平，益气活血、通脉平喘（**补气兼活血、抗缺氧**），主治气虚血瘀之胸痹心痛、中风偏瘫及倦怠气喘。**详解**：胸痹配丹参、黄芪；气虚乏力配党参、黄芪。可泡水代茶。,,
q028,胸痹,classical,shexiangbaoxinwan_001,《中国药典》一部/药品说明书（要点归纳）,理血/止咳/中成药,麝香保心丸·芳香温通益气强心,据现行版《中国药典》一部与药品说明书要点归纳：本品由麝香、人参、牛黄、肉桂、苏合香、蟾酥、冰片组成，具芳香温通、益气强心之功，用于气滞血瘀所致胸痹，症见心前区疼痛、固定不移；心肌缺血所致心绞痛、心肌梗死见上述证候者。用法用量按说明书口服或舌下含服。,麝香保心丸为芳香温通、益气强心类处方药，用于气滞血瘀之胸痹心绞痛。本品含麝香、蟾酥，孕妇禁用；运动员慎用；心绞痛持续发作应立即就医。本条目为中成药，请按说明书或在医师指导下使用。,,
q028,胸痹,classical,tanxiang_001,中国药典（2025年版）一部,理气药,檀香,据《中国药典》2025 年版一部：檀香为檀香科植物檀香 Santalum album L. 的干燥心材（药用部位：心材）。性味辛，温；归脾、胃、心、肺经。功能与主治：行气温中，开胃止痛；用于寒凝气滞，胸膈不舒，胸痹心痛，脘腹疼痛，呕吐食少。用法与用量：2～5g，后下。贮藏：置阴凉干燥处。  **【古注】】 《本草纲目》…,**简明**：檀香辛温，行气温中、开胃止痛，主治寒凝气滞之胸痹心痛、脘腹冷痛、呕吐食少。**详解**：胸痹心痛配丹参、砂仁（丹参饮）；寒凝胃痛配沉香、香附。含挥发油，**后下**；阴虚火旺者慎用。,,
q028,胸痹,classical,jianghuang_001,中国药典（2025年版）一部,活血化瘀药,姜黄,据《中国药典》2025 年版一部：姜黄为姜科植物姜黄 Curcuma longa L. 的干燥根茎（药用部位：根茎）。性味辛、苦，温；归脾、肝经。功能与主治：破血行气，通经止痛；用于胸胁刺痛，胸痹心痛，痛经经闭，癥瘕，跌扑肿痛，风湿肩臂疼痛。用法与用量：3～10g。外用适量。注意：孕妇慎用。贮藏：置阴凉干燥处。,**简明**：姜黄辛苦温，破血行气、通经止痛，尤善治**风湿肩臂疼痛**（横行肢节），兼治胸胁刺痛、痛经经闭、癥瘕。**详解**：肩臂痹痛配羌活、防风（蠲痹汤）；胸胁刺痛配柴胡、郁金；痛经配当归、香附。孕妇慎用，血虚无瘀者忌用。,,
q028,胸痹,classical,biba_001,中国药典（2025年版）一部,温里药,荜茇,据《中国药典》2025 年版一部：荜茇为胡椒科植物荜茇 Piper longum L. 的干燥近成熟或成熟果穗（药用部位：果穗）。性味辛，热；归胃、大肠经。功能与主治：温中散寒，下气止痛；用于脘腹冷痛，呕吐，泄泻，寒凝气滞，胸痹心痛，头痛，牙痛。用法与用量：1.5～3g。外用适量，研末塞龋齿孔中。贮藏：置阴凉干燥处，防…,**简明**：荜茇辛热，温中散寒、下气止痛，主治胃寒脘腹冷痛、呕吐泄泻及胸痹牙痛（外用塞龋齿孔）。**详解**：胃寒吐泻配高良姜、干姜；寒凝胸痛配延胡索、檀香；牙痛研末外用。实热郁火者忌用。,,
q028,胸痹,classical,jingui_009,金匮要略,胸痹心痛短气病脉证治第九,胸痹心痛短气病脉证治第九,（论一首 证一首 方十首） 师曰：夫脉当取太过不及，阳微阴弦，即胸痹而痛，所以然者，责其极虚也。今阳虚知在上焦，所以胸痹、心痛者，以其阴弦故也。 平人无寒热，短气不足以息者，实也。 胸痹之病，喘息咳唾，胸背痛，短气，寸口脉沉而迟，关上小紧数，栝蒌薤白白酒汤主之。 栝蒌薤白白酒汤方 栝蒌实一枚（捣） 薤白半斤 白酒七升 …,本篇论胸痹、心痛、短气。病机为阳微阴弦、上焦阳虚阴寒乘之，主以栝蒌薤白白酒汤通阳宣痹；心痛彻背偏寒盛者用乌头赤石脂丸；短气分饮阻（茯苓杏仁甘草汤）与气滞（橘枳姜汤）两型。,,
q028,胸痹,classical,gualoupi_001,中国药典（2025年版）一部,化痰止咳平喘药,瓜蒌皮,据《中国药典》2025 年版一部：瓜蒌皮为葫芦科植物栝楼 Trichosanthes kirilowii Maxim. 或双边栝楼 Trichosanthes rosthornii Harms 的干燥成熟果皮（药用部位：成熟果皮）。性味甘，寒；归肺、胃经。功能与主治：清热化痰，利气宽胸；用于痰热咳嗽，胸闷胁痛。用法与用…,**简明**：瓜蒌皮甘寒，清热化痰而利气宽胸，为治痰热咳嗽、胸痹胁痛的常用药。。**详解**：痰热咳嗽配黄芩、桑白皮；胸痹胸闷配薤白、半夏（瓜蒌薤白半夏汤）；胁痛配柴胡、郁金。**反乌头（十八反）**。,,
q028,胸痹,classical,xuefuzhuyujiaonang_001,《中国药典》一部/药品说明书（要点归纳）,理血/止咳/中成药,血府逐瘀胶囊·活血祛瘀行气止痛,据现行版《中国药典》一部与药品说明书要点归纳：本品由桃仁、红花、当归、生地黄、川芎、赤芍、牛膝、桔梗、柴胡、枳壳、甘草等组成，具活血祛瘀、行气止痛之功，用于气滞血瘀所致胸痛头痛、痛如针刺。用法用量按说明书。,血府逐瘀胶囊为活血化瘀类处方药，用于气滞血瘀之胸痹头痛。孕妇禁用；有出血倾向者慎用；胸痛剧烈者应先排查心血管急症。本条目为中成药，请按说明书或在医师指导下使用。,,
q028,胸痹,classical,shaji_001,中国药典（2025年版）一部,补虚药,沙棘,据《中国药典》2025 年版一部：沙棘为胡颓子科植物沙棘 Hippophae rhamnoides L. 的干燥成熟果实（药用部位：成熟果实）。性味酸、涩，温；归脾、胃、肺、心经。功能与主治：健脾消食，止咳祛痰，活血散瘀；用于脾虚食少，食积腹痛，咳嗽痰多，胸痹心痛，瘀血经闭，跌扑瘀肿。用法与用量：3～10g。贮藏：置通…,**简明**：沙棘酸涩温，健脾消食而止咳祛痰、活血散瘀，为蒙藏药治食积咳嗽与瘀血的常用药。。**详解**：脾虚食少、食积腹痛配山楂、麦芽；咳嗽痰多配甘草、桔梗；瘀血经闭、跌扑瘀肿配当归、川芎。,,
q028,胸痹,classical,jiangxiang_001,中国药典（2025年版）一部,止血药,降香,据《中国药典》2025 年版一部：降香为豆科植物降香檀 Dalbergia odorifera T. Chen 树干和根的干燥心材（药用部位：心材）。性味辛，温；归肝、脾经。功能与主治：化瘀止血，理气止痛；用于吐血，衄血，外伤出血，肝郁胁痛，胸痹刺痛，跌扑伤痛。用法与用量：9～15g，后下。外用适量，研细末敷患处。贮藏…,**简明**：降香辛温，化瘀止血、理气止痛，主治瘀血出血、肝郁胁痛、胸痹刺痛及跌扑伤痛。**详解**：胸痹刺痛配丹参、砂仁（丹参饮）；胁痛配郁金、香附；外伤出血研末外敷。**含挥发油宜后下**；阴虚火旺、血热妄行者忌用。,,
q028,胸痹,classical,gegen_001,中国药典（2025年版）一部,解表药,葛根,据《中国药典》2025 年版一部：葛根为豆科植物野葛 Pueraria lobata (Willd.) Ohwi 的干燥根（药用部位：根）。性味甘、辛，凉；归脾、胃、肺经。功能与主治：解肌退热，生津止渴，透疹，升阳止泻，通经活络，解酒毒；用于外感发热头痛，项背强痛，口渴，消渴，麻疹不透，热痢，泄泻，眩晕头痛，中风偏瘫，…,**简明**：葛根甘辛凉，解肌退热、生津止渴、升阳止泻、通经活络，为治**项背强痛**要药，兼解酒毒。**详解**：外感项背强痛配麻黄、桂枝（葛根汤）或配柴胡、黄芩；热痢泄泻配黄芩、黄连（葛根芩连汤）；消渴口渴配天花粉、麦冬；高血压颈项强痛配天麻、钩藤。煨用升阳止泻力增。,,
q028,胸痹,classical,naoxintongjiaonang_001,《中国药典》一部/药品说明书（要点归纳）,理血/止咳/中成药,脑心通胶囊·益气活血化瘀通络,据现行版《中国药典》一部与药品说明书要点归纳：本品由黄芪、赤芍、丹参、当归、川芎、桃仁、红花、乳香（制）、没药（制）、鸡血藤、桂枝、全蝎、地龙、水蛭、牛膝等组成，具益气活血、化瘀通络之功，用于气虚血滞、脉络瘀阻所致中风中经络，症见半身不遂、肢体麻木、口眼歪斜、舌强语謇，及胸痹心痛、胸闷心悸；脑梗塞、冠心病心绞痛属上述证…,脑心通胶囊为益气活血、化瘀通络类处方药，用于气虚血瘀之中风中经络及胸痹。方含水蛭、红花等活血破瘀之品，孕妇禁用，有出血倾向、活动性出血者慎用；应在医师指导下使用。突发肢体无力、言语不清、胸痛剧烈者为急症，应立即就医。本条目为中成药，请按说明书或在医师指导下使用。,,
q028,胸痹,classical,honghua_001,中国药典（2025年版）一部,活血化瘀药,红花,据《中国药典》2025 年版一部：红花为菊科植物红花 Carthamus tinctorius L. 的干燥花（药用部位：花）。性味辛，温；归心、肝经。功能与主治：活血通经，散瘀止痛；用于经闭，痛经，恶露不行，癥瘕痞块，胸痹心痛，瘀滞腹痛，胸胁刺痛，跌扑损伤，疮疡肿痛。用法与用量：3～10g。注意：孕妇慎用；有出血倾向…,**简明**：红花辛温，活血通经、散瘀止痛，为治**血瘀经闭、痛经、产后恶露**之要药（少用养血、多用破血）。**详解**：血瘀经闭痛经配桃仁、当归（桃红四物汤）；胸痹刺痛配丹参、川芎（血府逐瘀汤）；跌打瘀肿配乳香、没药。孕妇及有出血倾向者慎用。,,
q028,胸痹,classical,zhiqiao_001,中国药典（2025年版）一部,理气药,枳壳,据《中国药典》2025 年版一部：枳壳为芸香科植物酸橙 Citrus aurantium L. 及其栽培变种的干燥未成熟果实（药用部位：未成熟果实）。性味苦、辛、酸，微寒；归脾、胃经。功能与主治：理气宽中，行滞消胀；用于胸胁气滞，胀满疼痛，食积不化，痰饮内停，脏器下垂。用法与用量：3～10g。注意：孕妇慎用。贮藏：置阴…,**简明**：枳壳苦辛酸微寒，理气宽中、行滞消胀，**力缓于枳实**而偏宽胸理气，主治胸胁气滞胀满、食积痰停。**详解**：胸胁胀痛配香附、郁金；食积不化配山楂、莱菔子；胸痹配瓜蒌、薤白；脏器下垂配黄芪、升麻。孕妇慎用，气虚者忌用。,,
q028,胸痹,classical,suhexiang_001,中国药典（2025年版）一部,开窍药,苏合香,据《中国药典》2025 年版一部：苏合香为金缕梅科植物苏合香树 Liquidambar orientalis Mill. 的树干渗出的香树脂经加工精制而成（药用部位：香树脂）。性味辛，温；归心、脾经。功能与主治：开窍，辟秽，止痛；用于中风痰厥，猝然昏倒，胸痹心痛，胸腹冷痛，惊痫。用法与用量：0.3～1g，宜入丸散服。贮…,**简明**：苏合香辛温，开窍辟秽止痛（**温开寒闭**），主治中风痰厥猝然昏倒（寒闭）及胸痹心痛、胸腹冷痛。**详解**：寒闭神昏配麝香、丁香（苏合香丸）；寒凝胸痹配冰片、檀香（冠心苏合丸）。**入丸散（0.3～1g）**；热闭神昏及阴虚火旺者忌用。,,
q028,胸痹,classical,xiebai_001,中国药典（2025年版）一部,理气药,薤白,据《中国药典》2025 年版一部：薤白为百合科植物小根蒜 Allium macrostemon Bunge 或薤 Allium chinense G. Don 的干燥鳞茎（药用部位：鳞茎）。性味辛、苦，温；归心、肺、胃、大肠经。功能与主治：通阳散结，行气导滞；用于胸痹心痛，脘腹痞满胀痛，泻痢后重。用法与用量：5～10g…,**简明**：薤白辛苦温，通阳散结、行气导滞，为治**胸痹（痰浊阻胸）**之要药，兼治脘腹痞胀、泻痢后重。**详解**：胸痹心痛配瓜蒌、半夏（瓜蒌薤白半夏汤）或白酒（瓜蒌薤白白酒汤）；脘腹痞胀配枳实、厚朴；泻痢后重配木香、槟榔。气虚无滞者慎用。,,
q028,胸痹,classical,ezhu_001,中国药典（2025年版）一部,活血化瘀药,莪术,据《中国药典》2025 年版一部：莪术为姜科植物蓬莪术 Curcuma phaeocaulis Val.、广西莪术 Curcuma kwangsiensis S. G. Lee et C. F. Liang 或温郁金 Curcuma wenyujin Y. H. Chen et C. Ling 的干燥根茎（药用部位：根…,**简明**：莪术辛苦温，行气破血、消积止痛，与三棱**相须为用**（莪术偏破气、三棱偏破血），主治癥瘕痞块、瘀血经闭、食积胀痛。**详解**：癥瘕痞块配三棱、丹参；经闭配当归、川芎；食积胀痛配青皮、山楂。**孕妇禁用**，月经过多者慎用。,,
q028,胸痹,classical,bingpian_001,中国药典（2025年版）一部,开窍药,冰片,据《中国药典》2025 年版一部：冰片为龙脑香科植物龙脑香 Dryobalanops aromatica Gaertn. f. 树脂加工品或龙脑香树的树干、树枝切碎，经蒸馏冷却而得的结晶（合成龙脑）（药用部位：树脂加工品或合成品）。性味辛、苦，微寒；归心、脾、肺经。功能与主治：开窍醒神，清热止痛；用于热病神昏，惊厥，中…,**简明**：冰片辛苦微寒，开窍醒神、清热止痛（**清热开窍、外用消肿止痛**），主治热病神昏、胸痹心痛及目赤口疮咽痛、疮疡（外用）。**详解**：热闭神昏配麝香、牛黄（安宫牛黄丸）；咽喉口疮配硼砂、朱砂（冰硼散）；目赤肿痛研粉点眼。**入丸散（0.15～0.3g），不入煎剂**；孕妇慎用。,,
q028,胸痹,classical,shanzha_001,中国药典（2025年版）一部,消食药,山楂,据《中国药典》2025 年版一部：山楂为蔷薇科植物山里红 Crataegus pinnatifida Bge. var. major N. E. Br. 或山楂 Crataegus pinnatifida Bge. 的干燥成熟果实（药用部位：成熟果实）。性味酸、甘，微温；归脾、胃、肝经。功能与主治：消食健胃，行气散瘀，…,**简明**：山楂酸甘微温，消食健胃（善消**肉食积滞**）、行气散瘀、化浊降脂，主治肉积脘胀、泻痢腹痛、瘀血经闭及高脂血症。**详解**：肉食积滞配莱菔子、神曲（保和丸）；瘀血经闭配当归、川芎；胸痹高脂配丹参、决明子。生用活血化瘀，焦用消食导滞。胃酸过多、胃溃疡者慎用，孕妇忌多食。,,
q028,胸痹,classical,zhishi_001,中国药典（2025年版）一部,理气药,枳实,据《中国药典》2025 年版一部：枳实为芸香科植物酸橙 Citrus aurantium L. 及其栽培变种或甜橙 Citrus sinensis Osbeck 的干燥幼果（药用部位：幼果）。性味苦、辛、酸，微寒；归脾、胃经。功能与主治：破气消积，化痰散痞；用于积滞内停，痞满胀痛，泻痢后重，大便不通，痰滞气阻胸痹，结胸…,**简明**：枳实苦辛酸微寒，破气消积、化痰散痞，**破气力峻**，主治食积痞满、泻痢后重、便秘胸痹及脏器下垂。**详解**：实热便秘配大黄、厚朴（大承气汤）；湿热积滞配大黄、神曲（枳实导滞丸）；脾虚痞满配白术（枳术丸）；胃下垂配黄芪、升麻。孕妇慎用，气虚者忌用。,,
q028,胸痹,classical,zhejin_001,针灸学,足少阳胆经,辄筋,出《针灸甲乙经》。,辄筋定位在侧胸部，渊腋前1寸，平乳头，第4肋间隙中。主治胸满胁痛、气喘及呕吐吞酸。操作斜刺0.5～0.8寸；可灸。,,
q028,胸痹,classical,xiongxiang_001,针灸学,足太阴脾经,胸乡,出《针灸甲乙经》。,胸乡属足太阴脾经，定位在胸外侧部，当第3肋间隙，距前正中线6寸。主治胸胁胀痛。刺法：斜刺或向外平刺0.5～0.8寸；可灸。,,
q028,胸痹,classical,kufang_001,针灸学,足阳明胃经,库房,出《针灸甲乙经》。《针灸甲乙经》：库房，在气户下一寸六分陷者中。,库房定位在胸部，当第1肋间隙，前正中线旁开4寸。主治咳嗽、气喘、咳唾脓血、胸胁胀痛等胸肺病证。刺法：斜刺或平刺0.5~0.8寸。,,
q028,胸痹,classical,yingchuang_001,针灸学,足阳明胃经,膺窗,出《针灸甲乙经》。《针灸甲乙经》：膺窗，在屋翳下一寸六分。,膺窗定位在胸部，当第3肋间隙，前正中线旁开4寸。主治咳嗽、气喘、胸胁胀痛、乳痈等胸肺及乳房病证。刺法：斜刺或平刺0.5~0.8寸。,,
q028,胸痹,classical,yuanye_001,针灸学,足少阳胆经,渊腋,出《针灸甲乙经》。,渊腋定位在侧胸部，举臂，当腋中线上，腋下3寸，第4肋间隙中。主治胸满胁痛、腋下肿及臂痛不举。操作斜刺0.5～0.8寸，不可深刺；禁灸。,,
q028,胸痹,classical,bizheng_001,中医内科学,气血津液病证,痹证,"痹证是由于风、寒、湿、热等邪气闭阻经络，影响气血运行，导致肢体筋骨、关节、肌肉等处发生疼痛、重着、酸楚、麻木，或关节屈伸不利、僵硬、肿大、变形等症状的病证。《素问·痹论》：""风寒湿三气杂至，合而为痹也。其风气胜者为行痹，寒气胜者为痛痹，湿气胜者为着也。""又云：""以冬遇此者为骨痹，以春遇此者为筋痹。""教材以行、痛、着三痹…",痹证基本病机为邪气痹阻经络、气血运行不畅。辨证首辨风、寒、湿、热偏盛：关节酸痛游走不定为行痹（风盛）；疼痛剧烈、得温痛减为痛痹（寒盛）；肢体沉重酸痛、肌肤不仁为着痹（湿盛）；关节红肿灼热疼痛为热痹。久痹可致痰瘀痹阻、肝肾两虚。分证论治：行痹治以祛风通络、散寒除湿，方用防风汤；痛痹治以散寒通络、祛风除湿，方用乌头汤；着痹…,,
q028,胸痹,classical,wuyi_st_001,针灸学,足阳明胃经,屋翳,出《针灸甲乙经》。《针灸甲乙经》：屋翳，在库房下一寸六分。,屋翳定位在胸部，当第2肋间隙，前正中线旁开4寸。主治咳嗽、气喘、咳唾脓血、胸胁胀痛、乳痈等胸肺及乳房病证。刺法：斜刺或平刺0.5~0.8寸。,,
q028,胸痹,classical,zhongting_001,针灸学,任脉,中庭,出《针灸甲乙经》。,中庭属任脉，定位在胸部，前正中线上，平第5肋间，即胸剑结合部。主治心痛、噎膈、呕吐及小儿吐乳。刺法：平刺0.3～0.5寸；可灸。,,
q028,胸痹,classical,gualou_001,中国药典（2025年版）一部,化痰止咳平喘药,瓜蒌,据《中国药典》2025 年版一部：瓜蒌为葫芦科植物栝楼 Trichosanthes kirilowii Maxim. 或双边栝楼 Trichosanthes rosthornii Harms 的干燥成熟果实（药用部位：成熟果实）。性味甘、微苦，寒；归肺、胃、大肠经。功能与主治：清热涤痰，宽胸散结，润燥滑肠；用于肺热咳嗽…,**简明**：瓜蒌甘微苦寒，清热涤痰、宽胸散结、润燥滑肠，为治**痰热胸痹**要药，兼治肺热咳嗽、乳痈肺痈及肠燥便秘。**详解**：胸痹心痛配薤白、半夏（瓜蒌薤白白酒汤）；结胸配黄连、半夏（小陷胸汤）；燥痰配贝母（贝母瓜蒌散）。**反乌头、附子**；脾虚便溏、寒痰湿痰者忌用。,,
q028,胸痹,classical,renying_001,针灸学,足阳明胃经,人迎,出《针灸甲乙经》。《针灸甲乙经》：人迎，一名天五会，在颈大脉，动脉应手，挟结喉傍，仰而取之。,人迎为足阳明、少阳之会，定位在颈部，喉结旁，当胸锁乳突肌前缘，颈总动脉搏动处。主治咽喉肿痛、气喘、瘰疬、瘿气、高血压等颈胸病证。刺法：避开动脉，直刺0.3~0.8寸；不宜灸。,,
q028,胸痹,classical,qihu_001,针灸学,足阳明胃经,气户,出《针灸甲乙经》。《针灸甲乙经》：气户，在巨骨下，输府两傍各二寸陷者中。,气户定位在胸部，当锁骨中点下缘，前正中线旁开4寸。主治咳嗽、气喘、呃逆、胸胁胀满、胸痛等胸肺病证。刺法：斜刺或平刺0.5~0.8寸。,,
q028,胸痹,classical,yutang_001,针灸学,任脉,玉堂,出《针灸甲乙经》。,玉堂属任脉，定位在胸部，前正中线上，平第3肋间。主治胸痛胸闷、咳嗽气短及噎膈。刺法：平刺0.3～0.5寸；可灸。,,
q028,胸痹,classical,geguan_001,针灸学,足太阳膀胱经,膈关,出《针灸甲乙经》。,膈关定位在脊柱区，第7胸椎棘突下，后正中线旁开3寸，与膈俞平列，属足太阳膀胱经。长于和胃降逆、宽胸利膈，主治呕吐、嗳气、呃逆、噎膈、饮食不下及脊背强痛。刺法：斜刺0.5～0.8寸。,,
q028,胸痹,classical,yuzhong_001,针灸学,足少阴肾经,彧中,出《针灸甲乙经》。,彧中为足少阴肾经穴，定位在胸部，第1肋间隙，前正中线旁开2寸。主治咳嗽、气喘、痰壅，胸胁胀痛等胸肺病证。刺法：斜刺或平刺0.5～0.8寸；可灸。,,
q028,胸痹,classical,rugen_001,针灸学,足阳明胃经,乳根,出《针灸甲乙经》。《针灸甲乙经》：乳根，在乳下一寸六分陷者中。,乳根定位在胸部，当乳头直下，乳房根部，第5肋间隙，距前正中线4寸。主治咳嗽、气喘、呃逆、胸痛、乳痈、乳汁不足等胸肺及乳房病证。刺法：斜刺或平刺0.5~0.8寸。,,
q029,心下悸,classical,shanghan_127,伤寒论,辨太阳病脉证并治中,小便利与不利辨水停（第127条）,太阳病，小便利者，以饮水多，必心下悸。小便少者，必苦里急也。,本条以小便利否辨水停。太阳病，小便利者，以饮水多，必心下悸；小便少者，必苦里急也。蓄水轻浅在中焦则悸，深在下焦则里急。,,
q029,心下悸,classical,shanghan_130,伤寒论,辨太阳病脉证并治中,太阳病（第130条）,太阳病，小便利者，以饮水多，必心下悸。小便少者，必苦里急也。,本条论述太阳病之脉证。症见心下悸。当审其表里寒热、虚实传变而施治。,,
q029,心下悸,classical,shanghan_365,伤寒论,辨厥阴病脉证并治,伤寒厥而心下悸者（第365条）,伤寒厥而心下悸者，宜先治水，当服茯苓甘草汤，却治其厥；不尔，水渍入胃，必作利也。,本条论述厥阴病之脉证。症见厥、心下悸。当审其表里寒热、虚实传变而施治。,,
q029,心下悸,classical,shanghan_082,伤寒论,辨太阳病脉证并治中,真武汤证（第82条）,太阳病发汗，汗出不解，其人仍发热，心下悸，头眩，身目闰 动，振振欲擗地者，真武汤主之。,本条论阳虚水泛证。太阳病发汗汗出不解，其人仍发热、心下悸、头眩、身瞤动、振振欲擗地者，真武汤主之。附子温阳，茯苓白术健脾利水，生姜散水。,,
q029,心下悸,classical,zhenwutang_001,伤寒论,辨太阳病脉证并治中,真武汤方,太阳病发汗，汗出不解，其人仍发热，心下悸，头眩，身目闰 动，振振欲擗地者，真武汤主之。,真武汤主治脾肾阳虚、水气内停之证，症见小便不利、四肢沉重疼痛、肢体浮肿、腹痛下利、头眩心悸。附子温肾助阳为君，白术、茯苓健脾利水，生姜温散水气，芍药利小便、缓急止痛。,,
q029,心下悸,classical,shanghan_064,伤寒论,辨太阳病脉证并治中,桂枝甘草汤证（第64条）,发汗过多，其人叉手自冒心，心下悸欲得按者，桂枝甘草汤主之。 桂枝甘草汤方 桂枝四两（去皮，味辛热） 甘草二两（炙，味甘平）右二味，以水三升，煮取一升，去滓，顿服。,本条论发汗过多损伤心阳。发汗过多，其人叉手自冒心、心下悸欲得按者，桂枝甘草汤主之。桂枝甘草辛甘化阳，温复心阳，为辛甘化阳祖方。,,
q029,心下悸,classical,shanghan_092,伤寒论,辨太阳病脉证并治中,小柴胡汤证（第92条）,伤寒五六日，中风，往来寒热，胸胁苦满，默默不欲饮食，心烦喜呕，或胸中烦而不呕，或渴，或腹中痛，或胁下痞硬，或心下悸，小便不利，或不渴，身有微热，或咳者，与小柴胡汤主之。 小柴胡汤方 柴胡半斤（味苦，微寒） 黄芩三两（味苦寒）人参三两（味甘温） 甘草三两（味甘平） 半夏半升（洗，味辛温） 生姜三两（切，味辛温） 大枣十三…,本条为小柴胡汤主证。伤寒五六日中风，往来寒热、胸胁苦满、默默不欲饮食、心烦喜呕，或胸中烦而不呕、或渴、或腹中痛、或胁下痞硬、或心下悸小便不利、或不渴身有微热、或咳者，小柴胡汤主之。,,
q029,心下悸,classical,shanghan_062,伤寒论,辨太阳病脉证并治中,新加汤证等三条合（第62条）,发汗后，身疼痛，脉沉迟者，桂枝加芍药生姜各一两人参三两新加汤主之。发汗后，不可更行桂枝汤。汗出而喘，无大热者，可与麻黄杏仁甘草石膏汤主之。发汗过多，其人叉手自冒心，心下悸，欲得按者，桂枝甘草汤主之。 桂枝加芍药生姜各一两人参三两新加汤方 桂枝三两（去皮） 芍药四两 甘草二两（炙） 人参三两 大枣十二枚（擘） 生姜四两上…,本条合论汗后三证：发汗后身疼痛、脉沉迟者，为营气不足，桂枝加芍药生姜各一两人参三两新加汤主之；汗出而喘、无大热者，可与麻黄杏仁甘草石膏汤；发汗过多叉手自冒心、心下悸欲得按者，桂枝甘草汤主之。,,
q029,心下悸,classical,mahuangxingrenshigao_001,伤寒论,辨太阳病脉证并治中,麻黄杏仁甘草石膏汤方,发汗后，身疼痛，脉沉迟者，桂枝加芍药生姜各一两人参三两新加汤主之。发汗后，不可更行桂枝汤。汗出而喘，无大热者，可与麻黄杏仁甘草石膏汤主之。发汗过多，其人叉手自冒心，心下悸，欲得按者，桂枝甘草汤主之。 桂枝加芍药生姜各一两人参三两新加汤方 桂枝三两（去皮） 芍药四两 甘草二两（炙） 人参三两 大枣十二枚（擘） 生姜四两上…,麻黄杏仁甘草石膏汤（麻杏石甘汤）为辛凉宣泄、清肺平喘之方，主治邪热壅肺之咳喘。麻黄宣肺平喘，石膏清泄肺热，麻黄配石膏使宣肺而不助热、清肺而不留邪，杏仁降气平喘，甘草调和诸药。,,
q029,心下悸,classical,shanghan_065,伤寒论,辨太阳病脉证并治中,茯苓桂枝甘草大枣汤证（第65条）,发汗后，其人脐下悸者，欲作奔豚，茯苓桂枝甘草大枣汤主之。 茯苓桂枝甘草大枣汤方 茯苓半斤（味甘平） 甘草二两（炙，味甘平）大枣十五枚（掰，味甘平） 桂枝四两（去皮）右四味，以甘瀾水一斗，先煮茯苓，减二升，内诸药，煮取三升，去滓，温服一升，日三服。作甘瀾水法，取水二斗，置大盆内，以杓扬之，水上有珠子五六千颗相逐，取用之。,本条论欲作奔豚证。发汗后其人脐下悸者，欲作奔豚，茯苓桂枝甘草大枣汤主之。茯苓利水宁心，桂枝甘草温通心阳，大枣培土制水，以甘澜水煎药。,,
q029,心下悸,classical,jingui_008,金匮要略,奔豚气病脉证治第八,奔豚气病脉证治第八,（论二首 方三首） 师曰：病有奔豚，有吐脓，有惊怖，有火邪，此四部病，皆从惊发得之。师曰：奔豚病，从少腹起，上冲咽喉，发作欲死，复还止，皆从惊恐得之。 奔豚气上冲胸，腹痛，往来寒热，奔豚汤主之。 奔豚汤方 甘草 芎穷 当归各二两 半夏四两 黄芩二两 生葛五两 芍药二两 生姜四两 甘李根白皮一升 右九味，以水二斗，煮取五…,本篇论奔豚气病。奔豚从少腹起上冲咽喉、发作欲死，多从惊恐或烧针发汗引发；肝气上冲偏热者主奔豚汤，心阳虚寒气上冲者主桂枝加桂汤，欲作奔豚（脐下悸）主苓桂甘枣汤。,,
q029,心下悸,classical,xiaochaihutang_001,伤寒论,辨太阳病脉证并治中,小柴胡汤方,伤寒五六日，中风，往来寒热，胸胁苦满，默默不欲饮食，心烦喜呕，或胸中烦而不呕，或渴，或腹中痛，或胁下痞硬，或心下悸，小便不利，或不渴，身有微热，或咳者，与小柴胡汤主之。 小柴胡汤方 柴胡半斤（味苦，微寒） 黄芩三两（味苦寒）人参三两（味甘温） 甘草三两（味甘平） 半夏半升（洗，味辛温） 生姜三两（切，味辛温） 大枣十三…,小柴胡汤为和解少阳之主方，主治少阳病往来寒热、胸胁苦满、默默不欲饮食、心烦喜呕、口苦咽干目眩等症。柴胡透达少阳之邪为君，黄芩清胆热，半夏、生姜和胃降逆止呕，人参、甘草、大枣益气和中、扶正祛邪。,,
q029,心下悸,classical,shanghan_212,伤寒论,辨阳明病脉证并治,阳明病（第212条）,阳明病，心下硬满者，不可攻之。攻之，利遂不止者死，利止者愈。,本条论述阳明病之脉证。症见心下硬。当审其表里寒热、虚实传变而施治。,,
q029,心下悸,classical,shanghan_630,伤寒论,辨可下病脉证并治,大承气汤证治（第630条）,脉双弦而迟者，必心下硬。脉大而紧者，阳中有阴也，可以下之，宜大承气汤。,本条论述下法之脉证。症见心下硬。治以大承气汤（峻下热结），药后观其进退。,,
q029,心下悸,classical,shanghan_385,伤寒论,辨厥阴病脉证并治,栀子豉汤证治（第385条）,下利后更烦，按之心下濡者，为虚烦也，宜栀子豉汤。,本条论述厥阴病之脉证。症见下利、烦。治以栀子豉汤（清宣胸中郁热），药后观其进退。,,
q029,心下悸,classical,shanghan_175,伤寒论,辨太阳病脉证并治下,太阳少阳并病（第175条）,太阳少阳并病，心下硬，颈项强而眩者，当刺大椎、肺俞、肝俞，慎勿下之。,本条论述太阳病之脉证。症见项强、心下硬。当审其表里寒热、虚实传变而施治。,,
q029,心下悸,classical,shanghan_622,伤寒论,辨可下病脉证并治,大承气汤证治（第622条）,下利，三部脉皆平，按之心下硬者，急下之，宜大承气汤。,本条论述下法之脉证。症见下利、心下硬。治以大承气汤（峻下热结），药后观其进退。,,
q029,心下悸,classical,shanghan_601,伤寒论,辨不可下病脉证并治,动气在下（第601条）,动气在下，不可下。下之则腹胀满，卒起头眩，食则下清谷，心下痞也。,本条论述下法禁例之脉证。症见清谷、心下痞。当审其表里寒热、虚实传变而施治。,,
q029,心下悸,classical,dachaihutang_001,伤寒论,辨太阳病脉证并治下,大柴胡汤方,伤寒，发热，汗出不解，心下痞硬，呕吐而下利者，大柴胡汤主之。,大柴胡汤为小柴胡汤去人参、甘草加芍药、枳实、大黄而成，和解少阳兼泻阳明热结，主治少阳阳明合病之往来寒热、胸胁苦满、呕不止、心下急、郁郁微烦、大便不通。方中柴胡、黄芩和解少阳，大黄、枳实泻热通便，芍药缓急止痛。,,
q029,心下悸,classical,shanghan_169,伤寒论,辨太阳病脉证并治下,大柴胡汤证治（第169条）,伤寒，发热，汗出不解，心下痞硬，呕吐而下利者，大柴胡汤主之。,本条论述太阳病之脉证。症见发热、汗出、下利、呕、心下痞。治以大柴胡汤（和解少阳、通下里实），药后观其进退。,,
q029,心下悸,classical,shanghan_158,伤寒论,辨太阳病脉证并治下,大黄黄连泻心汤证治（第158条）,心下痞，按之濡，其脉关上浮者，大黄黄连泻心汤主之。 大黄黄连泻心汤方 大黄二两（味苦寒） 黄连一两（味苦寒）右二味，以麻沸汤二升渍之，须臾绞去滓，分温再服。,本条论述太阳病之脉证。症见心下痞。治以大黄黄连泻心汤（泄热消痞），药后观其进退。,,
q029,心下悸,classical,shanghan_167,伤寒论,辨太阳病脉证并治下,桂枝人参汤证治（第167条）,太阳病，外证未除而数下之，遂协热而利。利下不止，心下痞硬，表里不解者，桂枝人参汤主之。 桂枝人参汤方 桂枝四两（去皮，味辛热） 甘草四两（炙，味甘平） 白术三两（味甘平） 人参三两（味甘温） 干姜三两（味辛热）上五味，以水九升，先煮四味，取五升，内桂更煮，取三升，温服一升，日再，夜一服。,本条论述太阳病之脉证。症见心下痞、痞硬。治以桂枝人参汤（温中解表），药后观其进退。,,
q029,心下悸,classical,shanghan_164,伤寒论,辨太阳病脉证并治下,伤寒吐下后发汗（第164条）,伤寒吐下后发汗，虚烦，脉甚微。八九日，心下痞硬，胁下痛，气上冲咽喉，眩冒。经脉动惕者，久而成痿。,本条论述太阳病之脉证。症见烦、心下痞、痞硬、气上冲。当审其表里寒热、虚实传变而施治。,,
q029,心下悸,classical,shanghan_321,伤寒论,辨少阴病脉证并治,少阴自利清水色纯青急下（第321条）,少阴病，自利清水，色纯青，心下必痛，口干燥者，急下之，宜大承气汤。,少阴病自利清水、色纯青（青黑恶臭），心下痛、口干燥，为热结旁流、燥屎内结而水液旁渗，津液下夺而阴伤。亦当急下燥实以救真阴，宜大承气汤。,,
q029,心下悸,classical,shanghan_139,伤寒论,辨太阳病脉证并治下,大陷胸汤证治（第139条）,伤寒六七日，结胸热实，脉沉而紧，心下痛，按之石硬者，大陷胸汤主之。,本条论述太阳病之脉证。症见脉沉、结胸。治以大陷胸汤（泻热逐水破结），药后观其进退。,,
q029,心下悸,classical,shanghan_168,伤寒论,辨太阳病脉证并治下,桂枝汤证治（第168条）,伤寒大下后，复发汗，心下痞，恶寒者，表未解也，不可攻痞，当先解表，表解乃可攻痞。解表宜桂枝汤，攻痞宜大黄黄连泻心汤。,本条论述太阳病之脉证。症见恶寒、心下痞。治以桂枝汤（解肌祛风、调和营卫），药后观其进退。,,
q029,心下悸,classical,shanghan_596,伤寒论,辨可吐,病人手足厥冷（第596条）,病人手足厥冷，脉乍结，以客气在胸中；心下满而烦，欲食不能食者，病在胸中，当吐之。,本条论述吐法之脉证。症见烦、心下满、厥、手足厥、不能食。当审其表里寒热、虚实传变而施治。,,
q029,心下悸,classical,shanghan_597,伤寒论,辨不可下病脉证并治,脉濡而弱（第597条）,脉濡而弱，弱反在关，濡反在巅，微反在上，涩反在下。微则阳气不足，涩则无血。阳气反微，中风、汗出而反躁烦；涩则无血，厥而且寒。阳微不可下，下之则心下痞硬。,本条论述下法禁例之脉证。症见汗出、烦、心下痞、厥、痞硬。当审其表里寒热、虚实传变而施治。,,
q029,心下悸,classical,xinji_001,中医内科学,心系病证,心悸,《素问·举痛论》：「惊则心无所倚，神无所归，虑无所定，故气乱矣。」《金匮要略·惊悸吐衄下血胸满瘀血病脉证治》立「惊悸」「心动悸」之名，出炙甘草汤等方。（据规划教材《中医内科学·心系病证·心悸》归纳）,心悸为病人自觉心中悸动、惊惕不安、甚则不能自主的病证，每因情志波动或劳累诱发，常伴胸闷、气短、失眠、健忘、眩晕、耳鸣，脉象可见数、迟、促、结、代。病位在心，与肝、脾、肾、肺相关，病机分虚实——虚为气血阴阳亏虚，心失所养；实为痰火、水饮、瘀血阻滞心脉。辨证首辨虚实及脉之动态。常见证治——心虚胆怯（安神定志丸镇惊定志）、心…,,
q029,心下悸,classical,xinji_002,中医临床诊疗指南/专家共识（要点归纳）,现代中医,心悸·辨证论治要点,据现行中医内科常见病诊疗指南：心悸以心神不宁、气血阴阳亏虚或痰瘀扰心为基本病机，辨证常见心虚胆怯、心血不足、心阳不振、阴虚火旺、瘀阻心脉等型，治以补虚安神、化痰逐瘀为法。（要点归纳，非原文照录。）,"心悸以自觉心中悸动、惊惕不安，甚则不能自主为主症，阵发性者称""心悸""，持续而重者称""怔忡""，指南要点：辨证分心虚胆怯（治宜镇惊定志、养心安神）、心血不足（补血养心、益气安神）、心阳不振（温补心阳）、阴虚火旺（滋阴清火、养心安神）、瘀阻心脉（活血化瘀、理气通络）等型。临证须结合心电图等现代检查，配合调情志、节饮食、避劳累…",,
q029,心下悸,classical,shanghan_100,伤寒论,辨太阳病脉证并治中,小建中汤证心中悸而烦（第100条）,伤寒二三日，心中悸而烦者，小建中汤主之。,本条论里虚心悸烦。伤寒二三日，心中悸而烦者，小建中汤主之。里虚气血不足，心中失养则悸烦，小建中汤温中补虚。,,
q029,心下悸,classical,sujiaojiuxinwan_001,《中国药典》一部/药品说明书（要点归纳）,理血/止咳/中成药,速效救心丸·行气活血祛瘀止痛,据现行版《中国药典》一部与药品说明书要点归纳：本品由川芎、冰片等组成，具行气活血、祛瘀止痛、增加冠脉血流量、缓解心绞痛之功，用于气滞血瘀型冠心病、心绞痛。用法用量按说明书舌下含服。,速效救心丸为行气活血、祛瘀止痛类急救处方药，用于冠心病心绞痛急性发作时舌下含服。孕妇禁用，低血压、消化道出血者慎用；胸痛持续不缓解应立即拨打急救电话就医。本条目为中成药，请按说明书或在医师指导下使用。,,
q029,心下悸,classical,jingui_016,金匮要略,惊悸吐血下血胸满瘀血病脉证治第十六,惊悸吐血下血胸满瘀血病脉证治第十六,（脉证十二条 方五首） 寸口脉动而弱，动即为惊，弱则为悸。 师曰：夫脉浮，目睛晕黄，衄未止；晕黄去，目睛慧了，知衄今止。 又曰：从春至夏，衄者太阳，从秋至冬，衄者阳明。 衄家不可汗，汗出必额上陷，脉紧急，直视不能目旬 ，不得眠。 病人面无血*色，无寒热，脉沉弦者衄；浮弱，手按之绝者，下血；烦咳者，必吐血。 夫吐血，咳逆…,本篇论惊悸、吐血、下血、瘀血。惊为外触、悸由内生；吐血不止主柏叶汤，远血（先便后血）主黄土汤，近血（先血后便）主赤小豆当归散，心气不足吐血衄血主泻心汤；瘀血以唇痿舌青、口燥但欲漱水不欲咽为辨证要点。,,
q029,心下悸,classical,hupo_001,中国药典（2025年版）一部,安神药,琥珀,据《中国药典》2025 年版一部：琥珀为古代松科植物（如松属 Pinus 植物）的树脂埋藏地下经年久转化而成的化石样物质（药用部位：树脂化石）。性味甘，平；归心、肝、膀胱经。功能与主治：镇惊安神，活血散瘀，利尿通淋；用于心悸失眠，惊风癫痫，血滞经闭，癥瘕疼痛，产后瘀阻腹痛，癃闭，血淋，石淋，痈疽疮毒。用法与用量：1.5…,**简明**：琥珀甘平，镇惊安神、活血散瘀、利尿通淋，主治心悸失眠、惊风癫痫、瘀血经闭癥瘕及血淋石淋。**详解**：心悸失眠配酸枣仁、远志；惊风配朱砂、天竺黄（琥珀抱龙丸）；血淋配蒲黄、海金沙。**不入煎剂，研末冲服（1.5～3g）**。,,
q029,心下悸,classical,fushen_001,《中药学》（清华社）· 药典外品种,安神药,茯神,据清华社《中药学》：茯神为多孔菌科真菌茯苓 Poria cocos (Schw.) Wolf 菌核中抱有松根的白色部分（药用部位：菌核含松根部分）。性味甘、淡，平；归心、脾经。功能与主治：宁心安神，利水；用于心悸怔忡，失眠健忘，小便不利。用法与用量：9～15g。贮藏：置干燥处。,**简明**：茯神甘淡平，宁心安神而利水，为茯苓抱木之品，善治心悸失眠。。**详解**：心悸怔忡、失眠健忘配酸枣仁、远志、龙眼肉；小便不利配茯苓、泽泻。,,
q029,心下悸,classical,shanghan_028,伤寒论,辨太阳病脉证并治上,桂枝去桂加茯苓白术汤证（第28条）,服桂枝汤，或下之，仍头项强痛，翕翕发热，无汗，心下满，微痛，小便不利者，桂枝汤去桂，加茯苓白术汤主之。 桂枝去桂加茯苓白术汤方 芍药三两甘草二两(炙)生姜(切)白术 茯苓各三两大枣十二枚(擘) 上六味，以水八升，煮取三升，去滓，温服一升，小便利则愈。本云桂枝汤，今去桂枝，加茯苓，白术。,本条论水停心下证。服桂枝汤或下之，仍头项强痛、翕翕发热、无汗、心下满微痛、小便不利者，为水饮内停、经脉不畅，桂枝去桂加茯苓白术汤主之，去桂枝之走表，加苓术健脾利水。,,
q029,心下悸,classical,baiziyangxinwan_001,《中国药典》一部/药品说明书（要点归纳）,补益剂/中成药,柏子养心丸·补气养血安神,据现行版《中国药典》一部与药品说明书要点归纳：本品由柏子仁、党参、炙黄芪、川芎、当归、茯苓、远志（制）、酸枣仁、肉桂、五味子（醋蒸）、半夏曲、炙甘草等组成，具补气、养血、安神之功，用于心气虚寒，症见心悸易惊、失眠多梦、健忘。用法用量按说明书口服。,柏子养心丸为补气养血、安神类中成药，用于心气虚寒之心悸易惊、失眠健忘。方偏温补，阴虚火旺、肝阳上亢之失眠不宜；服药期间不宜饮用浓茶咖啡。失眠长期不愈、伴严重心悸或情绪低落者应就医。本条目为中成药，请按说明书或在医师指导下使用。,,
q029,心下悸,classical,xinxue_yinxu_001,中医诊断学,辨证,心血虚证与心阴虚证,心病阴血亏虚类。据规划教材《中医诊断学》归纳：心血虚证以心悸失眠、多梦健忘、眩晕、面色不华或萎黄、唇舌色淡、脉细弱为要点；心阴虚证以心悸心烦、失眠多梦、五心烦热、潮热盗汗、两颧发红、舌红少津、脉细数为要点。,心血虚治宜养血安神；心阴虚治宜滋阴安神。二者共见心悸、失眠、多梦之心病主症。鉴别眼目：血虚证兼面白舌淡、唇甲色淡、脉细弱而无热象；阴虚证兼五心烦热、盗汗、颧红、舌红少津、脉细数等热象。须与肝血虚、肝肾阴虚相鉴别——心病以心悸失眠为主症，肝病以眩晕、目涩、筋脉失养为主症。,,
q029,心下悸,classical,cishi_001,中国药典（2025年版）一部,安神药,磁石,据《中国药典》2025 年版一部：磁石为氧化物类矿物尖晶石族磁铁矿，主含四氧化三铁（Fe3O4）（药用部位：矿物）。性味咸，寒；归肝、心、肾经。功能与主治：镇惊安神，平肝潜阳，聪耳明目，纳气平喘；用于惊悸失眠，头晕目眩，视物昏花，耳鸣耳聋，肾虚气喘。用法与用量：9～30g，先煎。贮藏：置干燥处。  **【古注】】 《神…,**简明**：磁石咸寒，镇惊安神、平肝潜阳、聪耳明目、纳气平喘（**重镇潜降、益肾**），主治心悸失眠、头晕目眩、耳鸣耳聋及肾虚喘促。**详解**：心悸失眠配朱砂、神曲（磁朱丸）；肝阳眩晕配石决明、牡蛎；肾虚耳鸣配熟地黄、山茱萸；肾不纳气配五味子、沉香。**入汤剂先煎**；脾胃虚弱者慎用。,,
q029,心下悸,classical,xiaomai_001,《中药学》（清华社）· 药典外品种,安神药,小麦,据清华社《中药学》：小麦为禾本科植物小麦 Triticum aestivum L. 的干燥成熟果实（药用部位：成熟果实）。性味甘，凉；归心、脾、肾经。功能与主治：养心除烦，益肾；用于脏躁，心烦不宁，失眠，妇人脏躁。用法与用量：30～60g。贮藏：置通风干燥处，防蛀。,**简明**：小麦甘凉，养心除烦而益肾，为治妇人脏躁、心烦失眠的常用药（甘麦大枣汤主药）。。**详解**：脏躁、心烦失眠配甘草、大枣（甘麦大枣汤）；心悸不安配酸枣仁、柏子仁。,,
q029,心下悸,classical,jingui_009,金匮要略,胸痹心痛短气病脉证治第九,胸痹心痛短气病脉证治第九,（论一首 证一首 方十首） 师曰：夫脉当取太过不及，阳微阴弦，即胸痹而痛，所以然者，责其极虚也。今阳虚知在上焦，所以胸痹、心痛者，以其阴弦故也。 平人无寒热，短气不足以息者，实也。 胸痹之病，喘息咳唾，胸背痛，短气，寸口脉沉而迟，关上小紧数，栝蒌薤白白酒汤主之。 栝蒌薤白白酒汤方 栝蒌实一枚（捣） 薤白半斤 白酒七升 …,本篇论胸痹、心痛、短气。病机为阳微阴弦、上焦阳虚阴寒乘之，主以栝蒌薤白白酒汤通阳宣痹；心痛彻背偏寒盛者用乌头赤石脂丸；短气分饮阻（茯苓杏仁甘草汤）与气滞（橘枳姜汤）两型。,,
q029,心下悸,classical,longchi_001,《中药学》（清华社）· 药典外品种,安神药,龙齿,据清华社《中药学》：龙齿为古代哺乳动物如三趾马、犀类、鹿类、牛类等牙齿的化石（药用部位：牙齿化石）。性味甘、涩，凉；归心、肝经。功能与主治：镇惊安神，平肝潜阳；用于心悸易惊，失眠多梦，癫狂，惊痫。用法与用量：9～15g，打碎先煎。贮藏：置干燥处。,**简明**：龙齿甘涩凉，镇惊安神而平肝潜阳，为重镇安神之品，善治惊悸癫狂。。**详解**：心悸易惊、失眠多梦配酸枣仁、柏子仁、远志；癫狂惊痫配牡蛎、朱砂（须遵古法）；肝阳眩晕配石决明、白芍。,,
q029,心下悸,classical,shanghan_049,伤寒论,辨太阳病脉证并治中,尺中脉微不可发汗（第49条）,脉浮数者，法当汗出而愈。若下之，身重心悸者，不可发汗，当自汗出乃解。所以然者，尺中脉微，此里虚，须表里实，津液自和，便自汗出愈。,本条论里虚不可发汗。脉浮数者法当汗出而愈，若下之身重心悸者，不可发汗，当自汗出乃解。以尺中脉微为里虚，须表里实、津液自和，便自汗出愈。,,
q030,不得眠,classical,shanghan_571,伤寒论,辨不可发汗病脉证并治,脉濡而弱（第571条）,脉濡而弱，弱反在关，濡反在巅，微反在上，涩反在下。微则阳气不足，涩则无血。阳气反微，中风汗出而反躁烦。涩则无血，厥而且寒。阳微发汗，躁不得眠。,本条论述汗法禁例之脉证。症见汗出、烦、不得眠、厥。当审其表里寒热、虚实传变而施治。,,
q030,不得眠,classical,shanghan_609,伤寒论,辨不可下病脉证并治,脉浮而大（第609条）,脉浮而大，浮为气实，大为血虚。血虚为无阴，孤阳独下阴部者，小便当赤而难，胞中当虚，今反小便利，而大汗出，法应卫家当微，今反更实，津液四射，荣竭血尽，干烦而不得眠，血薄肉消，而成暴液。医复以毒药攻其胃，此为重虚，客阳去有期，必下如污泥而死。,本条论述下法禁例之脉证。症见脉浮、汗出、烦、不得眠。当审其表里寒热、虚实传变而施治。,,
q030,不得眠,classical,shanghan_319,伤寒论,辨少阴病脉证并治,少阴下利咳呕渴心烦不得眠猪苓汤（第319条）,少阴病，下利六七日，咳而呕渴，心烦，不得眠者，猪苓汤主之。,少阴病下利六七日，咳而呕渴、心烦不得眠，为少阴热化、阴虚水热互结、水气上泛。猪苓汤滋阴清热利水，利水而不伤阴，滋阴而不恋邪，治阴虚水热互结证。,,
q030,不得眠,classical,shanghan_061,伤寒论,辨太阳病脉证并治中,干姜附子汤证（第61条）,下之后，复发汗，昼日烦躁，不得眠，夜而安静，不呕不渴，无表证，脉沉微，身无大热者，干姜附子汤主之。 干姜附子汤方 干姜一两（味辛热） 附子一枚（生用，去皮，破八片，味辛热）右二味，以水三升，煮取一升，去滓，顿服。,本条论肾阳虚烦躁。下之后复发汗，昼日烦躁不得眠、夜而安静、不呕不渴、无表证、脉沉微、身无大热者，干姜附子汤主之。干姜附子辛热回阳，急复肾阳。,,
q030,不得眠,classical,shanghan_071,伤寒论,辨太阳病脉证并治中,五苓散证（第71条）,太阳病，发汗后，大汗出，胃中干，烦躁不得眠，欲得饮水者，少少与饮之，令胃气和则愈。若脉浮，小便不利，微热消渴者，与五苓散主之。 五苓散方 猪苓十八铢（去皮，味甘平） 泽泻一两六铢半（味酸咸） 茯苓十八铢（味甘平） 桂半两（去皮，味辛热） 白术十八铢（味甘平）右五味为末，以白饮和，服方寸匕日三服，多饮暖水，汗出愈。,本条论太阳蓄水证。发汗后大汗出、胃中干、烦躁不得眠、欲得饮水者，少少与之令胃和则愈。若脉浮、小便不利、微热消渴者，与五苓散主之，化气利水。,,
q030,不得眠,classical,zhulingtang_001,伤寒论,辨阳明病脉证并治,猪苓汤方,若脉浮发热，渴欲饮水，小便不利者，猪苓汤主之。 猪苓汤方 猪苓（去皮，甘平） 茯苓（甘平） 阿胶（甘平） 滑石（碎，甘寒） 泽泻（甘咸寒）各一两右五味，以水四升，先煮四味，取二升，去滓，内下阿胶烊消，温服七合，日三服。,猪苓汤主治阴虚水热互结之小便不利、渴欲饮水、心烦不得眠。猪苓、茯苓、泽泻利水渗湿，滑石清热利窍，阿胶滋阴润燥。利水而不伤阴，滋阴而不碍湿。,,
q030,不得眠,classical,shanghan_076,伤寒论,辨太阳病脉证并治中,栀子豉汤证（第76条）,发汗后，饮水多，必喘，以水灌之，亦喘。发汗后，水药不得入口为逆，若更发汗，必吐下不止。发汗吐下后，虚烦不得眠；若剧者，必反复颠倒，心中懊憹，栀子豉汤主之。 栀子豉汤方 栀子十四枚（掰，味甘寒） 香豉四合（绵裹，味苦寒）右二味，以水四升，先煮栀子，得二升半，内豉，煮取一升半，去滓，分为二服，温进一服。得吐者，止后服。若少…,本条论热扰胸膈证。发汗吐下后虚烦不得眠，剧者反复颠倒、心中懊憹，栀子豉汤主之。栀子清热除烦，香豉宣散透邪。并论汗后饮水多必喘、水药不入为逆。,,
q030,不得眠,classical,zhizichitang_001,伤寒论,辨太阳病脉证并治中,栀子豉汤方,发汗后，饮水多，必喘，以水灌之，亦喘。发汗后，水药不得入口为逆，若更发汗，必吐下不止。发汗吐下后，虚烦不得眠；若剧者，必反复颠倒，心中懊憹，栀子豉汤主之。 栀子豉汤方 栀子十四枚（掰，味甘寒） 香豉四合（绵裹，味苦寒）右二味，以水四升，先煮栀子，得二升半，内豉，煮取一升半，去滓，分为二服，温进一服。得吐者，止后服。若少…,栀子豉汤主治热郁胸膈之虚烦不得眠、心中懊憹、反复颠倒、胸中窒。栀子苦寒清心除烦，豆豉轻宣透热，二药相配清宣郁热。若少气者加甘草，呕者加生姜。,,
q030,不得眠,classical,shanghan_083,伤寒论,辨太阳病脉证并治中,汗禁诸条（第83条）,咽喉干燥者，不可发汗。淋家不可发汗，发汗必便血。疮家虽身疼痛，不可发汗，发汗则痓。衄家不可发汗，汗出必额上陷，脉急紧，直视不能眴，不得眠。亡血家，不可发汗，发汗则寒栗而振。,本条论不可发汗之诸例。咽喉干燥者不可发汗；淋家不可发汗，汗必便血；疮家虽身疼痛不可发汗，汗则痓；衄家不可发汗，汗出额陷脉急、直视不得眠；亡血家不可发汗，汗则寒栗而振。皆阴血亏虚者忌汗。,,
q030,不得眠,classical,shanghan_229,伤寒论,辨阳明病脉证并治,栀子豉汤证治（第229条）,阳明病，脉浮而紧，咽燥口苦，腹满而喘，发热汗出，不恶寒，反恶热，身重。若发汗则躁，心愦愦，反谵语。若加烧针，必怵惕烦躁，不得眠；若下之，则胃中空虚，客气动膈，心中懊憹，舌上胎者，栀子豉汤主之。,本条论述阳明病之脉证。症见发热、恶寒、脉浮、汗出、烦。治以栀子豉汤（清宣胸中郁热），药后观其进退。,,
q030,不得眠,classical,bumei_001,中医内科学,心系病证,不寐,《素问·逆调论》：「胃不和则卧不安。」《灵枢·营卫生会》论及营卫失调与睡眠关系。《金匮要略·血痹虚劳病脉证并治》：「虚劳虚烦不得眠，酸枣仁汤主之。」（据规划教材《中医内科学·心系病证·不寐》归纳）,不寐是以经常不能获得正常睡眠为特征的病证，轻者入寐困难或寐而易醒，重者彻夜不眠，常伴头痛、头昏、心悸、健忘、多梦等。基本病机为阳盛阴衰、阴阳失交，病位主要在心，与肝、脾、肾密切相关。辨证首分虚实：肝火扰心（龙胆泻肝汤疏肝泻火）、痰热扰心（黄连温胆汤清化痰热）多属实；心脾两虚（归脾汤补益心脾）、心肾不交（六味地黄丸合交泰…,,
q030,不得眠,classical,jingui_006,金匮要略,血痹虚劳病脉证并治第六,血痹虚劳病脉证并治第六,（论一首 脉证九条 方九首） 问曰：血痹病从何得之？师曰：夫尊荣人，骨弱肌肤盛，重因疲劳汗出，卧不时动摇，加被微风，遂得之。但以脉自微涩，在寸口、关上小紧，宜针引阳气，令脉和，紧去则愈。 血痹，阴阳俱微，寸口关上微，尺中小紧，外证身体不仁，如风痹状，黄芪桂枝五物汤主之。 黄芪桂枝五物汤方 黄芪三两 芍药三两 桂枝三两 …,本篇论血痹与虚劳。血痹因尊荣人骨弱汗出、加被微风，主黄芪桂枝五物汤；虚劳涵盖失精、里急腰痛、虚烦不得眠、干血等证，出小建中、肾气丸、薯蓣丸、酸枣仁汤、大黄蟅虫丸等名方，补虚与化瘀并行。,,
q030,不得眠,classical,wulingsan_001,伤寒论,辨太阳病脉证并治中,五苓散方,太阳病，发汗后，大汗出，胃中干，烦躁不得眠，欲得饮水者，少少与饮之，令胃气和则愈。若脉浮，小便不利，微热消渴者，与五苓散主之。 五苓散方 猪苓十八铢（去皮，味甘平） 泽泻一两六铢半（味酸咸） 茯苓十八铢（味甘平） 桂半两（去皮，味辛热） 白术十八铢（味甘平）右五味为末，以白饮和，服方寸匕日三服，多饮暖水，汗出愈。,五苓散为利水渗湿、温阳化气之代表方，主治太阳蓄水证之小便不利、微热消渴、水入即吐。泽泻、猪苓、茯苓利水渗湿，白术健脾运湿，桂枝通阳化气兼解表邪。散剂以白饮和服，多饮暖水取微汗。,,
q030,不得眠,classical,suanzaoren_001,中国药典（2025年版）一部,安神药,酸枣仁,据《中国药典》2025 年版一部：酸枣仁为鼠李科植物酸枣 Ziziphus jujuba Mill. var. spinosa (Bunge) Hu ex H. F. Chou 的干燥成熟种子（药用部位：成熟种子）。性味甘、酸，平；归肝、胆、心经。功能与主治：养心补肝，宁心安神，敛汗，生津；用于虚烦不眠，惊悸多梦，体虚…,**简明**：酸枣仁甘酸平，养心补肝、宁心安神、敛汗生津，为**养心安神之要药**，主治虚烦不眠、惊悸多梦及体虚多汗。**详解**：肝血虚虚烦失眠配川芎、知母（酸枣仁汤）；心肾不交失眠配生地黄、麦冬（天王补心丹）；体虚自汗盗汗配五味子、牡蛎。**炒用安神力佳**；实邪郁火者慎用。,,
q030,不得眠,classical,shanghan_608,伤寒论,辨不可下病脉证并治,脉濡而紧（第608条）,脉濡而紧，濡则卫气微，紧则荣中寒。阳微卫中风，发热而恶寒；荣紧胃气冷，微呕心内烦。医为有大热，解肌而发汗，亡阳虚烦躁，心下苦痞坚。表里俱虚竭，卒起而头眩。客热在皮肤，怅怏不得眠。不知胃气冷，紧寒在关元。技巧无所施，汲水灌其身。客热应时罢，栗栗而振寒。重被而复之，汗出而冒巅。体惕而又振，小便为微难。寒气因水发，清谷不容间…,本条论述下法禁例之脉证。症见发热、恶寒、汗出、清谷、呕。当审其表里寒热、虚实传变而施治。,,
q030,不得眠,classical,suanzaorentang_jieyao_001,方解（方论集要）,安神剂·方解,酸枣仁汤·养血安神清热除烦,本方出《金匮要略》血痹虚劳病脉证并治：组成酸枣仁二升，甘草一两，知母二两，茯苓二两，川芎二两。方中酸枣仁君，甘酸平，养肝血、安心神、敛心气，为治虚烦不眠主药；茯苓臣，宁心安神；知母臣，苦寒清热除烦、滋阴润燥；川芎佐，辛温调肝血、疏肝气，与酸枣仁相配，一酸收一辛散，养血调肝；甘草使，和中缓急、调和诸药。,酸枣仁汤为养血安神、清热除烦之代表方，治肝血不足、虚热内扰之虚烦不得眠、心悸眩晕咽干。重用酸枣仁养肝血安心神为君，配川芎调肝血疏肝气，一收一散，养血调肝；茯苓宁心，知母除烦，甘草和中。与天王补心丹相比：彼滋阴为主兼补心气，治心阴不足之失眠；此养肝血为主兼清虚热，治肝血不足之虚烦不眠。痰热内扰、心火亢盛之失眠非宜。方解供…,,
q030,不得眠,classical,daqinglongtang_001,伤寒论,辨太阳病脉证并治中,大青龙汤方,太阳中风，脉浮紧、发热、恶寒、身疼痛、不汗出而烦躁者，大青龙汤主之；若脉微弱、汗出、恶风者，不可服之，服之则厥逆、筋惕肉瞤，此为逆也。 大青龙汤方 麻黄六两（去节，味甘温） 桂枝二两（去皮，味辛热） 甘草二两（炙，味甘平） 杏仁四十个（去皮尖，味苦，甘温） 生姜三两（切，味辛温） 大枣十二枚（掰，味甘温） 石膏如鸡子大…,大青龙汤为麻黄汤加石膏、生姜、大枣而成，重用麻黄六两，峻发其汗以散外寒，石膏清内热除烦躁，主治外寒里热之太阳伤寒兼烦燥证。发汗力峻，中病即止，不可过服，脉微弱、汗出恶风者忌用。,,
q030,不得眠,classical,shanghan_038,伤寒论,辨太阳病脉证并治中,大青龙汤证及禁忌（第38条）,太阳中风，脉浮紧、发热、恶寒、身疼痛、不汗出而烦躁者，大青龙汤主之；若脉微弱、汗出、恶风者，不可服之，服之则厥逆、筋惕肉瞤，此为逆也。 大青龙汤方 麻黄六两（去节，味甘温） 桂枝二两（去皮，味辛热） 甘草二两（炙，味甘平） 杏仁四十个（去皮尖，味苦，甘温） 生姜三两（切，味辛温） 大枣十二枚（掰，味甘温） 石膏如鸡子大…,本条论大青龙汤证及禁忌。太阳中风脉浮紧、发热恶寒、身疼痛、不汗出而烦躁者，为外寒束表、里有郁热，大青龙汤主之；若脉微弱、汗出恶风者，为表里俱虚，不可服，服之则厥逆、筋惕肉瞤，此为逆。,,
q030,不得眠,classical,shanghan_268,伤寒论,辨少阳病脉证并治,三阳合病脉浮大但欲眠（第268条）,三阳合病，脉浮大，上关上，但欲眠睡，目合则汗。,三阳合病，脉浮大而独盛于关上（关脉），为热盛于经、少阳受邪之象；但欲眠睡、目合则汗，为胆热内扰、阴不敛阳、寐中汗出。当察三阳孰轻孰重而施治。,,
q030,不得眠,classical,shanghan_530,伤寒论,伤寒例,尺寸俱长者（第530条）,尺寸俱长者，阳明受病也，当二三日发。以其脉侠鼻、络于目，故身热、目疼、鼻干、不得卧。,本条论述伤寒例之脉证。症见不得卧、身热。当审其表里寒热、虚实传变而施治。,,
q030,不得眠,classical,nanjing_075,难经,第七十五难,第七十五难,曰：经言，东方实，西方虚；泻南方，补北方，何谓也？  然：金、木、水、火、土，当更相平。东方木也，西方金也。木欲实，金当平之；火欲实，水当平之；土欲实，木当平之；金欲实，火当平之；水欲实，土当平之。东方肝也，则知肝实；西方肺也，则知肺虚。泻南方火，补北方水。南方火，火者，木之子也；北方水，水者，木之母也。水胜火。子能令…,本难释东方实西方虚、泻南方补北方之法。肝实肺虚，木火子母，泻心火（子）、补肾水（母），使金不得平木。,,
q030,不得眠,classical,shanghan_344,伤寒论,辨厥阴病脉证并治,发热下利厥逆躁不得卧者死（第344条）,伤寒发热，下利，厥逆，躁不得卧者，死。,伤寒发热而兼下利、厥逆、躁不得卧，为阴盛于内、格阳于外，真阳欲脱，烦躁不宁，属阴阳离决之危候，故主死。,,
q030,不得眠,classical,shanghan_111,伤寒论,辨太阳病脉证并治中,火熏致便血（第111条）,太阳病，以火熏之，不得汗，其人必躁，到经不解，必清血，名为火邪。,本条论火熏致变。太阳病以火熏之不得汗，其人必躁，到经不解，必清血，名为火邪。火邪迫血下行故便血。,,
q030,不得眠,classical,nanjing_078,难经,第七十八难,第七十八难,曰：针有补泻，何谓也？  然：补泻之法，非必呼吸出内针也。知为针者，信其左；不知为针者，信其右。当刺之时，先以左手厌按所针荥、俞之处，弹面努之，爪而下之，其气之来，如动脉之状，顺针而刺之。得气，因推而内之，是谓补，动而伸之，是谓泻。不得气，乃与，男外女内；不得气，是为十死不治也。,本难论针刺补泻手法。先左手按穴爪下，候气来如动脉状，得气推内为补、动而伸之为泻；不得气为十死不治。,,
q030,不得眠,classical,shanghan_300,伤寒论,辨少阴病脉证并治,少阴烦躁不得卧寐死（第300条）,少阴病，脉微细沉，但欲卧，汗出不烦，自欲吐，至五六日，自利，复烦躁，不得卧寐者，死。,少阴病脉微细沉、但欲卧、汗出自欲吐，本属阳衰；至五六日又自利、烦躁不得卧寐。烦躁不得卧乃虚阳上扰、真阴欲竭，阴阳离决之象，故主死。,,
q030,不得眠,classical,shanghan_303,伤寒论,辨少阴病脉证并治,少阴心中烦不得卧黄连阿胶汤（第303条）,少阴病，得之二三日以上，心中烦，不得卧，黄连阿胶汤主之。 黄连阿胶汤方 黄连四两（苦寒） 黄芩一两（苦寒） 芍药二两（酸平） 鸡子黄二枚（甘温） 阿胶三两（甘温）右五味，以水五升，先煮三物，取二升，去滓，内胶烊尽，小冷，内鸡子黄，搅令相得，温服七合，日三服。,少阴病得之二三日以上，心中烦、不得卧，为少阴热化、阴虚火旺、心肾不交。治以黄连阿胶汤，芩连清心火，胶芍鸡子黄滋肾阴，滋阴降火、交通心肾。,,
q030,不得眠,classical,shanghan_580,伤寒论,辨不可发汗病脉证并治,厥（第580条）,厥，脉紧，不可发汗，发汗则声乱、咽嘶、舌萎、声不得前。,本条论述汗法禁例之脉证。症见脉紧、厥。当审其表里寒热、虚实传变而施治。,,
q030,不得眠,classical,huanglianejiaotang_001,伤寒论,辨少阴病脉证并治,黄连阿胶汤方,少阴病，得之二三日以上，心中烦，不得卧，黄连阿胶汤主之。 黄连阿胶汤方 黄连四两（苦寒） 黄芩一两（苦寒） 芍药二两（酸平） 鸡子黄二枚（甘温） 阿胶三两（甘温）右五味，以水五升，先煮三物，取二升，去滓，内胶烊尽，小冷，内鸡子黄，搅令相得，温服七合，日三服。,黄连阿胶汤主治少阴病阴虚火旺之心烦不得卧、舌红少苔、脉细数。黄连、黄芩清心泻火，阿胶、鸡子黄滋阴养血，芍药和阴敛液，共奏滋阴降火、除烦安神之功。,,
q030,不得眠,classical,shanghan_489,伤寒论,平脉法,趺阳脉伏而涩（第489条）,趺阳脉伏而涩，伏则吐逆，水谷不化，涩则食不得入，名曰关格。,本条论述脉诊之脉证。当审其表里寒热、虚实传变而施治。,,
q030,不得眠,classical,snb_shufu_001,神农本草经,下经,鼠妇,鼠妇，味咸，温。主气癃不得小便，妇人月闭血瘕，痫痓寒热，利水道。生平谷。,鼠妇（潮虫科平甲虫，俗称地虱、西瓜虫）咸温，破血通经、利水通淋、截疟，主治小便癃闭、经闭血瘕、久疟寒热及牙疳口疮。今临床少用，多入丸散，孕妇及无瘀滞者忌用，不宜久服。,,
q030,不得眠,classical,snb_shegan_001,神农本草经,下经,射干,射干，味苦，平。主咳逆上气，喉痹咽痛，不得消息，散结气，腹中邪逆，食饮大热。生川谷。,射干苦寒，清热解毒、利咽消痰、散结消肿，为治咽喉肿痛、痰盛咳喘要药，主治热毒痰火郁结之咽喉肿痛、痰涎壅盛咳嗽、瘰疬结核等。脾虚便溏及孕妇慎用，不宜久服过量。,,
q030,不得眠,classical,jingui_022,金匮要略,妇人杂病脉证并治第二十二,妇人杂病脉证并治第二十二,（论一首 脉证五十四条 方十六首） 妇人中风七八日，续来寒热，发作有时，经水适断，此为热入血室。其血必结，故使如疟状，发作有时，小柴胡汤主之。（方见呕吐中） 妇人伤寒发热，经水适来，昼日明了，暮则谵语，如见鬼状者，此为热入血室，治之无犯胃气及上二焦，必自愈。 妇人中风，发热恶寒，经水适来，得七八日，热除脉迟，身凉和，胸…,本篇论妇人杂病，以虚、积冷、结气为大纲。热入血室主小柴胡汤或刺期门；咽中如有炙脔（梅核气）主半夏厚朴汤；脏躁喜悲伤欲哭主甘麦大枣汤；瘀血在少腹主温经汤；转胞不得溺主肾气丸；附方多首。,,
q030,不得眠,classical,bumei_002,中医临床诊疗指南/专家共识（要点归纳）,现代中医,不寐·辨证论治要点,据现行中医内科常见病诊疗指南：不寐以阳不入阴、心神失养或心神被扰为基本病机，辨证分肝火扰心、痰热扰心、心脾两虚、心肾不交等型，治以补虚泻实、安神定志为总则。（要点归纳，非原文照录。）,不寐（失眠）以入睡困难、寐而易醒、醒后不寐、甚则彻夜不眠为主症，指南要点：辨证分肝火扰心（治宜疏肝泻火、清心安神）、痰热扰心（清化痰热、和中安神）、心脾两虚（补益心脾、养血安神）、心肾不交（滋阴降火、交通心肾）等型。临证强调作息规律、睡前戒浓茶咖啡、避免情绪激动，配合心理调摄与睡眠卫生教育。本条目为要点归纳，供参考；具…,,
q030,不得眠,classical,wenshuimian_001,《中医诊断学》规划教材（要点归纳）,四诊,问睡眠·失眠与嗜睡辨阴阳气血,问睡眠是询问患者睡眠的难易、深浅、久暂及伴随症状，以辨阴阳盛衰、气血盈亏的诊法。失眠（不寐）多因机体阴阳失调、阳不入阴：入睡困难多属心火上炎或心肾不交；多梦易醒多属心脾两虚；时时惊醒多属胆郁痰扰。嗜睡多因阳虚阴盛、痰湿内盛：困倦嗜睡多属痰湿或脾虚。,问睡眠以失眠辨阳不入阴、嗜睡辨阴盛阳虚：入睡困难属心肾不交，多梦易醒属心脾两虚，困倦嗜睡属痰湿脾虚。昏睡呼之不应属邪闭心神危候。此为教材要点归纳，供参考；具体诊疗请遵医嘱，不引导自我诊断。,,
q030,不得眠,classical,fushen_001,《中药学》（清华社）· 药典外品种,安神药,茯神,据清华社《中药学》：茯神为多孔菌科真菌茯苓 Poria cocos (Schw.) Wolf 菌核中抱有松根的白色部分（药用部位：菌核含松根部分）。性味甘、淡，平；归心、脾经。功能与主治：宁心安神，利水；用于心悸怔忡，失眠健忘，小便不利。用法与用量：9～15g。贮藏：置干燥处。,**简明**：茯神甘淡平，宁心安神而利水，为茯苓抱木之品，善治心悸失眠。。**详解**：心悸怔忡、失眠健忘配酸枣仁、远志、龙眼肉；小便不利配茯苓、泽泻。,,
q030,不得眠,classical,hehuanhua_001,中国药典（2025年版）一部,安神药,合欢花,据《中国药典》2025 年版一部：合欢花为豆科植物合欢 Albizia julibrissin Durazz. 的干燥花序或花蕾（药用部位：花序或花蕾）。性味甘，平；归心、肝经。功能与主治：解郁安神；用于心神不安，忧郁失眠。用法与用量：5～10g。贮藏：置通风干燥处。,**简明**：合欢花甘平，解郁安神，主治**忧郁忿怒**所致之心神不安、失眠。**详解**：忧郁失眠配合欢皮、郁金、酸枣仁；心烦不寐配夜交藤、柏子仁。可泡水代茶。,,
q030,不得眠,classical,ciwujia_001,中国药典（2025年版）一部,补虚药,刺五加,据《中国药典》2025 年版一部：刺五加为五加科植物刺五加 Acanthopanax senticosus (Rupr. et Maxim.) Harms 的干燥根和根茎（药用部位：根和根茎）。性味辛、微苦，温；归脾、肾、心经。功能与主治：益气健脾，补肾安神；用于脾肺气虚，体虚乏力，食欲不振，肺肾两虚，久咳虚喘，肾虚腰…,**简明**：刺五加辛微苦温，益气健脾而补肾安神，为治脾虚乏力、失眠健忘的常用药。。**详解**：脾虚乏力、食欲不振配黄芪、白术；腰膝酸软配杜仲、牛膝；失眠多梦配酸枣仁、茯神。阴虚火旺者慎用。,,
q030,不得眠,classical,shouwuteng_001,中国药典（2025年版）一部,安神药,首乌藤,据《中国药典》2025 年版一部：首乌藤为蓼科植物何首乌 Polygonum multiflorum Thunb. 的干燥藤茎（药用部位：藤茎）。性味甘，平；归心、肝经。功能与主治：养血安神，祛风通络；用于失眠多梦，血虚身痛，风湿痹痛，皮肤瘙痒。用法与用量：9～15g。外用适量，煎汤洗。贮藏：置干燥处。  **【古注】…,**简明**：首乌藤甘平，养血安神、祛风通络，主治**血虚失眠多梦**、血虚身痛、风湿痹痛及皮肤瘙痒（煎汤外洗）。**详解**：失眠配酸枣仁、柏子仁；血虚身痛配当归、鸡血藤；皮肤瘙痒配白鲜皮、地肤子煎洗。,,
q030,不得眠,classical,yuanzhi_001,中国药典（2025年版）一部,安神药,远志,据《中国药典》2025 年版一部：远志为远志科植物远志 Polygala tenuifolia Willd. 或卵叶远志 Polygala sibirica L. 的干燥根（药用部位：根）。性味苦、辛，温；归心、肾、肺经。功能与主治：安神益智，交通心肾，祛痰，消肿；用于心肾不交引起的失眠多梦，健忘惊悸，神志恍惚，咳痰不…,**简明**：远志辛苦温，安神益智、交通心肾、祛痰消肿，主治**心肾不交**之失眠健忘惊悸、痰多不爽及疮肿乳痈。**详解**：失眠健忘配石菖蒲、茯苓（安神定志丸）；咳痰配桔梗、杏仁；乳痈肿痛外用捣敷。**蜜炙减刺激（生品刺激胃）**；胃溃疡者慎用。,,
q030,不得眠,classical,yangxueshenwan_001,《中国药典》一部/药品说明书（要点归纳）,补益剂/中成药,养血安神丸·养血安神,据现行版《中国药典》一部与药品说明书要点归纳：本品由首乌藤、鸡血藤、熟地黄、地黄、合欢皮、墨旱莲等组成，具养血安神之功，用于头眩心悸、失眠多梦。用法用量按说明书口服。,养血安神丸为养血安神类中成药，用于阴血不足之头眩心悸、失眠多梦。本品偏凉润，脾胃虚寒、大便溏泄者慎用。服药期间不宜浓茶咖啡，宜规律作息；失眠长期不愈、伴严重心悸或情绪低落者应就医。本条目为中成药，请按说明书或在医师指导下使用。,,
q030,不得眠,classical,zhushaanshen_001,《方剂学》规划教材（要点归纳）,安神剂,朱砂安神丸·镇心清热安神,"传统方歌：""朱砂安神东垣方，归连甘草合地黄，怔忡不寐心烦乱，清热养阴可复康。""（《内外伤辨惑论》方，据教材要点归纳：朱砂约另研水飞为衣，黄连、生地、当归、炙甘草各约常用量，为丸或汤服。）",朱砂安神丸为重镇安神代表方，主治心火亢盛、阴血不足之失眠心烦。本方含朱砂，不宜久服多服。本方为要点归纳，供参考；具体用药请遵医嘱。,,
q030,不得眠,classical,cishi_001,中国药典（2025年版）一部,安神药,磁石,据《中国药典》2025 年版一部：磁石为氧化物类矿物尖晶石族磁铁矿，主含四氧化三铁（Fe3O4）（药用部位：矿物）。性味咸，寒；归肝、心、肾经。功能与主治：镇惊安神，平肝潜阳，聪耳明目，纳气平喘；用于惊悸失眠，头晕目眩，视物昏花，耳鸣耳聋，肾虚气喘。用法与用量：9～30g，先煎。贮藏：置干燥处。  **【古注】】 《神…,**简明**：磁石咸寒，镇惊安神、平肝潜阳、聪耳明目、纳气平喘（**重镇潜降、益肾**），主治心悸失眠、头晕目眩、耳鸣耳聋及肾虚喘促。**详解**：心悸失眠配朱砂、神曲（磁朱丸）；肝阳眩晕配石决明、牡蛎；肾虚耳鸣配熟地黄、山茱萸；肾不纳气配五味子、沉香。**入汤剂先煎**；脾胃虚弱者慎用。,,
q030,不得眠,classical,nanjing_046,难经,第四十六难,第四十六难,曰：老人卧而不寐，少壮寐而不寤者，何也？  然：经言少壮者，血气盛，肌肉滑，气道通，营卫之行不失于常，故昼日精，夜不寤也。老人血气衰，肌肉不滑，营卫之道涩，故昼日不能精，夜不得寐也。故知老人不得寐也。,本难释老人不寐、少壮不寤之理。少壮血气盛、肌肉滑、气道通，营卫不失常故昼精夜不寤；老人血气衰、气道涩，故昼不精夜不寐。,,
q030,不得眠,classical,tiandanxuwu_001,中医养生（古籍要义归纳）,起居情志,恬淡虚无·精神内守病安从来,"《素问·上古天真论》：""恬淡虚无，真气从之；精神内守，病安从来？是以志闲而少欲，心安而不惧，形劳而不倦，气从以顺，各从其欲，皆得所愿。""（公有领域原文。）","恬淡虚无是中医养神养生的最高原则，源出《素问·上古天真论》，主张心境清净、少思寡欲、心安不惧，使真气和顺、精神内守而不耗散。其要领并非消极避世，而是减少过度的欲望与情志扰动，遇事从容、日常有节、劳逸结合，配合静坐、调息、读书、近自然等以收摄心神。古人认为""得神者昌，失神者亡""，神不守舍则正气渐耗。作为古代调神文化与养心…",,
q030,不得眠,classical,shuimianweisheng_001,中医养生（古籍要义归纳）,起居情志,睡眠卫生·作息规律寝卧有节,"《素问·四气调神大论》论四时卧起各有早晚；清·曹庭栋《老老恒言·昼卧》谓""寐有定时……寝不得过饱，卧不得多思""，主张寝兴有常、睡前节饮食、去思虑。（公有领域要点归纳。）","睡眠卫生是中医起居养生的重要内容，主张作息规律、寝卧有节。其要在于：一、定时作息，随季节调整卧起时间，避免熬夜与晨昏颠倒；二、睡前不宜饱食、过饮浓茶咖啡，不宜剧烈活动或情绪激动；三、上床后宜收心敛神，少思虑、少看手机，做到""先睡心、后睡眼""；四、卧室宜安静、光线柔和、温度适宜。良好的睡眠习惯有助于日间精力恢复与心神安宁…",,
q030,不得眠,classical,anshenbunaoye_001,《中国药典》一部/药品说明书（要点归纳）,补益剂/中成药,安神补脑液·生精补髓益气养血强脑安神,据现行版《中国药典》一部与药品说明书要点归纳：本品由鹿茸、制何首乌、淫羊藿、干姜、甘草、大枣、维生素B1等组成，具生精补髓、益气养血、强脑安神之功，用于肾精不足、气血两亏所致头晕、健忘、失眠、乏力；神经衰弱见上述证候者。用法用量按说明书口服。,安神补脑液为补肾益精、养血安神类中成药，用于肾精不足、气血两亏之头晕健忘失眠乏力。方含鹿茸、淫羊藿等温肾之品，阴虚火旺、高血压、感冒发热者不宜；服药期间忌浓茶咖啡。失眠长期不愈或伴严重症状者应就医。本条目为中成药，请按说明书或在医师指导下使用。,,
q030,不得眠,classical,lingshu_071,灵枢经,邪客篇七十一,邪客篇七十一,黄帝问于伯高曰：夫邪气之客人也，或令人目不瞑、不卧出者，何气使然？ 伯高曰：五谷入于胃也，其糟粕津液宗气，分为三隧：故宗气积于胸中，出于喉咙，以贯心脉，而行呼吸焉；营气者，泌其津液，注之于脉，化以为血，以荣四末，内注五脏六腑，以应刻数焉；卫气者，出其悍气之慓疾，而先行于四末分肉皮肤之间，而不休者也，昼日行于阳，夜行于阴…,本篇论目不瞑不卧之因治及人应天地、八虚候脏。厥气客于五脏六腑，卫气独行于阳不得入阴，阳盛阴虚故目不瞑。治用半夏汤，以千里流水扬之万遍，炊苇薪，煮秫米、半夏，徐炊取一升半汁，日三稍益，新发者复杯即卧。又论人肢节应天地（头圆足方、两目应日月等）。详述手太阴、心主脉出入屈折。少阴独无俞，邪在心者皆在心包络。八虚（肘腋髀腘）以…,,
q030,不得眠,classical,hupo_001,中国药典（2025年版）一部,安神药,琥珀,据《中国药典》2025 年版一部：琥珀为古代松科植物（如松属 Pinus 植物）的树脂埋藏地下经年久转化而成的化石样物质（药用部位：树脂化石）。性味甘，平；归心、肝、膀胱经。功能与主治：镇惊安神，活血散瘀，利尿通淋；用于心悸失眠，惊风癫痫，血滞经闭，癥瘕疼痛，产后瘀阻腹痛，癃闭，血淋，石淋，痈疽疮毒。用法与用量：1.5…,**简明**：琥珀甘平，镇惊安神、活血散瘀、利尿通淋，主治心悸失眠、惊风癫痫、瘀血经闭癥瘕及血淋石淋。**详解**：心悸失眠配酸枣仁、远志；惊风配朱砂、天竺黄（琥珀抱龙丸）；血淋配蒲黄、海金沙。**不入煎剂，研末冲服（1.5～3g）**。,,
q030,不得眠,classical,sunsimiao13guixue_001,针灸大成,经络腧穴/刺法歌括,孙思邈十三鬼穴歌,百邪颠狂所为病，针有十三穴须认。凡针之体先鬼宫，次针鬼信无不应。一一从头逐一求，男从左起女从右。一针人中鬼宫停，左边下针右出针；第二手大指甲下，名鬼信刺三分深；三针足大指甲下，名曰鬼垒入二分；四针掌后大陵穴，入针五分为鬼心；五针申脉为鬼路，火针三下七锃锃；第六却寻大椎上，入发寸许名鬼枕；七针耳下齿近边，名为鬼床须审的；…,此歌括孙思邈所传十三鬼穴，专治癫狂、痫证等神志疾患。十三穴依次为人中（鬼宫）、少商（鬼信）、隐白（鬼垒）、大陵（鬼心）、申脉（鬼路）、风府（鬼枕）、颊车（鬼床）、承浆（鬼市）、劳宫（鬼腿）、上星（鬼堂）、会阴（鬼藏）、舌下紫脉（鬼封）、男阴/女乳（鬼窟）。针刺顺序男先左女先右，多用点刺或火针，为古代治疗精神神志病之经验…,,
q030,不得眠,classical,tianwangbuxindan_002,《中国药典》一部/药品说明书（要点归纳）,补益剂/中成药,天王补心丹（成方制剂）·滋阴养血补心安神,据现行版《中国药典》一部与药品说明书要点归纳：本品由丹参、当归、石菖蒲、党参、茯苓、五味子、麦冬、天冬、地黄、玄参、远志（制）、酸枣仁（炒）、柏子仁、桔梗、甘草、朱砂等组成，具滋阴养血、补心安神之功，用于心阴不足，症见心悸健忘、失眠多梦、大便干燥。用法用量按说明书口服。,天王补心丹（成药）为滋阴养血、补心安神类中成药，用于心阴不足之心悸健忘、失眠多梦。本品含朱砂，不宜长期或过量服用，肝肾功能不全者慎用；脾胃虚寒、纳呆便溏者不宜。失眠伴严重心悸、情绪低落或长期不愈者应就医。本条目为中成药，请按说明书或在医师指导下使用。,,
q030,不得眠,classical,zhenzhu_001,中国药典（2025年版）一部,安神药,珍珠,据《中国药典》2025 年版一部：珍珠为珍珠贝科动物马氏珍珠贝 Pteria martensii (Dunker)、蚌科动物三角帆蚌 Hyriopsis cumingii (Lea) 或褶纹冠蚌 Cristaria plicata (Leach) 等双壳类动物受刺激形成的珍珠（药用部位：珍珠）。性味甘、咸，寒；归心、肝…,**简明**：珍珠甘咸寒，安神定惊而明目消翳、解毒生肌，为治惊悸失眠、目翳疮疡的常用药。。**详解**：惊悸失眠配酸枣仁、柏子仁；惊风癫痫配钩藤、天麻；目生云翳研极细粉点眼；疮疡不敛研末外掺。,,
q031,积聚,classical,snb_shuizhi_001,神农本草经,下经,水蛭,水蛭，味咸，平。主逐恶血瘀血，月闭，破血瘕积聚，无子，利水道。生池泽。,水蛭咸苦平有毒，破血逐瘀、通经消癥，力峻效捷，主治瘀血经闭、癥瘕积聚、跌打损伤及中风偏瘫。其破血之力甚猛，孕妇、体虚无瘀及出血倾向者忌用，须滑石炒炙减毒入丸散，不宜久服。,,
q031,积聚,classical,snb_daji_001,神农本草经,下经,大戟,大戟，味苦，寒。主蛊毒，十二水，腹满急痛，积聚，中风，皮肤疼痛，吐逆。生川泽。,大戟苦寒有毒，泻水逐饮，兼消肿散结，善治水肿胀满、胸腹积水、痰饮积聚、痈肿瘰疬。其性峻烈，能损真气，孕妇及体虚者忌用；反甘草，不可同用，不宜久服。,,
q031,积聚,classical,snb_xuanshen_001,神农本草经,中经,玄参,玄参，味苦，微寒。主腹中寒热积聚，女子产乳余疾，补肾气，令人目明。,玄参苦甘咸微寒，清热凉血、滋阴降火、解毒散结，主治热入营血、温毒发斑、咽喉肿痛、痈肿疮毒及阴虚骨蒸。本经主腹中积聚、补肾气、明目，取其滋阴降火软坚之功。,,
q031,积聚,classical,snb_huzhang_001,神农本草经,下经,虎掌,虎掌，味苦，温。主心痛，寒热，结气，积聚，伏梁，伤筋痿拘缓，利水道。生山谷。,虎掌（今之掌叶半夏/虎掌南星）苦温有毒，功同南星而偏祛风化痰、散结定惊，主治风痰壅盛、口眼㖞斜、癫痫惊风、瘰疬结核等。须炮制（如制南星）以减毒性，孕妇及阴虚燥痰者忌用，不可生服过量。,,
q031,积聚,classical,snb_tingli_001,神农本草经,下经,葶苈,葶苈，味辛，寒。主癥瘕积聚结气，饮食寒热，破坚逐邪，通利水道。生平泽。,葶苈子辛苦大寒，泻肺平喘、行水消肿，专泻肺中水饮痰火，主治痰涎壅肺、喘咳痰多、水肿悬饮、胸腹积水、小便不利。性峻泻，肺虚喘咳、脾虚肿满者慎服，不宜久服。,,
q031,积聚,classical,snb_kushen_001,神农本草经,中经,苦参,苦参，味，寒。主心腹结气，症瘕积聚，黄疸，溺有余沥，逐水，除痈肿，补中，明目止泪。,苦参苦寒，清热燥湿、杀虫利尿，主治湿热泻痢、黄疸、带下、皮肤瘙痒疥癣及小便不利。本经主心腹结气、症瘕积聚、溺有余沥，皆取其清热散结、利水燥湿之功。,,
q031,积聚,classical,snb_malu_001,神农本草经,下经,马陆,马陆，味辛，温。主腹中大坚癥，破积聚，息肉，恶创，白秃。一名百足。生川谷。,马陆（圆马陆科多种山蛩类，俗称千足虫）辛温有毒，破积解毒，兼外用蚀恶肉、杀虫，主治腹中癥瘕积聚、恶疮息肉、白秃。其毒性较强，分泌液可刺激皮肤黏膜，多作外用，内服须严格炮制减量，孕妇及体虚者忌用，不可久服。,,
q031,积聚,classical,snb_tianshushi_001,神农本草经,中经,天鼠屎,天鼠屎，味辛，寒。主面痈肿，皮肤洗洗时痛，腹中血气，破寒热积聚，除惊悸。,天鼠屎即夜明砂，辛寒，消积活血散瘀、明目，主治目赤白翳、跌打积聚及惊疳。本经主面痈肿、皮肤时痛、破寒热积聚，取其散瘀消积明目之功。,,
q031,积聚,classical,snb_yangtao_001,神农本草经,下经,羊桃,羊桃，味苦，寒。主熛热，暴赤色，风水积聚，恶疮，小儿热瘛。一名鬼桃。生川谷。,羊桃（古药名，一说为猕猴桃科软枣猕猴桃或猕猴桃茎汁，后世品种考订不一）苦寒，清热祛风、利水杀虫，主治风热赤皮、风水积聚、恶疮及小儿热惊瘛疭。今临床少用，须明辨品种，不可盲目久服。,,
q031,积聚,classical,snb_shuqi_001,神农本草经,下经,蜀漆,蜀漆，味辛，平。主疟及咳逆寒热，腹中癥坚痞结，积聚邪气，蛊毒鬼疰。生川川泽。,蜀漆为常山之嫩苗（枝叶），辛平有毒，功用与常山相近而祛痰截疟之力尤峻，主治疟疾寒热、痰饮积聚、癥瘕痞结。其催吐之性较常山更烈，体虚及孕妇忌用，须炮制减量，不可轻投久服。,,
q031,积聚,classical,snb_mahuang_001,神农本草经,中经,麻黄,麻黄，味苦，温。主中风伤寒头痛，温疟，发表出汗，去邪热气，止咳逆上气，除寒热，破症坚积聚。,麻黄辛温发散，为发汗解表、宣肺平喘之要药，主治外感风寒表实无汗、咳嗽气喘及风水水肿。本经兼主症坚积聚，取其温通破滞之功。,,
q031,积聚,classical,snb_tianxiong_001,神农本草经,下经,天雄,天雄，味辛，温。主大风，寒湿痹，历节痛，拘挛缓急，破积聚邪气，金创，强筋骨，轻身健行。生山谷。,天雄乃乌头、附子独生修长不生子者，性味功用与附子相近而更长于散风寒湿邪、助阳强筋骨，主治风寒湿痹、历节疼痛、筋骨痿弱。其有毒，须炮制、先煎，阴虚阳旺及孕妇忌用，不可过量久服。,,
q031,积聚,classical,snb_gansui_001,神农本草经,下经,甘遂,甘遂，味甘，寒。主大腹疝瘕，腹满，面目浮肿，留饮宿食，破癥坚积聚，利水谷道。一名主田。生川谷。,甘遂苦寒降泄，泻水逐饮之力峻猛，善行经隧之水湿，主治水肿胀满、留饮胸胁、痰饮积聚、二便不利等。其有毒，醋制减毒，孕妇及体虚者忌用，中病即止，不可久服。,,
q031,积聚,classical,snb_chaihu_001,神农本草经,上经,柴胡,柴胡，味苦，平。主心腹，去肠胃中结气，饮食积聚，寒热邪气，推陈致新。久服，轻身明目益精。一名地薰。生川谷。,柴胡苦辛微寒，和解表里、疏肝升阳，主治感冒发热、寒热往来、胸胁胀痛、月经不调、脱肛阴挺。,,
q031,积聚,classical,snb_fuzi_001,神农本草经,下经,附子,附子，味辛，温。主风寒咳逆邪气，温中，金创，破癥坚积聚血瘕，寒湿踒躄，拘挛膝痛，不能行步。生山谷。,附子辛甘大热，有毒，回阳救逆第一要药，兼补火助阳、散寒止痛，主治亡阳厥逆、脾肾阳虚、寒湿痹痛等。须炮制（制附片）并先煎久煎以减毒，孕妇及阴虚阳亢者忌用，反半夏、瓜蒌、贝母、白蔹、白及，不可过量久服。,,
q031,积聚,classical,snb_danshen_001,神农本草经,上经,丹参,丹参，味苦，微寒。主心腹邪气，肠鸣幽幽如走水，寒热积聚，破癥除瘕，止烦满，益气。一名郄蝉草。生川谷。,丹参苦微寒，活血祛瘀、通经止痛、清心除烦、凉血消痈，主治胸痹心痛、月经不调、癥瘕积聚、心烦不眠及疮疡肿痛。反藜芦。,,
q031,积聚,classical,snb_wutou_001,神农本草经,下经,乌头,乌头，味辛，温。主中风，恶风，洗洗，出汗，除寒湿痹，咳逆上气，破积聚寒热。其汁，煎之，名射罔，杀禽兽。生山谷。,川乌（乌头）辛苦温，有大毒，祛风除湿、温经散寒止痛，善治风寒湿痹、关节疼痛、心腹冷痛及跌打伤痛。须炮制、先煎久煎，孕妇忌用，反半夏、瓜蒌、贝母、白蔹、白及；其汁煎名射罔，毒性尤烈，仅供外用。,,
q031,积聚,classical,nanjing_055,难经,第五十五难,第五十五难,曰：病有积、有聚，何以别之？  然：积者，阴气也；聚者，阳气也。故阴沉而伏，阳浮而动。气之所积，名曰积；气之所聚，名曰聚。故积者，五脏所生；聚者，六腑所成也。积者，阴气也，其始发有常处，其痛不离其部，上下有所终始，左右有所穷处；聚者，阳气也，其始发无根本，上下无所留止，其痛无常处谓之聚。故以是别知积聚也。,本难辨积聚。积者阴气，五脏所生，始发有常处、痛不离部；聚者阳气，六腑所成，始发无根本、痛无常处。,,
q031,积聚,classical,snb_dahuang_001,神农本草经,下经,大黄,大黄，味苦，寒。主下瘀血，血闭，寒热，破癥瘕积聚，留饮宿食，荡涤肠胃，推陈致新，通利水谷，调中化食，安和五脏。生河西山谷。,大黄苦寒沉降，走而不守，为泻下攻积、荡涤肠胃之要药，兼能泻火凉血、逐瘀通经。主治实热积滞便秘、瘀血经闭、癥瘕积聚、热毒疮疡等。其性峻猛，孕妇、哺乳期及脾胃虚寒者慎用，不宜久服。,,
q031,积聚,classical,snb_gandihuang_001,神农本草经,上经,干地黄,干地黄，味甘，寒。主折跌绝筋，伤中，逐血痹，填骨髓，长肌肉，作汤除寒热积聚，除痹。生者尤良。久服，轻身不老。一名地髓。生川泽。,干地黄甘寒，清热凉血、养阴生津，主治热入营血、阴虚内热、骨蒸劳热。本经以生者为优，后世熟地黄经炮制后转为补血滋阴之品。,,
q031,积聚,classical,fushe_001,针灸学,足太阴脾经,府舍,出《针灸甲乙经》。,府舍属足太阴脾经，定位在下腹部，当脐中下4寸，冲门上方0.7寸，距前正中线4寸。主治腹痛、疝气、积聚。刺法：直刺1～1.5寸；可灸。,,
q031,积聚,classical,nanjing_018,难经,第十八难,第十八难,曰：脉有三部，部有四经，手有太阴、阳明，足有太阳、少阴，为上下部，何谓也？  然：手太阴、阳明金也，足少阴、太阳水也，金生水，水流下行而不能上，故在下部也。  足厥阴、少阳木也，生手太阳、少阴火，火炎上行而不能下，故为上部。  手心主、少阳火，生足太阴、阳明土，土主中宫，故在中部也。  此皆五行子母更相生养者也。  脉…,本难论三部九候及脏腑配属。寸关尺三部各浮中沉三候，上部主胸上至头、中部主膈至脐、下部主脐下至足；又以结伏脉诊积聚痼疾，脉不应病为死。,,
q031,积聚,classical,xiaoyelian_001,中国药典（2025年版）一部,活血化瘀药,小叶莲,据《中国药典》2025 年版一部：小叶莲为小檗科植物桃儿七 Sinopodophyllum hexandrum (Royle) Ying 的干燥成熟果实（药用部位：成熟果实）。性味甘，温；归肝、脾经。功能与主治：活血化瘀，燥湿；用于血瘀经闭，癥瘕，难产，死胎不下，产后瘀阻腹痛。用法与用量：3～6g。外用适量。注意：孕妇…,**简明**：小叶莲甘温，活血化瘀而燥湿，为藏药治经闭癥瘕、难产死胎的常用药。。**详解**：血瘀经闭配当归、红花；癥瘕积聚配三棱、莪术；产后瘀阻腹痛配蒲黄、五灵脂。**孕妇忌用**。,,
q031,积聚,classical,bafa_001,《中医基础理论》规划教材（要点归纳）,治则治法,八法·汗吐下和温清消补八种基本治法,八法，是清代程钟龄在《医学心悟》中概括的中医八种基本治法：汗法、吐法、下法、和法、温法、清法、消法、补法。汗法祛邪解表，吐法涌吐痰食，下法通泻里实，和法和解表里，温法温散里寒，清法清泄里热，消法消散积聚，补法补益正气。临床常两法或多法配合使用。,八法是中医治法体系的总纲，把纷繁治法归纳为汗、吐、下、和、温、清、消、补八类。它与八纲辨证相对应——表用汗、里用下、寒用温、热用清、虚用补、实用消下。临床极少单用一法，多配合运用。学习时应把八法与八纲、常用方剂联系起来记。,,
q031,积聚,classical,shancigu_001,中国药典（2025年版）一部,清热药,山慈菇,据《中国药典》2025 年版一部：山慈菇为兰科植物杜鹃兰 Cremastra appendiculata (D. Don) Makino、独蒜兰 Pleione bulbocodioides (Franch.) Rolfe 或云南独蒜兰 Pleione yunnanensis Rolfe 的干燥假鳞茎（药用部位：假鳞茎…,**简明**：山慈菇甘微辛寒，清热解毒、化痰散结，主治痈肿疔毒、瘰疬痰核、癥瘕痞块及蛇伤。**详解**：痈肿疮毒醋磨外敷或配金银花、连翘；瘰疬痰核配夏枯草、浙贝母；癥瘕积聚配莪术、三棱（现代用于肿瘤）。正虚体弱者慎用。,,
q031,积聚,classical,jingdaji_001,中国药典（2025年版）一部,泻下药,京大戟,据《中国药典》2025 年版一部：京大戟为大戟科植物大戟 Euphorbia pekinensis Rupr. 的干燥根（药用部位：根）。性味苦，寒；有毒；归肺、脾、肾经。功能与主治：泻水逐饮，消肿散结；用于水肿胀满，胸腹积水，痰饮积聚，气逆喘咳，二便不利，痈肿疮毒，瘰疬痰核。用法与用量：1.5～3g，入丸散服，每次 …,**简明**：京大戟苦寒有毒，泻水逐饮、消肿散结，主治水肿腹满、胸腹积水、痰饮积聚及痈肿瘰疬。**详解**：胸腹积水配甘遂、芫花（十枣汤）；痈肿瘰疬醋磨外敷或配连翘、夏枯草。**有毒**，内服宜醋制，1.5～3g；**反甘草**，孕妇禁用，体弱者忌用。,,
q031,积聚,classical,hailong_001,中国药典（2025年版）一部,补虚药,海龙,据《中国药典》2025 年版一部：海龙为海龙科动物刁海龙 Solenognathus hardwickii (Gray)、拟海龙 Syngnathoides biaculeatus (Bloch) 或尖海龙 Syngnathus acus Linnaeus 的干燥体（药用部位：干燥体）。性味甘、咸，温；归肝、肾经。功能…,**简明**：海龙甘咸温，温肾壮阳而散结消肿，功似海马而力更峻，为治阳痿与癥瘕的常用药。。**详解**：阳痿遗精配鹿茸、菟丝子；癥瘕积聚配三棱、莪术；瘰疬痰核配夏枯草、玄参；跌打损伤研末外敷。**孕妇忌用**；阴虚火旺者忌服。,,
q031,积聚,classical,beiliujinu_001,中国药典（2025年版）一部,活血化瘀药,北刘寄奴,据《中国药典》2025 年版一部：北刘寄奴为玄参科植物阴行草 Siphonostegia chinensis Benth. 的干燥全草（药用部位：全草）。性味苦，寒；归心、肝、脾经。功能与主治：活血祛瘀，通经止痛，凉血止血；用于跌打损伤，瘀血经闭，月经不调，产后瘀痛，癥瘕积聚，外伤出血。用法与用量：6～9g。外用适量。…,**简明**：北刘寄奴苦寒，活血祛瘀而通经止痛、凉血止血，为治跌打瘀痛与血热出血的常用药。。**详解**：跌打损伤配三七、乳香；瘀血经闭配当归、桃仁、红花；癥瘕积聚配三棱、莪术；外伤出血研末外敷。**孕妇慎用**；血虚无瘀者忌用。,,
q031,积聚,classical,haima_001,中国药典（2025年版）一部,补虚药,海马,据《中国药典》2025 年版一部：海马为海龙科动物线纹海马 Hippocampus kelloggi Jordan et Snyder、刺海马 Hippocampus histrix Kaup、大海马 Hippocampus kuda Bleeker、三斑海马 Hippocampus trimaculatus Leac…,**简明**：海马甘咸温，温肾壮阳而散结消肿，为治阳痿遗精、癥瘕积聚的常用药。。**详解**：肾阳虚衰、阳痿遗精配鹿茸、菟丝子、淫羊藿；遗尿配桑螵蛸、益智；癥瘕积聚配三棱、莪术；跌打损伤、痈肿可研末外敷。**孕妇忌用**；阴虚火旺者忌服。,,
q031,积聚,classical,jiju_001,中医内科学,肝胆系病证,积聚,"积聚是腹内结块、或痛或胀的病证。积属有形，结块固定不移，痛有定处，病在血分，为脏病；聚属无形，聚散无常，痛无定处，病在气分，为腑病。《灵枢·五变》：""人之善病肠中积聚者……皮肤薄而不泽，肉不坚而淖泽，如此则肠胃恶，恶则邪之留止，积聚乃伤。""《金匮要略·五脏风寒积聚病脉证并治》对积聚治则有所阐发。教材以聚、积分证论治。",积聚的病位主要在肝脾，基本病机为气机阻滞、瘀血内结。辨证首分聚证与积证：聚证病在气分，病程较短，病情较轻；积证病在血分，结块有形，病程较长，病情较重。聚证再辨肝气郁结与食滞痰阻；积证按初、中、末三期辨气滞血阻、瘀血内结、正虚瘀结。分证论治：聚证肝气郁结治以疏肝解郁、行气散结，方用逍遥散；食滞痰阻治以理气化痰、导滞散结，…,,
q031,积聚,classical,nanjing_056,难经,第五十六难,第五十六难,曰：五脏之积，各有名乎？以何月、何日得之？  然：肝之积，名曰肥气，在左胁下，如覆杯，有头足。久不愈，令人发咳逆，疟，连岁不已。以季夏戊己日得之。何以言之？肺病传于肝，肝当传脾，脾季夏适王，王者不受邪，肝复欲还肺，肺不肯受，故留结为积。故知肥气以季夏戊己日得之，心之积，名曰伏梁，起脐上，大如臂，上至心下。久不愈，令人病…,本难详述五脏之积。肝积肥气在左胁下如覆杯，心积伏梁起脐上大如臂，脾积痞气在胃脘覆如盘，肺积息贲在右胁下覆如杯，肾积贲豚发少腹上至心下如豚状；各以相克之脏王日留结而成。,,
q031,积聚,classical,shenqu_001,中国药典（2025年版）一部,消食药,六神曲,据《中国药典》2025 年版一部：六神曲为辣蓼、青蒿、杏仁泥、赤小豆、鲜苍耳草加入面粉（或麦麸）混合后经发酵而成的加工品（药用部位：发酵加工品）。性味甘、辛，温；归脾、胃经。功能与主治：健脾和胃，消食调中；用于饮食停滞，胸痞腹胀，呕吐泻痢，小儿腹大坚积。用法与用量：6～15g。贮藏：置通风干燥处，防潮，防蛀。  **【…,**简明**：六神曲甘辛温，健脾和胃、消食调中，善消**面食酒积**，主治饮食停滞、胸痞腹胀、呕吐泻痢。**详解**：食积配山楂、麦芽（保和丸）；脾虚食滞配白术、枳实（曲麦枳术丸）；兼表证配解表药。炒焦消食力强。,,
q031,积聚,classical,lingshu_066,灵枢经,百病始生篇六十六,百病始生篇六十六,黄帝问于岐伯曰：夫百病之始生也，皆生于风雨寒暑，清湿喜怒。喜怒不节则伤脏，风雨则伤上，清湿则伤下。三部之气，所伤异类，愿闻其会。 岐伯曰：三部之气各不同，或起于阴，或起于阳，请言其方。喜怒不节则伤脏，脏伤则病起于阴也；清湿袭虚，则病起于下；风雨袭虚，则病起于上，是谓三部。至于其淫泆，不可胜数。 黄帝曰：余固不能数，故问…,本篇论百病发生发展规律。风雨寒热不得虚邪不能独伤人，必因虚邪之风与身形两虚相得乃客其形。邪由皮肤→络脉→经→输→伏冲脉→肠胃→募原，渐次深入而成积。积之始生得寒乃生，厥乃成积：寒客肠外汁沫与血相搏凝聚而成。又论三部所伤：喜怒伤脏起于阴、清湿伤下、风雨伤上；忧思伤心、重寒伤肺、忿怒伤肝等。治当察痛知应、补泻当其时。,,
q031,积聚,classical,geshanxiao_001,《中药学》（清华社）· 药典外品种,补虚药,隔山消,据清华社《中药学》：隔山消为萝藦科植物隔山消 Cynanchum wilfordii (Maxim.) Hemsl. 的干燥块根（药用部位：块根）。性味甘、苦，平；归脾、胃、肝经。功能与主治：消食健胃，理气止痛；用于食积不化，脘腹胀痛，胁痛。用法与用量：6～15g。外用适量。贮藏：置通风干燥处。,**简明**：隔山消甘苦平，消食健胃而理气止痛，为治食积脘胀与胁痛的常用药。。**详解**：食积不化配山楂、神曲、莱菔子；脘腹胀痛配木香、延胡索；胁痛配柴胡、郁金。,,
q031,积聚,classical,zongqi_001,《中医基础理论》规划教材（要点归纳）,气血津液,宗气·积于胸上走息道贯心脉,"宗气，是积于胸中的气，又称大气。宗气由肺吸入的自然界清气与脾胃运化的水谷精气相结合而成，聚于胸中""气海""（膻中）。宗气功能：上走息道，推动呼吸、语言、声音；贯心脉，推动心血运行。",宗气积于胸中，关系到呼吸、语言、声音与血行。宗气充则呼吸调匀、语言清晰、血行有力；宗气虚则呼吸气短、语声低怯、血行无力。理解宗气，有助于把握肺与心在气血运行中的协同作用。本条为基础理论，不涉及具体诊疗。,,
q031,积聚,classical,bahuixue_001,针灸大成,经络腧穴/刺法歌括,八会穴歌,脏会章门腑中脘，髓会绝骨筋阳陵，骨会大杼血膈俞，气会膻中脉太渊。,此歌括八会穴：脏会章门（脾之募穴，五脏皆禀于脾），腑会中脘（胃之募穴，六腑皆禀于胃），气会膻中，血会膈俞，筋会阳陵泉，脉会太渊，骨会大杼，髓会绝骨。凡脏、腑、气、血、筋、脉、骨、髓之病证，均可取相应八会穴施治，为临床辨证取穴之纲领。,,
q031,积聚,classical,danxixuepai_001,中医各家学说,流派,丹溪学派·阳有余阴不足倡导滋阴降火,"《格致余论·阳有余阴不足论》：""人受天地之气以生……阳常有余，阴常不足。""又《相火论》论""天主生物，故恒于动；人有此生，亦恒于动""，主节饮食、色欲以养阴制相火，立大补阴丸、越鞠丸、保和丸诸方。","丹溪学派为金元四大家之一派，由元代朱震亨（号丹溪翁，浙江义乌人）开创，因号得名，又以其主滋阴降火而称""滋阴派""（养阴派）。震亨早岁从许谦研理学，后师罗知悌，融会刘完素火热、李东垣脾胃、张从正攻邪诸家之说，而自出机杼。其核心学说是""阳常有余，阴常不足""与""相火论""：谓人身精血阴液难成易亏，而情欲、色欲、饮食、七情过极易致…",,
q031,积聚,classical,lingshu_002,灵枢经,本输篇第二,本输篇第二,黄帝问于岐伯曰：凡刺之道，必通十二经络之所终始，络脉之所别处，五俞之所留止，六腑之所与合，四时之所出入，五脏之所溜处，阔数之度，浅深之状，高下所至。愿闻其解。 岐伯曰：请言其次也。 肺出于少商，少商者，手大指端内侧也，为井木；溜于鱼际，鱼际者，手鱼也，为荥；注于太渊，太渊，鱼后一寸陷者中也，为俞；行于经渠，经渠，寸口中…,本篇详论十二经脉气血出入流注之所出。逐经列举五脏五俞（井荥俞经）与六腑六俞（井荥俞原经合）的穴名、部位及取法，自肺少商至大肠曲池，奠定后世五输穴体系。又论颈项诸次脉（人迎、扶突等）及脏腑相合（肺合大肠等），末论春取络脉、夏取孙络、秋取合、冬取井俞的四时刺法，与转筋、痿厥之取穴体位。,,
q031,积聚,classical,xiahexue_001,针灸大成,经络腧穴/刺法歌括,下合穴歌,胃合三里上巨虚，大肠合于上廉居，小肠合于下巨虚，膀胱委中三焦委阳，胆合阳陵泉穴是，六腑下合要端的。,"此歌括六腑之下合穴：胃合足三里、大肠合上巨虚、小肠合下巨虚、三焦合委阳、膀胱合委中、胆合阳陵泉。""合治内腑""言六腑病证均可取下肢相应下合穴治疗，如胃病取足三里、肠病取上巨虚/下巨虚、膀胱病取委中，为腑病选穴之重要纲领。",,
q031,积聚,classical,shiwuluomai_001,《中医基础理论》规划教材（要点归纳）,经络,十五络脉·经脉别络与脾之大络,十五络脉，指十二经脉在四肢部各别出一络，加上躯干部位的任脉络（鸠尾）、督脉络（长强）、脾之大络（大包），共十五络脉。络脉从经脉别出后，进一步密布全身为浮络、孙络。络脉加强了表里两经在体表的联系，并输布气血于全身。,十五络脉是经脉别出的较大分支，进一步分化为浮络、孙络，密布全身。络脉在沟通表里、渗灌气血方面起重要作用。理解络脉层次，有助于把握经络系统由经到络、由浅入深的结构。本条为基础理论，不涉及具体诊疗。,,
q031,积聚,classical,jineijin_001,中国药典（2025年版）一部,消食药,鸡内金,据《中国药典》2025 年版一部：鸡内金为雉科动物家鸡 Gallus gallus domesticus Brisson 的干燥砂囊内壁（药用部位：砂囊内壁）。性味甘，平；归脾、胃、小肠、膀胱经。功能与主治：健胃消食，涩精止遗，通淋化石；用于食积不消，呕吐泻痢，小儿疳积，遗尿，遗精，石淋涩痛，胆胀胁痛。用法与用量：3～…,**简明**：鸡内金甘平，健胃消食（消**一切食积**尤宜米面薯芋）、涩精止遗、通淋化石，主治食积疳积、遗尿遗精、胆肾结石。**详解**：食积配山楂、麦芽；遗尿配桑螵蛸、益智仁；结石配金钱草、海金沙。**研末冲服效果优于煎剂**。,,
q031,积聚,classical,zabingxuefade_001,针灸大成,卷之三,杂病穴法歌,杂病随症选杂穴，仍兼原合与八法。经络原会别论详，脏腑俞募当谨始。根结标本理玄微，四关三部识其处。  伤寒一日刺风府，阴阳分经次第取。汗吐下法非有他，合谷内关阴交杵。一切风寒暑湿邪，头疼发热外关起。头面耳目口鼻病，曲池合谷为之主。偏正头疼左右针，列缺太渊不用补。头风目眩项捩强，申脉金门锁手三里。赤眼迎香出血奇，临泣太冲合…,"本篇为明李梴所撰（收入《针灸大成》卷三），以七言歌诀统括杂病取穴大法。首重""原合八法、俞募根结标本、四关三部""为纲；次分伤寒分经（一日太阳风府……）、汗吐下三法（合谷、内关、三阴交）、头面五官诸症（外关、曲池、合谷、迎香、地仓、颊车等）、胸腹腰脚诸痛、疟疾分经、痢疾水肿、疝气淋秘、内伤血证、妇人小儿及痈疽分经。末以""上…",,
q031,积聚,classical,mai_ruoruo_001,中医诊断学,四诊,常见脉（濡·弱·促·结·代）,濡、弱两脉以脉位浅深兼细软为辨；促、结、代三脉以节律不齐为纲。教材归纳：濡主虚证又主湿，弱主气血不足；促主阳热亢盛兼瘀，结主阴寒内盛兼结，代主脏气衰微。,濡脉：浮而细软、如帛在水，轻手相得，按之无力，主虚证，亦主湿证。弱脉：沉而细软、重按乃得，主气血不足、阳气虚衰。促脉：脉来急数、时有一止、止无定数，主阳热亢盛、气血痰食停滞；促而有力为实热，促而无力为虚脱。结脉：脉来缓慢、时有一止、止无定数，主阴盛气结、寒痰瘀血，亦主癥瘕积聚。代脉：脉来一止、止有定数、良久方来、不能自…,,
q031,积聚,classical,nanjing_064,难经,第六十四难,第六十四难,曰：《十变》又言，阴井木，阳井金；阴荥火，阳荥水；阴俞土，阳俞木；阴经金，阳经火；阴合水，阳合土。阴阳皆不同，其意何也？  然：是刚柔之事也。阴井乙木，阳井庚金。阳井庚，庚者，乙之刚也；阴井乙，乙者，庚之柔也。乙为木，故言阴井木也；庚为金，故言阳井金也。余皆仿此。,本难释五输穴阴阳五行配合。阴井木、阳井金，阴荥火、阳荥水……乃刚柔夫妇配合之道，如乙庚相合。,,
q031,积聚,classical,suwen_023,黄帝内经素问,宣明五气篇第二十三,宣明五气篇第二十三,五味所入：酸入肝，辛入肺，苦入心，咸入肾，甘入脾。是谓五入。五气所病：心为噫。肺为咳。肝为语。脾为吞。肾为欠、为嚏。胃为气逆、为哕、为恐。大肠、小肠为泄。下焦溢为水。膀胱不利为癃，不约为遗溺。胆为怒。是谓五病。五精所并：精气并于心则喜，并于肺则悲，并于肝则忧，并于脾则畏，并于肾则恐，是谓五并。虚而相并者也。五脏所恶：心…,本篇集中宣明五脏之气。列举五味所入、五气所病、五精所并、五脏所恶、五脏化液、五味所禁、五病所发、五邪所乱、五脏所藏、五脏所主、五劳所伤、五脉应象等十二类以五脏为纲的归类：心藏神肺藏魄肝藏魂脾藏意肾藏志，久视伤血、久行伤筋等，为五脏功能之纲领。,,
q031,积聚,classical,zhuzhenheng_001,中医各家学说,医家,朱震亨·滋阴派倡阳常有余阴常不足,"《格致余论·阳有余阴不足论》：""人受天地之气以生，天之阳气为气，地之阴气为血，故气常有余，血常不足……阳常有余，阴常不足。""又《茹淡论》主节饮食、色欲以养阴。","朱震亨，字彦修，号丹溪翁，元代婺州义乌人，约生活于公元1281—1358年，为金元四大家之一、滋阴派创始人。少习儒业，后从理学家许谦游，又受罗知悌（刘完素再传、旁通李东垣、张从正之学）指引而业医，融诸家之长而自成一家。其学术以""阳常有余，阴常不足""为核心，谓人身精血阴阴易亏难成，而情欲妄动、相火易亢，故多阴虚火旺之证，…",,
q031,积聚,classical,shuihonghuazi_001,中国药典（2025年版）一部,活血化瘀药,水红花子,据《中国药典》2025 年版一部：水红花子为蓼科植物红蓼 Polygonum orientale L. 的干燥成熟果实（药用部位：成熟果实）。性味咸，微寒；归肝、胃经。功能与主治：散血消癥，消积止痛；用于癥瘕痞块，瘿瘤，食积不消，胃脘胀痛。用法与用量：15～30g。外用适量。贮藏：置干燥处。,**简明**：水红花子咸微寒，散血消癥而消积止痛，为治癥瘕痞块与食积胀痛的常用药。。**详解**：癥瘕痞块配三棱、莪术、鳖甲；瘿瘤配海藻、昆布；食积不消、胃脘胀痛配山楂、莱菔子。,,
q031,积聚,classical,shiwuluoxue_001,针灸大成,经络腧穴/刺法歌括,十五络穴歌,人身络脉一十五，我今逐一从头举：手太阴络名列缺，手少阴络即通里，手厥阴络为内关，手太阳络支正究，手阳明络偏历当，手少阳络外关位，足太阳络号飞扬，足阳明络丰隆止，足少阳络为光明，足太阴络公孙寄，足少阴络名大钟，足厥阴络蠡沟配，阳督之络号长强，阴任之络为尾翳，脾之大络名大包，凡此十五络穴须知。,此歌括十二经脉之别络（手三阴三阳各一）加督脉络长强、任脉络尾翳（鸠尾）、脾之大络大包，共十五络穴。络穴主治相表里经脉之病及络脉壅满、空虚之候，临床既可治本经病，又可治表里经病，为络脉病候辨证选穴之纲领。,,
q032,水气病,classical,jingui_014,金匮要略,水气病脉证并治第十四,水气病脉证并治第十四,（论七首 脉证五条 方八首） 师曰：病有风水、有皮水、有正水、有石水、有黄汗。风水，其脉自浮，外证骨节疼痛，恶风；皮水，其脉亦浮，外证胕肿，按之没指，不恶风，其腹如鼓，不渴，当发其汗；正水，其脉沉迟，外证自喘；石水，其脉自沉，外证腹满不喘；黄汗，其脉沉迟，身发热，胸满，四肢头面肿，久不愈，必致痈脓。 脉浮而洪，浮则为风…,本篇论水气病，分风水、皮水、正水、石水、黄汗五水，并辨血分、气分。治则：腰以下肿当利小便，腰以上肿当发汗。出越婢汤、防己茯苓汤、甘草麻黄汤、芪芍桂酒汤等方；黄汗与风水辨证为篇中重点。,,
q032,水气病,classical,shuizhong_001,中医内科学,肾系病证,水肿,"水肿是体内水液潴留、泛溢肌肤，引起头面、眼睑、四肢、腹背甚至全身浮肿的病证。《素问·水热穴论》：""故其本在肾，其末在肺，皆积水也。""《素问·至真要大论》：""诸湿肿满，皆属于脾。""《金匮要略·水气病脉证并治》分风水、皮水、正水、石水，并提出""诸有水者，腰以下肿，当利小便；腰以上肿，当发汗乃愈""。教材分阳水、阴水论治。",水肿病位在肺脾肾，基本病机为肺失通调、脾失转输、肾失开阖，三脏功能失调，水液停聚泛滥。辨证首辨阳水与阴水：阳水发病急、肿从头面先起、属实属表；阴水发病缓、肿从下肢先起、属虚属里。分证论治：阳水风水相搏治以疏风清热、宣肺行水，方用越婢加术汤；湿毒浸淫治以宣肺解毒、利湿消肿，方用麻黄连翘赤小豆汤；水湿浸渍治以运脾化湿、通阳…,,
q032,水气病,classical,shanghan_307,伤寒论,辨少阴病脉证并治,少阴腹痛小便不利下利脓血桃花汤（第307条）,少阴病，二三日至四五日，腹痛，小便不利，下利不止便脓血者，桃花汤主之。,少阴病二三日至四五日，腹痛、小便不利、下利不止而便脓血，为虚寒滑脱、大肠不约，水气不行。仍以桃花汤温涩固脱，滑止住而便脓血清，小便亦通。,,
q032,水气病,classical,snb_shuiping_001,神农本草经,下经,水萍,水萍，味辛，寒。主暴热，身痒，下水气，胜酒，长须发，止消渴。生池泽。,水萍即今之浮萍，辛寒，发汗解表、透疹止痒、利水消肿，主治外感风热发热无汗、麻疹不透、风疹瘙痒及水肿尿少。其发汗之力较强，自汗、体虚及皮肤干燥者慎用，不宜久服过量。,,
q032,水气病,classical,shanghan_041,伤寒论,辨太阳病脉证并治中,小青龙汤已渴为欲解（第41条）,伤寒，心下有水气，咳而微喘，发热不渴。服汤已渴者，此寒去欲解也。小青龙汤主之。,本条承上辨小青龙汤证服后转归。伤寒心下有水气，咳而微喘、发热不渴者，小青龙汤主之。服汤已渴者，为寒饮去、阳气复、津液一时未布，乃病欲解之兆。,,
q032,水气病,classical,snb_zeqi_001,神农本草经,下经,泽漆,泽漆，味苦，微寒。主皮肤热，大腹水气，四肢面目浮肿，丈夫阴气不足。生川泽。,泽漆（大戟科泽漆全草，俗名猫儿眼睛草）苦微寒，利水消肿、化痰散结，兼解毒杀虫，主治大腹水肿、四肢面目浮肿、痰饮喘咳及瘰疬癣疮。其汁有刺激性，体虚及孕妇忌服，不宜过量久服。,,
q032,水气病,classical,maimendong_001,《方剂学》规划教材（要点归纳）,治燥剂,麦门冬汤·清养肺胃降逆下气,"《金匮要略·肺痿肺痈咳嗽上气病脉证治》：""大逆上气，咽喉不利，止逆下气者，麦门冬汤主之。""（据教材要点归纳：麦门冬约七升、半夏约一升、人参、甘草、粳米、大枣，水煎温服。）",麦门冬汤为清养肺胃、降逆下气之代表方，主治肺胃阴虚、气逆津伤之咳唾涎沫、气喘短气、咽喉不利、口干欲饮。方中半夏虽温，但与大量麦冬相伍则温而不燥，肺胃虚寒、咳逆清稀者不宜。本方为要点归纳，供参考；具体用药请遵医嘱。,,
q032,水气病,classical,xiongbi_001,中医内科学,心系病证,胸痹,《金匮要略·胸痹心痛短气病脉证治》：「胸痹之病，喘息咳唾，胸背痛，短气……瓜蒌薤白白酒汤主之。」又提出「阳微阴弦」病机纲领。（据规划教材《中医内科学·心系病证·胸痹》归纳）,胸痹以胸部闷痛、甚则胸痛彻背、短气、喘息不得卧为主症，病位在心，涉肝、脾、肾，病机为本虚标实——本虚为气、血、阴、阳亏虚，心脉失养；标实为血瘀、痰浊、气滞、寒凝，痹阻心脉。辨证首辨标本虚实之主次。常见证治——心血瘀阻（血府逐瘀汤活血化瘀）、气滞心胸（柴胡疏肝散疏肝理气）、痰浊闭阻（瓜蒌薤白半夏汤合涤痰汤通阳泄浊）、寒凝…,,
q032,水气病,classical,shanghan_316,伤寒论,辨少阴病脉证并治,少阴阳虚水气真武汤（第316条）,少阴病，二三日不已，至四五日，腹痛，小便不利，四肢沉重疼痛，自下利者，此为有水气，其人或咳，或小便利，或下利，或呕者，真武汤主之。 真武汤方 茯苓三两（甘平） 芍药三两（酸平） 生姜三两（切，辛温） 白术二两（甘温） 附子一枚（炮，去皮，破八片，辛热）右五味，以水八升，煮取三升，去滓，温服七合，日三服。(后加减法：若咳…,"少阴病至四五日，腹痛、小便不利、四肢沉重疼痛、自下利，为肾阳虚不能化水、水湿泛滥之""水气""证，或兼咳、呕等。真武汤温阳利水，术附温脾肾，苓芍姜利水敛阴，为少阴阳虚水泛主方。",,
q032,水气病,classical,shanghan_319,伤寒论,辨少阴病脉证并治,少阴下利咳呕渴心烦不得眠猪苓汤（第319条）,少阴病，下利六七日，咳而呕渴，心烦，不得眠者，猪苓汤主之。,少阴病下利六七日，咳而呕渴、心烦不得眠，为少阴热化、阴虚水热互结、水气上泛。猪苓汤滋阴清热利水，利水而不伤阴，滋阴而不恋邪，治阴虚水热互结证。,,
q032,水气病,classical,tiaoqiixue_001,《中医基础理论》规划教材（要点归纳）,治则治法,调理气血·气虚补气气滞理气血虚养血血瘀活血,调理气血，指纠正气血失常，恢复气血协调关系。气虚者补气，气滞者理气，气逆者降气；血虚者养血，血瘀者活血，出血者止血。气病及血、血病及气者，气血并调；气血关系失常者，气血双补或行气活血。,气血是人体生命活动的物质基础和动力，气血失常是基本病机。调理气血即补气、理气、养血、活血等法。本条为治则基础理论，不涉及具体诊疗。,,
q032,水气病,classical,xieliusanjiao_001,温热论,温热论,邪留三焦分消上下,再论气病有不传血分，而邪留三焦，亦如伤寒中少阳病也。彼则和解表里之半，此则分消上下之势，随证变法，如近时杏、朴、苓等类，或如温胆汤之走泄。因其仍在气分，犹可望其战汗之门户，转疟之机括。,温病邪在气分，有不传营血而留恋三焦者，病机近似伤寒少阳，然伤寒少阳以柴胡和解表里，温病夹湿留三焦则宜分消上下之势——用杏仁开上、厚朴畅中、茯苓渗下，或温胆汤之走泄，使三焦气机宣通、湿浊下行，冀其战汗透邪。此为湿温、暑湿流连气分的重要治法。,,
q032,水气病,classical,jingui_008,金匮要略,奔豚气病脉证治第八,奔豚气病脉证治第八,（论二首 方三首） 师曰：病有奔豚，有吐脓，有惊怖，有火邪，此四部病，皆从惊发得之。师曰：奔豚病，从少腹起，上冲咽喉，发作欲死，复还止，皆从惊恐得之。 奔豚气上冲胸，腹痛，往来寒热，奔豚汤主之。 奔豚汤方 甘草 芎穷 当归各二两 半夏四两 黄芩二两 生葛五两 芍药二两 生姜四两 甘李根白皮一升 右九味，以水二斗，煮取五…,本篇论奔豚气病。奔豚从少腹起上冲咽喉、发作欲死，多从惊恐或烧针发汗引发；肝气上冲偏热者主奔豚汤，心阳虚寒气上冲者主桂枝加桂汤，欲作奔豚（脐下悸）主苓桂甘枣汤。,,
q032,水气病,classical,shengjiangxiexintang_001,伤寒论,辨太阳病脉证并治下,生姜泻心汤方,伤寒汗出，解之后，胃中不和，心下痞硬，干噫，食臭，胁下有水气，腹中雷鸣下利者，生姜泻心汤主之。 生姜泻心汤方 生姜四两（切） 甘草三两（炙） 人参三两干姜一两 黄芩三两 半夏半升（洗） 黄连一两大枣十二枚（擘） 上八味，以水一斗，煮取六升，去滓，再煎取三升。温服一升，日三服。附子泻心汤，本云，加附子。半夏泻心汤，甘草泻…,生姜泻心汤即半夏泻心汤减干姜加生姜，重用生姜宣散水气、和胃止呕，主治水饮食滞之痞证，症见心下痞硬、干噫食臭、胁下有水气、腹中雷鸣下利。,,
q032,水气病,classical,xulingtai_002,洄溪医案,痰饮门,徐灵胎·悬饮攻逐案,某，胸胁胀满，咳唾引痛，水气上冲。灵胎辨为悬饮实证，水饮停聚胸胁，非攻逐不去，议用逐水之剂直捣巢穴，得下利而水去，中病即止。,此案辨悬饮水停胸胁为实证，主以攻逐水饮、中病即止。灵胎论饮分虚实，实证敢用峻逐，虚证又主温化，示人攻补须凭脉证，不可偏执一端。,,
q032,水气病,classical,jingui_009,金匮要略,胸痹心痛短气病脉证治第九,胸痹心痛短气病脉证治第九,（论一首 证一首 方十首） 师曰：夫脉当取太过不及，阳微阴弦，即胸痹而痛，所以然者，责其极虚也。今阳虚知在上焦，所以胸痹、心痛者，以其阴弦故也。 平人无寒热，短气不足以息者，实也。 胸痹之病，喘息咳唾，胸背痛，短气，寸口脉沉而迟，关上小紧数，栝蒌薤白白酒汤主之。 栝蒌薤白白酒汤方 栝蒌实一枚（捣） 薤白半斤 白酒七升 …,本篇论胸痹、心痛、短气。病机为阳微阴弦、上焦阳虚阴寒乘之，主以栝蒌薤白白酒汤通阳宣痹；心痛彻背偏寒盛者用乌头赤石脂丸；短气分饮阻（茯苓杏仁甘草汤）与气滞（橘枳姜汤）两型。,,
q032,水气病,classical,feiyong_001,中医内科学,肺系病证,肺痈,《金匮要略·肺痿肺痈咳嗽上气病脉证治》：「咳而胸满振寒，脉数，咽干不渴，时出浊唾腥臭，久久吐脓如米粥者，为肺痈。」又立「始萌可救，脓成则死」之辨，出苇茎汤、桔梗汤等方。（据规划教材《中医内科学·肺系病证·肺痈》归纳）,肺痈为风热邪毒壅滞肺脏，热伤肺络，肉腐血败而成脓疡之内痈，临床以骤起寒战高热、咳嗽胸痛、咯吐大量腥臭黄绿色浊痰，甚则脓血相兼为特征。辨证按病程分四期：初期（表证期，银翘散疏风清肺）；成痈期（寒战壮热、咳吐浊痰，千金苇茎汤合如金解毒散清热解毒、化瘀消痈）；溃脓期（咯吐大量脓血痰、腥臭异常，加味桔梗汤排脓解毒，为病情顺逆转…,,
q032,水气病,classical,zhenwutang_001,伤寒论,辨太阳病脉证并治中,真武汤方,太阳病发汗，汗出不解，其人仍发热，心下悸，头眩，身目闰 动，振振欲擗地者，真武汤主之。,真武汤主治脾肾阳虚、水气内停之证，症见小便不利、四肢沉重疼痛、肢体浮肿、腹痛下利、头眩心悸。附子温肾助阳为君，白术、茯苓健脾利水，生姜温散水气，芍药利小便、缓急止痛。,,
q032,水气病,classical,feizhang_001,中医内科学,肺系病证,肺胀,《灵枢·胀论》：「肺胀者，虚满而喘咳。」《金匮要略·肺痿肺痈咳嗽上气病脉证治》：「咳而上气，烦躁而喘，脉浮者，心下有水，小青龙加石膏汤主之。」对本病主症及水饮凌心射肺之变已有认识。（据规划教材《中医内科学·肺系病证·肺胀》归纳）,肺胀系多种慢性肺系疾患反复发作、迁延不愈，致肺脾肾三脏虚损、痰瘀潴留、肺气壅满不能敛降，临床以胸部膨满、胀闷如塞、喘咳上气、痰多烦躁为主症，甚则唇甲紫绀、肢体浮肿、心悸动、神昏谵语。辨证总属本虚标实：标实为痰浊、水饮、血瘀，本虚为肺肾气虚、阴阳并损。常见证治——痰浊壅肺（苏子降气汤合三子养亲汤化痰降气）、痰热郁肺（越婢…,,
q032,水气病,classical,shanghan_040,伤寒论,辨太阳病脉证并治中,小青龙汤证（第40条）,伤寒表不解，心下有水气，干呕发热而咳，或渴，或利，或噎，或小便不利，少腹满，或喘者，小青龙汤主之。 小青龙汤方 麻黄三两（去节，味甘温） 芍药三两（味酸微寒） 五味子半升（味酸温） 干姜三两（味辛热）甘草三两（炙，味甘平） 桂枝三两（去皮，味辛热）半夏半升（汤洗，味辛，微温） 细辛三两（味辛温）右八味，以水一斗，先煮麻…,本条论外寒内饮证。伤寒表不解，心下有水气，干呕发热而咳，或渴、或利、或噎、或小便不利少腹满、或喘者，小青龙汤主之。麻桂解表，干姜细辛半夏温化水饮，五味子芍药敛肺。,,
q032,水气病,classical,zhengjia_001,《中医妇科学》规划教材（要点归纳）,妇科,癥瘕·下腹结块伴有或胀或满或痛,癥瘕是指妇女下腹结块，伴有或胀、或痛、或满、或异常出血者。癥者有形可征、固定不移、痛有定处，属血病；瘕者聚散无常、推之可移、痛无定处，属气病。病因多为气滞、血瘀、痰湿、毒热，致气血壅结、痰瘀互阻胞宫。治法以理气、活血、化痰、散结为主。,癥瘕相当于妇科盆腔包块类疾病，临床分气滞、血瘀、痰湿等型。活血化瘀、化痰散结常用桂枝茯苓丸、香棱丸等。下腹包块须先行妇科检查与影像、排除恶性病变，再中医调治。本条目为教材要点归纳，供参考；具体诊疗请遵医嘱。,,
q032,水气病,classical,jingui_013,金匮要略,消渴小便不利淋病脉证并治第十三,消渴小便不利淋病脉证并治第十三,（脉证九条 方六首） 厥阴之为病，消渴，气上冲心，心中疼热，饥而不欲食，食即吐，下之不肯止。 寸口脉浮而迟，浮即为虚，迟即为劳；虚则卫气不足，劳则荣气竭。 趺阳脉浮而数，浮即为气，数即为消谷而大坚（一作紧）。气盛则溲数，溲数即坚，坚数相搏，即为消渴。 男子消渴，小便反多，以饮一斗，小便一斗，肾气丸主之（方见脚气中）。 …,本篇论消渴、小便不利、淋病。消渴有厥阴气上冲心及男子饮一溲一（肾气丸）两型；淋病以小便如粟状、小腹弦急为主；小便不利分水气（五苓散、栝蒌瞿麦丸）、湿热（蒲灰散、猪苓汤）等型。,,
q032,水气病,classical,feiwei_001,中医内科学,肺系病证,肺痿,《金匮要略·肺痿肺痈咳嗽上气病脉证治》：「热在上焦者，因咳为肺痿。」又云「肺痿吐涎沫而不咳者，其人不渴，必遗尿，小便数……此为肺中冷」，立虚热、虚寒辨证之雏型，并出麦门冬汤、甘草干姜汤等方。（据规划教材《中医内科学·肺系病证·肺痿》归纳）,肺痿是因肺脏虚损、津气大伤，肺叶失于濡养而痿弱不用的慢性虚损性疾患，临床以咳吐浊唾涎沫为特征。病位在肺，与脾、胃、肾密切相关，分虚热、虚寒两端。虚热证（麦门冬汤合清燥救肺汤滋阴清热、润肺生津）以咳吐浊唾涎沫、质黏稠、口干而渴、午后潮热为主；虚寒证（甘草干姜汤或生姜甘草汤温肺益气）以咯吐涎沫、清稀量多、不渴、眩晕、遗尿、…,,
q032,水气病,classical,shanghan_549,伤寒论,伤寒例,凡得时气病（第549条）,凡得时气病，至五六日，而渴欲饮水，饮不能多，不当与也，何者？以腹中热尚少，不能消之，便更与人作病也。至七八日，大渴，欲饮水者，犹当依证与之。与之常令不足，勿极意也。言能饮一斗，与五升。若饮而腹满，小便不利，若喘若哕。不可与之。忽然大汗出，是为自愈也。,本条论述伤寒例之脉证。症见汗出、腹满、渴、小便不利、喘。当审其表里寒热、虚实传变而施治。,,
q032,水气病,classical,qizhi_qini_001,中医诊断学,辨证,气滞证与气逆证,气病辨证之实证类。据规划教材《中医诊断学》归纳：气滞证以胀闷、疼痛（胀痛、窜痛）、症状随情绪而增减、嗳气或矢气后减轻、脉弦为辨证要点；气逆证为气机升降失常、当降反升，肺气上逆见咳嗽气喘，胃气上逆见呕吐、嗳气、呃逆，肝气上逆见头痛、眩晕、面红目赤甚则昏厥。,气滞证治宜行气；气逆证治宜降气。临证以胀闷窜痛、情志相关、脉弦为气滞辨证眼目，病位多在肝、脾胃、肺；气逆则辨何脏之气上逆——肺逆咳喘、胃逆呕恶、肝气上逆则头痛面赤。气滞与气逆常相因为病，气滞日久可化火、致血瘀；须与气虚之虚胀鉴别（见气虚气陷条）。,,
q032,水气病,classical,qixu_qixian_001,中医诊断学,辨证,气虚证与气陷证,气病辨证之虚证类。据规划教材《中医诊断学》归纳：气虚证以神疲乏力、少气懒言、气短、自汗、活动后诸症加重、面色淡白、舌淡苔白、脉虚无力为辨证要点；气陷证为气虚之进一步发展，在气虚基础上兼见头晕目眩、脘腹坠胀、便意频数、内脏下垂（胃下垂、脱肛、阴挺等）、舌淡苔白、脉弱。,气虚证治宜益气；气陷证治宜益气升提（升阳举陷）。临证以神疲、少气、自汗、活动加重、脉虚为气虚辨证眼目；气陷必以气虚为前提，更见坠胀与内脏下垂，病位多在脾（中气下陷）。二者均属虚证，须与气滞之实证胀闷相鉴别——气虚则胀而喜按、时作时止，气滞则胀而拒按、走窜不定。,,
q032,水气病,classical,maimendongtang_jieyao_001,方解（方论集要）,治燥剂·方解,麦门冬汤·润肺益胃降逆下气,本方出《金匮要略》肺痿肺痈咳嗽上气病脉证治：组成麦门冬七升，半夏一升，人参三两，甘草二两，粳米三合，大枣十二枚。方中麦门冬君，甘寒柔润，滋阴润肺、益胃生津；半夏臣，苦辛温，降逆下气、化痰涎，其性虽温燥，然在大量麦冬滋润之下，则燥性减而降逆之用存；人参、粳米、大枣佐，益气养胃、培土生金；甘草使，调和诸药。,麦门冬汤为润肺益胃、降逆下气之代表方，治肺胃阴虚、气火上逆之咳唾涎沫、气喘咽干。重用麦冬滋阴润肺为君，少佐半夏降逆化痰，润而不腻、降而不燥；人参、粳米、大枣培土生金，使胃津上输于肺。与清燥救肺汤相比：彼治温燥伤肺之实证，清燥润肺；此治肺胃阴虚之虚证，滋胃润肺。肺痿属虚寒者非宜。方解供学习参考；具体用药请遵医嘱。,,
q032,水气病,classical,yujiayan_003,寓意草,虚劳,喻嘉言辨秋燥伤肺治案,一人秋令发病，干咳无痰，咽干鼻燥，口渴舌干，右脉数大。嘉言诊曰：此秋燥伤肺，非风寒，亦非火。若误作风寒发散、作火热苦寒，愈燥其津。治宜清燥润肺，以桑叶、杏仁、沙参、麦冬、枇杷叶、梨皮甘凉濡润之属，数剂而燥咳平。（《寓意草》《医门法律》）,"秋令发病干咳无痰、咽干鼻燥、舌红右脉数大，喻嘉言辨为秋燥伤肺，戒表散与苦寒，主甘凉濡润之品清燥润肺，数剂燥平。其《秋燥论》补《内经》""秋伤于燥""之论，于燥气病机与治法阐发尤透。此案示人秋燥咳嗽不可混同风寒火热，当辨时令与津伤，治以清润。",,
q032,水气病,classical,zhenwutang_jieyao_001,方解（方论集要）,祛湿剂·方解,真武汤·温阳利水,本方出《伤寒论》太阳病篇：组成茯苓、芍药、生姜（切）各三两，白术二两，附子（炮，去皮）一枚。方中附子君，大辛大热，温肾助阳、化气行水；白术、茯苓臣，健脾燥湿、利水渗湿，崇土制水；生姜佐，温散水气；芍药佐，利小便、柔肝缓急、敛阴护阴，兼制附子燥烈之性。,真武汤为温阳利水之代表方，治脾肾阳虚、水饮内停之小便不利、肢体浮肿、腹痛下利。附子温肾助阳为君，术苓健脾利水，生姜温散水气，芍药敛阴护阴、兼制附燥。与实脾散相比：彼兼温脾阳、行气消胀，治阴水；此偏温肾阳，治阳虚水泛。本方温燥，阴虚者非宜。方解供学习参考；具体用药请遵医嘱。,,
q032,水气病,classical,shanghan_407,伤寒论,辨阴阳易差后劳复病脉证并治,牡蛎泽泻散证治（第407条）,大病差后，从腰以下有水气者，牡蛎泽泻散主之。 牡蛎泽泻散方 牡蛎（咸平，熬） 泽泻（咸寒） 栝蒌根（苦寒） 蜀漆（辛平，洗，去腥） 葶苈（苦寒，熬） 商陆根（熬，辛酸，咸平） 海藻（咸寒，洗去咸） 以上各等分右七味，异捣下筛为散，更入臼中治之，白饮和服方寸匕。小便利，止后服，日三服。,本条论述差后劳复之脉证。治以牡蛎泽泻散（逐水清热），药后观其进退。,,
q032,水气病,classical,xiangfu_001,中国药典（2025年版）一部,理气药,香附,据《中国药典》2025 年版一部：香附为莎草科植物莎草 Cyperus rotundus L. 的干燥根茎（药用部位：根茎）。性味辛、微苦、微甘，平；归肝、脾、三焦经。功能与主治：疏肝解郁，理气宽中，调经止痛；用于肝郁气滞，胸胁胀痛，疝气疼痛，乳房胀痛，脾胃气滞，脘腹痞闷，胀满疼痛，月经不调，经闭痛经。用法与用量：6～…,**简明**：香附辛微苦微甘平，疏肝解郁、理气宽中、调经止痛，为「气病之总司、女科之主帅」，主治肝郁胁痛、脘腹痞闷及月经不调痛经。**详解**：肝郁胁胀配柴胡、白芍（柴胡疏肝散）；胃寒脘痛配高良姜（良附丸）；痛经配当归、川芎、白芍；六郁配苍术、栀子（越鞠丸）。醋制偏入肝经止痛，酒制通行经络。,,
q032,水气病,classical,banxiexintang_jieyao_001,方解（方论集要）,和解剂·方解,半夏泻心汤·寒热平调消痞散结,本方出《伤寒论》：组成半夏、黄芩、干姜、人参、炙甘草、黄连、大枣。方中半夏君，散结除痞、降逆止呕；干姜臣，辛热温中散寒；黄芩、黄连臣，苦寒泄热开痞；人参、大枣佐，益气健脾；炙甘草使，调和诸药、补中。,"半夏泻心汤为寒热平调、消痞散结之代表，治寒热互结之心下痞满、呕利。半夏干姜辛开，芩连苦降，参草枣补正，为""辛开苦降""法代表。同类生姜泻心汤（水气偏盛）、甘草泻心汤（胃虚痞利俱甚）。本方辛温苦寒并用，纯虚无寒或纯热无寒者不宜。方解供学习参考；具体用药请遵医嘱。",,
q032,水气病,classical,suwen_034,黄帝内经素问,逆调论篇第三十四,逆调论篇第三十四,黄帝问曰：人身非常温也，非常热也，为之热而烦满者，何也？伯对曰：阴气少而阳气胜，故热而烦满也。帝曰：人身非衣寒也，中非有寒气也，寒从中生者何？岐伯曰：是人多痹气也。阳气少，阴气多，故身寒如从水中出。帝曰：人有四肢热，逢风寒如炙如火者，何也？岐伯曰：是人者，阴气虚，阳气盛。四肢者阳也，两阳相得而阴气虚少，少水不能灭盛火，…,本篇论阴阳逆调诸病。谓阴少而阳胜则热而烦满，阳少而阴多则身寒如从水中出；阴气虚、阳气盛则四肢热逢风如炙，当为肉烁；素肾气胜、太阳衰则寒至骨，病名骨痹、当挛节。又论肉苛由荣气虚、卫气实。末详不得卧而息有音为阳明之逆，胃不和则卧不安；卧则喘者水气客肾，肾主津液、主卧与喘。,,
q032,水气病,classical,lingshu_005,灵枢经,根结篇第五,根结篇第五,岐伯曰：天地相感，寒暖相移，阴阳之道，孰少孰多，阴道偶，阳道奇。发于春夏，阴气少，阳气多，阴阳不调，何补何泻？发于秋冬，阳气少而阴气多；阴气盛而阳气衰，故茎叶枯槁，湿雨下归，阴阳相移，何泻何补？奇邪离经，不可胜数，不知根结，五脏六腑，折关败枢，开合而走，阴阳大失，不可复取。九针之玄，要在终始；故能知终始，一言而毕，不知…,本篇论六经根结。太阳根至阴结命门、阳明根厉兑结颡大、少阳根窍阴结窗笼，三阳有开阖枢；太阴、少阴、厥阴亦各有根结与开阖枢，折则为病。又列十二经根溜注入及盛络当取之穴；论五十营脉候，以五十动不一代知五脏受气；辨布衣与大人刺法不同；明治当察形气病气之有余不足，急泻急补，阴阳俱不足不可刺。,,
q032,水气病,classical,xihongfu_001,针灸大成,卷之二,席弘赋,凡欲行针须审穴，要明补泻迎随诀，胸背左右不相同，呼吸阴阳男女别。  气刺两乳求太渊，未应之时泻列缺；列缺头痛及偏正，重泻太渊无不应。耳聋气痞听会针，迎香穴泻功如神。谁知天突治喉风，虚喘须寻三里中。手连肩脊痛难忍，合谷针时要太冲。曲池两手不如意，合谷下针宜仔细。心疼手颤少海间，若要除根觅阴市。但患伤寒两耳聋，金门听会疾如…,"本篇首重""行针须审穴、明补泻迎随""，继以大量病证列要穴配对主治：气病两乳取太渊、列缺；耳聋取听会、迎香；喉风取天突；肩脊痛取合谷、太冲；心痛手颤取少海、阴市；腰痛取委中、至阴、横骨；膝痛取阳陵泉、悬钟、二陵、三阴交；疝气取照海、阴交、曲泉、气海、关元；脱肛灸百会、鸠尾等。末段总括捻针补泻之法。为临床配穴经验之富者。",,
q032,水气病,classical,xiaoqinglongtang_001,伤寒论,辨太阳病脉证并治中,小青龙汤方,伤寒表不解，心下有水气，干呕发热而咳，或渴，或利，或噎，或小便不利，少腹满，或喘者，小青龙汤主之。 小青龙汤方 麻黄三两（去节，味甘温） 芍药三两（味酸微寒） 五味子半升（味酸温） 干姜三两（味辛热）甘草三两（炙，味甘平） 桂枝三两（去皮，味辛热）半夏半升（汤洗，味辛，微温） 细辛三两（味辛温）右八味，以水一斗，先煮麻…,小青龙汤主治外寒里饮证，症见恶寒发热、无汗、咳喘痰稀白、或兼干呕。方以麻黄、桂枝发汗解表，干姜、细辛、半夏温肺化饮，五味子敛肺止咳，芍药、甘草和营缓急，散中有收，开中有合。,,
q032,水气病,classical,shanghan_161,伤寒论,辨太阳病脉证并治下,生姜泻心汤证治（第161条）,伤寒汗出，解之后，胃中不和，心下痞硬，干噫，食臭，胁下有水气，腹中雷鸣下利者，生姜泻心汤主之。 生姜泻心汤方 生姜四两（切） 甘草三两（炙） 人参三两干姜一两 黄芩三两 半夏半升（洗） 黄连一两大枣十二枚（擘） 上八味，以水一斗，煮取六升，去滓，再煎取三升。温服一升，日三服。附子泻心汤，本云，加附子。半夏泻心汤，甘草泻…,本条论述太阳病之脉证。症见汗出、下利、心下痞、痞硬。治以生姜泻心汤（和胃消痞、散结除水），药后观其进退。,,
q032,水气病,classical,shanghan_051,伤寒论,辨太阳病脉证并治中,脉浮宜麻黄汤（第51条）,脉浮者，病在表，可发汗，宜麻黄汤。,本条论脉浮可汗。脉浮者，病在表，可发汗，宜麻黄汤。脉浮主表，表实无汗者宜麻黄汤发汗。,,
q032,水气病,classical,shanghan_186,伤寒论,辨阳明病脉证并治,阳明之为病（第186条）,阳明之为病，胃家实也。,本条论述阳明病之脉证。当审其表里寒热、虚实传变而施治。,,
q032,水气病,classical,nanjing_051,难经,第五十一难,第五十一难,曰：病有欲得温者，有欲得寒者，有欲得见人者，有不欲得见人者，而各不同，病在何脏腑也？  然：病欲得寒，而欲见人者，病在腑也；病欲得温，而不欲见人者，病在脏也。何以言之？腑者阳也，阳病欲得寒，又欲见人；脏者，阴也，阴病欲得温，又欲闭户独处，恶闻人声。故以别知脏腑之病也。,本难以喜恶别脏腑病。病欲得寒欲见人者病在腑（阳），欲得温不欲见人者病在脏（阴）。,,
q032,水气病,classical,nanjing_052,难经,第五十二难,第五十二难,曰：脏腑发病，根本等不？  然：不等也。其不等奈何？然：脏病者，止而不移，其病不离其处：腑病者，仿佛贲响，上下行流，居处无常。故以此知脏腑根本不同也。,本难辨脏腑发病根本不同。脏病止而不移、不离其处，腑病仿佛贲响、上下流行、居处无常。,,
q032,水气病,classical,shanghan_299,伤寒论,辨少阴病脉证并治,少阴息高者死（第299条）,少阴病，六七日，息高者，死。,少阴病六七日，见呼吸气浮于上、息高不能归根。此为肾气下绝、真气上脱，肺失主宰、气逆不返，阴阳离决，故为死证。,,
q032,水气病,classical,shengyuge_001,针灸大成,卷之三,胜玉歌,胜玉歌兮不虚言，此是杨家真秘传。或针或灸依法语，补泻迎随随手捻。头痛眩晕百会好，心疼脾痛上脘先。后溪鸠尾及神门，治疗五痫立便痊。髀疼要针肩井穴，耳闭听会莫迟延。胃冷下脘却为良，眼痛须觅清冷渊。霍乱心疼吐痰涎，巨阙着艾便安然。脾疼背痛中渚泻，头风眼痛上星专。头项强急承浆保，牙腮疼紧大迎全。行间可治膝肿病，尺泽能医筋拘挛。…,"本篇杨氏自称""杨家真秘传""，以""胜玉""寓意胜过《玉龙歌》。以七言为体，逐证列要穴：头痛眩晕取百会、心痛脾痛取上脘、五痫取后溪鸠尾神门、耳闭取听会、霍乱取巨阙、中风口吐沫取人中颊车、疟疾取间使大杼、泄泻灸天枢、气病取气海、腿股痛取环跳风市阴市、脚气取复溜、疝气取大敦、遗精取心俞、黄疸取至阳、痔疾取长强、肾亏腰痛取肾俞。末…",,
q032,水气病,classical,haigeqiao_001,中国药典（2025年版）一部,化痰止咳平喘药,海蛤壳,据《中国药典》2025 年版一部：海蛤壳为帘蛤科动物文蛤 Meretrix meretrix Linnaeus 或青蛤 Cyclina sinensis Gmelin 的贝壳（药用部位：贝壳）。性味苦、咸，寒；归肺、胃、肾经。功能与主治：清热化痰，软坚散结，制酸止痛；外用收湿敛疮；用于痰火咳嗽，胸胁疼痛，痰中带血，瘰疬…,**简明**：海蛤壳苦咸寒，清热化痰、软坚散结、制酸止痛，主治痰火咳嗽、瘰疬瘿瘤及胃痛泛酸（煅用制酸），外治湿疹烫伤。**详解**：痰火咳嗽配青黛（黛蛤散）；胃酸配海螵蛸、瓦楞子。**先煎**，煅用制酸，生用清化。,,
q032,水气病,classical,nanjing_081,难经,第八十一难,第八十一难,曰：经言，无实实虚虚，损不足而益有余，是寸口脉耶？将病自有虚实耶？其损益奈何？  然：是病，非谓寸口脉也，谓病自有虚实也。假令肝实而肺虚，肝者木也，肺者金也，金木当更相平，当知金平木。假令肺实而肝虚，微少气，用针不补其肝，而反重实其肺，故曰实实虚虚，损不足而益有余。此者，中工之所害也。,本难诫实实虚虚之戒。非谓寸口脉，谓病自有虚实；当补不补、反重实其实，为损不足益有余，乃中工之害。,,
q032,水气病,classical,shanghan_091,伤寒论,辨太阳病脉证并治中,荣弱卫强宜桂枝汤（第91条）,太阳病，发热汗出者，此为荣弱卫强，故使汗出，欲救邪风者，宜桂枝汤。,本条重申营卫不和。太阳病发热汗出者，此为荣弱卫强，故使汗出，欲救邪风者，宜桂枝汤。,,
q032,水气病,classical,shanghan_263,伤寒论,辨少阳病脉证并治,少阳病提纲（第263条）,少阳之为病，口苦、咽干、目眩也。,本条为少阳病提纲。少阳居半表半里，胆火内郁、三焦气机不利则口苦；热灼津液则咽干；胆火循经上扰空窍则目眩。凡见口苦、咽干、目眩三联，即为少阳病主证，法当和解，主小柴胡汤法。,,
q032,水气病,classical,shanghan_511,伤寒论,伤寒例,其伤于四时之气（第511条）,其伤于四时之气，皆能为病。,本条论述伤寒例之脉证。当审其表里寒热、虚实传变而施治。,,
q032,水气病,classical,shanghan_295,伤寒论,辨少阴病脉证并治,少阴恶寒身蜷四逆不治（第295条）,少阴病，恶寒身蜷而利，手足逆冷者，不治。,少阴病恶寒身蜷而又下利、手足逆冷，为阳气衰微、阴寒独盛，纯阴无阳，脾肾之阳皆败。阳衰欲绝而无阳复之兆，故曰不治，示危候也。,,
q032,水气病,classical,shanghan_308,伤寒论,辨少阴病脉证并治,少阴下利便脓血可刺（第308条）,少阴病，下痢便脓血者，可刺。,少阴病下利便脓血者，除汤治外，亦可配合针刺以通经活络、调畅气血。示人针刺与药物可协同治少阴便脓血证。,,
q032,水气病,classical,shanghan_002,伤寒论,辨太阳病脉证并治上,太阳中风证提纲（第2条）,太阳病，发热，汗出，恶风，脉缓者，名为中风。,本条为太阳中风提纲。太阳病见发热、汗出、恶风、脉浮缓者，名为中风。风邪外袭，卫强营弱，卫气浮盛于外故发热，营阴不能内守故汗出，风邪伤表故恶风，脉缓为营阴不足、卫气不共营气和调之象，主以桂枝汤解肌祛风。,,
q032,水气病,classical,shanghan_014,伤寒论,辨太阳病脉证并治上,桂枝汤主证（第14条）,太阳病，头痛发热，汗出恶风者，桂枝汤主之。,本条补述桂枝汤主证。太阳病头痛发热、汗出恶风者，桂枝汤主之。承上条重申桂枝汤证，凡见头痛发热汗出恶风之表虚证，即宜桂枝汤解肌，不必悉具。,,
q032,水气病,classical,nanjing_048,难经,第四十八难,第四十八难,曰：人有三虚三实，何谓也？  然：有脉之虚实，有病之虚实，有诊之虚实也。脉之虚实者，濡者为虚，牢者为实；病之虚实者，出者为虚，入者为实；言者为虚，不言者为实；缓者为虚，急者为实。诊之虚实者，痒者为虚，痛者为实；外痛内快，为外实内虚；内痛外快，为内实外虚，故曰虚实也。,本难论三虚三实。脉之虚实（濡虚牢实）、病之虚实（出虚入实、言虚言实、缓急）、诊之虚实（痒虚痛实、外痛内快等）。,,
q032,水气病,classical,shanghan_298,伤寒论,辨少阴病脉证并治,少阴四逆脉不至不烦而躁死（第298条）,少阴病，四逆恶寒而身蜷，脉不至，不烦而躁者，死。,少阴病四肢厥冷、恶寒身蜷，脉不至为阳气将绝；不烦而躁，为但阴无阳、脏气垂绝、神乱不安。真阳已败，故为死证。,,
q032,水气病,classical,lingshu_057,灵枢经,水胀篇五十七,水胀篇五十七,黄帝问于岐伯曰：水与肤胀、鼓胀、肠覃、石瘕、石水，何以别之？ 岐伯曰：水始起也，目窠上微肿，如新卧起之状，其颈脉动，时咳，阴股间寒，足胫肿，腹乃大，其水已成矣。以手按其腹，随手而起，如裹水之状，此其候也。 黄帝曰：肤胀何以候之？ 岐伯曰：肤胀者，寒气客于皮肤之间，𪔣𪔣然不坚，腹大，身尽肿，皮厚，按其腹窅而不起，腹色不变…,本篇鉴别水胀、肤胀、鼓胀、肠覃、石瘕等胀病。水肿始起目窠上微肿、颈脉动、时咳、足胫肿、腹大，按腹随手而起如裹水。肤胀寒气客于皮肤，𪔣𪔣然不坚，按腹窅而不起、腹色不变。鼓胀腹胀身皆大、色苍黄、腹筋起。肠覃寒气客肠外，始如鸡卵、后如怀子，月事以时下。石瘕生于胞中，子门闭塞、恶血留止，月事不以时下，可导而下。治先泻血络后调其…,,
q032,水气病,classical,shanghan_127,伤寒论,辨太阳病脉证并治中,小便利与不利辨水停（第127条）,太阳病，小便利者，以饮水多，必心下悸。小便少者，必苦里急也。,本条以小便利否辨水停。太阳病，小便利者，以饮水多，必心下悸；小便少者，必苦里急也。蓄水轻浅在中焦则悸，深在下焦则里急。,,
q032,水气病,classical,suwen_061,黄帝内经素问,水热穴论篇六十一,水热穴论篇六十一,黄帝问曰：少阴何以主肾？肾何以主水？ 岐伯对曰：肾者，至阴也。至阴者，盛水也。肺者，太阴也。少阴者，冬脉也。故其本在肾，其末在肺，皆积水也。 帝曰：肾何以能聚水而生病？ 岐伯曰：肾者，胃之关也，关门不利，故聚水而从其类也。上下溢于皮肤，故为胕肿。胕肿者，聚水而生病也。 帝曰：诸水皆生于肾乎？ 岐伯曰：肾者牝脏也。地气上…,本篇论水病与热病之腧穴及四时刺法。问少阴何以主肾、肾何以主水，答肾至阴盛水，肺太阴，其本在肾其末在肺，皆积水。肾为胃关，关门不利故聚水为胕肿。勇而劳甚肾汗出逢风，客玄府皮里，本之于肾名曰风水。水俞五十七穴皆积阴所聚、水所从出入。又论春取络脉分肉、夏取盛经分腠、秋取经俞、冬取井荥之故。末明治热病五十九俞之分部：头上五行越…,,
q032,水气病,classical,lingshu_036,灵枢经,五癃津液别篇第三十六,五癃津液别篇第三十六,黄帝问于岐伯曰：水谷入于口，输于肠胃，其液别为五：天寒衣薄，则为溺与气；天热衣厚则为汗；悲哀气并则为泣；中热胃缓则为唾。邪气内逆，则气为之闭塞而不行，不行则为水胀。余知其然也，不知其何由生，愿闻其道。 岐伯曰：水谷皆入于口，其味有五，各注其海。津液各走其道，故三焦出气，以温肌肉，充皮肤，为其津，其流而不行者为液。 天暑…,本篇论水谷入胃其液别为五。天寒衣薄则为溺与气，天热衣厚则为汗，悲哀气并则为泣，中热胃缓则为唾，邪气内逆气闭不行则为水胀。三焦出气温肌肉充皮肤为津，流而不行者为液。天暑腠理开汗出、天寒腠理闭水下膀胱为溺；悲哀心系急肺举故泣出；中热胃缓故唾出；津液和合为膏内渗骨空补益脑髓；阴阳不和则液溢下泄、腰背痛胫酸；气道不通三焦不泻则…,,
q032,水气病,classical,qi_001,《中医基础理论》规划教材（要点归纳）,气血津液,气·构成人体和维持生命活动的精微物质,气是构成人体和维持人体生命活动的、具有很强活力的精微物质。气的生成源于先天之精、水谷之精气和自然界清气；气的生理功能包括推动、温煦、防御、固摄、气化与营养作用。人体之气依其生成、分布和功能不同，分为元气、宗气、营气、卫气等。,气在中医学中既是物质概念，又是功能概括。它推动血液运行、温煦脏腑肌表、防御外邪、固摄津液精血并主持气化代谢。临床所见气虚、气滞、气逆等都以气的功能失常为基本病机。,,
q032,水气病,classical,shuizhong_002,中医临床诊疗指南/专家共识（要点归纳）,现代中医,水肿·辨证论治要点,据现行中医内科常见病诊疗指南：水肿以肺失通调、脾失转输、肾失开合、水液停聚为基本病机；辨证首分阳水与阴水，阳水多属实、阴水多属虚，治以发汗、利尿、攻逐、健脾、温肾等法。（要点归纳，非原文照录。）,水肿指体内水液潴留、泛溢肌肤，引起头面、眼睑、四肢甚至全身浮肿的病证。指南要点：主症为头面肢体浮肿、按之凹陷；辨证常见阳水（病势急、从头面先肿，如风水相搏，治宜宣肺利水）与阴水（病势缓、从下肢先肿，多脾肾阳虚，治宜健脾温肾利水）两大类，并须排查心、肾、肝、内分泌等原发病。调护上宜低盐饮食、起居有度、监测体重与尿量。本条…,,
q032,水气病,classical,shuigou_001,针灸学,督脉,水沟,出《针灸甲乙经》。,水沟（人中）为督脉、手足阳明之会，急救要穴。在面部，人中沟上1/3与中1/3交点处。主治昏迷、晕厥、中风、中暑、休克、呼吸衰竭、急性腰扭伤、口眼㖞斜、面肿、牙关紧闭、癫狂痫。刺法：向上斜刺0.3～0.5寸，或用指甲掐按；不灸。,,
q032,水气病,classical,shixie_001,《中医基础理论》规划教材（要点归纳）,病因病机,湿邪·湿为阴邪重浊黏滞趋下,湿邪为六淫之一，其性重浊、黏滞、趋下。致病特点：湿为阴邪，易阻遏气机、损伤阳气，困脾见脘闷纳呆；湿性重浊，见头身困重、四肢酸楚、分泌物秽浊；湿性黏滞，病程缠绵、症状黏滞；湿性趋下，多见带下、淋浊、下肢水肿等下部病证。,湿邪重浊黏滞、趋下、困脾阻气。临床见头身困重、脘闷纳呆、分泌物黏浊、病程缠绵、下部病证者，多属湿邪为患。本条为病因基础理论，不涉及具体诊疗。,,
q032,水气病,classical,qiying_001,《中医外科学》规划教材（要点归纳）,外科,气瘿·颈部弥漫性肿胀随喜怒消长,气瘿是瘿病的一种，其特点是颈部漫肿，边缘不清，皮色如常，按之柔软不痛，随喜怒消长，好发于山区、高原地带，与水土及情志有关，相当于单纯性甲状腺肿。病因多为肝郁气滞、冲任失调、水土不宜。,气瘿治疗以疏肝解郁、化痰软坚为主，常用四海舒郁丸。同时注意改善水源、补充碘质。甲状腺肿大压迫气管或合并结节者应就医。教材要点归纳，供参考；具体诊疗请遵医嘱。,,
q032,水气病,classical,shuidou_001,《中医儿科学》规划教材（要点归纳）,儿科,水痘·小儿出疹性传染病丘疹疱疹并见,水痘是由水痘时邪引起的出疹性传染病，以发热、皮肤分批出现斑疹、丘疹、疱疹、结痂为特征，同一时期丘疹、疱疹、结痂并见，躯干部较多。辨证常见邪伤肺卫、邪炽气营等型。治法以疏风清热、解毒利湿、清热凉营为主。,水痘传染性强，须隔离至疱疹全部结痂。中医邪伤肺卫用银翘散疏风清热，邪炽气营用清胃解毒汤。保持皮肤清洁、避免搔抓继发感染。高热、疱疹密集化脓、神昏须及时就医。本条目为教材要点归纳，供参考；具体诊疗请遵医嘱。,,
q032,水气病,classical,snb_zhuling_001,神农本草经,中经,猪苓,猪苓，味甘，平。主痎疟，利水道。,猪苓甘淡平，利水渗湿，主治小便不利、水肿胀满、泄泻、淋浊带下。本经主痎疟、利水道，取其淡渗利水之功，利水力强而不伤气。,,
q032,水气病,classical,shanghan_160,伤寒论,辨太阳病脉证并治下,五苓散证治（第160条）,本以下之，故心下痞，与泻心汤；痞不解，其人渴而口燥烦，小便不利者，五苓散主之。,本条论述太阳病之脉证。症见烦、心下痞、渴、小便不利。治以五苓散（利水渗湿、温阳化气），药后观其进退。,,
q032,水气病,classical,shanghan_074,伤寒论,辨太阳病脉证并治中,水逆证五苓散（第74条）,中风发热，六七日不解而烦，有表里证，渴欲饮水，水入则吐者，名曰水逆。五苓散主之。,本条论水逆证。中风发热六七日不解而烦、有表里证、渴欲饮水、水入则吐者，名曰水逆，五苓散主之。水停下焦、气化不行，饮入即吐。,,
q032,水气病,classical,shanghan_172,伤寒论,辨太阳病脉证并治下,白虎加人参汤证治（第172条）,伤寒病，若吐、若下后，七八日不解，热结在里，表里俱热，时时恶风，大渴，舌上干燥而烦，欲饮水数升者，白虎加人参汤主之。 白虎加人参汤方 知母六两 石膏一斤（碎） 甘草二两（炙）人参二两 粳米六合 上五味，以水一斗，煮米熟，汤成去滓，温服一升，日三服。此方立夏后、立秋前乃可服，立秋后不可服。正月、二月、三月尚凛冷，亦不可与…,本条论述太阳病之脉证。症见恶风、呕、烦、腹痛、渴。治以白虎加人参汤（清热生津、益气除烦），药后观其进退。,,
q032,水气病,classical,shanghan_028,伤寒论,辨太阳病脉证并治上,桂枝去桂加茯苓白术汤证（第28条）,服桂枝汤，或下之，仍头项强痛，翕翕发热，无汗，心下满，微痛，小便不利者，桂枝汤去桂，加茯苓白术汤主之。 桂枝去桂加茯苓白术汤方 芍药三两甘草二两(炙)生姜(切)白术 茯苓各三两大枣十二枚(擘) 上六味，以水八升，煮取三升，去滓，温服一升，小便利则愈。本云桂枝汤，今去桂枝，加茯苓，白术。,本条论水停心下证。服桂枝汤或下之，仍头项强痛、翕翕发热、无汗、心下满微痛、小便不利者，为水饮内停、经脉不畅，桂枝去桂加茯苓白术汤主之，去桂枝之走表，加苓术健脾利水。,,
q032,水气病,classical,liqi_001,《中医基础理论》规划教材（要点归纳）,病因病机,疠气·戾气瘟疫强烈传染性外感病邪,疠气，又称戾气、疫毒、疫疠之气，是一类具有强烈传染性的外感病邪。其致病特点：发病急骤、病情危重；传染性强、易于流行；一气一病、症状相似；多从口鼻而入，或由饮食、接触传染。疠气与时令、环境、饮食、预防及社会因素相关。,"疠气是中医对烈性传染病病因的概括，比六淫更强调传染性与流行性。吴又可《温疫论》首倡""戾气""学说，突破了""百病皆生于六气""的传统认识。本条为病因基础理论，不涉及具体诊疗。",,
q033,肠痈,classical,changyong_001,《中医外科学》规划教材（要点归纳）,外科,肠痈·右下腹痛拒按伴发热恶心,肠痈是发生于肠道的痈肿，属急腹症，其特点是转移性右下腹痛，伴恶心呕吐、发热，右下腹局限性压痛或拒按。病因多为饮食不节、饱食后急剧奔走、寒温不适，致肠道气滞血瘀、湿热蕴结、热胜肉腐。辨证分瘀滞、湿热、热毒等型。,肠痈治疗瘀滞期行气活血，湿热期通腑泄热，热毒期解毒透脓。本病相当于急性阑尾炎，起病急、变化快，应及时就医，需手术者不可延误。教材要点归纳，供参考；具体诊疗请遵医嘱。,,
q033,肠痈,classical,dongguazi_001,《中药学》（清华社）· 药典外品种,化痰止咳平喘药,冬瓜子,据清华社《中药学》：冬瓜子为葫芦科植物冬瓜 Benincasa hispida (Thunb.) Cogn. 的干燥成熟种子（药用部位：成熟种子）。性味甘，凉；归肺、大肠、小肠经。功能与主治：清热化痰，排脓利湿；用于肺热咳嗽，肺痈，肠痈，带下。用法与用量：9～30g。贮藏：置通风干燥处，防蛀。,**简明**：冬瓜子甘凉，清热化痰而排脓利湿，为治肺痈肠痈与痰热咳嗽的常用药。。**详解**：肺热咳嗽配瓜蒌、桑白皮；肺痈配苇茎、薏苡仁、桃仁（苇茎汤）；肠痈配大黄、牡丹皮（大黄牡丹汤）；带下配黄柏、椿皮。,,
q033,肠痈,classical,daxueteng_001,中国药典（2025年版）一部,清热药,大血藤,据《中国药典》2025 年版一部：大血藤为木通科植物大血藤 Sargentodoxa cuneata (Oliv.) Rehd. et Wils. 的干燥藤茎（药用部位：藤茎）。性味苦，平；归大肠、肝经。功能与主治：清热解毒，活血，祛风止痛；用于肠痈腹痛，热毒疮疡，经闭，痛经，跌扑损伤，风湿痹痛。用法与用量：9～15g…,**简明**：大血藤苦平，清热解毒、活血祛风止痛，为治**肠痈**要药（配败酱草、蒲公英），兼治经闭痛经、跌打痹痛。**详解**：肠痈腹痛配败酱草、牡丹皮、蒲公英（红藤煎）；痛经闭经配当归、川芎、桃仁；风湿痹痛配威灵仙、秦艽。孕妇慎用。,,
q033,肠痈,classical,shicao_001,中国药典（2025年版）一部,清热药,蓍草,据《中国药典》2025 年版一部：蓍草为菊科植物蓍 Achillea alpina L. 的干燥地上部分（药用部位：地上部分）。性味苦、酸，平；归肺、脾、膀胱经。功能与主治：解毒利湿，活血止痛；用于乳蛾咽痛，泄泻痢疾，肠痈腹痛，热淋涩痛，湿热带下，蛇虫咬伤。用法与用量：15～45g，必要时日服二剂。外用适量。注意：孕妇…,**简明**：蓍草苦酸平，解毒利湿而活血止痛，为治咽痛泻痢、肠痈热淋的常用药。。**详解**：乳蛾咽痛配板蓝根、射干；泄泻痢疾配黄连、白头翁；肠痈腹痛配红藤、败酱草；热淋涩痛配车前草、瞿麦。**孕妇慎服**。,,
q033,肠痈,classical,baihuasheshecao_001,中国药典（2025年版）一部,清热药,白花蛇舌草,据《中国药典》2025 年版一部：白花蛇舌草为茜草科植物白花蛇舌草 Hedyotis diffusa Willd. 的干燥全草（药用部位：全草）。性味微苦、甘，寒；归胃、大肠、小肠经。功能与主治：清热解毒，利湿通淋；用于痈肿疮毒，咽喉肿痛，肠痈，毒蛇咬伤，热淋涩痛，湿热黄疸。用法与用量：15～60g。外用适量。贮藏：置…,**简明**：白花蛇舌草微苦甘寒，清热解毒、利湿通淋，主治痈肿疮毒、肠痈咽痛、蛇伤热淋，现代常用于肿瘤辅助治疗。**详解**：疮疡肿毒配金银花、蒲公英；肠痈配红藤、败酱草；热淋配车前草、金钱草；毒蛇咬伤捣汁外敷内服。脾胃虚寒者慎用。,,
q033,肠痈,classical,jingui_018,金匮要略,疮痈肠痈浸淫病脉证并治第十八,疮痈肠痈浸淫病脉证并治第十八,（论一首 脉证三条 方五首） 诸浮数脉，应当发热，而反洒淅恶寒，若有痛处，当发其痈。 师曰：诸痈肿，欲知有脓无脓，以手掩肿上，热者为有脓，不热者为无脓。 肠痈之为病，其身甲错，腹皮急，按之濡，如肿状，腹无积聚，身无热，脉数，此为腹内有痈脓，薏苡附子败酱散主之。 薏苡附子败酱散方 薏苡六十分 附子二分 败酱五分 右三味，…,本篇论疮痈、肠痈、浸淫疮、金疮。肠痈以身甲错、腹皮急按之濡为辨证，脓未成（脉迟紧）可下，脓已成（脉洪数）不可下；主薏苡附子败酱散排脓、大黄牡丹汤泻热逐瘀；金疮主王不留行散。,,
q033,肠痈,classical,shangjuxu_001,针灸学,足阳明胃经,上巨虚,《灵枢·本输》：复下三里三寸，为巨虚上廉。大肠属上。,上巨虚为大肠之下合穴，定位在小腿前外侧，当犊鼻下6寸，距胫骨前缘一横指。下合穴主治六腑病证，合治内腑，善治大肠诸疾：肠鸣、腹痛、泄泻、便秘、肠痈，兼治下肢痿痹、脚气。刺法：直刺1~1.5寸。,,
q033,肠痈,classical,chixiaodou_001,中国药典（2025年版）一部,利水渗湿药,赤小豆,据《中国药典》2025 年版一部：赤小豆为豆科植物赤小豆 Vigna umbellata Ohwi et Ohashi 或赤豆 Vigna angularis Ohwi et Ohashi 的干燥成熟种子（药用部位：成熟种子）。性味甘、酸，平；归心、小肠经。功能与主治：利水消肿，解毒排脓；用于水肿胀满，脚气浮肿，黄疸尿…,**简明**：赤小豆甘酸平，利水消肿、解毒排脓，主治水肿脚气、黄疸尿赤及痈肿肠痈，可作食疗。**详解**：水肿配茯苓、薏苡仁；湿热黄疸配茵陈；痈肿疮毒研末外敷（芙蓉叶配用）；肠痈配薏苡仁、败酱草。瘦人及阴虚者不宜久服。,,
q033,肠痈,classical,baijiangcao_001,中国药典（2025年版）一部,清热药,败酱草,据《中国药典》2025 年版一部：败酱草为败酱科植物黄花败酱 Patrinia scabiosaefolia Fisch. ex Trevir. 或白花败酱 Patrinia villosa Juss. 的干燥全草（药用部位：全草）。性味辛、苦，微寒；归胃、大肠、肝经。功能与主治：清热解毒，消痈排脓，祛瘀止痛；用于肠痈…,**简明**：败酱草辛苦微寒，清热解毒、消痈排脓、祛瘀止痛，为治**肠痈**要药，兼治肺痈、产后瘀痛。**详解**：肠痈腹痛配薏苡仁、附子（薏苡附子败酱散）或配红藤、牡丹皮；肺痈配鱼腥草、桔梗；产后瘀阻腹痛配当归、川芎。脾胃虚弱及无实热瘀滞者慎用。,,
q033,肠痈,classical,yiyiren_001,中国药典（2025年版）一部,利水渗湿药,薏苡仁,据《中国药典》2025 年版一部：薏苡仁为禾本科植物薏苡 Coix lacryma-jobi L. var. ma-yuen (Roman.) Stapf 的干燥成熟种仁（药用部位：成熟种仁）。性味甘、淡，凉；归脾、胃、肺经。功能与主治：利水渗湿，健脾止泻，除痹，排脓，解毒散结；用于水肿，脚气，小便不利，脾虚泄泻，湿痹…,**简明**：薏苡仁甘淡凉，利水渗湿、健脾止泻、除痹排脓、解毒散结，药食两用，力缓不峻（生用清热利湿排脓，炒用健脾止泻）。**详解**：脾虚泄泻配白术、山药（参苓白术散）；湿痹拘挛配防己、木瓜；肺痈配芦根、冬瓜仁（千金苇茎汤）；肠痈配附子、败酱草（薏苡附子败酱散）；赘疣单味煮食。孕妇慎用。,,
q033,肠痈,classical,pugongying_001,中国药典（2025年版）一部,清热药,蒲公英,据《中国药典》2025 年版一部：蒲公英为菊科植物蒲公英 Taraxacum mongolicum Hand.-Mazz.、碱地蒲公英 Taraxacum borealisinense Kitam. 或同属数种植物的干燥全草（药用部位：全草）。性味苦、甘，寒；归肝、胃经。功能与主治：清热解毒，消肿散结，利尿通淋；用于疔…,**简明**：蒲公英苦甘寒，清热解毒、消肿散结、利尿通淋，为治**乳痈**要药，兼治目赤咽痛、黄疸热淋。**详解**：乳痈肿痛鲜品捣敷或配金银花、连翘内服；疔疮肿毒配紫花地丁、野菊花（五味消毒饮）；湿热黄疸配茵陈、栀子；热淋配车前草、白茅根。用量宜大（15～30g）；脾胃虚寒者慎用。,,
q033,肠痈,classical,taoren_001,中国药典（2025年版）一部,活血化瘀药,桃仁,据《中国药典》2025 年版一部：桃仁为蔷薇科植物桃 Prunus persica (L.) Batsch 或山桃 Prunus davidiana (Carr.) Franch. 的干燥成熟种子（药用部位：成熟种子）。性味苦、甘，平；有小毒；归心、肝、大肠经。功能与主治：活血祛瘀，润肠通便，止咳平喘；用于经闭痛经，癥…,**简明**：桃仁苦甘平有小毒，活血祛瘀（**瘀血经闭、癥瘕要药**）、润肠通便、止咳平喘。**详解**：血瘀经闭配红花、当归（桃红四物汤）；蓄血腹痛配大黄、桂枝（桃核承气汤）；肠燥便秘配火麻仁、柏子仁；肺痈配苇茎、薏苡仁。孕妇慎用，便溏者忌用。,,
q033,肠痈,classical,snb_huanglian_001,神农本草经,中经,黄连,黄连，味，寒。主热气，目痛眦伤泣出，明目，肠澼腹痛下利，妇人阴中肿痛。,黄连大苦大寒，清热燥湿、泻火解毒之力最盛，善清心胃实火，主治高热神昏、心烦不寐、湿热痞满泻痢及痈肿疮毒。本经主目痛、肠澼、阴肿，皆取其泻火解毒燥湿之功。,,
q033,肠痈,classical,snb_ganjiang_001,神农本草经,中经,干姜,干姜，味辛，温。主胸满，咳逆上气，温中，止血，出汗，逐风湿痹，肠澼下利。,干姜辛热，温中散寒、回阳通脉、温肺化饮，主治脘腹冷痛、呕吐泄泻、亡阳厥逆及寒饮喘咳。本经主胸满咳逆、肠澼下利，皆取其温中散寒、化饮止利之功。,,
q033,肠痈,classical,snb_huangqin_001,神农本草经,中经,黄芩,黄芩，味苦，平。主诸热黄疸，肠澼泄利，逐水，下血闭，恶疮疽蚀，火疡。,黄芩苦寒，清热燥湿、泻火解毒，善清肺胆大肠实火，主治湿热黄疸、泻痢、肺热咳嗽及血热出血、胎动不安。本经主诸热黄疸、肠澼火疡，皆清热燥湿之功。,,
q033,肠痈,classical,snb_lilu_001,神农本草经,下经,藜芦,藜芦，味辛，寒。主蛊毒，咳逆，泄利肠澼，头疡疥瘙恶疮，杀诸虫毒，去死肌。生山谷。,藜芦辛寒有大毒，善涌吐胸中风痰、宿食，并外用杀虫止痒，主治中风痰壅、癫痫误喉及疥癣恶疮。其毒性剧烈，反细辛、芍药及诸参（人参、沙参、丹参、玄参、苦参），孕妇体虚者忌用，内服宜慎，多作外用或入丸散极少量，不可久服。,,
q033,肠痈,classical,shanghan_386,伤寒论,辨厥阴病脉证并治,呕家有痈脓者（第386条）,呕家有痈脓者，不可治，呕脓尽自愈。,本条论述厥阴病之脉证。症见呕、痈脓。当审其表里寒热、虚实传变而施治。,,
q033,肠痈,classical,snb_chixiaodou_001,神农本草经,中经,赤小豆,赤小豆，味甘酸，平。主下水，排痈肿脓血。,赤小豆甘酸平，利水消肿、解毒排脓，主治水肿胀满、脚气浮肿、黄疸尿赤风湿热痹及痈肿疮毒肠痈腹痛。本经主下水、排痈肿脓血，取其利水湿、排脓解毒之功。,,
q033,肠痈,classical,kudiding_001,中国药典（2025年版）一部,清热药,苦地丁,据《中国药典》2025 年版一部：苦地丁为罂粟科植物紫堇 Corydalis bungeana Turcz. 的干燥全草（药用部位：全草）。性味苦，寒；归心、肝、大肠经。功能与主治：清热解毒，散结消肿；用于疔疮肿毒，乳痈，肠痈，丹毒。用法与用量：9～15g。外用适量。贮藏：置干燥处。,**简明**：苦地丁苦寒，清热解毒而散结消肿，为外科疮疡常用药。。**详解**：疔疮肿毒、丹毒配蒲公英、紫花地丁、野菊花；乳痈配瓜蒌、皂角刺；肠痈配红藤、败酱草；可煎水外洗或捣敷。脾胃虚寒者慎用。,,
q033,肠痈,classical,snb_mangcao_001,神农本草经,下经,莽草,莽草，味辛，温。主风头痈肿，乳痈疝瘕，除结气疥瘙，杀虫鱼。生山谷。,莽草（木兰科狭叶茴香之叶，俗称山木蟹）辛温有毒，祛风止痛、杀虫止痒，兼散结消肿，古多外用洗浴或研末敷疮疥，主治头风痈肿、乳痈疝瘕、疥癣瘙痒。其有毒，误服可致中毒，仅供外用，不可入口入汤内服，不可久用。,,
q033,肠痈,classical,snb_baijiang_001,神农本草经,中经,败酱,败酱，味苦，平。主暴热火创赤气，疥瘙疽痔，马鞍热气。,败酱辛苦微寒，清热解毒、消痈排脓、祛瘀止痛，主治肠肺痈疮疡及产后瘀阻腹痛。本经主暴热火创、疥瘙疽痔，取其清热解毒消痈之功。,,
q033,肠痈,classical,snb_xuduan_001,神农本草经,上经,续断,续断，味苦，微温。主伤寒，补不足，金疮痈伤，折跌续筋骨，妇人乳难。久服，益气力。一名龙豆，一名属折。生山谷。,续断苦辛微温，补肝肾、强筋骨、续折伤、止崩漏，主治肝肾不足之腰膝酸软、风湿痹痛、跌扑折伤及胎漏崩漏。,,
q033,肠痈,classical,lingshu_068,灵枢经,上隔篇六十八,上隔篇六十八,黄帝曰：气为上膈者，食饮入而还出，余已知之矣。虫为下膈，下膈者，食晬时乃出，余未得其意，愿卒闻之。 岐伯曰：喜怒不适，食饮不节，寒温不时，则寒汁流于肠中，流于肠中则虫寒，虫寒则积聚，守于下管，则肠胃充郭，卫气不营，邪气居之。人食则虫上食，虫上食则下管虚，下管虚则邪气胜之，积聚以留，留则痈成，痈成则下管约。其痈在管内者，…,本篇论上膈下膈。气为上膈者食入还出；虫为下膈者食晬时乃出。喜怒不适、食饮不节、寒温不时，寒汁流肠中则虫寒积聚守于下管，卫气不营、邪气居之；人食则虫上食，下管虚则邪气胜之、积聚成痈、下管约。治当微按其痈，先浅刺其傍稍内益深，毋过三行；已刺必熨令热入中，大痈乃溃；伍以参禁、恬憺行气，后以咸苦化谷乃下。,,
q033,肠痈,classical,zihuadiding_001,中国药典（2025年版）一部,清热药,紫花地丁,据《中国药典》2025 年版一部：紫花地丁为堇菜科植物紫花地丁 Viola yedoensis Makino 的干燥全草（药用部位：全草）。性味苦、辛，寒；归心、肝经。功能与主治：清热解毒，凉血消肿；用于疔疮肿毒，痈疽发背，丹毒，乳痈，肠痈，目赤肿痛，毒蛇咬伤。用法与用量：15～30g。外用鲜品适量，捣烂敷患处。贮藏：…,**简明**：紫花地丁苦辛寒，清热解毒、凉血消肿，为治**疔疮肿毒**要药，亦可解蛇毒。**详解**：疔疮痈肿配金银花、蒲公英、野菊花（五味消毒饮）；丹毒配牡丹皮、赤芍；毒蛇咬伤鲜品捣敷并内服。体质虚寒者慎用。,,
q033,肠痈,classical,snb_luoshi_001,神农本草经,上经,落石,络石，味苦，温。主风热死肌，痈伤，口干舌焦，痈肿不消，喉舌肿不通，水浆不下。久服，轻身明目，润泽，好颜色，不老延年。一名石鲮。生山川。,落石即络石藤，苦微寒，祛风通络、凉血消肿，主治风湿热痹、筋脉拘挛、腰膝酸痛及喉痹、痈肿、跌扑损伤。,,
q033,肠痈,classical,shanghan_306,伤寒论,辨少阴病脉证并治,少阴下利便脓血桃花汤（第306条）,少阴病，下利便脓血者，桃花汤主之。 桃花汤方 赤石脂一斤（一半全用，一半筛末，甘温） 干姜一两（辛热） 粳米一斤（甘平）右三味，以水七升，煮米令熟，去滓，温服七合，内赤石脂末，方寸匕，日三服。若一服愈，余勿服。,少阴病下利便脓血，为脾肾阳虚、下焦不固、滑脱不禁所致之虚寒下利便脓血。治以桃花汤温涩固脱，赤石脂涩肠止血，干姜温中，粳米养胃，为温涩之法。,,
q033,肠痈,classical,liji_001,中医内科学,脾胃系病证,痢疾,《素问·通评虚实论》：「肠澼白沫……」称本病为「肠澼」。《金匮要略·呕吐哕下利病脉证治》：「热利下重者，白头翁汤主之。」宋·严用和《济生方》正式确立「痢疾」病名。（据规划教材《中医内科学·脾胃系病证·痢疾》归纳）,痢疾是因外感时邪疫毒、内伤饮食，邪蕴肠腑、气血壅滞、传导失司所致，以腹痛、里急后重、下赤白脓血便为主症，具传染性，多发于夏秋季节。病位在肠，与脾胃密切相关，可内蕴心营、上攻于胃。辨证以辨虚实寒热、伤气伤血为要：湿热痢（芍药汤清肠化湿、调气和血）为最常见；疫毒痢（白头翁汤合芍药汤清热解毒、凉血除积）发病急骤、壮热神昏，属…,,
q033,肠痈,classical,songziren_001,《中药学》（清华社）· 药典外品种,泻下药,松子仁,据清华社《中药学》：松子仁为松科植物红松 Pinus koraiensis Sieb. et Zucc. 的干燥成熟种仁（药用部位：成熟种仁）。性味甘，温；归肺、大肠经。功能与主治：润肠通便，润肺止咳；用于肠燥便秘，肺燥干咳。用法与用量：10～15g。注意：脾虚便溏、湿痰者慎用。贮藏：置阴凉干燥处，防蛀。,**简明**：松子仁甘温，润肠通便而润肺止咳，为治肠燥便秘与肺燥干咳的常用药。。**详解**：肠燥便秘配火麻仁、柏子仁；肺燥干咳配沙参、麦冬、杏仁。**脾虚便溏、湿痰者慎用**。,,
q033,肠痈,classical,shiliupi_001,中国药典（2025年版）一部,收涩药,石榴皮,据《中国药典》2025 年版一部：石榴皮为石榴科植物石榴 Punica granatum L. 的干燥果皮（药用部位：果皮）。性味酸、涩，温；归大肠经。功能与主治：涩肠止泻，止血，驱虫；用于久泻久痢，便血，脱肛，崩漏，蛔虫病，绦虫病。用法与用量：3～9g。贮藏：置阴凉干燥处。,**简明**：石榴皮酸涩温，涩肠止泻、止血、驱虫，主治久泻久痢、便血脱肛、崩漏及肠道寄生虫病。**详解**：久泻配乌梅、诃子；便血配地榆、槐花；驱虫配槟榔（煎汤空腹服）。**泻痢初起、内有实邪者忌用**；驱虫量大时注意毒性。,,
q033,肠痈,classical,maohezi_001,中国药典（2025年版）一部,收涩药,毛诃子,据《中国药典》2025 年版一部：毛诃子为使君子科植物毗黎勒 Terminalia bellirica (Gaertn.) Roxb. 的干燥成熟果实（药用部位：成熟果实）。性味甘、涩，平；归大肠、肺经。功能与主治：涩肠止泻，敛肺止咳，清热解毒；用于久泻久痢，便血脱肛，久咳，咽喉肿痛，热毒疮疡。用法与用量：3～9g。贮…,**简明**：毛诃子甘涩平，涩肠止泻、敛肺止咳、清热解毒（**藏医「三果」之一**），主治久泻久痢、久咳及咽喉肿痛、热毒疮疡。**详解**：久泻配诃子、石榴皮；久咳配余甘子；咽痛配青果、金银花。泻痢初起者慎用。,,
q033,肠痈,classical,mangxiao_001,中国药典（2025年版）一部,泻下药,芒硝,据《中国药典》2025 年版一部：芒硝为硫酸盐类矿物芒硝族芒硝，经加工精制而成的结晶体，主含含水硫酸钠（Na2SO4·10H2O）（药用部位：矿物精制品）。性味咸、苦，寒；归胃、大肠经。功能与主治：泻下通便，润燥软坚，清火消肿；用于实热积滞，腹满胀痛，大便燥结，肠痈肿痛，外治乳痈，痔疮肿痛。用法与用量：6～12g，一般…,**简明**：芒硝咸苦寒，泻下通便、润燥软坚、清火消肿，主治实热燥结便秘（软坚之力优于大黄）及外敷消肿。**详解**：实热便秘配大黄（大承气汤）；咽痛口疮、目赤可化水含漱或滴眼；乳痈痔疮肿痛外敷。**不入煎剂，宜冲服或溶入汤剂**；孕妇慎用，脾胃虚寒者忌用。,,
q033,肠痈,classical,yuyuliang_001,中国药典（2025年版）一部,收涩药,禹余粮,据《中国药典》2025 年版一部：禹余粮为氢氧化物类矿物褐铁矿，主含碱式氧化铁（药用部位：矿石）。性味甘、涩，微寒；归胃、大肠经。功能与主治：涩肠止泻，收敛止血；用于久泻久痢，大便出血，崩漏带下。用法与用量：9～15g，先煎。注意：孕妇慎用。贮藏：置干燥处，防潮。,**简明**：禹余粮甘涩微寒，涩肠止泻、收敛止血（**功近赤石脂而兼微寒**），主治久泻久痢、便血崩漏带下。**详解**：久泻滑脱配赤石脂（赤石脂禹余粮汤）；崩漏配乌贼骨、棕榈炭。**先煎**；孕妇慎用，湿热积滞者忌用。,,
q033,肠痈,classical,jinyingzi_001,中国药典（2025年版）一部,收涩药,金樱子,据《中国药典》2025 年版一部：金樱子为蔷薇科植物金樱子 Rosa laevigata Michx. 的干燥成熟果实（药用部位：成熟果实）。性味酸、甘、涩，平；归肾、膀胱、大肠经。功能与主治：固精缩尿，固崩止带，涩肠止泻；用于遗精滑精，遗尿尿频，崩漏带下，久泻久痢。用法与用量：6～12g。贮藏：置通风干燥处。,**简明**：金樱子酸甘涩平，固精缩尿、固崩止带、涩肠止泻（**专主固涩下焦**），主治遗精滑精、遗尿尿频、崩漏带下及久泻久痢。**详解**：遗精配芡实（水陆二仙丹）；遗尿配覆盆子、桑螵蛸；久泻配芡实、莲子。**有实火、实邪者忌用**。,,
q033,肠痈,classical,sanjiao_003,《中医诊断学》规划教材（要点归纳）,辨证,三焦辨证分证·上中下焦温病证候区分,三焦辨证是吴鞠通创立的温病辨证体系，将温病传变分为上焦、中焦、下焦三个阶段。上焦病证为温邪犯肺、心包，症见发热咳嗽或神昏；中焦病证为热盛胃腑肠腑，症见腹满便秘；下焦病证为热灼肝肾真阴，症见手足蠕动、舌干绛。,三焦辨证以三焦部位划分温病传变：上焦治肺与心包，中焦治胃与肠，下焦治肝肾真阴。与卫气营血辨证互参。神昏动风者须及时就医。此为教材要点归纳，供参考；具体诊疗请遵医嘱，不引导自我诊断。,,
q033,肠痈,classical,dahuang_001,中国药典（2025年版）一部,泻下药,大黄,据《中国药典》2025 年版一部：大黄为蓼科植物掌叶大黄 Rheum palmatum L.、唐古特大黄 Rheum tanguticum Maxim. ex Balf. 或药用大黄 Rheum officinale Baill. 的干燥根和根茎（药用部位：根和根茎）。性味苦，寒；归脾、胃、大肠、肝、心包经。功能与主治…,**简明**：大黄苦寒，「将军」之药，泻下攻积、清热泻火、凉血解毒、逐瘀通经、利湿退黄，为治实热积滞便秘第一要药。**详解**：实热便秘配芒硝、枳实、厚朴（大承气汤）；血热吐衄配黄连、黄芩（泻心汤）；湿热黄疸配茵陈、栀子（茵陈蒿汤）；肠痈配牡丹皮、桃仁（大黄牡丹汤）；瘀血经闭配当归、桃仁。**泻下不宜久煎**（后下）；…,,
q033,肠痈,classical,gualou_001,中国药典（2025年版）一部,化痰止咳平喘药,瓜蒌,据《中国药典》2025 年版一部：瓜蒌为葫芦科植物栝楼 Trichosanthes kirilowii Maxim. 或双边栝楼 Trichosanthes rosthornii Harms 的干燥成熟果实（药用部位：成熟果实）。性味甘、微苦，寒；归肺、胃、大肠经。功能与主治：清热涤痰，宽胸散结，润燥滑肠；用于肺热咳嗽…,**简明**：瓜蒌甘微苦寒，清热涤痰、宽胸散结、润燥滑肠，为治**痰热胸痹**要药，兼治肺热咳嗽、乳痈肺痈及肠燥便秘。**详解**：胸痹心痛配薤白、半夏（瓜蒌薤白白酒汤）；结胸配黄连、半夏（小陷胸汤）；燥痰配贝母（贝母瓜蒌散）。**反乌头、附子**；脾虚便溏、寒痰湿痰者忌用。,,
q033,肠痈,classical,suwen_045,黄帝内经素问,厥论篇四十五,厥论篇四十五,黄帝问曰：厥之寒热者何也？ 岐伯对曰：阳气衰于下则为寒厥，阴气衰于下则为热厥。 帝曰：热厥之为热也，必起于足下者，何也？ 岐伯曰：阳气起（《甲乙经》作走）于足五趾之表，阴脉者，集于足下而聚于足心，故阳气胜则足下热也。 帝曰：寒厥之为寒也，必从五趾而上于膝者，何也？ 岐伯曰：阴气起于五趾之里，集于膝下而聚于膝上，故阴气胜…,本篇论寒厥热厥及六经厥逆。阳气衰于下则为寒厥，阴气衰于下则为热厥。热厥起于足下，因数醉饱入房、酒谷相薄、热盛于中；寒厥从五趾上膝，因质壮秋冬夺所用、阳气日损阴气独在。厥或腹满（阴盛于上下虚），或暴不知人（阳气乱）。次详列巨阳、阳明、少阳、太阴、少阴、厥阴六经之厥状，及三阴三阳与手经厥逆之候，并言盛泻虚补、不盛不虚以经取…,,
q033,肠痈,classical,jingui_024,金匮要略,禽兽鱼虫禁忌并治第二十四,禽兽鱼虫禁忌并治第二十四,凡饮食滋味以养于生，食之有妨，反能为害，自非服药炼液、焉能不饮食乎？切见时人，不闲调摄，疾疢竞起；若不因食而生，苟全其生，须知切忌者矣。所食之味，有与病相宜，有与身为害，若得宜则益体，害则成疾，以此致危，例皆难疗。凡煮药饮汁以解毒者，虽云救急，不可热饮，诸毒病，得热更甚，宜冷饮之。 肝病禁辛，心病禁咸，脾病禁酸，肺病禁…,本篇论禽兽鱼虫类饮食禁忌，详列自死肉、疫死牛、马肝、蟹等不可食之状，并载解毒方（如大豆汁、芦根汁、紫苏汁等），为古代饮食卫生与食物中毒救治文献。,,
q033,肠痈,classical,yong_001,《中医外科学》规划教材（要点归纳）,外科,痈·局部光软无头红肿热痛,痈是指发生于体表皮肉之间的急性化脓性疾病，其特点是局部光软无头、红肿热痛、结块范围多在 6~9cm、易脓易溃易敛，可伴恶寒发热等全身症状。病因多为外感六淫邪毒、过食膏粱厚味、外伤染毒；病机为气血壅滞、热胜肉腐。辨证分热毒蕴结、热胜肉腐、正虚邪恋等型。,痈属阳证疮疡，辨证首分初起、成脓、溃后。初起宜清热解毒、和营消肿；成脓宜托毒透脓、必要时切开排脓；溃后宜益气养血。凡范围大、高热不退、脓出不畅或伴糖尿病者应及时就医。教材要点归纳，供参考；具体诊疗请遵医嘱。,,
q033,肠痈,classical,yuzhouloulu_001,中国药典（2025年版）一部,清热药,禹州漏芦,据《中国药典》2025 年版一部：禹州漏芦为菊科植物蓝刺头 Echinops latifolius Tausch. 的干燥根（药用部位：根）。性味苦，寒；归胃经。功能与主治：清热解毒，排脓止血；用于痈肿疮毒，乳痈，瘰疬，痔漏。用法与用量：4.5～9g。外用适量。贮藏：置通风干燥处。,**简明**：禹州漏芦苦寒，清热解毒而排脓，为疮痈肿毒、乳痈的常用药。。**详解**：痈肿疮毒、乳痈配蒲公英、连翘、皂角刺；瘰疬配夏枯草、玄参；痔漏配槐角、地榆。气虚疮疡平塌者慎用。,,
q033,肠痈,classical,feiyong_001,中医内科学,肺系病证,肺痈,《金匮要略·肺痿肺痈咳嗽上气病脉证治》：「咳而胸满振寒，脉数，咽干不渴，时出浊唾腥臭，久久吐脓如米粥者，为肺痈。」又立「始萌可救，脓成则死」之辨，出苇茎汤、桔梗汤等方。（据规划教材《中医内科学·肺系病证·肺痈》归纳）,肺痈为风热邪毒壅滞肺脏，热伤肺络，肉腐血败而成脓疡之内痈，临床以骤起寒战高热、咳嗽胸痛、咯吐大量腥臭黄绿色浊痰，甚则脓血相兼为特征。辨证按病程分四期：初期（表证期，银翘散疏风清肺）；成痈期（寒战壮热、咳吐浊痰，千金苇茎汤合如金解毒散清热解毒、化瘀消痈）；溃脓期（咯吐大量脓血痰、腥臭异常，加味桔梗汤排脓解毒，为病情顺逆转…,,
q033,肠痈,classical,snb_qumai_001,神农本草经,中经,瞿麦,瞿麦，味，寒。主关格诸癃结，小便不通，出刺，决痈肿，明目去翳，破胎堕子，下闭血。,瞿麦苦寒，利尿通淋、活血通经，主治热淋血淋石淋、小便不通及血瘀经闭。本经主癃结小便不通、决痈肿、下闭血，取其苦寒降泄、通利滑利之功。,,
q033,肠痈,classical,suwen_046,黄帝内经素问,病能论篇四十六,病能论篇四十六,黄帝问曰：人病胃脘痈者，诊当何如？ 岐伯对曰：诊此者当候胃脉，其脉当沉细，沉细者气逆，逆者，人迎甚盛，甚盛则热。人迎者，胃脉也，逆而盛，则热聚于胃口而不行，故胃脘为痈也。 帝曰：善。人有卧而有所不安者，何也？ 岐伯曰：藏有所伤，及精有所之寄则安，故人不能悬其病也。 帝曰：人之不得偃卧者，何也？ 岐伯曰：肺者脏之盖也，肺…,本篇论数种奇邪病证及诊治。胃脘痈当候胃脉沉细、人迎甚盛，热聚胃口而成痈；卧不安、不得偃卧各有所因；有病厥者右脉沉紧应冬、左脉浮迟逆时，病主在肾而腰痛。颈痈同名异等，气息者针除、气盛血聚者石泻，为同病异治。怒狂生于阳厥，因暴折难决，夺其食即已，服生铁洛饮下气。身热汗出恶风少气者名酒风，治以泽泻术麋衔。末释《上经》《下经》…,,
q033,肠痈,classical,lingshu_081,灵枢经,痈疽篇八十一,痈疽篇八十一,黄帝曰：余闻肠胃受谷，上焦出气，以温分肉，而养骨节，通腠理；中焦出气如露，上注溪谷，而渗孙脉，津液和调，变化而赤为血。血和则孙脉先满溢，乃注于络脉，络脉皆盈，乃注于经脉，阴阳已张，因息乃行。行有经纪，周有道理，与天合同，不得休止。切而调之，从虚去实。泻则不足，疾则气减，留则先后。从实去虚，补则有余。血气已调，形气乃持。…,本篇为《灵枢》末篇，论痈疽病因病机与十八种痈疽的名称、部位、主治、死期。寒邪客经络则血泣不通，卫气归之故痈肿；寒化为热，热胜腐肉为脓，脓不泻则烂筋伤骨、熏五脏故死。详述猛疽、夭疽、脑烁、疵痈、米疽、井疽、甘疽、败疵、股胫疽、锐疽、赤施、兔啮、走缓、四淫、厉痈、脱痈（足趾急斩之）等。末辨痈浅在经脉、疽深陷肌肤连五脏。,,
q033,肠痈,classical,yutinghong_001,余听鸿医案,外证门,余听鸿·乳痈消托案,某妇，乳房掀红肿痛，寒热往来。余氏谓乳为阳明胃经所司，乳头属厥阴肝，此肝胃郁热、乳络壅滞，初起当疏肝清胃、通络散结，使外肿内消，若脓成则又当托里透脓，不可一味内消。,此案辨乳痈为肝胃郁热、乳络壅滞，初起主以疏肝清胃、通络内消，并强调脓成即当托透，不可拘泥一法。余氏于外证辨证精细，示人外治必合内治、消托须分阶段。,,
q033,肠痈,classical,chuan_shanjia_001,中国药典（2025年版）一部,活血化瘀药,穿山甲,据《中国药典》2025 年版一部：穿山甲为鲮鲤科动物穿山甲 Manis pentadactyla Linnaeus 的鳞甲（药用部位：鳞甲）。性味咸，微寒；归肝、胃经。功能与主治：活血消癥，通经下乳，消肿排脓，搜风通络；用于经闭癥瘕，乳汁不通，痈肿疮毒，风湿痹痛，中风瘫痪。用法与用量：3～9g，一般炮制后用；多入丸散服…,**简明**：穿山甲咸微寒，活血消癥、通经下乳、消肿排脓、搜风通络，性**善走窜通络**，主治经闭癥瘕、乳汁不下、痈肿不溃及痹痛瘫痪。**详解**：痈肿初起配金银花、皂角刺（仙方活命饮）；乳汁不下配王不留行、通草（涌泉散）；痹痛配威灵仙、秦艽。**孕妇慎用**；濒危保护动物，现多遵法规以代用品（王不留行、路路通等）。,,
q033,肠痈,classical,qianliguang_001,中国药典（2025年版）一部,清热药,千里光,据《中国药典》2025 年版一部：千里光为菊科植物千里光 Senecio scandens Buch.-Ham. 的干燥地上部分（药用部位：地上部分）。性味苦，寒；归肺、肝、大肠经。功能与主治：清热解毒，明目，利湿；用于痈肿疮毒，感冒发热，目赤肿痛，泄泻痢疾，皮肤湿疹。用法与用量：15～30g。外用适量，煎水熏洗。贮藏…,**简明**：千里光苦寒，清热解毒、明目利湿，主治痈肿疮毒、目赤翳障、湿疹及湿热泻痢（民间谚称「一世不生疮」）。**详解**：疮痈肿毒配蒲公英、金银花；目赤肿痛配菊花、决明子；湿疹疥癣煎水外洗；泻痢配黄连、白头翁。脾胃虚寒者慎用。,,
q033,肠痈,classical,shanglu_001,中国药典（2025年版）一部,泻下药,商陆,据《中国药典》2025 年版一部：商陆为商陆科植物商陆 Phytolacca acinosa Roxb. 或垂序商陆 Phytolacca americana L. 的干燥根（药用部位：根）。性味苦，寒；有毒；归肺、脾、肾、大肠经。功能与主治：逐水消肿，通利二便，解毒散结；用于水肿胀满，二便不通；外治痈肿疮毒。用法与用…,**简明**：商陆苦寒有毒，逐水消肿、通利二便，主治水肿胀满、二便不通（外用解毒散结）。**详解**：水肿腹满配泽泻、茯苓皮（疏凿饮子）；疮痈肿毒煎汤外洗。**有毒**，3～9g，醋制减毒，不宜久服；孕妇禁用，脾虚水肿者忌用。,,
q033,肠痈,classical,loulu_001,中国药典（2025年版）一部,清热药,漏芦,据《中国药典》2025 年版一部：漏芦为菊科植物祁州漏芦 Rhaponticum uniflorum (L.) DC. 的干燥根（药用部位：根）。性味苦，寒；归胃经。功能与主治：清热解毒，消痈散结，通经下乳；用于乳痈肿痛，痈疽发背，瘰疬疮毒，乳汁不通，湿痹拘挛。用法与用量：5～9g。贮藏：置通风干燥处。,**简明**：漏芦苦寒，清热解毒、消痈散结、通经下乳，主治乳痈肿痛、痈疽发背及乳汁不下。**详解**：乳痈肿痛配瓜蒌、蒲公英；痈疽配连翘、皂角刺；乳汁不通配穿山甲（代用品）、王不留行；湿痹拘挛配秦艽、防己。气虚疮疡平塌及孕妇慎用。,,
q033,肠痈,classical,snb_qinpi_001,神农本草经,中经,秦皮,秦皮，味苦，微寒。主风寒湿痹，洗洗寒气，除热，目中青翳白膜。,秦皮苦涩寒，清热燥湿、收涩止痢止带、清肝明目，主治湿热泻痢、赤白带下及肝热目赤肿痛目翳。本经主风寒湿痹、目中青翳白膜，取其清热涩肠、清肝明目之功。,,
q033,肠痈,classical,daichichengqi_001,温病条辨,中焦篇,导赤承气汤,阳明温病，下之不通，……左尺牢坚，小便赤痛，时烦渴甚，导赤承气汤主之。  导赤承气汤方： 赤芍药三钱 细生地五钱 川大黄三钱 黄连二钱 黄柏二钱 芒硝一钱。 水五杯，煮取二杯，先服一杯，不下再服。,"本条论阳明温腑实兼小肠火盛的证治。阳明腑实便秘，兼见小便赤痛、时烦渴甚、左尺脉牢坚，为小肠火腑热盛、水液不行。单攻下则小肠之火不除，单利水则大肠之结不开。主以导赤承气汤：大黄、芒硝泻热通腑（承气之意），黄连、黄柏清心与小肠之热，生地、赤芍凉营养阴。导热（小肠）与承气（大肠）并用，二肠并治，为吴氏""五承气""之一。",,
q034,梅核气,classical,tanyinbianzheng_001,《中医诊断学》规划教材（要点归纳）,辨证,痰饮辨证·痰饮停留不同部位证候各异,痰饮辨证是辨别痰饮停聚部位与性质。痰证：咳痰胸闷、眩晕、癫狂、瘰疬痰核、梅核气等；饮证：胃肠水声漉漉（痰饮）、肋间饱满（悬饮）、肢体浮肿（溢饮）、咳逆倚息不得卧（支饮）。,痰饮辨证须辨痰之性状（稀稠色量）与停留部位。咳血、胸腔积液、腹水、下肢水肿须就医。此为教材要点归纳，供参考；具体诊疗请遵医嘱，不引导自我诊断。,,
q034,梅核气,classical,yuzheng_001,中医内科学,气血津液病证,郁证,"郁证是以心情抑郁、情绪不宁、胸部满闷、胁肋胀痛，或易怒欲哭，或咽中如有异物梗阻等为主要临床表现的病证。《素问·六元正纪大论》提出""木郁达之，火郁发之，土郁夺之，金郁泄之，水郁折之""五郁治则。《金匮要略·妇人杂病脉证并治》记载""脏躁""与""梅核气""证治。教材以气机郁滞为基本病机分证论治。",郁证病位主要在肝，可涉及心、脾、肾，基本病机为气机郁滞、脏腑功能失调。辨证首辨受病脏腑与六郁：初起多实（气郁、火郁、痰郁），日久转虚或虚实夹杂（心神失养、心脾两虚、心肾阴虚）。分证论治：肝气郁结治以疏肝解郁、理气畅中，方用柴胡疏肝散；气郁化火治以疏肝解郁、清肝泻火，方用丹栀逍遥散；痰气郁结（梅核气）治以行气开郁、化痰散…,,
q034,梅核气,classical,meihua_001,中国药典（2025年版）一部,理气药,梅花,据《中国药典》2025 年版一部：梅花为蔷薇科植物梅 Prunus mume (Sieb.) Sieb. et Zucc. 的干燥花蕾（药用部位：花蕾）。性味微酸、涩，平；归肝、胃、肺经。功能与主治：疏肝解郁，开胃生津；用于肝胃气痛，郁闷心烦，梅核气，瘰疬疮毒。用法与用量：3～5g。贮藏：置阴凉干燥处，防霉，防蛀。,**简明**：梅花微酸涩平，疏肝解郁而开胃生津，为治肝胃气痛、梅核气的常用药。。**详解**：肝胃气痛、郁闷心烦配柴胡、白芍、绿萼梅；梅核气配半夏、厚朴、苏叶；瘰疬配夏枯草、玄参。,,
q034,梅核气,classical,tiantu_001,针灸学,任脉,天突,出《针灸甲乙经》。,天突属任脉，定位在颈前区，胸骨上窝中央，前正中线上。主治咳嗽哮喘、咽喉肿痛、梅核气、噎膈及暴喑。刺法：先直刺0.2寸，再沿胸骨柄后缘、气管前缘向下平刺0.5～1寸，不宜深刺；不宜灸。,,
q034,梅核气,classical,jingui_022,金匮要略,妇人杂病脉证并治第二十二,妇人杂病脉证并治第二十二,（论一首 脉证五十四条 方十六首） 妇人中风七八日，续来寒热，发作有时，经水适断，此为热入血室。其血必结，故使如疟状，发作有时，小柴胡汤主之。（方见呕吐中） 妇人伤寒发热，经水适来，昼日明了，暮则谵语，如见鬼状者，此为热入血室，治之无犯胃气及上二焦，必自愈。 妇人中风，发热恶寒，经水适来，得七八日，热除脉迟，身凉和，胸…,本篇论妇人杂病，以虚、积冷、结气为大纲。热入血室主小柴胡汤或刺期门；咽中如有炙脔（梅核气）主半夏厚朴汤；脏躁喜悲伤欲哭主甘麦大枣汤；瘀血在少腹主温经汤；转胞不得溺主肾气丸；附方多首。,,
q034,梅核气,classical,snb_banxia_001,神农本草经,下经,半夏,半夏，味辛，平。主伤寒寒热，心下坚，下气，喉咽肿痛，头眩胸胀，咳逆肠鸣，止汗。生川谷。,半夏辛温有毒，燥湿化痰、降逆止呕、消痞散结，为治湿痰、寒痰及呕吐要药，主治痰多咳喘、痰饮眩悸、呕吐反胃、胸脘痞闷、梅核气等。一般经姜矾制用以减毒性，反乌头类，孕妇慎用，阴虚燥咳、血证者不宜。,,
q034,梅核气,classical,tianding_001,针灸学,手阳明大肠经,天鼎,出《针灸甲乙经》。,天鼎定位在颈侧区，横平喉结，胸锁乳突肌后缘，扶突直下，当结喉旁开3寸、胸锁乳突肌后缘处。主治暴喑、咽喉肿痛、梅核气等咽喉病证，以及瘿气、瘰疬等颈部疾患。直刺0.5～0.8寸；避开颈动脉；可灸。,,
q034,梅核气,classical,banxiahoupotang_jieyao_001,方解（方论集要）,理气剂·方解,半夏厚朴汤·行气散结降逆化痰,本方出《金匮要略》：组成半夏、厚朴、茯苓、生姜、苏叶。方中半夏君，化痰散结、降逆和胃；厚朴臣，行气开郁、下气除满；茯苓佐，健脾渗湿，助半夏化痰；生姜佐，辛温散饮、和胃止呕，并制半夏毒性；苏叶使，芳香行气、宣肺疏肝，助厚朴宽胸。,半夏厚朴汤为治梅核气代表方，治痰气交阻于咽喉之如有物阻。半夏化痰降逆，厚朴行气开郁，茯苓渗湿，生姜散饮，苏叶宣散，痰气并治。本方多辛温苦燥，阴虚火旺、津伤者不宜。方解供学习参考；具体用药请遵医嘱。,,
q034,梅核气,classical,tanyin_002,《中医基础理论》规划教材（要点归纳）,病因病机,痰饮·水液代谢障碍形成的病理产物,"痰饮是水液代谢障碍所形成的病理产物。一般以质地稠浊者为痰，清稀者为饮。痰又分有形之痰（咳吐可见）与无形之痰（停留于脏腑经络，不见其形而见其症）。痰饮形成后可随气升降，无处不到，引起多种病证，故有""百病多由痰作祟""之说。",痰饮既是病理产物，又可成为新的致病因素。其生成与肺、脾、肾三脏水液代谢失调有关。痰随气行，停在何处便见何病，如痰浊上犯可见眩晕，痰气交阻可见梅核气。临床治痰多从健脾、宣肺、温肾、理气入手。学习时应与津液代谢一条互参。,,
q034,梅核气,classical,banxia_001,中国药典（2025年版）一部,化痰止咳平喘药,半夏,据《中国药典》2025 年版一部：半夏为天南星科植物半夏 Pinellia ternata (Thunb.) Breit. 的干燥块茎（药用部位：块茎）。性味辛，温；有毒；归脾、胃、肺经。功能与主治：燥湿化痰，降逆止呕，消痞散结；用于湿痰寒痰，咳喘痰多，痰饮眩悸，风痰眩晕，痰厥头痛，呕吐反胃，胸脘痞闷，梅核气；生品外治…,**简明**：半夏辛温有毒，燥湿化痰、降逆止呕、消痞散结，为「**治湿痰要药**」与**止呕要药**，主治湿痰咳喘、呕吐、痞满及梅核气。**详解**：湿痰咳嗽配陈皮、茯苓（二陈汤）；寒饮呕吐配生姜（小半夏汤）；心下痞满配黄连、黄芩（半夏泻心汤）；梅核气配厚朴、紫苏叶。**反乌头、附子**；阴虚燥咳、血证者忌用；生品有毒…,,
q034,梅核气,classical,houpo_001,中国药典（2025年版）一部,化湿药,厚朴,据《中国药典》2025 年版一部：厚朴为木兰科植物厚朴 Magnolia officinalis Rehd. et Wils. 或凹叶厚朴 Magnolia officinalis Rehd. et Wils. var. biloba Rehd. et Wils. 的干燥干皮、根皮及枝皮（药用部位：干皮、根皮、枝皮）。…,**简明**：厚朴辛苦温，燥湿消痰、下气除满，为除**胀满**要药（行气燥湿消痰三效兼备），主治湿阻脘痞、食积腹胀便秘及痰饮喘咳。**详解**：湿阻中焦配苍术、陈皮（平胃散）；实热便秘配大黄、枳实（大承气汤）；梅核气配半夏、紫苏（半夏厚朴汤）；喘咳痰多配杏仁、苏子。孕妇慎用，气虚津亏者忌用。,,
q034,梅核气,classical,banxiahoupo_001,《方剂学》规划教材（要点归纳）,理气剂,半夏厚朴汤·行气散结降逆化痰治梅核气,"传统方歌：""半夏厚朴与紫苏，茯苓生姜共煎服，痰凝气聚成梅核，降逆开郁气自舒。""（《金匮要略》方，据教材要点归纳：半夏、厚朴、茯苓、生姜、苏叶，各约常用量，水煎服。）",半夏厚朴汤为行气散结、降逆化痰代表方，主治梅核气（痰气互结），症见咽中如有物阻、咯吐不出、吞咽不下、胸胁满闷、或咳或呕、苔白润或白滑、脉弦缓或弦滑。功能行气散结、降逆化痰，为治情志不遂、痰气交阻咽中梅核气之名方。使用注意：方偏辛温苦燥，津伤或阴虚火旺者非宜；气郁化火者当清化。本方为要点归纳，供参考；具体用药请遵医嘱。,,
q034,梅核气,classical,taohechengqitang_001,伤寒论,辨太阳病脉证并治中,桃核承气汤方,太阳病不解，热结膀胱，其人如狂，血自下，下者愈。其外不解者，尚未可攻，当先解外。外解已，但少腹急结者，乃可攻之，宜桃核承气汤。 桃核承气汤方 桃仁五十个（去皮尖，味甘平） 桂枝二两（去皮，味辛热） 大黄四两 芒硝二两 甘草二两（炙）右五味，以水七升，煮取二升半，去滓，内芒硝，更上火微沸。下火，先食温服五合，日三服，当微…,桃核承气汤即调胃承气汤加桃仁、桂枝，主治下焦蓄血之少腹急结、其人如狂、小便自利。大黄、芒硝泻热逐瘀，桃仁活血祛瘀，桂枝温通血脉以助化瘀，甘草调和诸药。,,
q034,梅核气,classical,shidiaolan_001,中国药典（2025年版）一部,清热药,石吊兰,据《中国药典》2025 年版一部：石吊兰为苦苣苔科植物吊石苣苔 Lysionotus pauciflorus Maxim. 的干燥地上部分（药用部位：地上部分）。性味苦，凉；归肺、肝经。功能与主治：清热化痰，软坚散结；用于瘰疬，淋巴结核，肺热咳嗽，骨结核。用法与用量：9～15g。贮藏：置干燥处。,**简明**：石吊兰苦凉，清热化痰而软坚散结，为治瘰疬、淋巴结核的常用药。。**详解**：瘰疬痰核配夏枯草、玄参、浙贝母；肺热咳嗽配黄芩、瓜蒌；现代用于淋巴结结核、骨结核辅助治疗。,,
q034,梅核气,classical,qiying_001,《中医外科学》规划教材（要点归纳）,外科,气瘿·颈部弥漫性肿胀随喜怒消长,气瘿是瘿病的一种，其特点是颈部漫肿，边缘不清，皮色如常，按之柔软不痛，随喜怒消长，好发于山区、高原地带，与水土及情志有关，相当于单纯性甲状腺肿。病因多为肝郁气滞、冲任失调、水土不宜。,气瘿治疗以疏肝解郁、化痰软坚为主，常用四海舒郁丸。同时注意改善水源、补充碘质。甲状腺肿大压迫气管或合并结节者应就医。教材要点归纳，供参考；具体诊疗请遵医嘱。,,
q034,梅核气,classical,juhe_001,中国药典（2025年版）一部,理气药,橘核,据《中国药典》2025 年版一部：橘核为芸香科植物橘 Citrus reticulata Blanco 及其栽培变种的干燥成熟种子（药用部位：成熟种子）。性味苦，平；归肝、肾经。功能与主治：理气散结，止痛；用于疝气疼痛，睾丸肿痛，乳痈乳癖。用法与用量：3～9g。外用适量。贮藏：置干燥处，防霉，防蛀。,**简明**：橘核苦平，理气散结而止痛，为治疝气睾丸肿痛与乳癖的常用药（橘核丸主药）。。**详解**：疝气疼痛配小茴香、乌药、荔枝核；睾丸肿痛配川楝子、延胡索；乳痈乳癖配瓜蒌、夏枯草、牡蛎。,,
q034,梅核气,classical,wumei_001,中国药典（2025年版）一部,收涩药,乌梅,据《中国药典》2025 年版一部：乌梅为蔷薇科植物梅 Prunus mume (Sieb.) Sieb. et Zucc. 的干燥近成熟果实（药用部位：近成熟果实）。性味酸、涩，平；归肝、脾、肺、大肠经。功能与主治：敛肺，涩肠，生津，安蛔；用于肺虚久咳，久痢滑肠，虚热消渴，蛔厥呕吐腹痛，胆道蛔虫症。用法与用量：6～12…,**简明**：乌梅酸涩平，敛肺、涩肠、生津、安蛔（**酸收敛固**），主治肺虚久咳、久泻久痢、虚热消渴及蛔厥腹痛。**详解**：久咳配罂粟壳、五味子；久泻配诃子、肉豆蔻；蛔厥配细辛、黄连、花椒（乌梅丸）。**外有表邪、内有实热积滞者忌用**。,,
q034,梅核气,classical,nanjing_055,难经,第五十五难,第五十五难,曰：病有积、有聚，何以别之？  然：积者，阴气也；聚者，阳气也。故阴沉而伏，阳浮而动。气之所积，名曰积；气之所聚，名曰聚。故积者，五脏所生；聚者，六腑所成也。积者，阴气也，其始发有常处，其痛不离其部，上下有所终始，左右有所穷处；聚者，阳气也，其始发无根本，上下无所留止，其痛无常处谓之聚。故以是别知积聚也。,本难辨积聚。积者阴气，五脏所生，始发有常处、痛不离部；聚者阳气，六腑所成，始发无根本、痛无常处。,,
q034,梅核气,classical,qi_001,《中医基础理论》规划教材（要点归纳）,气血津液,气·构成人体和维持生命活动的精微物质,气是构成人体和维持人体生命活动的、具有很强活力的精微物质。气的生成源于先天之精、水谷之精气和自然界清气；气的生理功能包括推动、温煦、防御、固摄、气化与营养作用。人体之气依其生成、分布和功能不同，分为元气、宗气、营气、卫气等。,气在中医学中既是物质概念，又是功能概括。它推动血液运行、温煦脏腑肌表、防御外邪、固摄津液精血并主持气化代谢。临床所见气虚、气滞、气逆等都以气的功能失常为基本病机。,,
q034,梅核气,classical,maozhuacao_001,中国药典（2025年版）一部,化痰止咳平喘药,猫爪草,据《中国药典》2025 年版一部：猫爪草为毛茛科植物小毛茛 Ranunculus ternatus Thunb. 的干燥块根（药用部位：块根）。性味甘、辛，温；归肝、肺经。功能与主治：化痰散结，解毒消肿；用于瘰疬痰核，疔疮肿毒，蛇虫咬伤。用法与用量：15～30g，单味药可用至 120g。外用适量。贮藏：置通风干燥处，防…,**简明**：猫爪草甘辛温，化痰散结而解毒消肿，为治瘰疬痰核（淋巴结结核）的常用药。。**详解**：瘰疬痰核配夏枯草、玄参、牡蛎；疔疮肿毒配蒲公英、紫花地丁；蛇虫咬伤可捣敷。,,
q034,梅核气,classical,qihaishu_001,针灸学,足太阳膀胱经,气海俞,出《针灸大成》。,气海俞为足太阳膀胱经穴，与任脉气海穴相应，为元气输注于背部之处。定位在脊柱区，第3腰椎棘突下，后正中线旁开1.5寸。主治肠鸣腹胀、痔漏等肠腑病证，痛经等妇科病，以及腰痛。刺法：直刺0.5～1寸；可灸。,,
q034,梅核气,classical,snb_xuanfuhua_001,神农本草经,中经,旋覆花,旋覆华，味咸，温。主结气胁下满，惊悸，除水，去五脏间寒热，补中下气。,旋覆花苦辛咸微温，降气化痰、降逆止呕，主治风寒咳嗽、痰饮蓄结、胸膈痞满及噫气呕吐。本经主结气胁下满、除水、下气，取其下气消痰、散结除水之功。,,
q034,梅核气,classical,hetaoren_001,中国药典（2025年版）一部,补虚药,核桃仁,据《中国药典》2025 年版一部：核桃仁为胡桃科植物胡桃 Juglans regia L. 的干燥成熟种子（药用部位：成熟种子）。性味甘，温；归肾、肺、大肠经。功能与主治：补肾，温肺，润肠；用于肾阳不足，腰膝酸软，阳痿遗精，虚寒喘嗽，肠燥便秘。用法与用量：6～9g。贮藏：置阴凉干燥处，防蛀。  **【古注】】 《本草纲…,**简明**：核桃仁甘温，补肾温肺、润肠，主治肾虚腰膝酸软、阳痿遗精、虚寒喘嗽及肠燥便秘。**详解**：肾虚腰痛配补骨脂、杜仲（青娥丸）；虚寒喘嗽配人参、生姜（人参胡桃汤）；肠燥便秘单味嚼服。阴虚火旺、痰火喘咳者慎用。,,
q034,梅核气,classical,yupingfengkeli_001,《中国药典》一部/药品说明书（要点归纳）,补益剂/中成药,玉屏风颗粒·益气固表止汗,据现行版《中国药典》一部与药品说明书要点归纳：本品由黄芪、白术、防风组成，具益气、固表、止汗之功，用于表虚不固，自汗恶风，面色㿠白，或体虚易感风邪者。用法用量按说明书开水冲服。,玉屏风颗粒为古方玉屏风散改制的益气固表类中成药，药仅三味，用于表虚自汗、体虚易感。本品以补为主，阴虚盗汗、外感自汗者不宜；感冒发热期间停服。本条目为中成药，请按说明书或在医师指导下使用。,,
q034,梅核气,classical,qihai_001,针灸学,任脉,气海,出《针灸甲乙经》。,气海为肓之原、补气保健要穴，定位在下腹部，前正中线上，脐中下1.5寸。主治腹痛、泄泻、便秘、虚脱气喘、月经不调、痛经带下、遗精阳痿及中风脱证。刺法：直刺1～1.5寸；可灸。,,
q034,梅核气,classical,qihu_001,针灸学,足阳明胃经,气户,出《针灸甲乙经》。《针灸甲乙经》：气户，在巨骨下，输府两傍各二寸陷者中。,气户定位在胸部，当锁骨中点下缘，前正中线旁开4寸。主治咳嗽、气喘、呃逆、胸胁胀满、胸痛等胸肺病证。刺法：斜刺或平刺0.5~0.8寸。,,
q034,梅核气,classical,qichong_001,针灸学,足阳明胃经,气冲,出《针灸甲乙经》。《针灸甲乙经》：气冲，一名气街，在归来下，鼠鼷上一寸，动脉应手。,气冲定位在腹股沟稍上方，当脐中下5寸，前正中线旁开2寸，居经动脉内侧。主治肠鸣腹痛、疝气、月经不调、不孕、阳痿、阴肿等少腹及前阴病证。刺法：避开动脉，直刺0.5~1寸。,,
q034,梅核气,classical,lizhihe_001,中国药典（2025年版）一部,理气药,荔枝核,据《中国药典》2025 年版一部：荔枝核为无患子科植物荔枝 Litchi chinensis Sonn. 的干燥成熟种子（药用部位：成熟种子）。性味甘、微苦，温；归肝、胃经。功能与主治：行气散结，祛寒止痛；用于寒疝腹痛，睾丸肿痛。用法与用量：5～10g。贮藏：置干燥处，防蛀。  **【古注】】 《本草纲目》：荔枝核入肝…,**简明**：荔枝核甘微苦温，行气散结、祛寒止痛，主治**寒疝腹痛、睾丸肿痛**及肝经寒凝之胃痛痛经。**详解**：寒疝睾丸痛配小茴香、乌药（荔香散）；胃脘久痛配木香、延胡索；痛经配香附、当归。无寒湿气滞者慎用。,,
q035,奔豚气,classical,shanghan_116,伤寒论,辨太阳病脉证并治中,烧针致奔豚（第116条）,烧针令其汗，针处被寒，核起而赤者，必发奔豚。气从少腹上冲心者，灸其核上各一壮，与桂枝加桂汤，更加桂二两。,本条论烧针致奔豚。烧针令其汗，针处被寒，核起而赤者，必发奔豚，气从少腹上冲心者，灸其核上各一壮，与桂枝加桂汤更加桂二两，平冲降逆。,,
q035,奔豚气,classical,shimen_001,针灸学,任脉,石门,出《针灸甲乙经》。,石门为三焦募穴，定位在下腹部，前正中线上，脐中下2寸。主治腹胀、水肿、泄泻肠鸣、奔豚气及遗精、闭经、带下。刺法：直刺1～1.5寸；可灸（古传妇女慎刺）。,,
q035,奔豚气,classical,jingui_008,金匮要略,奔豚气病脉证治第八,奔豚气病脉证治第八,（论二首 方三首） 师曰：病有奔豚，有吐脓，有惊怖，有火邪，此四部病，皆从惊发得之。师曰：奔豚病，从少腹起，上冲咽喉，发作欲死，复还止，皆从惊恐得之。 奔豚气上冲胸，腹痛，往来寒热，奔豚汤主之。 奔豚汤方 甘草 芎穷 当归各二两 半夏四两 黄芩二两 生葛五两 芍药二两 生姜四两 甘李根白皮一升 右九味，以水二斗，煮取五…,本篇论奔豚气病。奔豚从少腹起上冲咽喉、发作欲死，多从惊恐或烧针发汗引发；肝气上冲偏热者主奔豚汤，心阳虚寒气上冲者主桂枝加桂汤，欲作奔豚（脐下悸）主苓桂甘枣汤。,,
q035,奔豚气,classical,yongquan_001,针灸学,足少阴肾经,涌泉,《灵枢·本输》：肾出于涌泉，涌泉者，足心也，为井木。  《针灸大成》：足底心是涌泉。,涌泉为足少阴肾经井穴（木），定位在足底，屈足卷趾时足心最凹陷中，约当足底第2、3趾蹼缘与足跟连线的前1/3与后2/3交点凹陷中。主治昏厥、中暑、小儿惊风、癫狂痫等急症及神志病证，头痛、眩晕、失眠等头面病证，咯血、咽喉肿痛等肺系病证，以及大便难、小便不利、奔豚气、足心热。刺法：直刺0.5～1寸；可灸。,,
q035,奔豚气,classical,kuxingren_001,中国药典（2025年版）一部,化痰止咳平喘药,苦杏仁,据《中国药典》2025 年版一部：苦杏仁为蔷薇科植物山杏 Prunus armeniaca L. var. ansu Maxim.、西伯利亚杏 Prunus sibirica L.、东北杏 Prunus mandshurica (Maxim.) Koehne 或杏 Prunus armeniaca L. 的干燥成熟种子…,**简明**：苦杏仁苦微温有小毒，降气止咳平喘、润肠通便，为治**咳喘之要药**（肺家要药，寒热虚实皆可配用）。**详解**：风寒咳喘配麻黄、甘草（三拗汤）；肺热喘咳配石膏、麻黄（麻杏石甘汤）；肠燥便秘配火麻仁、柏子仁。**有小毒，用量 5～10g，入煎剂后下**，不可过量（氰苷中毒）；婴儿慎用。,,
q035,奔豚气,classical,shanghan_065,伤寒论,辨太阳病脉证并治中,茯苓桂枝甘草大枣汤证（第65条）,发汗后，其人脐下悸者，欲作奔豚，茯苓桂枝甘草大枣汤主之。 茯苓桂枝甘草大枣汤方 茯苓半斤（味甘平） 甘草二两（炙，味甘平）大枣十五枚（掰，味甘平） 桂枝四两（去皮）右四味，以甘瀾水一斗，先煮茯苓，减二升，内诸药，煮取三升，去滓，温服一升，日三服。作甘瀾水法，取水二斗，置大盆内，以杓扬之，水上有珠子五六千颗相逐，取用之。,本条论欲作奔豚证。发汗后其人脐下悸者，欲作奔豚，茯苓桂枝甘草大枣汤主之。茯苓利水宁心，桂枝甘草温通心阳，大枣培土制水，以甘澜水煎药。,,
q035,奔豚气,classical,guizhi_001,中国药典（2025年版）一部,解表药,桂枝,据《中国药典》2025 年版一部：桂枝为樟科植物肉桂 Cinnamomum cassia Presl 的干燥嫩枝（药用部位：嫩枝）。性味辛、甘，温；归心、肺、膀胱经。功能与主治：发汗解肌，温通经脉，助阳化气，平冲降气；用于风寒感冒，脘腹冷痛，血寒经闭，关节痹痛，痰饮，水肿，心悸，奔豚。用法与用量：3～10g。注意：本品…,**简明**：桂枝辛甘温，发汗解肌、温通经脉、助阳化气，主治风寒表虚（配白芍）、寒痹痛经、心悸痰饮水肿。**详解**：与白芍配伍调和营卫（桂枝汤）治太阳中风；与茯苓、白术、甘草配五苓散温阳化气利水；与桃仁、牡丹皮配桂枝茯苓丸活血通经。温通力强，热病、阴虚火旺、血热者忌用，孕妇及月经过多慎用。,,
q035,奔豚气,classical,shanghan_451,伤寒论,辨脉法,伤寒咳逆上气（第451条）,伤寒咳逆上气，其脉散者死。谓其形损故也。,本条论述脉诊之脉证。症见咳。当审其表里寒热、虚实传变而施治。,,
q035,奔豚气,classical,shanghan_574,伤寒论,辨不可发汗病脉证并治,动气在上（第574条）,动气在上，不可发汗，发汗则气上冲，正在心端。,本条论述汗法禁例之脉证。症见气上冲。当审其表里寒热、虚实传变而施治。,,
q035,奔豚气,classical,snb_xuanshen_001,神农本草经,中经,玄参,玄参，味苦，微寒。主腹中寒热积聚，女子产乳余疾，补肾气，令人目明。,玄参苦甘咸微寒，清热凉血、滋阴降火、解毒散结，主治热入营血、温毒发斑、咽喉肿痛、痈肿疮毒及阴虚骨蒸。本经主腹中积聚、补肾气、明目，取其滋阴降火软坚之功。,,
q035,奔豚气,classical,shanghan_576,伤寒论,辨不可发汗病脉证并治,咽中闭塞（第576条）,咽中闭塞，不可发汗，发汗则吐血，气欲绝，手足厥冷，欲得蜷卧，不能自温。,本条论述汗法禁例之脉证。症见厥、手足厥、蜷卧。当审其表里寒热、虚实传变而施治。,,
q035,奔豚气,classical,snb_shegan_001,神农本草经,下经,射干,射干，味苦，平。主咳逆上气，喉痹咽痛，不得消息，散结气，腹中邪逆，食饮大热。生川谷。,射干苦寒，清热解毒、利咽消痰、散结消肿，为治咽喉肿痛、痰盛咳喘要药，主治热毒痰火郁结之咽喉肿痛、痰涎壅盛咳嗽、瘰疬结核等。脾虚便溏及孕妇慎用，不宜久服过量。,,
q035,奔豚气,classical,snb_zeqi_001,神农本草经,下经,泽漆,泽漆，味苦，微寒。主皮肤热，大腹水气，四肢面目浮肿，丈夫阴气不足。生川泽。,泽漆（大戟科泽漆全草，俗名猫儿眼睛草）苦微寒，利水消肿、化痰散结，兼解毒杀虫，主治大腹水肿、四肢面目浮肿、痰饮喘咳及瘰疬癣疮。其汁有刺激性，体虚及孕妇忌服，不宜过量久服。,,
q035,奔豚气,classical,nanjing_076,难经,第七十六难,第七十六难,曰：何谓补泻？当补之时，何所取气？当泻之时，何所置气？  然：当补之时，从卫取气；当泻之时，从荣置气。其阳气不足，阴气有余，当先补其阳，而后泻其阴；阴气不足，阳气有余，当先补其阴，而后泻其阳。营卫通行，此其要也。,本难论补泻取置气。当补从卫分取气，当泻从荣分置气；阴阳偏虚者先补其不足后泻其有余。,,
q035,奔豚气,classical,snb_wuweizi_001,神农本草经,上经,五味子,五味子，味酸，温。主益气，咳逆上气，劳伤羸瘦，补不足，强阴，益男子精。一名会及。生山谷。,五味子酸甘温，收敛固涩、益气生津、补肾宁心，主治久咳虚喘、梦遗滑精、遗尿尿频、久泻不止、自汗盗汗及津伤口渴、心悸失眠。,,
q035,奔豚气,classical,nanjing_080,难经,第八十难,第八十难,曰：经言，有见如入，有见如出者，何谓也？  然：所谓有见如入、有见如出者，谓左手见气来至，乃内针，针入，见气尽，乃出针。是谓有见如入，有见如出也。,本难释有见如入、有见如出。左手候气来至乃进针，针入见气尽乃出针，皆以气至为度。,,
q035,奔豚气,classical,snb_huangqi_001,神农本草经,上经,黄芪,黄芪，味甘，微温。主痈疽久败疮，排脓止痛，大风癞疾，五痔鼠瘘，补虚，小儿百病。一名戴糁。生山谷。,黄芪甘微温，补气升阳、固表止汗、利水消肿、托毒生肌，主治气虚乏力、中气下陷、表虚自汗、气虚水肿及痈疽难溃。,,
q035,奔豚气,classical,snb_bailian_001,神农本草经,下经,白蔹,白蔹，味苦，平。主痈肿疽疮，散结气，止痛除热，目中赤，小儿惊痫温疟，女子阴中肿痛。一名菟核。生山谷。,白蔹苦辛微寒，清热解毒、消痈散结、生肌止痛，为治痈肿疮毒要药，主治疮痈肿毒、烧烫伤、瘰疬、目赤肿痛及妇女阴中肿痛。反乌头类（川乌、草乌、附子），脾胃虚寒及无实火者慎服，孕妇慎用，不宜久服。,,
q035,奔豚气,classical,snb_gouwen_001,神农本草经,下经,钩吻,钩吻，味辛，温。主金创，乳痓，中恶风，咳逆上气，水肿，杀鬼疰蛊毒。一名野葛。生山谷。,钩吻（马钱子科胡蔓藤，俗称断肠草）辛温有大毒，仅作外用杀虫拔毒，治疥癣、湿疹、瘰疬、跌打肿痛。其剧毒，误服可致呼吸麻痹致死，严禁内服，亦不可大面积久敷，必须严格凭医嘱外用。,,
q035,奔豚气,classical,snb_roucongrong_001,神农本草经,上经,肉苁蓉,肉苁蓉，味甘，微温。主五劳七伤，补中，除茎中寒热痛，养五脏，强阴，益精气，多子，妇人癥瘕。久服，轻身。生山谷。,肉苁蓉甘咸温，补肾阳、益精血、润肠通便，主治肾阳不足、精血亏虚之阳痿不孕、腰膝酸软、筋骨无力及肠燥便秘。,,
q035,奔豚气,classical,snb_xinyi_001,神农本草经,上经,辛夷,辛夷，味辛，温。主五脏身体寒热，风头脑痛，面皯。久服，下气轻身，明目，增年耐老。一名辛矧，一名侯桃，一名房木。生川谷。,辛夷辛温，散风寒、通鼻窍，主治风寒头痛、鼻塞鼻渊、鼻流浊涕，为治鼻病要药。内服宜包煎。,,
q035,奔豚气,classical,qifenzheng_001,温病学,温病学,气分证,清·叶天士《温热论》：「到气才可清气。」气分证为温邪由卫入里、正盛邪实、热郁气分之里热证。（据规划教材《温病学·气分证》归纳）,气分证为温邪入里、热郁肺胃肠腑之里热炽盛证，症见壮热不恶寒、汗多、渴喜冷饮、烦躁、苔黄舌红、脉洪大而数。邪热壅肺者麻杏石甘汤宣肺热；热盛阳明、石膏知母证用白虎汤；热结腑实、腹满便秘者承气汤类通腑泄热；夹湿热者连朴饮、三仁汤清热化湿。治直须大清气热，但邪犹在卫者不可早用寒凉。,,
q035,奔豚气,classical,maimendong_001,《方剂学》规划教材（要点归纳）,治燥剂,麦门冬汤·清养肺胃降逆下气,"《金匮要略·肺痿肺痈咳嗽上气病脉证治》：""大逆上气，咽喉不利，止逆下气者，麦门冬汤主之。""（据教材要点归纳：麦门冬约七升、半夏约一升、人参、甘草、粳米、大枣，水煎温服。）",麦门冬汤为清养肺胃、降逆下气之代表方，主治肺胃阴虚、气逆津伤之咳唾涎沫、气喘短气、咽喉不利、口干欲饮。方中半夏虽温，但与大量麦冬相伍则温而不燥，肺胃虚寒、咳逆清稀者不宜。本方为要点归纳，供参考；具体用药请遵医嘱。,,
q035,奔豚气,classical,snb_xuanfuhua_001,神农本草经,中经,旋覆花,旋覆华，味咸，温。主结气胁下满，惊悸，除水，去五脏间寒热，补中下气。,旋覆花苦辛咸微温，降气化痰、降逆止呕，主治风寒咳嗽、痰饮蓄结、胸膈痞满及噫气呕吐。本经主结气胁下满、除水、下气，取其下气消痰、散结除水之功。,,
q035,奔豚气,classical,qingzhitiaoshe_001,中医养生（古籍要义归纳）,起居情志,情志调摄·七情平和喜怒有节,"《素问·阴阳应象大论》：""人有五脏化五气，以生喜怒悲忧恐。""《素问·举痛论》：""百病生于气也，怒则气上，喜则气缓，悲则气消，恐则气下……思则气结。""（公有领域原文。）","情志调摄是中医养神养生的核心原则之一，主张喜、怒、忧、思、悲、恐、惊七情人人本有，贵在平和有度、喜怒有节，避免情志过激与持久郁结。其要领在于遇事冷静、移情易性、适度宣泄、与人和、少思虑、节忧思，可结合静坐、园艺、运动、音乐等疏解情绪。古人认为""百病生于气""，情志过激可致气机逆乱、心神失养。作为古代养神文化与心理调摄，其…",,
q035,奔豚气,classical,shanghan_157,伤寒论,辨太阳病脉证并治下,太阳病（第157条）,太阳病，医发汗，遂发热恶寒，因复下之，心下痞，表里俱虚，阴阳气并竭，无阳则阴独，复加烧针，因胸烦，面色青黄，肤目闰 者，难治；今色微黄，手足温者，易愈。,本条论述太阳病之脉证。症见发热、恶寒、烦、心下痞、手足温。当审其表里寒热、虚实传变而施治。,,
q035,奔豚气,classical,shuitu_001,针灸学,足阳明胃经,水突,出《针灸甲乙经》。《针灸甲乙经》：水突，一名水门，在颈大筋前，直人迎下，气舍上。,水突定位在颈部，胸锁乳突肌的前缘，当人迎与气舍连线的中点。主治咽喉肿痛、咳嗽、气喘、瘿气、瘰疬等颈胸病证。刺法：直刺0.3~0.8寸。,,
q035,奔豚气,classical,snb_ziwan_001,神农本草经,中经,紫菀,紫菀，味苦，温。主咳逆上气，胸中寒热结气，去蛊毒痿蹶，安五脏。,紫菀辛苦温润，润肺下气、化痰止咳，主治咳嗽痰多、新久咳嗽、劳嗽咯血及小便不利。本经主咳逆上气、胸中寒热结气，取其温润肺金、开结化痰之功。,,
q035,奔豚气,classical,juliuo_001,《中药学》（清华社）· 药典外品种,理气药,橘络,据清华社《中药学》：橘络为芸香科植物橘 Citrus reticulata Blanco 及其栽培变种果皮内层的干燥维管束（药用部位：维管束）。性味甘、苦，平；归肝、肺经。功能与主治：行气通络，化痰止咳；用于痰滞经络，咳嗽胸痛，痰中带血。用法与用量：3～5g。贮藏：置通风干燥处，防蛀。,**简明**：橘络甘苦平，行气通络而化痰止咳，善通络中痰滞，为治咳嗽胸痛的常用药。。**详解**：痰滞经络、咳嗽胸痛配瓜蒌、郁金、丝瓜络；痰中带血配白茅根、侧柏叶。,,
q035,奔豚气,classical,shanghan_270,伤寒论,辨少阳病脉证并治,三阴不受邪（第270条）,伤寒三日，三阳为尽，三阴当受邪。其人反能食而不呕，此为三阴不受邪也。,按传经规律，伤寒三日三阳经尽，邪当传三阴。若其人能食而不呕，说明胃气尚和、里气未虚，邪不内传，三阴不受邪，病将自止。,,
q035,奔豚气,classical,shixie_001,《中医基础理论》规划教材（要点归纳）,病因病机,湿邪·湿为阴邪重浊黏滞趋下,湿邪为六淫之一，其性重浊、黏滞、趋下。致病特点：湿为阴邪，易阻遏气机、损伤阳气，困脾见脘闷纳呆；湿性重浊，见头身困重、四肢酸楚、分泌物秽浊；湿性黏滞，病程缠绵、症状黏滞；湿性趋下，多见带下、淋浊、下肢水肿等下部病证。,湿邪重浊黏滞、趋下、困脾阻气。临床见头身困重、脘闷纳呆、分泌物黏浊、病程缠绵、下部病证者，多属湿邪为患。本条为病因基础理论，不涉及具体诊疗。,,
q035,奔豚气,classical,nanjing_060,难经,第六十难,第六十难,曰：头心之病，有厥痛，有真痛，何谓也？  然：手三阳之脉，受风寒，伏留而不去者，则名厥头痛；入连在脑者，名真头痛。其五脏气相干，名厥心痛；其痛甚，但在心，手足青者，即名真心痛。其真心痛者，旦发夕死，夕发旦死。,本难辨头痛心痛之厥真。手三阳受风寒伏留不去为厥头痛，入连于脑为真头痛；五脏气相干为厥心痛，痛甚手足青为真心痛，旦发夕死。,,
q035,奔豚气,classical,shanghan_336,伤寒论,辨厥阴病脉证并治,厥五日热亦五日不厥者自愈（第336条）,伤寒病，厥五日，热亦五日，设六日当复厥，不厥者，自愈。厥终不过五日，以热五日，故知自愈。,伤寒厥五日、热亦五日，至第六日当复厥而不厥，为阴阳平衡、厥热相等，故知自愈。厥终不过五日，热亦五日，阴阳气调和，无偏胜之患，故病自解。,,
q035,奔豚气,classical,shanghan_093,伤寒论,辨太阳病脉证并治中,小柴胡汤病机（第93条）,血弱气尽，腠理开，邪气因入，与正气相搏，结于胁下，正邪分争，往来寒热，休作有时，默默不欲饮食。藏府相连，其痛必下，邪高痛下，故使呕也。小柴胡汤主之。,本条释小柴胡汤证病机。血弱气尽、腠理开，邪气因入，与正气相搏结于胁下，正邪分争、往来寒热、休作有时、默默不欲饮食，邪高痛下故使呕，小柴胡汤主之。,,
q035,奔豚气,classical,shengjiangxiexintang_001,伤寒论,辨太阳病脉证并治下,生姜泻心汤方,伤寒汗出，解之后，胃中不和，心下痞硬，干噫，食臭，胁下有水气，腹中雷鸣下利者，生姜泻心汤主之。 生姜泻心汤方 生姜四两（切） 甘草三两（炙） 人参三两干姜一两 黄芩三两 半夏半升（洗） 黄连一两大枣十二枚（擘） 上八味，以水一斗，煮取六升，去滓，再煎取三升。温服一升，日三服。附子泻心汤，本云，加附子。半夏泻心汤，甘草泻…,生姜泻心汤即半夏泻心汤减干姜加生姜，重用生姜宣散水气、和胃止呕，主治水饮食滞之痞证，症见心下痞硬、干噫食臭、胁下有水气、腹中雷鸣下利。,,
q035,奔豚气,classical,xuanfudaizhetang_001,伤寒论,辨太阳病脉证并治下,旋覆代赭汤方,伤寒发汗，若吐若下，解后，心下痞硬，噫气不除者，旋覆代赭汤主之。 旋复代赭石汤方 旋复花三两（味咸温） 人参二两（味甘温）生姜五两（切，味辛温） 代赭石一两（味苦寒） 大枣十二枚（掰，甘温） 甘草三两（炙，味甘平）半夏半升（洗，味辛温）右件七味，以水一斗，煮取六升，去滓，再煎，取三升，温服一升，日三服。,旋覆代赭汤主治胃虚痰阻气逆之证，症见心下痞硬、噫气不除、反胃呕吐。旋覆花消痰下气，代赭石重镇降逆，半夏、生姜和胃化痰，人参、甘草、大枣补益脾胃，虚实并治。,,
q035,奔豚气,classical,jingui_014,金匮要略,水气病脉证并治第十四,水气病脉证并治第十四,（论七首 脉证五条 方八首） 师曰：病有风水、有皮水、有正水、有石水、有黄汗。风水，其脉自浮，外证骨节疼痛，恶风；皮水，其脉亦浮，外证胕肿，按之没指，不恶风，其腹如鼓，不渴，当发其汗；正水，其脉沉迟，外证自喘；石水，其脉自沉，外证腹满不喘；黄汗，其脉沉迟，身发热，胸满，四肢头面肿，久不愈，必致痈脓。 脉浮而洪，浮则为风…,本篇论水气病，分风水、皮水、正水、石水、黄汗五水，并辨血分、气分。治则：腰以下肿当利小便，腰以上肿当发汗。出越婢汤、防己茯苓汤、甘草麻黄汤、芪芍桂酒汤等方；黄汗与风水辨证为篇中重点。,,
q035,奔豚气,classical,lingshu_004,灵枢经,邪气藏府病形篇第四,邪气藏府病形篇第四,黄帝问于岐伯曰：邪气之中人也奈何？ 岐伯答曰：邪气之中人高也。 黄帝曰：高下有度乎？ 岐伯曰：身半已上者，邪中之也；身半已下者，湿中之也。故曰：邪之中人也，无有常。中于阴则溜于腑，中于阳则溜于经。 黄帝曰：阴之与阳也，异名同类，上下相会，经络之相贯，如环无端。邪之中人，或中于阴，或中于阳，上下左右，无有恒常，其故何也？…,本篇论邪气中人部位与五脏病因。邪之中人高，面项下颊分走三阳，中阴从臂胻始；又举愁忧伤心、形寒饮冷伤肺等五脏所伤。论色脉尺相应，五色五脉之应，脉之缓急小大滑涩与尺肤相应；详列五脏六变所见病形。末论荥俞治外经、合治内腑，举胃合三里、大肠合巨虚上廉等六腑合穴及各腑病候与刺法。,,
q035,奔豚气,classical,snb_tunluan_001,神农本草经,中经,豚卵,豚卵，味，温。主惊痫癫疾，鬼疰蛊毒，除寒热，贲豚五癃，邪气挛缩。,豚卵即猪睾丸（猪石子），甘温，补肾纳气、镇惊定痫，主治惊痫癫疾、贲豚疝气及阴茎中痛。本经主惊痫癫疾、贲豚五癃、邪气挛缩，取其温肾镇摄之功。后世少用。,,
q035,奔豚气,classical,qijiehai_001,《中医基础理论》规划教材（要点归纳）,经络,气街四海·经气共同通道与髓气血水谷四海,气街，指经气共同通行的共同通道，有胸气街、腹气街、头气街、胫气街，是经气横向聚会通行之处。四海，指人体气血精神的聚合之处：脑为髓海，冲脉为血海，膻中为气海，胃为水谷之海。气街四海从横向聚会与整体聚合角度补充了经脉的循行联系。,气街讲经气在头、胸、腹、胫横向共同通行的通道，说明经气并非只沿单线纵向流动；四海则把髓、血、气、水谷的汇聚点分别归于脑、冲脉、膻中、胃。二者是十二经脉循行规律的补充，对理解头部、胸腹取穴及整体调理有指导意义。学习时应与标本根结并记。,,
q035,奔豚气,classical,jingui_013,金匮要略,消渴小便不利淋病脉证并治第十三,消渴小便不利淋病脉证并治第十三,（脉证九条 方六首） 厥阴之为病，消渴，气上冲心，心中疼热，饥而不欲食，食即吐，下之不肯止。 寸口脉浮而迟，浮即为虚，迟即为劳；虚则卫气不足，劳则荣气竭。 趺阳脉浮而数，浮即为气，数即为消谷而大坚（一作紧）。气盛则溲数，溲数即坚，坚数相搏，即为消渴。 男子消渴，小便反多，以饮一斗，小便一斗，肾气丸主之（方见脚气中）。 …,本篇论消渴、小便不利、淋病。消渴有厥阴气上冲心及男子饮一溲一（肾气丸）两型；淋病以小便如粟状、小腹弦急为主；小便不利分水气（五苓散、栝蒌瞿麦丸）、湿热（蒲灰散、猪苓汤）等型。,,
q035,奔豚气,classical,nanjing_008,难经,第八难,第八难,曰：寸口脉平而死者，何谓也？  然：诸十二经脉者，皆系于生气之原。所谓生气之原者，谓十二经之根本也，谓肾间动气也。此五脏六腑之本，十二经脉之根，呼吸之门，三焦之原。一名守邪之神。故气者，人之根本也，根绝则茎叶枯矣。寸口脉平而死者，生气独绝于内也。,本难论寸口脉平而死之理。十二经脉皆系于生气之原，即肾间动气，为五脏六腑之本、十二经之根、三焦之原；生气独绝于内，则寸口虽平亦死。,,
q035,奔豚气,classical,xiaochengqitang_001,伤寒论,辨阳明病脉证并治,小承气汤方,阳明病，其人多汗，以津液外出，胃中燥，大便必硬，硬则谵语，小承气汤主之。若一服谵语止，更莫复服。,小承气汤即大承气汤去芒硝、减枳朴用量，为轻下热结之方，主治阳明腑实之痞满为主而燥实不甚者，症见大便不通、腹满潮热、微有谵语。大黄泻热通便，枳实、厚朴行气除满，无须芒硝软坚。,,
q035,奔豚气,classical,lingshu_030,灵枢经,决气篇第三十,决气篇第三十,黄帝曰：余闻人有精、气、津、液、血、脉，余意以为一气耳，今乃辨为六名，余不知其所以然。 岐伯曰：两神相搏，合而成形，常先身生，是谓精。 何谓气？ 岐伯曰：上焦开发，宣五谷味，熏肤、充身、泽毛，若雾露之溉，是谓气。 何谓津？ 岐伯曰：腠理发泄，汗出溱溱，是谓津。 何谓液？ 岐伯曰：谷入气满，淖泽，注于骨，骨属屈伸，泄泽补…,本篇辨精、气、津、液、血、脉六名。两神相搏常先身生谓之精；上焦开发宣五谷味、熏肤充身泽毛若雾露谓之气；腠理发泄汗出溱溱谓之津；谷入气满淖泽注骨、补益脑髓润泽皮肤谓之液；中焦受气取汁变化而赤谓之血；壅遏营气令无所避谓之脉。次论六气脱候：精脱耳聋、气脱目不明、津多汗大泄、液脱骨屈伸不利脑髓消胫酸耳数鸣、血脱色白不泽、脉脱脉…,,
q035,奔豚气,classical,tiaoweichengqitang_001,伤寒论,辨太阳病脉证并治中,调胃承气汤方,太阳病未解，脉阴阳俱停，必先振栗，汗出而解。但阳脉微者，先汗出而解；但阴脉微者，下之而解。若欲下之，宜调胃承气汤主之。,调胃承气汤由大黄、芒硝、炙甘草组成，泻热通便而力缓，主治阳明腑实之燥实为主而痞满不甚者，症见蒸蒸发热、心烦、腹胀满、大便不通。大黄、芒硝泻热软坚，甘草缓急和中，使攻下而不伤胃气。,,
q035,奔豚气,classical,lingshu_036,灵枢经,五癃津液别篇第三十六,五癃津液别篇第三十六,黄帝问于岐伯曰：水谷入于口，输于肠胃，其液别为五：天寒衣薄，则为溺与气；天热衣厚则为汗；悲哀气并则为泣；中热胃缓则为唾。邪气内逆，则气为之闭塞而不行，不行则为水胀。余知其然也，不知其何由生，愿闻其道。 岐伯曰：水谷皆入于口，其味有五，各注其海。津液各走其道，故三焦出气，以温肌肉，充皮肤，为其津，其流而不行者为液。 天暑…,本篇论水谷入胃其液别为五。天寒衣薄则为溺与气，天热衣厚则为汗，悲哀气并则为泣，中热胃缓则为唾，邪气内逆气闭不行则为水胀。三焦出气温肌肉充皮肤为津，流而不行者为液。天暑腠理开汗出、天寒腠理闭水下膀胱为溺；悲哀心系急肺举故泣出；中热胃缓故唾出；津液和合为膏内渗骨空补益脑髓；阴阳不和则液溢下泄、腰背痛胫酸；气道不通三焦不泻则…,,
q035,奔豚气,classical,lingshu_058,灵枢经,贼风篇五十八,贼风篇五十八,黄帝曰：夫子言贼风邪气之伤人也，令人病焉，今有其不离遮罩，不出室穴之中，卒然病者，非不离贼风邪气，其故何也？ 岐伯曰：此皆尝有所伤于湿气，藏于血脉之中，分肉之间，久留而不去。若有所堕坠，恶血在内而不去，卒然喜怒不节，饮食不适，寒温不时，腠理闭而不通。其开而遇风寒，则血气凝结，与故邪相袭，则为寒痹。其有热则汗出，汗出则受…,本篇论不遇贼风而猝然发病之故。岐伯谓此皆尝伤于湿气、藏于血脉分肉之间，或有堕坠恶血在内，卒然喜怒不节、饮食不适、寒温不时，腠理闭而不通，与故邪相袭，则为寒痹。其不遇邪气又无怵惕之志而猝病者，亦故邪留而未发，志有所恶慕、血气内乱、两气相搏，其所从来者微，故似鬼神。先巫知百病所由生，可祝由已之。,,
q035,奔豚气,classical,liqi_001,《中医基础理论》规划教材（要点归纳）,病因病机,疠气·戾气瘟疫强烈传染性外感病邪,疠气，又称戾气、疫毒、疫疠之气，是一类具有强烈传染性的外感病邪。其致病特点：发病急骤、病情危重；传染性强、易于流行；一气一病、症状相似；多从口鼻而入，或由饮食、接触传染。疠气与时令、环境、饮食、预防及社会因素相关。,"疠气是中医对烈性传染病病因的概括，比六淫更强调传染性与流行性。吴又可《温疫论》首倡""戾气""学说，突破了""百病皆生于六气""的传统认识。本条为病因基础理论，不涉及具体诊疗。",,
q035,奔豚气,classical,qichong_001,针灸学,足阳明胃经,气冲,出《针灸甲乙经》。《针灸甲乙经》：气冲，一名气街，在归来下，鼠鼷上一寸，动脉应手。,气冲定位在腹股沟稍上方，当脐中下5寸，前正中线旁开2寸，居经动脉内侧。主治肠鸣腹痛、疝气、月经不调、不孕、阳痿、阴肿等少腹及前阴病证。刺法：避开动脉，直刺0.5~1寸。,,
q035,奔豚气,classical,nanjing_056,难经,第五十六难,第五十六难,曰：五脏之积，各有名乎？以何月、何日得之？  然：肝之积，名曰肥气，在左胁下，如覆杯，有头足。久不愈，令人发咳逆，疟，连岁不已。以季夏戊己日得之。何以言之？肺病传于肝，肝当传脾，脾季夏适王，王者不受邪，肝复欲还肺，肺不肯受，故留结为积。故知肥气以季夏戊己日得之，心之积，名曰伏梁，起脐上，大如臂，上至心下。久不愈，令人病…,本难详述五脏之积。肝积肥气在左胁下如覆杯，心积伏梁起脐上大如臂，脾积痞气在胃脘覆如盘，肺积息贲在右胁下覆如杯，肾积贲豚发少腹上至心下如豚状；各以相克之脏王日留结而成。,,
q035,奔豚气,classical,lingshu_016,灵枢经,营气篇第十六,营气篇第十六,黄帝曰：营气之道，内谷为宝。谷入于胃，乃传之肺，流溢于中，布散于外，精专者行于经隧，常营无已，终而复始，是谓天地之纪。 故气从太阴出，注手阳明，上行至面，注足阳明，下行至跗上，注大趾间，与太阴合。上行抵髀，从髀注心中。循手少阴，出腋，下臂，注小指之端，合手太阳。上行乘腋，出䪼内，注目内眦，上巅，下项，合足太阳。循脊，下…,本篇论营气之行。营气之道内谷为宝，谷入于胃，传之与肺，流溢布散，精专者行于经隧。详叙营气从手太阴出，注手阳明、足阳明，依次下行至足太阴，复注手少阴、手太阳、足太阳、足少阴，注心主、手少阳、足少阳、足厥阴，上注肺；其支别者上额循巅下项，循脊入骶为督脉，络阴器入脐中复注肺，复出太阴，终而复始，逆顺之常。,,
q035,奔豚气,classical,qishe_st_001,针灸学,足阳明胃经,气舍,出《针灸甲乙经》。《针灸甲乙经》：气舍，在颈，直人迎下，挟天突傍。,气舍定位在颈部，当锁骨内侧端的上缘，胸锁乳突肌的胸骨头与锁骨头之间。主治咽喉肿痛、气喘、呃逆、瘿瘤、瘰疬、颈项强痛等颈胸病证。刺法：直刺0.3~0.5寸。,,
q035,奔豚气,classical,dachengqitang_001,伤寒论,辨阳明病脉证并治,大承气汤方,阳明病脉迟，虽汗出，不恶寒者，其身必重，短气腹满而喘，有潮热者，此外欲解，可攻里也，手足濈然而汗出者，此大便已硬也，大承气汤主之；若汗多微发热恶寒者，外未解也，其热不潮，未可与承气汤；若腹大满不通者，可与小承气汤，微和胃气，勿令大泄下。 大承气汤方 大黄四两（苦寒，酒洗） 厚朴半斤（苦温，炙，去皮） 枳实五枚（苦寒，炙…,大承气汤为峻下热结之代表方，主治阳明腑实证之痞、满、燥、实、坚俱备，症见大便不通、腹满硬痛拒按、潮热谵语、脉沉实。大黄泻热通便，芒硝软坚润燥，枳实、厚朴行气破满。此方攻下力峻，须中病即止。,,
q035,奔豚气,classical,shanghan_077,伤寒论,辨太阳病脉证并治中,栀子豉汤证胸中窒（第77条）,发汗、若下之而烦热，胸中窒者，栀子豉汤主之。,本条承上论栀子豉汤证。发汗若下之而烦热、胸中窒者，栀子豉汤主之。热邪郁于胸膈，气机不畅，故烦热胸中窒。,,
q035,奔豚气,classical,qi_001,《中医基础理论》规划教材（要点归纳）,气血津液,气·构成人体和维持生命活动的精微物质,气是构成人体和维持人体生命活动的、具有很强活力的精微物质。气的生成源于先天之精、水谷之精气和自然界清气；气的生理功能包括推动、温煦、防御、固摄、气化与营养作用。人体之气依其生成、分布和功能不同，分为元气、宗气、营气、卫气等。,气在中医学中既是物质概念，又是功能概括。它推动血液运行、温煦脏腑肌表、防御外邪、固摄津液精血并主持气化代谢。临床所见气虚、气滞、气逆等都以气的功能失常为基本病机。,,
