query_id,query,query_form,candidate_id,book,chapter,section_title,原文片段,白话片段,relevance,notes
q039,咳嗽痰黄黏稠，咽喉肿痛，如何选药？,case,zhuli_001,中国药典（2025年版）一部,化痰止咳平喘药,竹沥,据《中国药典》2025 年版一部：竹沥为禾本科植物淡竹 Phyllostachys nigra (Lodd.) Munro var. henonsis (Mitf.) Stapf ex Rendle 等鲜竹竿经火烤灼而沥出的液汁（药用部位：鲜竹液汁）。性味甘，寒；归心、肺、胃经。功能与主治：清热豁痰，定惊利窍；用于痰热…,**简明**：竹沥甘寒，清热豁痰、定惊利窍（**滑利走窍、善豁痰热之壅闭**），主治痰热咳喘、中风痰迷、惊痫。**详解**：痰热咳喘配黄芩、瓜蒌；中风痰壅神昏配胆南星、石菖蒲。**宜冲服（30～60ml）**；寒痰及便溏者忌用。,2,AI预标注，待人工复核
q039,咳嗽痰黄黏稠，咽喉肿痛，如何选药？,case,feihan_feire_001,中医诊断学,辨证,风寒犯肺证与肺热炽盛证,肺病外感实证类。据规划教材《中医诊断学》归纳：风寒犯肺证以咳嗽、痰稀色白、鼻塞流清涕、恶寒发热、无汗、头身痛、苔薄白、脉浮紧为要点；肺热炽盛（含风热犯肺、热邪壅肺）以咳嗽、痰稠色黄、气喘息粗、甚则鼻翼煽动、壮热口渴、咽喉肿痛、便秘尿黄、舌红苔黄、脉滑数为要点。,风寒犯肺治宜疏风散寒、宣肺止咳；肺热炽盛治宜清热泻肺、化痰平喘。二者均以咳嗽为主症。鉴别眼目：风寒犯肺痰稀色白、兼表寒证（恶寒无汗、脉浮紧）；肺热炽盛痰稠色黄、兼里热证（壮热口渴、舌红苔黄脉数）。须与肺阴虚之久咳鉴别——前者新起属实、有表热或表寒证，后者久病属虚、见阴虚内热诸症。,2,AI预标注，待人工复核
q039,咳嗽痰黄黏稠，咽喉肿痛，如何选药？,case,xiaoerganmaokeli_001,《中国药典》一部/药品说明书（要点归纳）,止咳/外妇儿/中成药,小儿感冒颗粒·疏风解表清热解毒,据现行版《中国药典》一部与药品说明书要点归纳：本品由广藿香、菊花、连翘、薄荷、地骨皮、白薇、地黄、板蓝根、大青叶、石膏组成，具疏风解表、清热解毒之功，用于小儿风热感冒，症见发热、头胀痛、咳嗽痰黏、咽喉肿痛；流感见上述证候者。用法用量按说明书开水冲服，周岁以内酌减。,小儿感冒颗粒为儿科常用疏风清热类中成药，用于小儿风热感冒。风寒感冒者不适用；婴儿应在医师指导下服用；服药 2 天高热不退或喘促者应及时就医。本条目为中成药，请按说明书或在医师指导下使用。,2,AI预标注，待人工复核
q039,咳嗽痰黄黏稠，咽喉肿痛，如何选药？,case,qingguo_001,中国药典（2025年版）一部,清热药,青果,据《中国药典》2025 年版一部：青果为橄榄科植物橄榄 Canarium album (Lour.) Raeusch. 的干燥成熟果实（药用部位：成熟果实）。性味甘、酸，平；归肺、胃经。功能与主治：清热解毒，利咽生津；用于咽喉肿痛，咳嗽痰咳，烦热口渴。用法与用量：5～10g。贮藏：置干燥处，防蛀。,**简明**：青果甘酸平，清热解毒而利咽生津，为治咽喉肿痛、口干烦渴的平和常用药。。**详解**：咽喉肿痛、声音嘶哑配玄参、桔梗、麦冬（可含服）；咳嗽痰黏配浙贝母、瓜蒌；烦热口渴配芦根、天花粉；解鱼蟹毒、酒毒可单用嚼食或煎汤。性质平和，可日常代茶饮。,3,AI预标注，待人工复核
q039,咳嗽痰黄黏稠，咽喉肿痛，如何选药？,case,niubangzi_001,中国药典（2025年版）一部,解表药,牛蒡子,据《中国药典》2025 年版一部：牛蒡子为菊科植物牛蒡 Arctium lappa L. 的干燥成熟果实（药用部位：成熟果实）。性味辛、苦，寒；归肺、胃经。功能与主治：疏散风热，宣肺透疹，解毒利咽；用于风热感冒，咳嗽痰多，麻疹，风疹，咽喉肿痛，痄腮，丹毒，痈肿疮毒。用法与用量：6～12g。贮藏：置通风干燥处。,**简明**：牛蒡子辛苦寒，疏散风热、宣肺透疹、解毒利咽，主治风热感冒咽痛、麻疹不透及热毒疮肿。**详解**：风热感冒咽痛配金银花、连翘、薄荷（银翘散）；麻疹透发不畅配蝉蜕、薄荷；痄腮丹毒配板蓝根、连翘；痈肿疮毒配蒲公英、皂角刺。本品性寒滑利，**气虚便溏者慎用**。,3,AI预标注，待人工复核
q039,咳嗽痰黄黏稠，咽喉肿痛，如何选药？,case,kesou_002,中医临床诊疗指南/专家共识（要点归纳）,现代中医,咳嗽·辨证论治要点,据现行中医内科常见病诊疗指南：咳嗽以肺失宣肃、肺气上逆为基本病机，辨证当分外感与内伤；外感常见风寒犯肺、风热犯肺，内伤常见痰湿蕴肺、痰热郁肺，治以宣肺止咳为总则，随证加减。（要点归纳，非原文照录。）,咳嗽为肺系常见病证，指南要点：以咳嗽、咯痰为主症，辨证分外感风寒、风热与内伤痰湿、痰热等型；风寒者宜疏风散寒、宣肺止咳，风热者宜疏风清热、宣肺止咳，痰湿者宜燥湿化痰，痰热者宜清热化痰。临证须辨外感新咳与内伤久咳，结合舌脉、痰色痰量加减用药；配合避风寒、节饮食、戒烟酒等调护。本条目为要点归纳，供参考；具体诊疗请遵医嘱。,2,AI预标注，待人工复核
q039,咳嗽痰黄黏稠，咽喉肿痛，如何选药？,case,chuanshegan_001,中国药典（2025年版）一部,清热药,川射干,据《中国药典》2025 年版一部：川射干为鸢尾科植物鸢尾 Iris tectorum Maxim. 的干燥根茎（药用部位：根茎）。性味苦，寒；归肺经。功能与主治：清热解毒，祛痰利咽；用于热毒痰火郁结，咽喉肿痛，痰涎壅盛，咳嗽气喘。用法与用量：3～9g。贮藏：置干燥处。,**简明**：川射干苦寒，清热解毒而祛痰利咽，为治咽喉肿痛、痰热咳喘常用药。。**详解**：咽喉肿痛配射干、板蓝根、玄参；痰热壅肺、咳嗽气喘配黄芩、瓜蒌、前胡。脾虚便溏者慎用。,3,AI预标注，待人工复核
q039,咳嗽痰黄黏稠，咽喉肿痛，如何选药？,case,shegan_001,中国药典（2025年版）一部,清热药,射干,据《中国药典》2025 年版一部：射干为鸢尾科植物射干 Belamcanda chinensis (L.) DC. 的干燥根茎（药用部位：根茎）。性味苦，寒；归肺经。功能与主治：清热解毒，消痰，利咽；用于热毒痰火郁结，咽喉肿痛，痰涎壅盛，咳嗽气喘。用法与用量：3～10g。贮藏：置干燥处。,**简明**：射干苦寒，清热解毒、消痰利咽，主治热毒痰火所致咽喉肿痛、痰涎壅盛、咳喘。**详解**：咽痛喉痹配牛蒡子、桔梗、甘草；痰饮咳喘配麻黄、细辛、半夏（射干麻黄汤）；瘰疬配夏枯草、连翘。孕妇慎用。,3,AI预标注，待人工复核
q039,咳嗽痰黄黏稠，咽喉肿痛，如何选药？,case,shuitu_001,针灸学,足阳明胃经,水突,出《针灸甲乙经》。《针灸甲乙经》：水突，一名水门，在颈大筋前，直人迎下，气舍上。,水突定位在颈部，胸锁乳突肌的前缘，当人迎与气舍连线的中点。主治咽喉肿痛、咳嗽、气喘、瘿气、瘰疬等颈胸病证。刺法：直刺0.3~0.8寸。,3,AI预标注，待人工复核
q039,咳嗽痰黄黏稠，咽喉肿痛，如何选药？,case,xuanji_001,针灸学,任脉,璇玑,出《针灸甲乙经》。,璇玑属任脉，定位在胸部，前正中线上，胸骨上窝下1寸，当胸骨柄中央。主治咳嗽、咽喉肿痛、胸痛及咽喉不利。刺法：平刺0.3～0.5寸；可灸。,3,AI预标注，待人工复核
q039,咳嗽痰黄黏稠，咽喉肿痛，如何选药？,case,milianchuanbeipagaotang_001,《中国药典》一部/药品说明书（要点归纳）,止咳/外妇儿/中成药,蜜炼川贝枇杷膏·清热润肺化痰止咳平喘,据现行版《中国药典》一部与药品说明书要点归纳：本品由川贝母、枇杷叶、桔梗、陈皮、水半夏、北沙参、五味子、款冬花、薄荷脑等组成，具清热润肺、化痰止咳平喘之功，用于肺燥咳嗽，症见干咳、痰黄而黏、胸闷、咽喉痒痛或声音嘶哑。用法用量按说明书口服。,蜜炼川贝枇杷膏为润肺止咳类糖浆中成药，用于肺燥咳嗽、痰黏咽痒。本品含糖量高，糖尿病患者忌服；风寒咳嗽、痰湿壅盛者不宜；服药期间忌辛辣油腻。本条目为中成药，请按说明书或在医师指导下使用。,0,AI预标注，待人工复核
q039,咳嗽痰黄黏稠，咽喉肿痛，如何选药？,case,quanpen_001,针灸学,足阳明胃经,缺盆,出《针灸甲乙经》。《针灸甲乙经》：缺盆，一名天盖，在肩上横骨陷者中。,缺盆定位在锁骨上窝中央，前正中线旁开4寸。主治咳嗽、气喘、咽喉肿痛、缺盆中痛、瘰疬等胸肺病证。刺法：直刺或斜刺0.3~0.5寸，孕妇禁针。,3,AI预标注，待人工复核
q039,咳嗽痰黄黏稠，咽喉肿痛，如何选药？,case,zihuaqianhu_001,中国药典（2025年版）一部,化痰止咳平喘药,紫花前胡,据《中国药典》2025 年版一部：紫花前胡为伞形科植物紫花前胡 Peucedanum decursivum (Miq.) Maxim. 的干燥根（药用部位：根）。性味苦、辛，微寒；归肺经。功能与主治：降气化痰，散风清热；用于痰热喘满，咳痰黄稠，风热咳嗽痰多。用法与用量：3～9g。贮藏：置阴凉干燥处，防霉，防蛀。,**简明**：紫花前胡苦辛微寒，降气化痰而散风清热，为治痰热咳嗽、风热痰多的常用药。。**详解**：痰热喘满配桑白皮、瓜蒌、贝母；风热咳嗽配桑叶、杏仁、桔梗。,3,AI预标注，待人工复核
q039,咳嗽痰黄黏稠，咽喉肿痛，如何选药？,case,honghualongdan_001,中国药典（2025年版）一部,清热药,红花龙胆,据《中国药典》2025 年版一部：红花龙胆为龙胆科植物红花龙胆 Gentiana rhodantha Franch. ex Hemsl. 的干燥全草（药用部位：全草）。性味苦，寒；归肝、肺经。功能与主治：清热利湿，凉血解毒；用于湿热黄疸，肺热咳嗽，咽喉肿痛，目赤。用法与用量：9～15g。外用适量。贮藏：置干燥处。,**简明**：红花龙胆苦寒，清热利湿而凉血解毒，功似龙胆草，为治湿热黄疸常用。。**详解**：湿热黄疸配茵陈、栀子；肺热咳嗽配黄芩、桑白皮；咽喉肿痛配板蓝根、射干；目赤配菊花、夏枯草。脾胃虚寒者慎用。,3,AI预标注，待人工复核
q039,咳嗽痰黄黏稠，咽喉肿痛，如何选药？,case,gangbangui_001,中国药典（2025年版）一部,清热药,杠板归,据《中国药典》2025 年版一部：杠板归为蓼科植物杠板归 Polygonum perfoliatum L. 的干燥地上部分（药用部位：地上部分）。性味酸，微寒；归肺、膀胱经。功能与主治：清热解毒，利湿消肿；用于咽喉肿痛，肺热咳嗽，水肿，湿热泻痢，湿疹，蛇虫咬伤。用法与用量：15～30g。外用适量。贮藏：置干燥处。,**简明**：杠板归酸微寒，清热解毒而利湿消肿，为民间治毒蛇咬伤与湿疹水肿常用药。。**详解**：咽喉肿痛配板蓝根、射干；肺热咳嗽配桑白皮、黄芩；水肿、湿热泻痢配茯苓皮、车前草；湿疹、蛇虫咬伤可鲜品捣敷或煎水洗。,3,AI预标注，待人工复核
q039,咳嗽痰黄黏稠，咽喉肿痛，如何选药？,case,pengsha_001,《中药学》（清华社）· 药典外品种,攻毒杀虫止痒药,硼砂,据清华社《中药学》：硼砂为硼酸盐类矿物硼砂族硼砂经精制而成的结晶（药用部位：加工品）。性味甘、咸，凉；归肺、胃经。功能与主治：外用清热解毒，内服清肺化痰；用于咽喉肿痛，口疮，目赤翳障；内服治痰热咳嗽。用法与用量：外用适量，研极细末撒敷或调敷。内服 1.5～3g，入丸散。注意：内服不宜过量。贮藏：置阴凉干燥处，密闭。,**简明**：硼砂甘咸凉，外用清热解毒（喉口目疾要药，冰硼散主药），内服清肺化痰。。**详解**：咽喉肿痛、口疮配冰片、玄明粉（冰硼散）吹敷；目赤翳障配黄连、炉甘石点眼；痰热咳嗽内服配贝母、瓜蒌。**内服不宜过量**。,3,AI预标注，待人工复核
q039,咳嗽痰黄黏稠，咽喉肿痛，如何选药？,case,sijiqing_001,中国药典（2025年版）一部,清热药,四季青,据《中国药典》2025 年版一部：四季青为冬青科植物冬青 Ilex chinensis Sims 的干燥叶（药用部位：叶）。性味苦、涩，寒；归肺、心经。功能与主治：清热解毒，凉血止血，敛疮；用于肺热咳嗽，咽喉肿痛，热淋涩痛，泻痢，水火烫伤，下肢溃疡，外伤出血。用法与用量：15～30g。外用适量，水煎外涂。贮藏：置干燥处…,**简明**：四季青苦涩寒，清热凉血而敛疮，内服治肺热咽痛，外用为烧烫伤常用药。。**详解**：肺热咳嗽配黄芩、桑白皮；咽喉肿痛配射干、板蓝根；热淋配车前子、瞿麦；水火烫伤、下肢溃疡可单用浓煎外涂或配地榆、大黄研末调敷。脾胃虚寒泄泻者忌用。,3,AI预标注，待人工复核
q039,咳嗽痰黄黏稠，咽喉肿痛，如何选药？,case,lingganwuweijiangxin_001,《方剂学》规划教材（要点归纳）,祛痰剂,苓甘五味姜辛汤·温肺化饮,"《金匮要略·痰饮咳嗽病脉证并治》：""冲气即低，而反更咳、胸满者，用桂苓五味甘草汤去桂加干姜、细辛，以治其咳满。""（据教材要点归纳：茯苓四两、甘草、干姜、细辛各三两、五味子半升，水煎温服。）",苓甘五味姜辛汤为温肺化饮之代表方，主治寒饮咳嗽，症见咳嗽痰多、清稀色白、胸满不舒、苔白滑、脉弦滑。本方姜辛温燥，肺热燥咳、阴虚痰黄者禁用。本方为要点归纳，供参考；具体用药请遵医嘱。,1,AI预标注，待人工复核
q039,咳嗽痰黄黏稠，咽喉肿痛，如何选药？,case,beidougen_001,中国药典（2025年版）一部,清热药,北豆根,据《中国药典》2025 年版一部：北豆根为防己科植物蝙蝠葛 Menispermum dauricum DC. 的干燥根茎（药用部位：根茎）。性味苦，寒；有小毒；归肺、胃、大肠经。功能与主治：清热解毒，祛风止痛；用于咽喉肿痛，肺热咳嗽，湿热泻痢，风湿痹痛。用法与用量：3～9g。注意：本品有小毒，用量不宜过大。贮藏：置干燥…,**简明**：北豆根苦寒清解热毒而利咽止痛，兼祛风湿，为治咽喉肿痛的常用药。。**详解**：咽喉肿痛配射干、板蓝根、玄参；肺热咳嗽配黄芩、桑白皮；风湿痹痛配威灵仙、防己。**有小毒**，一般 3～9g，过量可致恶心呕吐、头晕，不宜久服。,3,AI预标注，待人工复核
q039,咳嗽痰黄黏稠，咽喉肿痛，如何选药？,case,cheqiancao_001,中国药典（2025年版）一部,利水渗湿药,车前草,据《中国药典》2025 年版一部：车前草为车前科植物车前 Plantago asiatica L. 或平车前 Plantago depressa Willd. 的干燥全草（药用部位：全草）。性味甘，寒；归肝、肾、肺、小肠经。功能与主治：清热利尿通淋，祛痰，凉血，解毒；用于热淋涩痛，水肿尿少，暑湿泄泻，痰热咳嗽，吐血衄血…,**简明**：车前草甘寒，功效同车前子而多**凉血解毒**之能，主治热淋水肿、暑湿泄泻、痰咳及血热出血、疮毒。**详解**：热淋配车前子、木通；血热衄血配白茅根、侧柏叶；痈肿疮毒鲜品捣敷；咳嗽痰黄配桑白皮、黄芩。,2,AI预标注，待人工复核
q039,咳嗽痰黄黏稠，咽喉肿痛，如何选药？,case,qingqihuatan_001,《方剂学》规划教材（要点归纳）,祛痰剂,清气化痰丸·清热化痰理气止咳,"传统方歌：""清气化痰星夏橘，杏仁枳实瓜蒌实，芩苓姜汁糊为丸，气顺火消痰自失。""（《医方考》方，据教材要点归纳：陈皮、杏仁、枳实、黄芩、瓜蒌仁、茯苓、胆南星、制半夏各约等分，姜汁为丸，每服二三钱。）",清气化痰丸为清热化痰、理气止咳之代表方，主治痰热咳嗽，症见咳嗽痰黄、咯之不爽、胸膈痞满、舌红苔黄腻、脉滑数。本方寒凉，虚寒咳嗽、痰湿白稀者不宜。本方为要点归纳，供参考；具体用药请遵医嘱。,3,AI预标注，待人工复核
q039,咳嗽痰黄黏稠，咽喉肿痛，如何选药？,case,tingtuoukai_001,《中医诊断学》规划教材（要点归纳）,四诊,听呕吐咳嗽声·呕吐与咳嗽声响辨寒热,听呕吐与咳嗽声以辨寒热虚实。呕吐：声高有力、呕声壮厉多属实热；声低无力、呕声缓慢多属虚寒。咳嗽：咳声重浊、痰白清稀多属风寒；咳声清脆、痰少黏稠多属燥热；咳声阵发、连续不绝伴吼声为顿咳；咳如犬吠为白喉危候；干咳无痰或少痰多属燥咳或阴虚。,呕吐与咳嗽的声响高低、痰的性状辨寒热虚实。咳血、呕吐物带血、喷射状呕吐须立即就医。此为教材要点归纳，供参考；具体诊疗请遵医嘱，不引导自我诊断。,0,AI预标注，待人工复核
q039,咳嗽痰黄黏稠，咽喉肿痛，如何选药？,case,choulingdancao_001,中国药典（2025年版）一部,清热药,臭灵丹草,据《中国药典》2025 年版一部：臭灵丹草为菊科植物臭灵丹 Laggera pterodonta (DC.) Benth. 的干燥地上部分（药用部位：地上部分）。性味辛、苦，寒；有小毒；归肺经。功能与主治：清热解毒，止咳祛痰；用于风热感冒，咽喉肿痛，肺热咳嗽。用法与用量：9～15g。外用适量。注意：本品有小毒，孕妇慎用…,**简明**：臭灵丹草辛苦寒有小毒，清热解毒而止咳祛痰，为云南地区治风热感冒、肺热咳嗽的常用药。。**详解**：风热感冒配金银花、连翘；咽喉肿痛配板蓝根、射干；肺热咳嗽配黄芩、前胡。**有小毒**，不宜过量久服；孕妇慎用。,3,AI预标注，待人工复核
q039,咳嗽痰黄黏稠，咽喉肿痛，如何选药？,case,zhudanfen_001,中国药典（2025年版）一部,化痰止咳平喘药,猪胆粉,据《中国药典》2025 年版一部：猪胆粉为猪科动物猪 Sus scrofa domestica Brisson 胆汁的干燥品（药用部位：胆汁加工品）。性味苦，寒；归肺、肝、胆经。功能与主治：清热润燥，化痰止咳，解毒；用于肺热咳嗽，百日咳，黄疸，痢疾，目赤，咽喉肿痛。用法与用量：0.3～0.6g，多入丸散或胶囊用。外用适…,**简明**：猪胆粉苦寒，清热润燥而化痰止咳、解毒，为治肺热咳喘与黄疸的常用药。。**详解**：肺热咳嗽配黄芩、瓜蒌；百日咳配百部、白前；黄疸配茵陈、栀子；咽喉肿痛配射干。**脾胃虚寒者慎用**。,3,AI预标注，待人工复核
q039,咳嗽痰黄黏稠，咽喉肿痛，如何选药？,case,yuji_001,针灸学,手太阴肺经,鱼际,《灵枢·本输》：溜于鱼际，鱼际者，手鱼也，为荥。,鱼际为手太阴肺经荥穴，定位在手外侧，第1掌骨桡侧中点赤白肉际处。主治咳嗽、咯血、咽喉肿痛、失音、发热等肺系热证，及小儿疳积。刺法：直刺0.5～0.8寸；可灸。,3,AI预标注，待人工复核
q039,咳嗽痰黄黏稠，咽喉肿痛，如何选药？,case,kongzui_001,针灸学,手太阴肺经,孔最,出《针灸甲乙经》：孔最，手太阴之郄，去腕七寸。,孔最为手太阴肺经郄穴，定位在前臂前区，腕掌侧远端横纹上7寸，尺泽与太渊连线上。主治咯血、咳嗽、气喘、咽喉肿痛及痔血，为治咯血要穴。刺法：直刺0.5～1寸；可灸。,3,AI预标注，待人工复核
q039,咳嗽痰黄黏稠，咽喉肿痛，如何选药？,case,snb_shegan_001,神农本草经,下经,射干,射干，味苦，平。主咳逆上气，喉痹咽痛，不得消息，散结气，腹中邪逆，食饮大热。生川谷。,射干苦寒，清热解毒、利咽消痰、散结消肿，为治咽喉肿痛、痰盛咳喘要药，主治热毒痰火郁结之咽喉肿痛、痰涎壅盛咳嗽、瘰疬结核等。脾虚便溏及孕妇慎用，不宜久服过量。,3,AI预标注，待人工复核
q039,咳嗽痰黄黏稠，咽喉肿痛，如何选药？,case,mabo_001,中国药典（2025年版）一部,清热药,马勃,据《中国药典》2025 年版一部：马勃为灰色科真菌脱皮马勃 Lasiosphaera fenzlii Reichb.、大马勃 Calvatia gigantea (Batsch ex Pers.) Lloyd 或紫色马勃 Calvatia lilacina (Mont. et Berk.) Lloyd 的干燥子实体（药…,**简明**：马勃辛平，清肺利咽、解毒止血，主治风热咽痛音哑、咳嗽及外伤出血（外敷止血）。**详解**：咽喉肿痛配牛蒡子、玄参、连翘；失音配蝉蜕、桔梗；外伤出血研末外敷。风寒劳嗽失音者忌用。,2,AI预标注，待人工复核
q039,咳嗽痰黄黏稠，咽喉肿痛，如何选药？,case,xiqingguo_001,中国药典（2025年版）一部,收涩药,西青果,据《中国药典》2025 年版一部：西青果为使君子科植物诃子 Terminalia chebula Retz. 的干燥幼果（药用部位：幼果）。性味苦、酸、涩，平；归肺、大肠经。功能与主治：清热生津，解毒；用于咽喉肿痛，声音嘶哑，咳嗽，口干舌燥。用法与用量：3～9g。贮藏：置干燥处。  **【古注】】 《本草纲目拾遗》：西…,**简明**：西青果苦酸涩平，清热生津、解毒利咽（**诃子幼果，专主咽喉**），主治咽喉肿痛、声音嘶哑、咳嗽及口干舌燥。**详解**：咽痛音哑配桔梗、甘草；咳嗽配金银花、麦冬。可含服或泡茶。脾胃虚寒者慎用。,3,AI预标注，待人工复核
q039,咳嗽痰黄黏稠，咽喉肿痛，如何选药？,case,xuanmaoganjiekeli_001,《中国药典》一部/药品说明书（要点归纳）,清热剂/中成药,玄麦甘桔颗粒·清热滋阴祛痰利咽,据现行版《中国药典》一部与药品说明书要点归纳：本品由玄参、麦冬、甘草、桔梗等组成，具清热滋阴、祛痰利咽之功，用于阴虚火旺、虚火上浮所致口鼻干燥、咽喉肿痛、干咳少痰。用法用量按说明书开水冲服。,玄麦甘桔颗粒为药简力专的滋阴清热、利咽类中成药，用于阴虚火旺之口鼻干燥、咽喉肿痛、干咳。本品偏凉润，外感风寒、痰湿咳嗽及脾胃虚寒便溏者慎用。服药期间忌烟酒辛辣鱼腥；咽喉肿痛剧烈、高热者应就医。本条目为中成药，请按说明书或在医师指导下使用。,2,AI预标注，待人工复核
q039,咳嗽痰黄黏稠，咽喉肿痛，如何选药？,case,banlangenkeli_001,《中国药典》一部/药品说明书（要点归纳）,解表剂/中成药,板蓝根颗粒·清热解毒凉血利咽,据现行版《中国药典》一部与药品说明书要点归纳：本品由板蓝根一味组成，具清热解毒、凉血利咽之功，用于肺胃热盛所致的咽喉肿痛、口咽干燥，急性扁桃体炎见上述证候者。用法用量按说明书开水冲服。,板蓝根颗粒为常用清热解毒类中成药，用于肺胃热盛之咽喉肿痛、口咽干燥、急性扁桃体炎。服药期间忌烟酒、辛辣鱼腥食物，不宜同时服用滋补性中药；风寒感冒、体虚脾胃虚寒者慎用；服药 3 天症状无缓解应就医。本条目为中成药，请按说明书或在医师指导下使用。,2,AI预标注，待人工复核
q039,咳嗽痰黄黏稠，咽喉肿痛，如何选药？,case,sanhuangpian_001,《中国药典》一部/药品说明书（要点归纳）,清热剂/中成药,三黄片·清热解毒泻火通便,据现行版《中国药典》一部与药品说明书要点归纳：本品由大黄、盐酸小檗碱、黄芩浸膏等组成，具清热解毒、泻火通便之功，用于三焦热盛所致目赤肿痛、口鼻生疮、咽喉肿痛、牙龈出血、心烦口渴、尿黄便秘。用法用量按说明书口服。,三黄片为常用清热解毒、泻火通便类中成药，用于三焦实热证。本品含大黄与小檗碱，孕妇忌用，溶血性贫血患者及葡萄糖-6-磷酸脱氢酶缺乏者禁用；服药后大便次数增多、便溏者应减量；不宜与含鞣质中药同用。本条目为中成药，请按说明书或在医师指导下使用。,3,AI预标注，待人工复核
q039,咳嗽痰黄黏稠，咽喉肿痛，如何选药？,case,banlangenhange_001,《中国药典》一部/药品说明书（要点归纳）,清热剂/中成药,板蓝根含片·清热解毒凉血利咽,据现行版《中国药典》一部与药品说明书要点归纳：本品为板蓝根经加工制成的含片，具清热解毒、凉血利咽之功，用于肺胃热盛所致咽喉肿痛、口咽干燥；急性扁桃体炎见上述证候者。用法用量按说明书含服。,板蓝根含片为单味药清热解毒类含片，用于肺胃热盛之咽喉肿痛、口咽干燥、急性扁桃体炎。本品性寒，脾胃虚寒、便溏者慎用；风寒感冒咽痛不宜。服药期间忌烟酒辛辣鱼腥；咽喉肿痛剧烈、高热、扁桃体化脓者应及时就医。本条目为中成药，请按说明书或在医师指导下使用。,2,AI预标注，待人工复核
q039,咳嗽痰黄黏稠，咽喉肿痛，如何选药？,case,jingqu_001,针灸学,手太阴肺经,经渠,《灵枢·本输》：行于经渠，经渠，寸口中也，动而不居，为经。,经渠为手太阴肺经经穴（金），定位在前臂前区，腕掌侧远端横纹上1寸，桡骨茎突与桡动脉之间。主治咳嗽、气喘、胸痛、咽喉肿痛及手腕痛。刺法：避开桡动脉，直刺0.3～0.5寸；不宜瘢痕灸。,3,AI预标注，待人工复核
q039,咳嗽痰黄黏稠，咽喉肿痛，如何选药？,case,tiantu_001,针灸学,任脉,天突,出《针灸甲乙经》。,天突属任脉，定位在颈前区，胸骨上窝中央，前正中线上。主治咳嗽哮喘、咽喉肿痛、梅核气、噎膈及暴喑。刺法：先直刺0.2寸，再沿胸骨柄后缘、气管前缘向下平刺0.5～1寸，不宜深刺；不宜灸。,3,AI预标注，待人工复核
q039,咳嗽痰黄黏稠，咽喉肿痛，如何选药？,case,shaoshang_001,针灸学,手太阴肺经,少商,《灵枢·本输》：肺出于少商，少商者，手大指端内侧也，为井木。,少商为手太阴肺经井穴，定位在手指，拇指末节桡侧，指甲根角侧上方0.1寸。主治咽喉肿痛、咳嗽、鼻衄、高热、昏迷、癫狂，为治咽喉肿痛、急救开窍要穴。刺法：浅刺0.1寸，或用三棱针点刺出血；慎灸。,3,AI预标注，待人工复核
q039,咳嗽痰黄黏稠，咽喉肿痛，如何选药？,case,ganmao_002,中医临床诊疗指南/专家共识（要点归纳）,现代中医,感冒·辨证论治要点,据现行中医内科常见病诊疗指南：感冒以卫表不和、肺失宣肃为基本病机，辨证首分风寒、风热，兼辨暑湿、气虚、阴虚等兼证；风寒束表治宜辛温解表，风热犯表治宜辛凉解表。（要点归纳，非原文照录。）,感冒为外感风邪犯表之常见病证，指南要点：以鼻塞、流涕、恶寒发热、头痛、脉浮为主症，辨证分风寒（重、荆防败毒散类）与风热（轻、银翘散类）两大型，结合兼夹施治；配合休息、多饮水、避风寒等调护。本条目为要点归纳，供参考；具体诊疗请遵医嘱。,1,AI预标注，待人工复核
q039,咳嗽痰黄黏稠，咽喉肿痛，如何选药？,case,yingzhen_001,《中医皮肤性病学》规划教材（要点归纳）,皮肤,瘾疹·荨麻疹,瘾疹是皮肤出现红色或苍白色风团、时隐时现、瘙痒剧烈的过敏性皮肤病，相当于西医荨麻疹。多由禀赋不耐、风寒/风热外袭、胃肠湿热或气血两虚引起。辨证分风寒外袭、风热犯表、胃肠湿热、气血两虚等型。,瘾疹辨证分寒热虚实：风寒者得温则减，风热者遇热加重。伴腹痛、呼吸困难、喉头水肿者须立即就医（过敏性休克风险）。教材要点归纳，供参考；具体诊疗请遵医嘱。,0,AI预标注，待人工复核
q039,咳嗽痰黄黏稠，咽喉肿痛，如何选药？,case,fengwen_001,温病学,温病学,风温,清·叶天士《温热论》：「温邪上受，首先犯肺。」风温为春冬季感受风热病邪所致之新感温病，初起以肺卫表热证为特征。（据规划教材《温病学·风温》归纳）,风温多发于春冬，为风热病邪客肺卫所致。初起邪在肺卫，症见发热微恶风寒、咳嗽、口微渴、脉浮数，辛凉解表为治（辛凉偏表用银翘散，偏咳用桑菊饮）；继而邪热入里壅肺，见身热咳喘、汗出口渴，麻杏石甘汤宣肺泄热；重者逆传心包，神昏谵语，清营汤、安宫牛黄丸清心开窍；后期肺胃阴伤，沙参麦冬汤滋养肺胃。本病初起忌辛温发汗。,1,AI预标注，待人工复核
q039,咳嗽痰黄黏稠，咽喉肿痛，如何选药？,case,houyin_001,《中医耳鼻咽喉科学》规划教材（要点归纳）,五官,喉瘖·声音嘶哑失音,喉瘖是指以声音不扬、甚至嘶哑失音为主要表现的喉部疾病，含急慢性喉炎、声带小结或息肉等。病机多为风热或风寒犯肺、肺气不宣，或肺肾阴虚、喉失濡养，或肺脾气虚、鼓动无力，或气滞血瘀痰凝、声门不利。,喉瘖以声音嘶哑为主，急性多外感，慢性多脏腑虚损或声带病变。风热用疏风清热汤，肺肾阴虚用养阴清肺汤，血瘀痰凝用会厌逐瘀汤，配合声休、雾化。声嘶持续超过2周不愈、痰中带血须及时就医排除喉部肿瘤。本条目为教材要点归纳，供参考；具体诊疗请遵医嘱。,1,AI预标注，待人工复核
q039,咳嗽痰黄黏稠，咽喉肿痛，如何选药？,case,hubeibeimu_001,中国药典（2025年版）一部,化痰止咳平喘药,湖北贝母,据《中国药典》2025 年版一部：湖北贝母为百合科植物湖北贝母 Fritillaria hupehensis Hsiao et K. C. Hsia 的干燥鳞茎（药用部位：鳞茎）。性味微苦，凉；归肺、心经。功能与主治：清热化痰，止咳，散结；用于热痰咳嗽，痰多色黄，瘰疬，疮痈。用法与用量：3～9g。注意：不宜与川乌、制川…,**简明**：湖北贝母微苦凉，清热化痰而止咳散结，为湖北地区治热痰咳嗽的常用药。。**详解**：热痰咳嗽配黄芩、桑白皮、瓜蒌；瘰疬疮痈配夏枯草、玄参。**反乌头（十八反）**，不宜与川乌、草乌、附子同用。,3,AI预标注，待人工复核
q039,咳嗽痰黄黏稠，咽喉肿痛，如何选药？,case,wangpaichuwu_001,《中医诊断学》规划教材（要点归纳）,四诊,望排出物·观察痰涕唾涎呕吐物二便,望排出物是观察患者分泌物、排泄物和呕吐物的形、色、质、量变化以推断脏腑寒热虚实的诊法。痰涕清稀色白多属寒，黏稠色黄多属热；呕吐物清稀无酸臭多属寒呕，黄浊酸臭多属热呕；大便清稀多属寒湿，黄糜臭秽多属湿热；小便清长多属寒，短黄多属热。,望排出物以形、色、质、量四要素辨寒热虚实：清稀淡白多寒、多虚；黄稠臭秽多热、多实。此为教材要点归纳，供参考；具体诊疗请遵医嘱，不引导自我诊断。,0,AI预标注，待人工复核
q039,咳嗽痰黄黏稠，咽喉肿痛，如何选药？,case,kesou_001,中医内科学,肺系病证,咳嗽,《素问·咳论》：「五脏六腑皆令人咳，非独肺也。」又云「皮毛者，肺之合也，皮毛先受邪气，邪气以从其合也」。明·张介宾《景岳全书·咳嗽》将咳嗽分外感、内伤两大类，为后世辨证纲领。（据规划教材《中医内科学·肺系病证·咳嗽》归纳）,咳嗽由肺失宣降、肺气上逆作声，或伴咯痰。辨治首分外感与内伤：外感多新病、起病急、病程短，属邪实——风寒袭肺（三拗汤合止嗽散疏风散寒）、风热犯肺（桑菊饮疏风清热）、风燥伤肺（桑杏汤清温燥；凉燥用杏苏散）；内伤多久病、反复发作，属邪实正虚——痰湿蕴肺（二陈平胃散合三子养亲汤燥湿化痰）、痰热郁肺（清金化痰汤清热豁痰）、肝火犯…,1,AI预标注，待人工复核
q039,咳嗽痰黄黏稠，咽喉肿痛，如何选药？,case,rengongniuhuang_001,中国药典（2025年版）一部,清热药,人工牛黄,据《中国药典》2025 年版一部：人工牛黄由牛胆粉、胆酸、猪去氧胆酸、牛磺酸、胆红素、胆固醇、微量元素等加工制成（药用部位：加工品）。性味甘，凉；归心、肝经。功能与主治：清热解毒，化痰定惊；用于痰热谵狂，神昏不语，小儿急惊风，咽喉肿痛，口舌生疮，痈肿疔疮。用法与用量：0.15～0.35g，多入丸散用。外用适量，研末敷患…,**简明**：人工牛黄为天然牛黄的代用品，清热解毒、化痰定惊，为温病神昏、咽肿疮毒常用。。**详解**：热病神昏谵语、小儿急惊配麝香、冰片、黄连（安宫牛黄丸类）；咽喉肿痛配黄芩、栀子、雄黄（牛黄解毒片）；痈肿疔疮可研末外敷。孕妇慎用；非实热证不宜。,3,AI预标注，待人工复核
q039,咳嗽痰黄黏稠，咽喉肿痛，如何选药？,case,snb_niuhuang_001,神农本草经,中经,牛黄,牛黄，味苦，平。主惊痫寒热，热盛狂痓，除邪逐鬼。,牛黄苦甘凉，化痰开窍、凉肝息风、清热解毒，主治热病神昏中风痰迷、惊痫抽搐及咽喉肿痛口舌生疮痈肿疔疮。本经主惊痫寒热、热盛狂痓，取其清心凉肝、息风开窍之功。,3,AI预标注，待人工复核
q039,咳嗽痰黄黏稠，咽喉肿痛，如何选药？,case,nichuanxinbao_001,温热论,温热论,逆传心包,温邪上受，首先犯肺，逆传心包……大凡看法，卫之后方言气，营之后方言血。,「逆传」与「顺传」相对：温邪由肺卫而下传气分胃腑者为顺传；若不从气分而径陷营分、内闭心包，见神昏谵语、舌鲜绛、肢厥者，即为逆传心包。其证来势暴急、病情危重，治当清心凉营、开窍透络，如清营汤、安宫牛黄丸、至宝丹之类，亟须防其内闭外脱。,0,AI预标注，待人工复核
q039,咳嗽痰黄黏稠，咽喉肿痛，如何选药？,case,shouxianfanfei_001,温热论,温热论,温邪上受首先犯肺,温邪上受，首先犯肺，逆传心包。肺主气属卫，心主血属营。辨营卫气血虽与伤寒同，若论治法则与伤寒大异也。,本条为温病辨证总纲之一。叶天士指出温邪从口鼻上受，初起即先犯肺（肺主气属卫），若正不胜邪则内陷逆传心包（心主血属营）。伤寒从皮毛而入、渐次传里；温邪热变最速，初治即宜辛凉轻剂宣肺泄卫，不可径用辛温发汗，此即「温邪则热变最速」与伤寒分治之关键。,0,AI预标注，待人工复核
q039,咳嗽痰黄黏稠，咽喉肿痛，如何选药？,case,yetianshi_001,临证指南医案,温热门,叶天士·风温犯肺案,某，风温入肺，身热，咳呛不爽，口燥，脉右数大。先生谓温邪上受，首先犯肺，忌辛温发散，以辛凉清上，轻苦微辛之剂。,此为风温犯肺之轻证。叶氏辨温邪从口鼻入、首先犯肺，戒用辛温发汗，主以辛凉疏泄、清肃上焦，药取轻清如羽，使邪从肺卫而解。示人治温当分表里、辨三焦，不可混以伤寒辛温法治之。,0,AI预标注，待人工复核
q039,咳嗽痰黄黏稠，咽喉肿痛，如何选药？,case,weifenzheng_001,温病学,温病学,卫分证,清·叶天士《温热论》：「大凡看法，卫之后方言气……在卫汗之可也。」卫分证为温病初起、邪犯肺卫之表热证。（据规划教材《温病学·卫分证》归纳）,卫分证为温病初起最浅一层，邪犯肺卫、卫外失和，症见发热微恶风寒、口微渴、头痛咳嗽、舌边尖红、苔薄白、脉浮数。治宜辛凉解表、透邪外达（「在卫汗之可也」），偏于表热者银翘散，偏于肺咳者桑菊饮。治当轻清宣透，忌辛温发汗、过用寒凉冰伏。,1,AI预标注，待人工复核
q039,咳嗽痰黄黏稠，咽喉肿痛，如何选药？,case,ganmao_001,中医内科学,肺系病证,感冒,《素问·骨空论》：「风者百病之始也……风从外入，令人振寒，汗出头痛，身重恶寒。」 《伤寒论》以麻黄汤、桂枝汤开创外感风寒辨证论治先河。北宋·杨仁斋《仁斋直指方·诸风》始见「感冒」之名。（据规划教材《中医内科学·肺系病证·感冒》归纳）,感冒系外感风邪或时行病毒、客于肺卫，卫表不和、肺失宣肃所致，以鼻塞、流涕、喷嚏、头痛、恶寒发热、脉浮为特征，为时令外感病，时行感冒具传染性、病情较重。辨证首察表实表虚与兼夹：风寒束表（荆防达表汤辛温解表）、风热犯表（银翘散辛凉解表）、暑湿伤表（新加香薷饮清暑祛湿）；虚体感冒分气虚（参苏饮益气解表）、阴虚（加减葳蕤汤滋阴…,1,AI预标注，待人工复核
q039,咳嗽痰黄黏稠，咽喉肿痛，如何选药？,case,wenbingxuepai_001,中医各家学说,流派,温病学派·创卫气营血与三焦辨证治温热,"叶天士《温热论》：""温邪上受，首先犯肺，逆传心包""，""卫之后方言气，营之后方言血""；吴鞠通《温病条辨》本之而立""治上焦如羽、治中焦如衡、治下焦如权""三焦治法。","温病学派是明清之际形成、以研究外感温热病为核心的医学流派，上承《素问》""冬伤于寒，春必病温""及宋元庞安时、王安道等人温病思想，成熟于清代康乾以下。该派突破了将外感热病概隶于《伤寒论》六经辨治的旧框架，自立温病辨治体系。叶天士（桂）创卫气营血辨证纲领，提出""温邪上受、首先犯肺、逆传心包""，分卫、气、营、血四层立法；薛雪（…",0,AI预标注，待人工复核
q039,咳嗽痰黄黏稠，咽喉肿痛，如何选药？,case,yetianshi_009,中医各家学说,医家,叶桂·创卫气营血辨证为温病学派宗师,"《温热论》：""温邪上受，首先犯肺，逆传心包。""又：""大凡看法，卫之后方言气，营之后方言血。在卫汗之可也，到气才可清气，入营犹可透热转气，……入血就恐耗血动血，直须凉血散血。""","叶桂，字天士，号香岩，清代江苏吴县（今苏州）人，生于康熙五年、卒于乾隆十年（1666—1745年）。其家三世业医，幼承家学，又先后从师十七人，博采众长，声名满于大江南北。门人据其口授与医案辑成《温热论》及《临证指南医案》。学术上最大贡献是系统总结温病辨证论治规律，提出""温邪上受、首先犯肺、逆传心包""的发病途径，并创卫气…",0,AI预标注，待人工复核
q039,咳嗽痰黄黏稠，咽喉肿痛，如何选药？,case,fengzhen_001,《中医儿科学》规划教材（要点归纳）,儿科,风疹·小儿出疹性传染病淡红色斑丘疹,风疹是由风疹时邪引起的较轻出疹性传染病，以轻度发热、咳嗽、皮肤出现淡红色斑丘疹、耳后及枕部淋巴结肿大为特征。辨证常见邪犯肺卫、邪入气营等型。治法以疏风清热、清热解毒为主。,风疹症状较轻，一般预后良好，但孕妇早期感染可影响胎儿。中医邪犯肺卫用银翘散疏风清热，邪入气营用透疹凉解汤。须隔离至疹出后5天。高热不退、疹色紫暗者须及时就医。本条目为教材要点归纳，供参考；具体诊疗请遵医嘱。,2,AI预标注，待人工复核
q039,咳嗽痰黄黏稠，咽喉肿痛，如何选药？,case,zaoxie_001,《中医基础理论》规划教材（要点归纳）,病因病机,燥邪·燥性干涩易伤津液伤肺,燥邪为六淫之一，其性干涩，多犯肺脏。致病特点：燥性干涩，易伤津液，见口鼻干燥、咽干口渴、皮肤干涩、毛发不荣；燥易伤肺，肺为娇脏喜润恶燥，见干咳少痰、痰黏难咯、喘息胸痛。初秋尚热多温燥，深秋近寒多凉燥。,燥邪干涩伤津、易伤肺脏，分温燥、凉燥。临床见口鼻干燥、咽干口渴、干咳少痰、皮肤干涩者，多属燥邪为患。本条为病因基础理论，不涉及具体诊疗。,0,AI预标注，待人工复核
q039,咳嗽痰黄黏稠，咽喉肿痛，如何选药？,case,sanjiao_003,《中医诊断学》规划教材（要点归纳）,辨证,三焦辨证分证·上中下焦温病证候区分,三焦辨证是吴鞠通创立的温病辨证体系，将温病传变分为上焦、中焦、下焦三个阶段。上焦病证为温邪犯肺、心包，症见发热咳嗽或神昏；中焦病证为热盛胃腑肠腑，症见腹满便秘；下焦病证为热灼肝肾真阴，症见手足蠕动、舌干绛。,三焦辨证以三焦部位划分温病传变：上焦治肺与心包，中焦治胃与肠，下焦治肝肾真阴。与卫气营血辨证互参。神昏动风者须及时就医。此为教材要点归纳，供参考；具体诊疗请遵医嘱，不引导自我诊断。,0,AI预标注，待人工复核
q039,咳嗽痰黄黏稠，咽喉肿痛，如何选药？,case,mazhen_001,《中医儿科学》规划教材（要点归纳）,儿科,麻疹·小儿出疹性传染病疹出如麻粒,麻疹是由麻疹时邪引起的肺系出疹性传染病，以发热、咳嗽、目赤畏光、麻疹黏膜斑、全身布发红色斑丘疹为特征。病程分初热期、见形期、恢复期。辨证常见邪犯肺卫、邪入肺胃、阴津耗伤等型。治法以辛凉透表、清热解毒、养阴清热为主。,麻疹为法定传染病，须隔离、规范诊治，预防靠疫苗。中医初热期辛凉透表（宣毒发表汤），见形期清热解毒透疹（清解透表汤），恢复期养阴（沙参麦冬汤）。若高热喘憋、疹出即没、神昏须立即送医。本条目为教材要点归纳，供参考；具体诊疗请遵医嘱。,0,AI预标注，待人工复核
q039,咳嗽痰黄黏稠，咽喉肿痛，如何选药？,case,kexuefang_001,《方剂学》规划教材（要点归纳）,理血剂,咳血方·清肝宁肺凉血止血,"传统方歌：""咳血方中诃子收，瓜蒌海粉山栀投，青黛蜜丸口噙化，咳嗽痰血服之瘳。""（《丹溪心法》方，据教材要点归纳：青黛、瓜蒌仁、海浮石、山栀子、诃子各约常用量，为丸含化或水煎服。）",咳血方为清肝宁肺、凉血止血之代表方，主治肝火犯肺之咳血证，症见咳嗽痰稠、咳痰带血、心烦易怒、胸胁刺痛。本方为清肝之剂，虚寒性咳血、肺肾阴虚劳嗽者不宜。本方为要点归纳，供参考；具体用药请遵医嘱。,0,AI预标注，待人工复核
q039,咳嗽痰黄黏稠，咽喉肿痛，如何选药？,case,miaoxiyong_001,先醒斋医学广笔记,吐血,缪希雍吐血三法治血证案,一患吐血盈盆，或谓当止血。仲醇（缪希雍）曰：止血非其治也。吐血有三法：宜行血不宜止血，血不行经络者，气逆上壅也，行血则循经自止；宜补肝不宜伐肝，肝火犯肺则血逆，补肝则藏血而火自平；宜降气不宜降火，气有余便是火，降气则火自降。以生地、丹皮、栀子凉而行之，白芍、降香、牛膝降气补肝，数服血止不复发。（《先醒斋医学广笔记》）,患者吐血盈盆，众医议止，缪希雍立吐血三法：行血不宜止血（防留瘀）、补肝不宜伐肝（防伤正）、降气不宜降火（气降火自降），主凉润行血、降气补肝之品，血止而不复发。此案为血证治法名论，示人吐血不可见血即止，当辨气逆火升、肝不藏血之本，降气、补肝、行血并施。,0,AI预标注，待人工复核
q039,咳嗽痰黄黏稠，咽喉肿痛，如何选药？,case,zhisousan_001,《方剂学》规划教材（要点归纳）,解表剂,止嗽散·止咳化痰疏表宣肺,"传统方歌：""止嗽散用百部菀，白前桔草荆陈研，姜汤调下三钱匕，新久咳嗽总堪安。""（据教材要点归纳：紫菀、百部、白前、桔梗、荆芥、陈皮各约二斤，甘草约十二两，共为散，每服约三钱，食后临卧温水或姜汤下。）",止嗽散为温润平和之止咳剂，主治风邪犯肺、表邪未尽、肺气失宣之咳嗽，症见咳嗽咽痒、咯痰不爽、微恶风发热，新久咳嗽均可加减使用。阴虚劳嗽、痰热壅盛者须辨证化裁。本方为要点归纳，供参考；具体用药请遵医嘱。,0,AI预标注，待人工复核
q039,咳嗽痰黄黏稠，咽喉肿痛，如何选药？,case,snb_luoshi_001,神农本草经,上经,落石,络石，味苦，温。主风热死肌，痈伤，口干舌焦，痈肿不消，喉舌肿不通，水浆不下。久服，轻身明目，润泽，好颜色，不老延年。一名石鲮。生山川。,落石即络石藤，苦微寒，祛风通络、凉血消肿，主治风湿热痹、筋脉拘挛、腰膝酸痛及喉痹、痈肿、跌扑损伤。,1,AI预标注，待人工复核
q039,咳嗽痰黄黏稠，咽喉肿痛，如何选药？,case,banzhen_001,温热论,温热论,辨斑疹,凡斑者，有云头隐隐，或点大而在皮肤之上者为斑；或云头细小，从皮肤之间出者为疹……斑为阳明热毒，疹为太阴风热……斑疹，宜见而不宜见多。,本条辨温病斑疹。斑点大而平摊肌肉者为阳明胃热、热毒外蒸；疹琐碎小粒、高出肤表者为太阴风热、血络外达。斑疹宜外见而不宜多——见为邪有外出之路，过多过密则热毒猖獗、正气不支。治斑宜清胃化斑（如化斑汤），治疹宜宣肺透疹（如银翘散、宣白），并察其松紧、荣枯以验邪正进退。,2,AI预标注，待人工复核
q039,咳嗽痰黄黏稠，咽喉肿痛，如何选药？,case,jiechupiyan_001,《中医皮肤性病学》规划教材（要点归纳）,皮肤,接触性皮炎,"接触性皮炎是皮肤接触某些外界物质后，在接触部位发生的急性炎症反应，中医称""漆疮""""马桶疮""。病因多为禀赋不耐、接触辛热毒物。辨证分热毒夹湿、风热蕴肤等型。",接触性皮炎治疗首在寻找并去除接触物。局部红肿水疱明显者宜湿敷。皮损范围广、大疱糜烂、发热者须就医。教材要点归纳，供参考；具体诊疗请遵医嘱。,1,AI预标注，待人工复核
q039,咳嗽痰黄黏稠，咽喉肿痛，如何选药？,case,snb_manjingshi_001,神农本草经,上经,蔓荆实,蔓荆实，味苦，微寒。主筋骨间寒热，湿痹拘挛，明目坚齿，利九窍，去白虫。久服，轻身耐老。小荆实亦等。生山川。,蔓荆实（蔓荆子）辛苦微寒，疏散风热、清利头目，主治风热感冒头痛、齿龈肿痛、目赤多泪及头晕目眩。,1,AI预标注，待人工复核
q039,咳嗽痰黄黏稠，咽喉肿痛，如何选药？,case,snb_shengma_001,神农本草经,上经,升麻,升麻，味甘，平。主解百毒，杀百精老物殃鬼，辟温疫瘴邪蛊毒。久服，轻身长年。生川谷。,升麻辛微甘微寒，发表透疹、清热解毒、升举阳气，主治风热头痛、齿痛口疮、咽喉肿痛、麻疹不透及气虚下陷、久泻脱肛。,3,AI预标注，待人工复核
q039,咳嗽痰黄黏稠，咽喉肿痛，如何选药？,case,wuxingchengxiangwu_001,《中医基础理论》规划教材（要点归纳）,阴阳五行,五行相乘相侮·过度克制与反向克制,"相乘，指五行中某一行对被克一行的克制太过，超过正常制约限度，次序与相克一致（如木乘土）。相侮，指五行中某一行过于强盛，对""克我""之行进行反向克制，即反侮、反克（如木侮金）。相乘相侮皆为五行关系的失常状态。","相乘与相侮是五行相克关系的异常：相乘为克得太过，方向与正常相克相同；相侮为反向克害，方向与正常相克相反。两者成因皆为某一行""太过""或""不及""。中医学以其说明病理传变，如肝气犯脾（木乘土）、肝火犯肺（木侮金）。学习时应分清：正常相克为生理，相乘相侮为病理；并与母子相及（相生异常）对照理解五行两类异常传变。",0,AI预标注，待人工复核
q039,咳嗽痰黄黏稠，咽喉肿痛，如何选药？,case,yinqiaosan_002,《方剂学》规划教材（要点归纳）,解表剂,银翘散·辛凉透表清热解毒,"传统方歌：""银翘散主上焦疴，竹叶荆牛豉薄荷，甘桔芦根凉解法，清疏风热煮无过。""（《温病条辨》方，据教材要点归纳：连翘一两、银花一两、苦桔梗六钱、薄荷六钱、竹叶四钱、生甘草五钱、荆芥穗四钱、淡豆豉五钱、牛蒡子六钱，鲜苇根汤煎，香气大出即取服。）",银翘散为辛凉解表代表方，主治温病初起、风热表证，症见发热微恶风寒、咽痛口渴、脉浮数。本方为要点归纳，供参考；具体用药请遵医嘱。,1,AI预标注，待人工复核
q039,咳嗽痰黄黏稠，咽喉肿痛，如何选药？,case,maimendong_001,《方剂学》规划教材（要点归纳）,治燥剂,麦门冬汤·清养肺胃降逆下气,"《金匮要略·肺痿肺痈咳嗽上气病脉证治》：""大逆上气，咽喉不利，止逆下气者，麦门冬汤主之。""（据教材要点归纳：麦门冬约七升、半夏约一升、人参、甘草、粳米、大枣，水煎温服。）",麦门冬汤为清养肺胃、降逆下气之代表方，主治肺胃阴虚、气逆津伤之咳唾涎沫、气喘短气、咽喉不利、口干欲饮。方中半夏虽温，但与大量麦冬相伍则温而不燥，肺胃虚寒、咳逆清稀者不宜。本方为要点归纳，供参考；具体用药请遵医嘱。,0,AI预标注，待人工复核
q039,咳嗽痰黄黏稠，咽喉肿痛，如何选药？,case,wangmengying_003,王氏医案,痰气门,王孟英·痰热阻气案,某，咳嗽痰多黄稠，胸闷不舒，苔黄腻，脉滑数。孟英谓此痰热内蕴、肺失清肃，治宜清化痰热、宣畅气机，药取栝楼、贝母、黄芩、杏仁、枇杷叶之属，忌辛温燥湿。,此案辨咳嗽痰多黄稠属痰热阻肺，主以清化宣畅，戒辛温燥湿。孟英论痰区分寒热，于痰热证善用清润，与治湿痰之温化法门迥异。,2,AI预标注，待人工复核
q039,咳嗽痰黄黏稠，咽喉肿痛，如何选药？,case,snb_lianqiao_001,神农本草经,下经,连翘,连翘，味苦，平。主寒热，鼠瘘瘰疬，痈肿恶疮，瘿瘤结热，蛊毒。生川谷。,"连翘苦寒，清热解毒、消肿散结，兼疏散上焦风热，有""疮家圣药""之称，主治痈肿疮毒、瘰疬痰核、风热外感、温病初起及热淋涩痛。脾胃虚寒及气虚脓清者不宜久服。",1,AI预标注，待人工复核
q039,咳嗽痰黄黏稠，咽喉肿痛，如何选药？,case,youzaijing_002,静香楼医案,痰饮门,尤在泾·痰饮咳喘温化案,某，咳嗽气喘，痰多清稀，背寒，苔白滑。在泾辨为脾阳不运、寒饮伏肺，痰从寒化，治宜温阳化饮、降气平喘，宗仲景痰饮治法，药取干姜、细辛、五味子、茯苓之类。,"此案辨咳喘痰多清稀、背寒苔白滑属脾阳不运、寒饮伏肺，主以温阳化饮、降气平喘，宗仲景""病痰饮者当以温药和之""之旨，示人寒饮咳喘当温化而非清润。",0,AI预标注，待人工复核
q039,咳嗽痰黄黏稠，咽喉肿痛，如何选药？,case,snb_shuyu_001,神农本草经,上经,薯蓣,薯蓣，味甘，温。主伤中，补虚羸，除寒热邪气，补中益气力，长肌肉。久服，耳目聪明，轻身不饥，延年。一名山芋。生山谷。,薯蓣（山药）甘平温，补脾养胃、生津益肺、补肾涩精，为药食两用之品，主治脾虚食少、肺虚喘咳、肾虚遗精带下。,0,AI预标注，待人工复核
q039,咳嗽痰黄黏稠，咽喉肿痛，如何选药？,case,weifenzheng_002,《中医诊断学》规划教材（要点归纳）,辨证,卫分证·温邪犯表发热微恶风寒,卫分证是温热病邪侵袭肌表、肺卫失宣所表现的证候，为温病初起。以发热、微恶风寒、口微渴、头痛、咳嗽、苔薄白、脉浮数为辨证要点。病位在肺与皮毛，属表热。,卫分证为温病初起表热证，以发热微恶风寒、口微渴为要点，治宜辛凉解表，代表方银翘散、桑菊饮。与伤寒太阳表寒鉴别：温病初起即口渴、脉浮数。此为教材要点归纳，供参考；具体诊疗请遵医嘱，不引导自我诊断。,1,AI预标注，待人工复核
q039,咳嗽痰黄黏稠，咽喉肿痛，如何选药？,case,shuanghuanglianhekoufuye_001,《中国药典》一部/药品说明书（要点归纳）,解表剂/中成药,双黄连口服液·疏风解表清热解毒,据现行版《中国药典》一部与药品说明书要点归纳：本品由金银花、黄芩、连翘三味组成，具疏风解表、清热解毒之功，用于外感风热所致感冒，症见发热、咳嗽、咽痛。用法用量按说明书口服。,双黄连口服液为常用辛凉解表类中成药，用于外感风热感冒之发热、咳嗽、咽痛。服药期间忌烟、酒及辛辣生冷油腻，不宜同时服用滋补性中药；风寒感冒者不适用，脾胃虚寒泄泻者慎用。本条目为中成药，请按说明书或在医师指导下使用。,1,AI预标注，待人工复核
q039,咳嗽痰黄黏稠，咽喉肿痛，如何选药？,case,yizhihuanghua_001,中国药典（2025年版）一部,解表药,一枝黄花,据《中国药典》2025 年版一部：一枝黄花为菊科植物一枝黄花 Solidago decurrens Lour. 的干燥全草（药用部位：全草）。性味辛、苦，凉；归肺、肝经。功能与主治：清热解毒，疏散风热；用于感冒发热，咽喉肿痛，痈肿疮疡，毒蛇咬伤。用法与用量：9～15g。外用适量。贮藏：置干燥处。,**简明**：一枝黄花辛苦凉，清热解毒而疏散风热，为治感冒咽痛与疮疡的常用药。。**详解**：感冒发热配金银花、连翘；咽喉肿痛配板蓝根、射干；痈肿疮疡配蒲公英；毒蛇咬伤可捣敷。,3,AI预标注，待人工复核
q039,咳嗽痰黄黏稠，咽喉肿痛，如何选药？,case,huatuo_003,名医类案,华佗医案,华佗断督邮徐毅误针案,故督邮徐毅得病，佗往省之。毅谓佗曰：昨使医曹吏刘租针胃管讫，便苦咳嗽，欲卧不安。佗曰：刺不得胃管，误中肝也，食当日减，五日不救。遂如佗言。（《三国志·魏书·方技传》）,"督邮徐毅被医官针刺""胃管""后，即咳嗽、卧不安。华佗诊之，断为针刺未中胃管、误伤于肝，预言其饮食日减、五日当死。后果如期。此案见华佗凭针后症候逆推误伤脏腑并精确判断预后，亦古针刺禁忌与针害之著名案例。",0,AI预标注，待人工复核
q039,咳嗽痰黄黏稠，咽喉肿痛，如何选药？,case,shanghan_524,伤寒论,伤寒例,小人触冒（第524条）,小人触冒，必婴暴疹。须知毒烈之气，留在何经，而发何病，详而取之。是以春伤于风，夏必飧泄；夏伤于暑，秋必病疟；秋伤于湿，冬必咳嗽；冬伤于寒，春必病温。此必然之道，可不审明之。,本条论述伤寒例之脉证。症见咳。当审其表里寒热、虚实传变而施治。,0,AI预标注，待人工复核
q039,咳嗽痰黄黏稠，咽喉肿痛，如何选药？,case,snb_shuiping_001,神农本草经,下经,水萍,水萍，味辛，寒。主暴热，身痒，下水气，胜酒，长须发，止消渴。生池泽。,水萍即今之浮萍，辛寒，发汗解表、透疹止痒、利水消肿，主治外感风热发热无汗、麻疹不透、风疹瘙痒及水肿尿少。其发汗之力较强，自汗、体虚及皮肤干燥者慎用，不宜久服过量。,1,AI预标注，待人工复核
q039,咳嗽痰黄黏稠，咽喉肿痛，如何选药？,case,xiaoerganmao_001,《中医儿科学》规划教材（要点归纳）,儿科,小儿感冒·外感发热鼻塞流涕,小儿感冒是由外感六淫、时行邪毒引起的肺系疾病，临床以发热、恶寒、鼻塞流涕、喷嚏、咳嗽为主要表现。小儿肺常不足、脾常不足，感冒易夹痰、夹滞、夹惊。辨证分风寒、风热、暑邪、时邪等型。,小儿感冒辨证分寒热：风寒者辛温解表，风热者辛凉解表。注意夹痰、夹滞、夹惊的兼证处理。高热不退、咳嗽加重、神昏抽搐者须就医。教材要点归纳，供参考；具体诊疗请遵医嘱。,0,AI预标注，待人工复核
q039,咳嗽痰黄黏稠，咽喉肿痛，如何选药？,case,chengzhongling_001,医学心悟,咳嗽门,程钟龄·止嗽散治咳案,某，外感后咳嗽迁延，咽痒痰咯不爽，微恶风。程氏谓肺为娇脏，畏热畏寒，用药宜温润平和，创制止嗽散，以紫菀、百部、白前、桔梗、陈皮、荆芥、甘草温润宣肺，味苦平不寒不热。,此案为程钟龄创制止嗽散之依据。辨外感后久咳属肺失宣降、寒温夹杂，主以温润平和、宣肺止咳，使肺气得宣、咳自止。止嗽散药性平和，流传甚广，为治咳名方。,0,AI预标注，待人工复核
q039,咳嗽痰黄黏稠，咽喉肿痛，如何选药？,case,luobotang_001,中医养生（古籍要义归纳）,食疗养生,萝卜汤·下气消食家常汤,"《新修本草》载莱菔（萝卜）味辛甘温、无毒，大下气、消谷、去痰癖；《本草纲目》谓""莱菔根，煮食，治咳嗽稠痰，散瘀血""。民间以白萝卜煮汤佐餐，为家常清润汤品（据古籍食治要点归纳）。",萝卜汤是中医传统家常食疗汤，以白萝卜切块，加水清煮至汤色乳白，酌加少量盐、葱花调味。要领：萝卜不去皮切块，先冷水下锅煮开后转小火，可配少量虾米、排骨同煮增鲜，佐餐温服。作为古代食养文化与家常汤品，其意在下气消食、化痰和胃、清淡解腻。本条目为养生保健参考，不替代诊疗；体质有异，食用前自行斟酌。,0,AI预标注，待人工复核
q039,咳嗽痰黄黏稠，咽喉肿痛，如何选药？,case,sangjuyin_002,《方剂学》规划教材（要点归纳）,解表剂,桑菊饮·疏风清热宣肺止咳,"传统方歌：""桑菊饮中桔杏翘，芦根甘草薄荷饶，清疏肺卫轻宣剂，风温咳嗽服之消。""（据教材要点归纳：桑叶约二钱五分、菊花一钱、杏仁二钱、连翘一钱五分、薄荷八分、桔梗二钱、苇根二钱、甘草八分，水煎温服。）",桑菊饮为辛凉解表之轻剂，主治风温初起、邪客肺络证，症见咳嗽、身热不甚、口微渴、脉浮数，与银翘散相较，本方偏重于宣肺止咳而解表之力较弱。肺热炽盛、津伤口渴重者须加味化裁。本方为要点归纳，供参考；具体用药请遵医嘱。,2,AI预标注，待人工复核
q039,咳嗽痰黄黏稠，咽喉肿痛，如何选药？,case,yinsheng_001,中医诊断学,四诊,音声与语言（语声·呼吸·咳嗽·呕吐）,闻诊包括听声音与嗅气味。教材归纳：语声高低辨虚实，呼吸粗细辨正邪，咳嗽呕哕之声辨病位病性。《素问·脉要精微论》「声如从室中言，是中气之湿也」为闻声辨证之典范。,语声宏亮、多言躁动属实证热证；语声低微、懒言重复属虚证寒证。呼吸气粗有力为肺实热或阳明腑实；呼吸气微、气短不足以息为肺肾气虚。语言异常：神识不清、语无伦次、声高有力为谵语，属热扰心神之实证；神识不清、语言重复、时断时续、声低无力为郑声，属心气大伤之虚证。咳嗽：咳声重浊兼鼻塞流涕多外感风寒；咳声清脆多燥咳；咳声不畅、痰多…,0,AI预标注，待人工复核
q039,咳嗽痰黄黏稠，咽喉肿痛，如何选药？,case,shanghan_106,伤寒论,辨太阳病脉证并治中,肝乘肺刺期门（第106条）,伤寒发热，啬啬恶寒，大渴欲饮水，其腹必满，自汗出，小便利，其病欲解，此肝乘肺也，名曰横，刺期门。,本条论肝乘肺证。伤寒发热、啬啬恶寒、大渴欲饮水、其腹必满，自汗出、小便利，其病欲解，此肝乘肺也，名曰横，刺期门。,0,AI预标注，待人工复核
q039,咳嗽痰黄黏稠，咽喉肿痛，如何选药？,case,jiuzhazi_001,《中医皮肤性病学》规划教材（要点归纳）,皮肤,酒齄鼻,酒齄鼻是发生于鼻及面部中央的慢性皮肤病，以鼻尖鼻翼红斑、毛细血管扩张、丘疹脓疱甚至鼻赘肥大为特征。多由肺胃热盛、热毒蕴肤或气滞血瘀引起。辨证分肺胃热盛、热毒蕴肤、气滞血瘀等型。,酒齄鼻治疗宜清泻肺胃、凉血活血，忌饮酒、辛辣、高温刺激。鼻赘形成期须专科处理。教材要点归纳，供参考；具体诊疗请遵医嘱。,0,AI预标注，待人工复核
q039,咳嗽痰黄黏稠，咽喉肿痛，如何选药？,case,xiaoerkesou_001,《中医儿科学》规划教材（要点归纳）,儿科,小儿咳嗽·以咳嗽为主症的肺系疾患,小儿咳嗽是因感受外邪或脏腑功能失调引起肺失宣肃、肺气上逆所致，以咳嗽为主症。小儿脾常不足，易生痰，故咳嗽多兼痰。辨证分外感（风寒、风热）与内伤（痰热、痰湿、阴虚、气虚）两大类。,小儿咳嗽辨证分外感与内伤：外感咳嗽宜疏风宣肺，内伤咳嗽宜调理脏腑化痰。咳嗽伴高热、气促鼻煽、喘憋者须排除肺炎，及时就医。教材要点归纳，供参考；具体诊疗请遵医嘱。,0,AI预标注，待人工复核
q039,咳嗽痰黄黏稠，咽喉肿痛，如何选药？,case,xianzhuli_001,《中国药典》一部/药品说明书（要点归纳）,止咳/外妇儿/中成药,鲜竹沥·清热化痰,据现行版《中国药典》一部与药品说明书要点归纳：本品为鲜竹沥汁液（单味药），具清热化痰之功，用于肺热咳嗽痰多，气喘胸闷，中风舌强，痰涎壅盛，小儿痰热惊风。用法用量按说明书口服。,鲜竹沥为单味竹汁的清热化痰类中成药，用于肺热痰多、中风痰迷。本品性寒滑，脾虚便溏、寒痰湿痰者不宜；孕妇慎用。本条目为中成药，请按说明书或在医师指导下使用。,3,AI预标注，待人工复核
q039,咳嗽痰黄黏稠，咽喉肿痛，如何选药？,case,ejiaobuxuekoufuye_001,《中国药典》一部/药品说明书（要点归纳）,补益剂/中成药,阿胶补血口服液·补益气血滋阴润肺,据现行版《中国药典》一部与药品说明书要点归纳：本品由阿胶、熟地黄、党参、黄芪、枸杞子、白术等组成，具补益气血、滋阴润肺之功，用于气血两虚所致久病体弱、血亏目昏、虚劳咳嗽。用法用量按说明书口服。,阿胶补血口服液为补益气血、滋阴润肺类中成药，用于气血两虚之久病体弱、血亏目昏。本品滋腻，脾虚便溏、纳呆痰多、感冒发热者不宜。虚劳体弱伴明显消瘦、咯血或其他重症表现者应就医，本类成药不能替代正规治疗。本条目为中成药，请按说明书或在医师指导下使用。,0,AI预标注，待人工复核
q039,咳嗽痰黄黏稠，咽喉肿痛，如何选药？,case,shenlingbaizhuwan_002,《中国药典》一部/药品说明书（要点归纳）,消导/理气/中成药,参苓白术丸·补脾胃益肺气,据现行版《中国药典》一部与药品说明书要点归纳：本品由人参、茯苓、白术、山药、白扁豆、莲子、薏苡仁、砂仁、桔梗、甘草等组成，具补脾胃、益肺气之功，用于脾胃虚弱、食少便溏、气短咳嗽、肢倦乏力。用法用量按说明书口服。,参苓白术丸为古方参苓白术散改制的健脾渗湿类中成药，用于脾胃虚弱、食少便溏、肢倦乏力。服药期间忌生冷油腻；泄泻兼有大便不通、肛门下坠者不宜。本条目为中成药，请按说明书或在医师指导下使用。,0,AI预标注，待人工复核
q039,咳嗽痰黄黏稠，咽喉肿痛，如何选药？,case,sangjuganmaopian_001,《中国药典》一部/药品说明书（要点归纳）,解表剂/中成药,桑菊感冒片·疏风清热宣肺止咳,据现行版《中国药典》一部与药品说明书要点归纳：本品由桑叶、菊花、薄荷、连翘、苦杏仁、桔梗、芦根、甘草等组成，具疏风清热、宣肺止咳之功，用于风热感冒初起，症见咳嗽、发热头痛、口干咽痛。用法用量按说明书口服。,桑菊感冒片为古方桑菊饮改制的常用辛凉解表类中成药，偏于宣肺止咳，用于风热感冒初起之咳嗽为主、身热不甚。服药期间忌烟、酒及辛辣生冷油腻；风寒感冒咳嗽、痰多清稀者不适用。本条目为中成药，请按说明书或在医师指导下使用。,1,AI预标注，待人工复核
q039,咳嗽痰黄黏稠，咽喉肿痛，如何选药？,case,shanghan_175,伤寒论,辨太阳病脉证并治下,太阳少阳并病（第175条）,太阳少阳并病，心下硬，颈项强而眩者，当刺大椎、肺俞、肝俞，慎勿下之。,本条论述太阳病之脉证。症见项强、心下硬。当审其表里寒热、虚实传变而施治。,0,AI预标注，待人工复核
q039,咳嗽痰黄黏稠，咽喉肿痛，如何选药？,case,snb_zhimu_001,神农本草经,中经,知母,知母，味，寒。主消渴热中，除邪气，肢体浮肿，下水，补不足，益气。,知母苦甘寒，清热泻火、滋阴润燥，上清肺金、下润肾燥，主治热病烦渴、肺热燥咳、骨蒸潮热及内热消渴。本经主消渴热中、补不足，即清热滋阴之义。,2,AI预标注，待人工复核
q039,咳嗽痰黄黏稠，咽喉肿痛，如何选药？,case,feiyanchuansou_001,《中医儿科学》规划教材（要点归纳）,儿科,肺炎喘嗽·发热咳嗽气促鼻煽,肺炎喘嗽是小儿时期常见的肺系病证，以发热、咳嗽、痰壅、气促、鼻煽为主要症状。病因多为外感风邪、内犯于肺，致肺气郁闭。辨证分风热闭肺、风寒闭肺、痰热闭肺、毒热闭肺及恢复期阴虚肺热、肺脾气虚等型。,肺炎喘嗽为小儿重证，治疗以宣肺开闭、化痰平喘为大法。凡高热不退、喘憋鼻煽、口唇紫绀、精神萎靡者须立即就医。教材要点归纳，供参考；具体诊疗请遵医嘱。,0,AI预标注，待人工复核
q039,咳嗽痰黄黏稠，咽喉肿痛，如何选药？,case,juhoutankele_001,《中国药典》一部/药品说明书（要点归纳）,止咳/外妇儿/中成药,橘红痰咳液·理气祛痰润肺止咳,据现行版《中国药典》一部与药品说明书要点归纳：本品由化橘红、百部、茯苓、半夏、白前、甘草、苦杏仁、五味子组成，具理气祛痰、润肺止咳之功，用于感冒、支气管炎、咽喉炎引起的痰多咳嗽、气喘。用法用量按说明书口服。,橘红痰咳液为理气祛痰、润肺止咳类中成药，用于痰湿咳嗽、痰多气喘。本品含苦杏仁，不宜过量久服；风热咳嗽、阴虚燥咳者不宜；服药期间忌辛辣油腻。本条目为中成药，请按说明书或在医师指导下使用。,3,AI预标注，待人工复核
q039,咳嗽痰黄黏稠，咽喉肿痛，如何选药？,case,snb_renshen_001,神农本草经,上经,人参,人参，味甘，微寒。主补五脏，安精神，定魂魄，止惊悸，除邪气，明目，开心益智。久服，轻身延年。一名人衔，一名鬼盖。生山谷。,人参大补元气、补脾益肺、生津安神，主治气虚欲脱、脾肺气虚、津伤口渴及心神不安。本经载其“味甘微寒”，后世临床多从微温论之，为补气第一要药。,0,AI预标注，待人工复核
q039,咳嗽痰黄黏稠，咽喉肿痛，如何选药？,case,wujutong_003,温病条辨,上焦篇,吴鞠通·温邪化燥白虎案,太阴温病，脉浮洪，舌黄，渴甚，大汗，面赤，恶热者，辛凉重剂白虎汤主之。吴氏谓温邪由肺传胃，气分大热，表里俱燔，非辛凉轻剂所能治，必以辛寒重剂大清气热。,此案辨温邪由肺传胃、阳明气分大热，主以白虎汤辛寒清气。吴氏将温病分上中下三焦、由卫气营血辨治，此案示气分大热须用辛凉重剂，与银翘散辛凉平剂层次分明。,2,AI预标注，待人工复核
q039,咳嗽痰黄黏稠，咽喉肿痛，如何选药？,case,snb_huangqin_001,神农本草经,中经,黄芩,黄芩，味苦，平。主诸热黄疸，肠澼泄利，逐水，下血闭，恶疮疽蚀，火疡。,黄芩苦寒，清热燥湿、泻火解毒，善清肺胆大肠实火，主治湿热黄疸、泻痢、肺热咳嗽及血热出血、胎动不安。本经主诸热黄疸、肠澼火疡，皆清热燥湿之功。,2,AI预标注，待人工复核
q039,咳嗽痰黄黏稠，咽喉肿痛，如何选药？,case,snb_putao_001,神农本草经,上经,葡萄,葡萄，味甘，平。主筋骨湿痹，益气倍力，强志，令人肥健耐饥，忍风寒。久服，轻身不老延年。生山谷。,葡萄甘平，补气血、强筋骨、利小便，主治气血虚弱、肺虚咳嗽、心悸盗汗、风湿痹痛及水肿，为药食两用之品。,0,AI预标注，待人工复核
q039,咳嗽痰黄黏稠，咽喉肿痛，如何选药？,case,yetianshi_007,临证指南医案,吐血门,叶天士·络伤血溢案,某，春半阳气升举，络血上溢，吐血盈碗，面赤，脉左数。先生谓酒热、郁勃伤络，血随阳升而上逆，治宜清络宁血、和降胃气，忌辛温升散、苦寒直折，血止后当养肺胃之阴。,"此案辨吐血为阳升络伤、血不循经，主以清络宁血、和降止血，戒辛温升散与苦寒直折，血止继养肺胃之阴。叶氏""络伤血溢""之说，丰富了血证从络论治的思路。",0,AI预标注，待人工复核
q039,咳嗽痰黄黏稠，咽喉肿痛，如何选药？,case,nanjing_016,难经,第十六难,第十六难,曰：脉有三部九候，有阴阳，有轻重，有六十首，一脉变为四时，离圣久远，各自是其法，何以别之？  然：是其病，有内外证。  其病为之奈何？  然：假令得肝脉，其外证：善洁，面青，善怒；其内证：脐左有动气，按之牢若痛；其病：四肢满，闭淋（癃），溲便难，转筋。有是者肝也，无是者非也。  假令得心脉，其外证：面赤，口干，喜笑；其…,本难以肝心脾肺肾分内外证。得肝脉则面青善怒、脐左动气；心脉面赤口干、脐上动气；脾脉面黄善噫、当脐动气；肺脉面白善嚏、脐右动气；肾脉面黑善恐、脐下动气。,0,AI预标注，待人工复核
q039,咳嗽痰黄黏稠，咽喉肿痛，如何选药？,case,snb_shigao_001,神农本草经,中经,石膏,石膏，味辛，微寒。主中风寒热，心下逆气，惊喘，口干舌焦不能息，腹中坚痛，除邪鬼，产乳金创。,石膏辛甘大寒，清热泻火、除烦止渴，为清肺胃实热之要药，主治温热病壮热烦渴、肺热喘咳及胃火牙痛头痛。本经主中风寒热、口干舌焦、腹中坚痛，皆取其清解肺胃大热之功。,1,AI预标注，待人工复核
q039,咳嗽痰黄黏稠，咽喉肿痛，如何选药？,case,youzaijing_001,静香楼医案,虚劳门,尤在泾·虚劳养阴案,某，形瘦潮热，干咳少痰，舌红少苔。在泾辨为肺肾阴虚、虚火上炎，治宜滋养肺肾、清降虚火，药取生地、麦冬、沙参、川贝、百合之属，忌辛温燥烈伤阴。,此案辨形瘦潮热干咳属肺肾阴虚、虚火上炎，主以滋养肺肾、清降虚火，戒辛温燥烈。在泾治学谨严，注金匮多所发明，此案示人虚劳阴虚当以甘润养阴为主。,0,AI预标注，待人工复核
q039,咳嗽痰黄黏稠，咽喉肿痛，如何选药？,case,lanbuzheng_001,中国药典（2025年版）一部,补虚药,蓝布正,据《中国药典》2025 年版一部：蓝布正为蔷薇科植物路边青 Geum aleppicum Jacq. 或柔毛路边青 Geum japonicum Thunb. var. chinense Bolle 的干燥全草（药用部位：全草）。性味甘、微苦，凉；归肝、脾、肺经。功能与主治：益气健脾，补血养阴，润肺化痰；用于气血不足，…,**简明**：蓝布正甘微苦凉，益气健脾而补血养阴、润肺化痰，为治气血不足、虚劳咳嗽的常用药。。**详解**：气血不足、神疲乏力配黄芪、党参、当归；虚劳咳嗽配沙参、百合；脾虚带下配白术、山药。,0,AI预标注，待人工复核
q039,咳嗽痰黄黏稠，咽喉肿痛，如何选药？,case,nanjing_066,难经,第六十六难,第六十六难,曰：经言，肺之原，出于太渊；心之原，出于太陵；肝之原，出于太冲，脾之原，出于大白；肾之原，出于太溪；少阴之原，出于兑骨；胆之原，出于丘墟；胃之原，出于冲阳；三焦之原，出于阳池；膀胱之原，出于京骨；大肠之原，出于合谷；小肠之原，出于腕骨。十二经皆以俞为原者，何也？  然：五脏俞者，三焦之所行，气之所留止也。  三焦所行之…,本难列十二经原穴并释其义。肺原太渊、心原大陵、肝原太冲、脾原太白、肾原太溪等；脐下肾间动气为生命根本，三焦为原气别使，所止处即原，脏腑有病皆取之。,0,AI预标注，待人工复核
q039,咳嗽痰黄黏稠，咽喉肿痛，如何选药？,case,yingchuang_001,针灸学,足阳明胃经,膺窗,出《针灸甲乙经》。《针灸甲乙经》：膺窗，在屋翳下一寸六分。,膺窗定位在胸部，当第3肋间隙，前正中线旁开4寸。主治咳嗽、气喘、胸胁胀痛、乳痈等胸肺及乳房病证。刺法：斜刺或平刺0.5~0.8寸。,0,AI预标注，待人工复核
q039,咳嗽痰黄黏稠，咽喉肿痛，如何选药？,case,wangbi_001,《中医诊断学》规划教材（要点归纳）,四诊,望鼻·鼻之色泽形态鼻涕,望鼻是观察鼻之色泽形态及鼻涕。鼻为肺之窍，属脾经。鼻端色赤为脾肺蕴热；鼻端色青为阴寒腹痛；鼻端晦暗枯槁为胃气已衰；鼻涕清稀为外感风寒；鼻涕黄稠为外感风热；鼻翼煽动为肺热喘促。,鼻为肺窍，鼻之色泽形态鼻涕反映肺与脾胃寒热。鼻翼煽动、鼻衄不止、鼻柱溃烂须就医。此为教材要点归纳，供参考；具体诊疗请遵医嘱，不引导自我诊断。,0,AI预标注，待人工复核
q039,咳嗽痰黄黏稠，咽喉肿痛，如何选药？,case,wangyanhou_001,《中医诊断学》规划教材（要点归纳）,四诊,望咽喉·咽喉色泽形态,望咽喉是观察咽喉色泽形态。咽喉为肺胃之门户。咽喉红肿疼痛为肺胃热盛；咽喉溃烂生脓为肺胃热毒；咽喉淡红不肿为阴虚火旺；乳蛾红肿为风热或肺胃热；伪膜坚韧不易剥离为白喉危候。,咽喉为肺胃门户，望其色泽形态测肺胃寒热虚实。呼吸急促、吞咽困难、伪膜形成须立即就医。此为教材要点归纳，供参考；具体诊疗请遵医嘱，不引导自我诊断。,1,AI预标注，待人工复核
q039,咳嗽痰黄黏稠，咽喉肿痛，如何选药？,case,xiaochuan_001,《中医儿科学》规划教材（要点归纳）,儿科,哮喘·反复发作性痰鸣气喘,哮喘是小儿时期常见的肺系疾患，以发作性喉间痰鸣、气促、呼气延长、反复发作、难予根除为特征。病因多为宿痰内伏、感受外邪诱发。辨证分发作期（寒性、热性、外寒内热）与缓解期（肺、脾、肾三脏虚损）。,哮喘治疗发作期攻邪（温肺或清肺化痰平喘），缓解期扶正（健脾补肺益肾）。哮喘持续状态、呼吸困难、口唇紫绀者须立即就医。教材要点归纳，供参考；具体诊疗请遵医嘱。,2,AI预标注，待人工复核
q039,咳嗽痰黄黏稠，咽喉肿痛，如何选药？,case,shanghan_019,伤寒论,辨太阳病脉证并治上,喘家作桂枝汤加厚朴杏子（第19条）,喘家作桂枝汤，加厚朴杏子佳。,本条论喘家兼太阳中风的加减法。喘家患太阳中风作桂枝汤者，加厚朴、杏子佳。以宿喘之人肺素有痰浊，中风表虚又兼肺失宣降，加厚朴杏子降气平喘、化痰降逆。,0,AI预标注，待人工复核
q039,咳嗽痰黄黏稠，咽喉肿痛，如何选药？,case,wuyi_st_001,针灸学,足阳明胃经,屋翳,出《针灸甲乙经》。《针灸甲乙经》：屋翳，在库房下一寸六分。,屋翳定位在胸部，当第2肋间隙，前正中线旁开4寸。主治咳嗽、气喘、咳唾脓血、胸胁胀痛、乳痈等胸肺及乳房病证。刺法：斜刺或平刺0.5~0.8寸。,0,AI预标注，待人工复核
q039,咳嗽痰黄黏稠，咽喉肿痛，如何选药？,case,zigong_001,针灸学,任脉,紫宫,出《针灸甲乙经》。,紫宫属任脉，定位在胸部，前正中线上，平第2肋间。主治咳嗽、气喘、胸痛及胸闷。刺法：平刺0.3～0.5寸；可灸。,0,AI预标注，待人工复核
q039,咳嗽痰黄黏稠，咽喉肿痛，如何选药？,case,hamayou_001,中国药典（2025年版）一部,补虚药,哈蟆油,据《中国药典》2025 年版一部：哈蟆油为蛙科动物中国林蛙 Rana temporaria chensinensis David 雌蛙的输卵管，经采制干燥（药用部位：输卵管）。性味甘、咸，平；归肺、肾经。功能与主治：补肾益精，养阴润肺；用于病后体弱，神疲乏力，心悸失眠，盗汗，痨嗽咳血。用法与用量：5～15g，用水浸泡，…,**简明**：哈蟆油甘咸平，补肾益精而养阴润肺，为病后体虚、肺肾阴虚的滋补佳品。。**详解**：病后体弱、神疲乏力配人参、黄芪；阴虚盗汗、痨嗽咳血配百合、麦冬、川贝母。外感初起、痰湿内盛者慎用。,0,AI预标注，待人工复核
q039,咳嗽痰黄黏稠，咽喉肿痛，如何选药？,case,yutang_001,针灸学,任脉,玉堂,出《针灸甲乙经》。,玉堂属任脉，定位在胸部，前正中线上，平第3肋间。主治胸痛胸闷、咳嗽气短及噎膈。刺法：平刺0.3～0.5寸；可灸。,0,AI预标注，待人工复核
q039,咳嗽痰黄黏稠，咽喉肿痛，如何选药？,case,huagai_001,针灸学,任脉,华盖,出《针灸甲乙经》。,华盖属任脉，定位在胸部，前正中线上，平第1肋间。主治咳嗽、气喘、胸痛胁肋痛及咽喉痛。刺法：平刺0.3～0.5寸；可灸。,0,AI预标注，待人工复核
q039,咳嗽痰黄黏稠，咽喉肿痛，如何选药？,case,shanghan_146,伤寒论,辨太阳病脉证并治下,太阳与少阳并病（第146条）,太阳与少阳并病，头项强痛，或眩冒，时如结胸，心下痞硬者，当刺大椎第一间、肺俞、肝俞，慎不可发汗，发汗则谵语。脉弦，五六日，谵语不止，当刺期门。,本条论述太阳病之脉证。症见项强、脉弦、心下痞、谵语、结胸。当审其表里寒热、虚实传变而施治。,0,AI预标注，待人工复核
q039,咳嗽痰黄黏稠，咽喉肿痛，如何选药？,case,ziwuliuzhunajiafa_001,针灸大成,经络腧穴/刺法歌括,子午流注纳甲法歌,甲胆乙肝丙小肠，丁心戊胃己脾乡，庚属大肠辛属肺，壬属膀胱癸肾藏，三焦亦向壬中寄，包络同归入癸方。 阳日阳时阳穴开，阴日阴时阴穴开。….…,"此歌括子午流注纳甲法之天干配经及按时开穴法则。天干配经：甲胆、乙肝、丙小肠、丁心、戊胃、己脾、庚大肠、辛肺、壬膀胱、癸肾，三焦寄壬、心包寄癸。开穴原则为阳日阳时开阳经五输穴，阴日阴时开阴经五输穴，按日干按时辰依次开井、荥、输、原、经、合。为子午流注针法之主流方法，体现""因时制宜""的针灸时间治疗学思想。",0,AI预标注，待人工复核
q039,咳嗽痰黄黏稠，咽喉肿痛，如何选药？,case,erchentang_001,《方剂学》规划教材（要点归纳）,祛痰剂,二陈汤·燥湿化痰理气和中,"传统方歌：""二陈汤用半夏陈，益以茯苓甘草成，利气调中兼去湿，一切痰饮此为珍。""（《局方》方，据教材要点归纳：半夏、橘红各约五两，茯苓三两，炙甘草一两，加生姜七片、乌梅一个，水煎服。）",二陈汤为燥湿化痰基础方，主治湿痰咳嗽，症见痰多色白、胸膈痞闷、苔白腻。本方为要点归纳，供参考；具体用药请遵医嘱。,0,AI预标注，待人工复核
q039,咳嗽痰黄黏稠，咽喉肿痛，如何选药？,case,xingsusan_001,《方剂学》规划教材（要点归纳）,治燥剂,杏苏散·轻宣凉燥,"传统方歌：""杏苏散内夏陈前，枳桔苓草姜枣研，轻宣温润治凉燥，咳止痰化病自痊。""（《温病条辨》方，据教材要点归纳：苏叶、杏仁、半夏、茯苓、前胡、桔梗、枳壳、橘皮、甘草、生姜、大枣各约常用量，水煎服。）",杏苏散为轻宣凉燥代表方，主治外感凉燥，症见恶寒无汗、咳嗽痰稀、鼻塞咽干。本方为要点归纳，供参考；具体用药请遵医嘱。,0,AI预标注，待人工复核
q039,咳嗽痰黄黏稠，咽喉肿痛，如何选药？,case,shengmaisun_jieyao_001,方解（方论集要）,补益剂·方解,生脉散·益气生津敛阴止汗,本方出张元素《医学启源》：组成人参、麦冬、五味子。方中人参君，大补元气、益肺生津；麦冬臣，养阴润肺、清热生津；五味子佐，敛肺止汗、生津止渴，与人参、麦冬相配，一补一清一敛。,生脉散为益气生津、敛阴止汗代表，药仅三味，治气阴两虚之体倦气短、自汗口干。人参补气，麦冬养阴，五味子敛肺止汗，一补一清一敛，使气复津生、汗止阴存，脉气得复。本方为平补之剂，外感未解、咳嗽痰多者不宜。方解供学习参考；具体用药请遵医嘱。,0,AI预标注，待人工复核
q039,咳嗽痰黄黏稠，咽喉肿痛，如何选药？,case,xiebaisan_001,《方剂学》规划教材（要点归纳）,清热剂,泻白散·清泻肺热止咳平喘,"传统方歌：""泻白桑皮地骨皮，甘草粳米四般宜，参茯知芩皆可入，肺热喘嗽此方施。""（钱乙《小儿药证直诀》方，据教材要点归纳：桑白皮、地骨皮、炙甘草、粳米，各约常用量，水煎服。）",泻白散为清泻肺热、止咳平喘代表方，主治肺热喘咳证，症见气喘咳嗽、皮肤蒸热、日晡尤甚、舌红苔黄、脉细数。功能清泻肺热、止咳平喘，药性清轻平和，为儿科肺热咳嗽常用方。使用注意：外感风寒喘咳、肺虚喘嗽非宜；新感表邪未解者不宜早用。本方为要点归纳，供参考；具体用药请遵医嘱。,0,AI预标注，待人工复核
q039,咳嗽痰黄黏稠，咽喉肿痛，如何选药？,case,snb_mahuang_001,神农本草经,中经,麻黄,麻黄，味苦，温。主中风伤寒头痛，温疟，发表出汗，去邪热气，止咳逆上气，除寒热，破症坚积聚。,麻黄辛温发散，为发汗解表、宣肺平喘之要药，主治外感风寒表实无汗、咳嗽气喘及风水水肿。本经兼主症坚积聚，取其温通破滞之功。,0,AI预标注，待人工复核
q039,咳嗽痰黄黏稠，咽喉肿痛，如何选药？,case,shengmaisun_001,《方剂学》规划教材（要点归纳）,补益剂,生脉散·益气生津敛阴止汗,"传统方歌：""生脉麦味与人参，保肺清心治暑淫，气少汗多兼口渴，病危脉绝急煎斟。""（《医学启源》方，据教材要点归纳：人参约五分、麦冬约五分、五味子七粒，水煎服。）",生脉散为益气生津、敛阴止汗之代表方，主治气阴两虚证，症见体倦气短、咽干口渴、汗多、舌干红、脉虚细；亦常用于暑热耗气伤阴及久咳伤肺、气阴两虚。外感表证未解、汗出属表虚者须辨证化裁。本方为要点归纳，供参考；具体用药请遵医嘱。,0,AI预标注，待人工复核
q039,咳嗽痰黄黏稠，咽喉肿痛，如何选药？,case,kufang_001,针灸学,足阳明胃经,库房,出《针灸甲乙经》。《针灸甲乙经》：库房，在气户下一寸六分陷者中。,库房定位在胸部，当第1肋间隙，前正中线旁开4寸。主治咳嗽、气喘、咳唾脓血、胸胁胀痛等胸肺病证。刺法：斜刺或平刺0.5~0.8寸。,0,AI预标注，待人工复核
q039,咳嗽痰黄黏稠，咽喉肿痛，如何选药？,case,qihu_001,针灸学,足阳明胃经,气户,出《针灸甲乙经》。《针灸甲乙经》：气户，在巨骨下，输府两傍各二寸陷者中。,气户定位在胸部，当锁骨中点下缘，前正中线旁开4寸。主治咳嗽、气喘、呃逆、胸胁胀满、胸痛等胸肺病证。刺法：斜刺或平刺0.5~0.8寸。,0,AI预标注，待人工复核
q039,咳嗽痰黄黏稠，咽喉肿痛，如何选药？,case,snb_xuanfuhua_001,神农本草经,中经,旋覆花,旋覆华，味咸，温。主结气胁下满，惊悸，除水，去五脏间寒热，补中下气。,旋覆花苦辛咸微温，降气化痰、降逆止呕，主治风寒咳嗽、痰饮蓄结、胸膈痞满及噫气呕吐。本经主结气胁下满、除水、下气，取其下气消痰、散结除水之功。,0,AI预标注，待人工复核
q039,咳嗽痰黄黏稠，咽喉肿痛，如何选药？,case,shendao_001,针灸学,督脉,神道,出《针灸甲乙经》。,神道为督脉穴。在脊柱区，第5胸椎棘突下凹陷中，后正中线上。主治心悸、健忘、不寐、咳嗽气喘、肩背痛、癫狂痫。刺法：斜刺0.5～1寸；可灸。,0,AI预标注，待人工复核
q039,咳嗽痰黄黏稠，咽喉肿痛，如何选药？,case,qiongyugao_001,《方剂学》规划教材（要点归纳）,治燥剂,琼玉膏·补虚健脾滋阴润肺,"传统方歌：""琼玉膏用生地黄，人参茯苓白蜜尝，肺肾阴亏干咳血，滋阴润肺效力强。""（《洪氏集验方》方，据教材要点归纳：生地黄汁、白蜜熬膏，人参、茯苓研末入膏，每服一二匙温酒或米汤化下。）",琼玉膏为补虚健脾、滋阴润肺之膏滋代表方，主治肺肾阴亏之虚劳干咳、咽燥咯血、肌肉消瘦、气短乏力。本方滋腻，脾虚便溏、痰湿内盛者须酌减。本方为膏滋缓调之剂，急性咯血当急就西医处理。本方为要点归纳，供参考；具体用药请遵医嘱。,0,AI预标注，待人工复核
q039,咳嗽痰黄黏稠，咽喉肿痛，如何选药？,case,pingbeimu_001,中国药典（2025年版）一部,化痰止咳平喘药,平贝母,据《中国药典》2025 年版一部：平贝母为百合科植物平贝母 Fritillaria ussuriensis Maxim. 的干燥鳞茎（药用部位：鳞茎）。性味苦、甘，微寒；归肺、心经。功能与主治：清热润肺，化痰止咳；用于肺热燥咳，干咳少痰，阴虚劳嗽，咯痰带血。用法与用量：3～9g；研粉冲服，一次 1～2g。注意：不宜与川…,**简明**：平贝母苦甘微寒，清热润肺、化痰止咳，功类川贝母而力稍缓，主治肺热燥咳、阴虚劳嗽。**详解**：阴虚燥咳配沙参、麦冬；肺热咳嗽配桑白皮、黄芩。**反乌头、附子**。,2,AI预标注，待人工复核
q039,咳嗽痰黄黏稠，咽喉肿痛，如何选药？,case,snb_ziwan_001,神农本草经,中经,紫菀,紫菀，味苦，温。主咳逆上气，胸中寒热结气，去蛊毒痿蹶，安五脏。,紫菀辛苦温润，润肺下气、化痰止咳，主治咳嗽痰多、新久咳嗽、劳嗽咯血及小便不利。本经主咳逆上气、胸中寒热结气，取其温润肺金、开结化痰之功。,0,AI预标注，待人工复核
q039,咳嗽痰黄黏稠，咽喉肿痛，如何选药？,case,tianfu_001,针灸学,手太阴肺经,天府,《灵枢·本输》：腋内动脉，手太阴也，名曰天府。,天府为手太阴肺经穴，定位在臂前外侧，腋前纹头下3寸，肱二头肌桡侧缘。主治咳嗽、气喘、鼻衄及上臂内侧痛。刺法：直刺0.5～1寸；可灸。,0,AI预标注，待人工复核
q039,咳嗽痰黄黏稠，咽喉肿痛，如何选药？,case,tianxi_001,针灸学,足太阴脾经,天溪,出《针灸甲乙经》。,天溪属足太阴脾经，定位在胸外侧部，当第4肋间隙，距前正中线6寸。主治胸胁疼痛、咳嗽、乳痈。刺法：斜刺或向外平刺0.5～0.8寸；可灸。,0,AI预标注，待人工复核
q039,咳嗽痰黄黏稠，咽喉肿痛，如何选药？,case,zhourong_001,针灸学,足太阴脾经,周荣,出《针灸甲乙经》。,周荣属足太阴脾经，定位在胸外侧部，当第2肋间隙，距前正中线6寸。主治咳嗽、气逆、胸胁胀满。刺法：斜刺或向外平刺0.5～0.8寸；可灸。,0,AI预标注，待人工复核
q039,咳嗽痰黄黏稠，咽喉肿痛，如何选药？,case,lingtai_001,针灸学,督脉,灵台,出《针灸甲乙经》。,灵台为督脉穴。在脊柱区，第6胸椎棘突下凹陷中，后正中线上。主治咳嗽、气喘、项强背痛、疔疮、癫狂，为治疔疮要穴。刺法：斜刺0.5～1寸；可灸。,0,AI预标注，待人工复核
q039,咳嗽痰黄黏稠，咽喉肿痛，如何选药？,case,baomazipi_001,中国药典（2025年版）一部,化痰止咳平喘药,暴马子皮,据《中国药典》2025 年版一部：暴马子皮为木犀科植物暴马丁香 Syringa reticulata (Bl.) Hara var. mandshurica (Maxim.) Hara 的干燥干皮或枝皮（药用部位：干皮或枝皮）。性味苦，温；归肺经。功能与主治：清肺祛痰，止咳平喘；用于慢性支气管炎，咳嗽痰多，气喘。用法与…,**简明**：暴马子皮苦温，清肺祛痰而止咳平喘，为东北地区治慢性支气管炎常用药。。**详解**：慢性支气管炎咳嗽痰多配黄芩、桔梗；气喘配麻黄、杏仁。用量较大（30～60g）。,2,AI预标注，待人工复核
q039,咳嗽痰黄黏稠，咽喉肿痛，如何选药？,case,juliuo_001,《中药学》（清华社）· 药典外品种,理气药,橘络,据清华社《中药学》：橘络为芸香科植物橘 Citrus reticulata Blanco 及其栽培变种果皮内层的干燥维管束（药用部位：维管束）。性味甘、苦，平；归肝、肺经。功能与主治：行气通络，化痰止咳；用于痰滞经络，咳嗽胸痛，痰中带血。用法与用量：3～5g。贮藏：置通风干燥处，防蛀。,**简明**：橘络甘苦平，行气通络而化痰止咳，善通络中痰滞，为治咳嗽胸痛的常用药。。**详解**：痰滞经络、咳嗽胸痛配瓜蒌、郁金、丝瓜络；痰中带血配白茅根、侧柏叶。,0,AI预标注，待人工复核
q039,咳嗽痰黄黏稠，咽喉肿痛，如何选药？,case,tianquan_001,针灸学,手厥阴心包经,天泉,出《针灸甲乙经》：天泉，一名天温，在曲泽下二寸，腋下去地五寸，动应手。,天泉为手厥阴心包经穴，定位在臂前区，腋前纹头下2寸，肱二头肌的头、腹之间。主治心痛、咳嗽、胸胁胀痛及臂痛。刺法：直刺0.5～0.8寸；可灸。,0,AI预标注，待人工复核
q039,咳嗽痰黄黏稠，咽喉肿痛，如何选药？,case,chuanzheng_002,中医临床诊疗指南/专家共识（要点归纳）,现代中医,喘证·辨证论治要点,据现行中医内科常见病诊疗指南：喘证以肺失宣降、肾不纳气为基本病机，辨证首分虚实；实喘在肺，治以祛邪利气、降逆平喘；虚喘在肺肾，治以补肺益气、补肾纳气。（要点归纳，非原文照录。）,喘证以呼吸困难、甚至张口抬肩、鼻翼煽动、不能平卧为主症，指南要点：辨证首分虚实——实喘多由风寒、痰浊、痰热壅肺，呼吸深长有余、呼出为快，治以祛邪平喘；虚喘多由肺气虚、肾不纳气，呼吸短促难续、深吸为快，治以补肺益肾纳气。临证须辨虚实夹杂与喘脱危候，配合半卧位休息、保持气道通畅、防寒等调护。本条目为要点归纳，供参考；具体诊…,0,AI预标注，待人工复核
q039,咳嗽痰黄黏稠，咽喉肿痛，如何选药？,case,jiuxiansan_001,《方剂学》规划教材（要点归纳）,固涩剂,九仙散·敛肺止咳益气养阴,"传统方歌：""九仙散中罂粟君，五味乌梅共为臣，参胶款桑贝桔梗，敛肺止咳益气阴。""（传世九仙散方，据教材要点归纳：罂粟壳、乌梅、五味子、款冬花、桑白皮、贝母、桔梗、阿胶、人参，各约常用量，为散或煎服。）",九仙散为敛肺止咳、益气养阴代表方，主治久咳肺虚证，症见久咳不已、咳喘自汗、痰少而黏、甚则气喘、舌淡、脉虚数。功能敛肺止咳、益气养阴，适用于久咳不已、肺气虚耗之证。使用注意：方含罂粟壳，为麻醉性收敛药，不可久服过量；新咳、外邪未尽、痰多壅盛者非宜，以免闭门留寇。本方为要点归纳，供参考；具体用药请遵医嘱。,0,AI预标注，待人工复核
q039,咳嗽痰黄黏稠，咽喉肿痛，如何选药？,case,qifenzheng_002,《中医诊断学》规划教材（要点归纳）,辨证,气分证·热盛气分壮热不恶寒,气分证是温热病邪内入脏腑、正盛邪实、阳热亢盛的里热炽盛证候。以壮热、不恶寒反恶热、汗多、渴喜冷饮、舌红苔黄、脉洪大为辨证要点。病位多在肺、胃、胸膈、肠腑，属里实热。,气分证为温病里热炽盛，以壮热不恶寒、汗大出、口大渴、脉洪大为要点，治宜清热生津，代表方白虎汤。与卫分证鉴别：已无表证、纯里热。此为教材要点归纳，供参考；具体诊疗请遵医嘱，不引导自我诊断。,0,AI预标注，待人工复核
q039,咳嗽痰黄黏稠，咽喉肿痛，如何选药？,case,fenchi_001,《中医皮肤性病学》规划教材（要点归纳）,皮肤,粉刺·痤疮,粉刺是毛囊皮脂腺的慢性炎症性皮肤病，相当于西医痤疮。多由肺经风热、肠胃湿热或痰湿瘀滞引起，与青春发育期皮脂分泌旺盛有关。辨证分肺经风热、肠胃湿热、痰湿瘀滞等型。,粉刺治疗宜内外合治，注意皮肤清洁、饮食清淡、调畅情志。囊肿结节型、瘢痕明显者须就医，勿自行挤压。教材要点归纳，供参考；具体诊疗请遵医嘱。,1,AI预标注，待人工复核
q039,咳嗽痰黄黏稠，咽喉肿痛，如何选药？,case,qingzaojiufei_001,《方剂学》规划教材（要点归纳）,治燥剂,清燥救肺汤·清燥润肺养阴益气,"传统方歌：""清燥救肺参草膏，石胶麻杏枇杷膏，桑叶杏仁胡麻叶，温燥伤肺此方高。""（《医门法律》方，据教材要点归纳：桑叶约三钱、石膏约二钱五分、甘草、人参、胡麻仁、阿胶、麦门冬、杏仁、枇杷叶各约常用量，水煎服。）",清燥救肺汤为清燥润肺、养阴益气之代表方，主治温燥伤肺之重证，症见头痛身热、干咳无痰、气逆而喘、咽喉干燥、心烦口渴、舌干无苔。本方石膏、人参同用，润肺兼益气，脾虚便溏者须酌减。本方为要点归纳，供参考；具体用药请遵医嘱。,0,AI预标注，待人工复核
q039,咳嗽痰黄黏稠，咽喉肿痛，如何选药？,case,shanghan_479,伤寒论,平脉法,问曰（第479条）,问曰：二月得毛浮脉，何以处言至秋当死。师曰：二月之时，脉当濡弱，反得毛浮者，故知至秋死。二月肝用事，肝脉属木，应濡弱，反得毛浮者，是肺脉也。肺属金，金来克木，故知至秋死。他皆仿此。,本条论述脉诊之脉证。当审其表里寒热、虚实传变而施治。,0,AI预标注，待人工复核
q039,咳嗽痰黄黏稠，咽喉肿痛，如何选药？,case,shidiaolan_001,中国药典（2025年版）一部,清热药,石吊兰,据《中国药典》2025 年版一部：石吊兰为苦苣苔科植物吊石苣苔 Lysionotus pauciflorus Maxim. 的干燥地上部分（药用部位：地上部分）。性味苦，凉；归肺、肝经。功能与主治：清热化痰，软坚散结；用于瘰疬，淋巴结核，肺热咳嗽，骨结核。用法与用量：9～15g。贮藏：置干燥处。,**简明**：石吊兰苦凉，清热化痰而软坚散结，为治瘰疬、淋巴结核的常用药。。**详解**：瘰疬痰核配夏枯草、玄参、浙贝母；肺热咳嗽配黄芩、瓜蒌；现代用于淋巴结结核、骨结核辅助治疗。,3,AI预标注，待人工复核
q039,咳嗽痰黄黏稠，咽喉肿痛，如何选药？,case,aidicha_001,中国药典（2025年版）一部,化痰止咳平喘药,矮地茶,据《中国药典》2025 年版一部：矮地茶为紫金牛科植物紫金牛 Ardisia japonica (Thunb.) Blume 的干燥全株（药用部位：全株）。性味辛、微苦，平；归肺、肝经。功能与主治：化痰止咳，清利湿热，活血化瘀；用于新久咳嗽，喘促痰鸣，湿热黄疸，水肿，经闭痛经，风湿痹痛，跌打损伤。用法与用量：15～30…,**简明**：矮地茶辛微苦平，化痰止咳、清利湿热、活血化瘀，主治**新久咳嗽**（肺痨咳血）、湿热黄疸水肿及瘀血诸痛。**详解**：咳嗽配百部、紫菀；黄疸配茵陈、金钱草；经闭痛经配当归、川芎。,0,AI预标注，待人工复核
q039,咳嗽痰黄黏稠，咽喉肿痛，如何选药？,case,jinfeicao_001,中国药典（2025年版）一部,化痰止咳平喘药,金沸草,据《中国药典》2025 年版一部：金沸草为菊科植物条叶旋覆花 Inula linariifolia Turcz. 或旋覆花 Inula japonica Thunb. 的干燥地上部分（药用部位：地上部分）。性味苦、辛、咸，温；归肺、大肠经。功能与主治：降气化痰，止咳平喘；用于痰多咳嗽，气喘，胸膈痞闷。用法与用量：5～1…,**简明**：金沸草苦辛咸温，降气化痰而止咳平喘，为旋覆花之茎叶，功专化痰降气。。**详解**：痰多咳嗽配半夏、陈皮、杏仁；胸膈痞闷配瓜蒌、枳壳。阴虚劳嗽者慎用。,0,AI预标注，待人工复核
q039,咳嗽痰黄黏稠，咽喉肿痛，如何选药？,case,houbi_001,《中医耳鼻咽喉科学》规划教材（要点归纳）,五官,喉痹·咽部红肿疼痛不适急慢性咽炎,喉痹是指以咽部红肿疼痛、或干燥、异物感、或咽痒不适、吞咽不利为主要表现的咽部疾病，含急慢性咽炎。病机多为风热外袭、肺胃热盛上攻咽喉，或肺肾阴虚、虚火上炎，或脾胃虚弱、咽喉失养。,喉痹含急慢性咽炎，以咽痛、咽干、异物感为主。急性风热用疏风清热汤，肺胃热盛用清咽利膈汤；慢性肺肾阴虚用养阴清肺汤，脾胃虚用补中益气汤，配合漱口、雾化、含服。高热、吞咽呼吸困难须及时就医。本条目为教材要点归纳，供参考；具体诊疗请遵医嘱。,2,AI预标注，待人工复核
q039,咳嗽痰黄黏稠，咽喉肿痛，如何选药？,case,tanyinbianzheng_001,《中医诊断学》规划教材（要点归纳）,辨证,痰饮辨证·痰饮停留不同部位证候各异,痰饮辨证是辨别痰饮停聚部位与性质。痰证：咳痰胸闷、眩晕、癫狂、瘰疬痰核、梅核气等；饮证：胃肠水声漉漉（痰饮）、肋间饱满（悬饮）、肢体浮肿（溢饮）、咳逆倚息不得卧（支饮）。,痰饮辨证须辨痰之性状（稀稠色量）与停留部位。咳血、胸腔积液、腹水、下肢水肿须就医。此为教材要点归纳，供参考；具体诊疗请遵医嘱，不引导自我诊断。,0,AI预标注，待人工复核
q039,咳嗽痰黄黏稠，咽喉肿痛，如何选药？,case,jingucao_001,中国药典（2025年版）一部,清热药,筋骨草,据《中国药典》2025 年版一部：筋骨草为唇形科植物筋骨草 Ajuga decumbens Thunb. 的干燥全草（药用部位：全草）。性味苦，寒；归肺、肝经。功能与主治：清热解毒，凉血消肿；用于咽喉肿痛，肺热咯血，跌打肿痛，痈肿疮毒。用法与用量：15～30g。外用适量。贮藏：置干燥处。,**简明**：筋骨草苦寒，清热解毒而凉血消肿，为治咽痛咯血、跌打肿痛常用药。。**详解**：咽喉肿痛配板蓝根、射干；肺热咯血配白茅根、侧柏叶；跌打肿痛可鲜品捣敷；痈肿疮毒配蒲公英、紫花地丁。脾胃虚寒者慎用。,3,AI预标注，待人工复核
q039,咳嗽痰黄黏稠，咽喉肿痛，如何选药？,case,jiegeng_001,中国药典（2025年版）一部,化痰止咳平喘药,桔梗,据《中国药典》2025 年版一部：桔梗为桔梗科植物桔梗 Platycodon grandiflorum (Jacq.) A. DC. 的干燥根（药用部位：根）。性味苦、辛，平；归肺经。功能与主治：宣肺，利咽，祛痰，排脓；用于咳嗽痰多，胸闷不畅，咽痛音哑，肺痈吐脓，疮疡脓成不溃。用法与用量：3～10g。注意：孕妇慎用。贮…,**简明**：桔梗辛苦平，宣肺利咽、祛痰排脓，为「**舟楫之剂**」（载药上行），主治咳嗽痰多、咽痛音哑及肺痈吐脓。**详解**：咳嗽痰多配紫菀、百部（止嗽散）；咽痛配甘草（桔梗汤）；肺痈配鱼腥草、冬瓜仁。用量不宜过大（可致恶心呕吐），阴虚久咳者慎用。,2,AI预标注，待人工复核
q039,咳嗽痰黄黏稠，咽喉肿痛，如何选药？,case,jindenglong_001,中国药典（2025年版）一部,清热药,锦灯笼,据《中国药典》2025 年版一部：锦灯笼为茄科植物酸浆 Physalis alkekengi L. var. franchetii (Mast.) Makino 的干燥宿萼或带果实的宿萼（药用部位：宿萼或带果实的宿萼）。性味苦，寒；归肺经。功能与主治：清热解毒，利咽化痰，利尿；用于咽痛音哑，肺热咳嗽，小便不利，天疱疮。…,**简明**：锦灯笼苦寒，清热解毒而利咽化痰，为治咽痛音哑、肺热咳嗽的常用药。。**详解**：咽痛音哑配射干、桔梗、胖大海；肺热咳嗽配黄芩、瓜蒌；小便不利配车前草；天疱疮可煎水外洗。脾胃虚寒者慎用。,2,AI预标注，待人工复核
q039,咳嗽痰黄黏稠，咽喉肿痛，如何选药？,case,shanxiangyuanye_001,中国药典（2025年版）一部,清热药,山香圆叶,据《中国药典》2025 年版一部：山香圆叶为省沽油科植物山香圆 Turpinia arguta Seem. 的干燥叶（药用部位：叶）。性味苦，寒；归肺、肝经。功能与主治：清热解毒，利咽消肿，活血止痛；用于乳蛾喉痹，咽喉肿痛，疮疡肿毒，跌扑伤痛。用法与用量：15～30g。外用适量。贮藏：置通风干燥处。,**简明**：山香圆叶苦寒，清热解毒而利咽消肿，为治急慢性咽炎、扁桃体炎的常用药（山香圆片主药）。。**详解**：乳蛾喉痹、咽喉肿痛配射干、板蓝根、连翘；疮疡肿毒配蒲公英；跌扑伤痛配三七。脾胃虚寒者慎用。,3,AI预标注，待人工复核
q039,咳嗽痰黄黏稠，咽喉肿痛，如何选药？,case,donglingcao_001,中国药典（2025年版）一部,清热药,冬凌草,据《中国药典》2025 年版一部：冬凌草为唇形科植物碎米桠 Rabdosia rubescens (Hemsl.) Hara 的干燥地上部分（药用部位：地上部分）。性味苦、甘，微寒；归肺、胃、肝经。功能与主治：清热解毒，活血止痛；用于咽喉肿痛，扁桃体炎，感冒头痛，风湿痹痛，癌肿。用法与用量：30～60g。外用适量。贮藏…,**简明**：冬凌草苦甘微寒，清热解毒而活血止痛，为治咽肿喉痹的常用药，现代亦用于肿瘤辅助治疗。。**详解**：咽喉肿痛、扁桃体炎配射干、板蓝根、山豆根；风湿痹痛配威灵仙、独活；现代用于食管癌、肝癌等常配白花蛇舌草、半枝莲。用量较大（30～60g），脾胃虚寒者慎用。,3,AI预标注，待人工复核
q039,咳嗽痰黄黏稠，咽喉肿痛，如何选药？,case,haifushi_001,《中药学》（清华社）· 药典外品种,化痰止咳平喘药,海浮石,据清华社《中药学》：海浮石为胞孔科动物脊突苔虫 Costazia aculeata Canu et Bassler 的骨骼（浮石）或火山喷出的岩浆形成的多孔状石块（药用部位：多孔块体）。性味咸，寒；归肺、肾经。功能与主治：清肺化痰，软坚散结；用于痰热咳嗽，咯血，瘰疬，瘿瘤。用法与用量：6～15g，先煎。贮藏：置干燥处。,**简明**：海浮石咸寒，清肺化痰而软坚散结，为治痰热咳嗽、咯血与瘰疬瘿瘤的常用药。。**详解**：痰热咳嗽配黄芩、瓜蒌；咯血配白茅根、侧柏叶；瘰疬瘿瘤配海藻、昆布、夏枯草。,2,AI预标注，待人工复核
q039,咳嗽痰黄黏稠，咽喉肿痛，如何选药？,case,jiubiying_001,中国药典（2025年版）一部,清热药,救必应,据《中国药典》2025 年版一部：救必应为冬青科植物铁冬青 Ilex rotunda Thunb. 的干燥树皮（药用部位：树皮）。性味苦，寒；归肺、胃、肝经。功能与主治：清热解毒，利湿止痛；用于感冒发热，咽喉肿痛，胃脘疼痛，暑湿泄泻，黄疸，痢疾，跌打损伤。用法与用量：9～30g。外用适量。贮藏：置干燥处。,**简明**：救必应苦寒，清热解毒而利湿止痛，为岭南治感冒咽痛、胃肠湿热的常用药。。**详解**：感冒发热、咽喉肿痛配板蓝根、连翘；胃脘疼痛、暑湿泄泻配黄连、木香、藿香；黄疸配茵陈、栀子；跌打损伤可研末调敷。脾胃虚寒者慎用。,3,AI预标注，待人工复核
q039,咳嗽痰黄黏稠，咽喉肿痛，如何选药？,case,yinhuangkoufuye_001,《中国药典》一部/药品说明书（要点归纳）,清热剂/中成药,银黄口服液·清热消炎,据现行版《中国药典》一部与药品说明书要点归纳：本品由金银花提取物、黄芩提取物等组成，具清热消炎之功，用于外感风热、肺胃热盛所致咽干、咽痛、喉核肿大、发热；上呼吸道感染、扁桃体炎、咽炎见上述证候者。用法用量按说明书口服。,银黄口服液为金银花、黄芩提取物制成的清热消炎类中成药，用于外感风热之咽痛、扁桃体炎、上呼吸道感染。本品性寒，脾胃虚寒、便溏者慎用。服药期间忌烟酒辛辣鱼腥，不宜同时服温补中药；高热不退、扁桃体化脓或喘促者应及时就医。本条目为中成药，请按说明书或在医师指导下使用。,2,AI预标注，待人工复核
q039,咳嗽痰黄黏稠，咽喉肿痛，如何选药？,case,suwen_038,黄帝内经素问,咳论篇第三十八,咳论篇第三十八,黄帝问曰：肺之令人咳，何也？岐伯对曰：五脏六腑，皆令人咳，非独肺也。帝曰：愿闻其状。岐伯曰：皮毛者，肺之合也。皮毛先受邪气，邪气以从其合也。其寒饮食入胃，从肺脉上至于肺则肺寒，肺寒则外内合邪，因而客之，则为肺咳。五脏各以其时受病，非其时各传以与之。人与天地相参，故五脏各以治时，感于寒则受病，微则为咳，甚则为泄、为痛。乘…,本篇论咳嗽之病机与分治。谓五脏六腑皆令人咳，非独肺也。皮毛先受邪以从其合，寒饮入胃从肺脉至肺则肺寒，外内合邪乃为肺咳；五脏各以其时受病。分述肺、心、肝、脾、肾五脏咳与胃、胆、大肠、小肠、膀胱、三焦六腑咳之状。指出诸咳皆聚于胃、关于肺。治脏者治其俞，治腑者治其合，浮肿者治其经。,0,AI预标注，待人工复核
q039,咳嗽痰黄黏稠，咽喉肿痛，如何选药？,case,baibu_001,中国药典（2025年版）一部,化痰止咳平喘药,百部,据《中国药典》2025 年版一部：百部为百部科植物直立百部 Stemona sessilifolia (Miq.) Miq.、蔓生百部 Stemona japonica (Bl.) Miq. 或对叶百部 Stemona tuberosa Lour. 的干燥块根（药用部位：块根）。性味甘、苦，微温；归肺经。功能与主治：润…,**简明**：百部甘苦微温，润肺下气止咳（**新久咳嗽皆宜，尤宜久咳肺痨顿咳**）、杀虫灭虱（外用）。**详解**：咳嗽配紫菀、桔梗（止嗽散）；肺痨咳嗽配麦冬、川贝母；蛲虫头虱外用煎洗或灌肠。蜜炙润肺止咳力强，生用杀虫力胜。,0,AI预标注，待人工复核
q039,咳嗽痰黄黏稠，咽喉肿痛，如何选药？,case,ziwan_001,中国药典（2025年版）一部,化痰止咳平喘药,紫菀,据《中国药典》2025 年版一部：紫菀为菊科植物紫菀 Aster tataricus L. f. 的干燥根和根茎（药用部位：根和根茎）。性味辛、苦，温；归肺经。功能与主治：润肺下气，化痰止咳；用于痰多喘咳，新久咳嗽，劳嗽咳血。用法与用量：5～10g。贮藏：置阴凉干燥处，防潮。  **【古注】】 《本草纲目》：紫菀辛温，…,**简明**：紫菀辛苦温，润肺下气、化痰止咳（**性温润，寒热咳嗽皆宜**），主治新久咳嗽、痰多喘咳及劳嗽咳血。**详解**：咳嗽配百部、桔梗（止嗽散）；阴虚劳嗽配麦冬、阿胶。蜜炙润肺止咳力增；阴虚火旺之燥咳慎用。,0,AI预标注，待人工复核
q039,咳嗽痰黄黏稠，咽喉肿痛，如何选药？,case,pipaye_001,中国药典（2025年版）一部,化痰止咳平喘药,枇杷叶,据《中国药典》2025 年版一部：枇杷叶为蔷薇科植物枇杷 Eriobotrya japonica (Thunb.) Lindl. 的干燥叶（药用部位：叶）。性味苦，微寒；归肺、胃经。功能与主治：清肺止咳，降逆止呕；用于肺热咳嗽，气逆喘急，胃热呕逆，烦热口渴。用法与用量：6～10g。贮藏：置干燥处。  **【古注】】 《…,**简明**：枇杷叶苦微寒，清肺止咳、降逆止呕（**肺胃同治**），主治肺热咳嗽、胃热呕逆烦渴。**详解**：肺热咳嗽配桑白皮、黄芩；燥热伤肺配桑叶、麦冬（清燥救肺汤）；胃热呕哕配竹茹、芦根。**须去毛、包煎**，以免刺激咽喉。,2,AI预标注，待人工复核
q039,咳嗽痰黄黏稠，咽喉肿痛，如何选药？,case,sangjuyin_001,温病条辨,上焦篇,桑菊饮（辛凉轻剂）,太阴风温，但咳，身不甚热，微渴者，辛凉轻剂桑菊饮主之。  桑菊饮方： 杏仁二钱 连翘一钱五分 薄荷八分 桑叶二钱五分 菊花一钱 苦梗二钱 甘草八分 苇根二钱。 水二杯，煮取一杯，日二服。,"本条论风温初起以咳嗽为主症的证治。邪在肺卫，肺气失宣故咳；邪浅热轻故身不甚热、微渴。主以辛凉轻剂桑菊饮，方以桑叶、菊花疏风清热为君，薄荷助宣透，杏仁、桔梗宣肺止咳，连翘、苇根清热生津，甘草调和。其解表清热之力轻于银翘散，而长于宣肺止咳，故称辛凉""轻剂""，为上焦温病咳之主方。",2,AI预标注，待人工复核
q039,咳嗽痰黄黏稠，咽喉肿痛，如何选药？,case,kuandonghua_001,中国药典（2025年版）一部,化痰止咳平喘药,款冬花,据《中国药典》2025 年版一部：款冬花为菊科植物款冬 Tussilago farfara L. 的干燥花蕾（药用部位：花蕾）。性味辛、微苦，温；归肺经。功能与主治：润肺下气，止咳化痰；用于新久咳嗽，喘咳痰多，劳嗽咳血。用法与用量：5～10g。贮藏：置干燥处，防潮，防蛀。  **【古注】】 《本草纲目》：款冬花辛温，治…,**简明**：款冬花辛微苦温，润肺下气、止咳化痰，**止咳之效显著**（与紫菀相须，久咳暴咳皆宜）。**详解**：咳嗽配紫菀（常相须为用）；寒咳配麻黄、杏仁；肺虚久咳配百合、沙参。蜜炙润肺止咳力增；咳血及肺痈者慎用。,0,AI预标注，待人工复核
q039,咳嗽痰黄黏稠，咽喉肿痛，如何选药？,case,jingui_012,金匮要略,痰饮咳嗽病脉证并治第十二,痰饮咳嗽病脉证并治第十二,（论一首 脉二十一条 方十八首） 问曰：夫饮有四，何谓也？师曰：有痰饮，有悬饮，有溢饮，有支饮。 问曰：四饮何以为异？师曰：其人素盛今瘦，水走肠间，沥沥有声，谓之痰饮；饮后水流在胁下，咳唾引痛，谓之悬饮；饮水流行，归于四肢，当汗出而不汗出，身体疼重，谓之溢饮；咳逆倚息，短气不得卧，其形如肿，谓之支饮。 水在心，心下坚筑…,本篇论痰饮咳嗽，分痰饮、悬饮、溢饮、支饮四饮，总纲「当以温药和之」。出苓桂术甘汤、十枣汤、大青龙汤、木防己汤、泽泻汤、小半夏汤等方；支饮咳嗽变证出苓桂五味系列六方，层层加减，示人饮证治法之变。,0,AI预标注，待人工复核
q039,咳嗽痰黄黏稠，咽喉肿痛，如何选药？,case,snb_kuandonghua_001,神农本草经,中经,款冬花,款冬花，味辛，温。主咳逆上气善喘，喉痹，诸惊痫寒热邪气。,款冬花辛微苦温，润肺下气、止咳化痰，为治咳要药，无论新久寒热虚实之咳嗽皆可配伍应用，尤宜于寒咳痰多。本经主咳逆上气善喘、喉痹，取其温润肺气、止咳平喘之功。,0,AI预标注，待人工复核
q039,咳嗽痰黄黏稠，咽喉肿痛，如何选药？,case,yanbaicai_001,中国药典（2025年版）一部,化痰止咳平喘药,岩白菜,据《中国药典》2025 年版一部：岩白菜为虎耳草科植物岩白菜 Bergenia purpurascens (Hook. f. et Thoms.) Engl. 的干燥全草（药用部位：全草）。性味甘，凉；归肺经。功能与主治：止咳化痰，平喘；用于慢性支气管炎，肺热咳嗽，气喘。用法与用量：9～15g。贮藏：置干燥处。,**简明**：岩白菜甘凉，止咳化痰而平喘，为治慢性支气管炎咳嗽气喘的常用药。。**详解**：肺热咳嗽配黄芩、桑白皮；久咳气喘配款冬花、紫菀；现代常制成岩白菜片用。外感风寒咳嗽不宜。,1,AI预标注，待人工复核
q039,咳嗽痰黄黏稠，咽喉肿痛，如何选药？,case,tongguanteng_001,中国药典（2025年版）一部,化痰止咳平喘药,通关藤,据《中国药典》2025 年版一部：通关藤为萝藦科植物通关藤 Marsdenia tenacissima (Roxb.) Wight et Arn. 的干燥藤茎（药用部位：藤茎）。性味苦，微寒；归肺、肝经。功能与主治：止咳平喘，祛痰，通乳，清热解毒；用于支气管炎，咳嗽痰多，哮喘，乳汁不通；现代亦用于肿瘤辅助治疗。用法与用…,**简明**：通关藤苦微寒，止咳平喘而祛痰通乳，现代常用于支气管炎与肿瘤辅助治疗（消癌平主药）。。**详解**：咳嗽痰多配黄芩、桔梗；哮喘配麻黄、杏仁；乳汁不通配穿山甲（代用品）、王不留行。,2,AI预标注，待人工复核
q039,咳嗽痰黄黏稠，咽喉肿痛，如何选药？,case,jingui_007,金匮要略,肺痿肺痈咳嗽上气病脉证治第七,肺痿肺痈咳嗽上气病脉证治第七,（论三首 脉证四条 方十六首） 问曰：热在上焦者，因咳为肺痿。肺痿之病何从得之？师曰：或从汗出，或从呕吐，或从消渴，小便利数，或从便难，又被快药下利，重亡津液，故得之。曰：寸口脉数，其人咳，口中反有浊唾诞沫者何？师曰：为肺痿之病。若口中辟辟燥，咳即胸中隐隐痛，脉反滑数，此为肺痈，咳唾脓血。脉数虚者为肺痿，数实者为肺痈。…,本篇论肺痿、肺痈、咳嗽上气。肺痿因重亡津液、多涎沫不咳；肺痈咳唾脓血、脉数实；咳嗽上气分寒饮（射干麻黄汤）、痰浊（皂荚丸）、水饮（泽漆汤）等型；附《外台》《千金》苇茎汤等。,0,AI预标注，待人工复核
q039,咳嗽痰黄黏稠，咽喉肿痛，如何选药？,case,longliye_001,中国药典（2025年版）一部,化痰止咳平喘药,龙脷叶,据《中国药典》2025 年版一部：龙脷叶为大戟科植物龙脷叶 Sauropus spatulifolius Beille 的干燥叶（药用部位：叶）。性味甘、淡，平；归肺、胃、大肠经。功能与主治：润肺止咳，通便；用于肺燥咳嗽，咽痛失音，便秘。用法与用量：9～15g。贮藏：置干燥处。,**简明**：龙脷叶甘淡平，润肺止咳而通便，为岭南治肺燥咳嗽、咽痛失音的常用药。。**详解**：肺燥干咳配沙参、麦冬、川贝母；咽痛失音配胖大海、桔梗；便秘配火麻仁。痰湿咳嗽者不宜。,0,AI预标注，待人工复核
q039,咳嗽痰黄黏稠，咽喉肿痛，如何选药？,case,shanghan_002,伤寒论,辨太阳病脉证并治上,太阳中风证提纲（第2条）,太阳病，发热，汗出，恶风，脉缓者，名为中风。,本条为太阳中风提纲。太阳病见发热、汗出、恶风、脉浮缓者，名为中风。风邪外袭，卫强营弱，卫气浮盛于外故发热，营阴不能内守故汗出，风邪伤表故恶风，脉缓为营阴不足、卫气不共营气和调之象，主以桂枝汤解肌祛风。,0,AI预标注，待人工复核
q039,咳嗽痰黄黏稠，咽喉肿痛，如何选药？,case,shanghan_063,伤寒论,辨太阳病脉证并治中,麻黄杏仁甘草石膏汤证（第63条）,发汗后，不可更行桂枝汤。汗出而喘，无大热者，可与麻黄杏仁甘草石膏汤。 麻黄杏仁甘草石膏汤方 麻黄四两（去节） 杏仁五十个（去皮尖） 甘草二两（炙） 石膏半斤（碎，绵裹）上四味，以水七升，先煮麻黄，减二升，去上沫，内诸药，煮取二升，去滓。温服一升。,本条论邪热壅肺作喘。发汗后不可更行桂枝汤，汗出而喘、无大热者，可与麻黄杏仁甘草石膏汤。麻黄杏仁宣肺平喘，石膏清宣肺热，为治热喘主方。,1,AI预标注，待人工复核
q039,咳嗽痰黄黏稠，咽喉肿痛，如何选药？,case,snb_fangfeng_001,神农本草经,上经,防风,防风，味甘，温。主大风头眩痛，恶风风邪，目盲无所见，风行周身，骨节疼痹烦满。久服，轻身。一名铜芸。生川泽。,防风辛甘微温，祛风解表、胜湿止痛、止痉，主治感冒头痛、风湿痹痛、风疹瘙痒及破伤风，为风药中之润剂。,0,AI预标注，待人工复核
q039,咳嗽痰黄黏稠，咽喉肿痛，如何选药？,case,suwen_042,黄帝内经素问,风论篇四十二,风论篇四十二,黄帝问曰：风之伤人也，或为寒热，或为热中，或为寒中，或为疠风，或为偏枯，或为风也。其病各异，其名不同。或内至五脏六腑，不知其解，愿闻其说。 岐伯对曰：风气藏于皮肤之间，内不得通，外不得泄。风者，善行而数变，腠理开则洒然寒，闭则热而闷。其寒也则衰食饮，其热也则消肌肉，故使人怢栗而不能食，名曰寒热。 风气与阳明入胃，循脉而…,本篇专论风邪致病。风为百病之长，善行而数变，伤人则或为寒热、热中、寒中、疠风、偏枯，变化无常。风客皮肤则腠理开阖而为寒热；入阳明则肥者热中目黄、瘦者寒中泣出；与太阳俱入则肌肉肿疡、皮肤不仁。又以四时甲乙丙丁等分属五脏，论肝心脾肺肾五脏风及胃风、首风、漏风、泄风，各述其形状与色诊部位。强调风邪伤人，内至五脏六腑，名异而病…,0,AI预标注，待人工复核
q039,咳嗽痰黄黏稠，咽喉肿痛，如何选药？,case,fengxie_001,《中医基础理论》规划教材（要点归纳）,病因病机,风邪·风为阳邪善行而数变为百病之长,风邪为六淫之首，其性开泄，善动不居。致病特点：风为阳邪，其性轻扬开泄，易袭阳位（头面肌表）；善行数变，病位游走不定、发病急变化快；风为百病之长，常兼他邪（寒、湿、热）合邪伤人；风主动，常见震颤、抽搐、眩晕等动摇症状。,风邪为外感病先导，具有轻扬开泄、善行数变、兼他邪、主动等特点。临床见头痛汗出、游走关节痛、风疹瘙痒、眩晕抽搐等多从风论治。本条为病因基础理论，不涉及具体诊疗。,0,AI预标注，待人工复核
q039,咳嗽痰黄黏稠，咽喉肿痛，如何选药？,case,shanghan_007,伤寒论,辨太阳病脉证并治上,风温证治及误治变证（第7条）,若发汗已，身灼热者，名风温。风温为病，脉阴阳俱浮，自汗出，身重，多眠睡，鼻息必鼾，语言难出。若被下者，小便不利，直视失溲。若被火者，微发黄色，剧则如惊痫，时瘛疭，若火熏之。一逆尚引日，再逆促命期。,本条论风温成因及误治变证。若发汗已而身灼热者，名风温。其脉阴阳俱浮、自汗出、身重多眠、鼻息鼾、语言难出。若误下则小便不利、直视失溲；误火则发黄、惊痫、瘛疭。一逆尚引日，再逆促命期，告诫温病忌辛温汗、下、火法。,0,AI预标注，待人工复核
q039,咳嗽痰黄黏稠，咽喉肿痛，如何选药？,case,sangjuyin_jieyao_001,方解（方论集要）,解表剂·方解,桑菊饮·疏风清热宣肺止咳,本方出《温病条辨》：组成桑叶、菊花、杏仁、连翘、薄荷、桔梗、苇根、甘草。方中桑叶、菊花君，疏散风热、清利头目；杏仁、桔梗臣，一降一宣，宣肺止咳；连翘、薄荷佐，清热透表；苇根、甘草使，清热生津、调和诸药。,"桑菊饮为疏风清热、宣肺止咳之""辛凉轻剂""，治风温初起但咳、身热不甚。桑菊轻清宣上，杏桔宣降肺气，苇根清热生津。与银翘散相比：桑菊饮治咳重热轻，偏于宣肺；银翘散治热重咳轻，偏于清热解毒。肺热甚者须加石膏，风寒咳嗽不宜。方解供学习参考；具体用药请遵医嘱。",1,AI预标注，待人工复核
q039,咳嗽痰黄黏稠，咽喉肿痛，如何选药？,case,qianhu_001,中国药典（2025年版）一部,化痰止咳平喘药,前胡,据《中国药典》2025 年版一部：前胡为伞形科植物白花前胡 Peucedanum praeruptorum Dunn 的干燥根（药用部位：根）。性味苦、辛，微寒；归肺经。功能与主治：降气化痰，散风清热；用于痰热喘满，咯痰黄稠，风热咳嗽痰多。用法与用量：3～10g。贮藏：置阴凉干燥处，防霉，防蛀。  **【古注】】 《本…,**简明**：前胡苦辛微寒，降气化痰、散风清热，主治**风热或痰热**咳嗽痰多、喘满（宣散与降气并行）。**详解**：痰热咳嗽配桑白皮、瓜蒌；风热咳嗽配桑叶、薄荷。与白前同降肺气，前胡兼散风热、白前专于降气。,3,AI预标注，待人工复核
q039,咳嗽痰黄黏稠，咽喉肿痛，如何选药？,case,suwen_033,黄帝内经素问,评热病论篇第三十三,评热病论篇第三十三,黄帝问曰：有病温者，汗出辄复热，而脉躁疾不为汗衰，狂言不能食，病名为何？岐伯对曰：病名阴阳交，交者死也。帝曰：愿闻其说。岐伯曰：人所以汗出者，皆生于谷，谷生于精，今邪气交争于骨肉而得汗者，是邪却而精胜也。精胜则当能食而不复热。复热者邪气也，汗者精气也，今汗出而辄复热者，是邪胜也。不能食者，精无俾也。病而留者，其寿可立而…,本篇评论热病之变。温病汗出辄复热、脉躁疾不为汗衰、狂言不能食者名阴阳交，交者死，谓邪胜而精夺。又论汗出身热烦满不解之风厥、法在肺下之劳风，及面胕痝然壅之肾风（风水）。申明邪之所凑其气必虚、阴虚者阳必凑之之理，并释目下肿、不能正偃而咳、月事不来诸证之由。,0,AI预标注，待人工复核
q039,咳嗽痰黄黏稠，咽喉肿痛，如何选药？,case,yibeimu_001,中国药典（2025年版）一部,化痰止咳平喘药,伊贝母,据《中国药典》2025 年版一部：伊贝母为百合科植物新疆贝母 Fritillaria walujewii Regel 或伊犁贝母 Fritillaria pallidiflora Schrenk 的干燥鳞茎（药用部位：鳞茎）。性味苦、甘，寒；归肺、心经。功能与主治：清肺化痰，散结；用于肺热咳嗽，咳痰黄稠，瘰疬，乳痈。用…,**简明**：伊贝母苦甘寒，清肺化痰而散结，功似川贝母，为治肺热咳嗽、瘰疬的常用药。。**详解**：肺热咳嗽配桑白皮、瓜蒌；瘰疬乳痈配夏枯草、玄参。**反乌头（十八反）**，不宜与川乌、草乌、附子同用。,2,AI预标注，待人工复核
q040,久咳不愈，痰白清稀，畏寒怕冷，用什么药？,case,tingtuoukai_001,《中医诊断学》规划教材（要点归纳）,四诊,听呕吐咳嗽声·呕吐与咳嗽声响辨寒热,听呕吐与咳嗽声以辨寒热虚实。呕吐：声高有力、呕声壮厉多属实热；声低无力、呕声缓慢多属虚寒。咳嗽：咳声重浊、痰白清稀多属风寒；咳声清脆、痰少黏稠多属燥热；咳声阵发、连续不绝伴吼声为顿咳；咳如犬吠为白喉危候；干咳无痰或少痰多属燥咳或阴虚。,呕吐与咳嗽的声响高低、痰的性状辨寒热虚实。咳血、呕吐物带血、喷射状呕吐须立即就医。此为教材要点归纳，供参考；具体诊疗请遵医嘱，不引导自我诊断。,3,AI预标注，待人工复核
q040,久咳不愈，痰白清稀，畏寒怕冷，用什么药？,case,jinkuishenqiwan_001,《中国药典》一部/药品说明书（要点归纳）,补益剂/中成药,金匮肾气丸·温补肾阳化气行水,据现行版《中国药典》一部与药品说明书要点归纳：本品由地黄、山药、山茱萸、茯苓、泽泻、牡丹皮、桂枝、附子、牛膝、车前子组成，具温补肾阳、化气行水之功，用于肾虚水肿，腰膝酸重，小便不利，畏寒肢冷。用法用量按说明书口服。,金匮肾气丸为温补肾阳、化气行水代表中成药，用于肾虚水肿之腰膝酸重、小便不利。本方含附子、桂枝，性温热，阴虚火旺、孕妇忌服；服药期间忌房事、忌生冷。本条目为中成药，请按说明书或在医师指导下使用。,3,AI预标注，待人工复核
q040,久咳不愈，痰白清稀，畏寒怕冷，用什么药？,case,chenchi_mai_001,《中医诊断学》规划教材（要点归纳）,四诊,沉迟脉·沉脉兼迟主里寒证,沉迟脉是沉脉与迟脉相兼之脉。沉脉重按乃得、主里证；迟脉一息不足四至、主寒证。沉迟相兼，主里寒证，临床兼见畏寒肢冷、脘腹冷痛、得温则减、便溏清稀。,沉迟脉主里寒证，提示脏腑阳气不足、阴寒内盛。须结合舌象（舌淡苔白）与全身症状辨别实寒虚寒。此为教材要点归纳，供参考；具体诊疗请遵医嘱，不引导自我诊断。,3,AI预标注，待人工复核
q040,久咳不愈，痰白清稀，畏寒怕冷，用什么药？,case,huangoushen_001,《中药学》（清华社）· 药典外品种,补虚药,黄狗肾,据清华社《中药学》：黄狗肾为犬科动物犬 Canis familiaris L. 的干燥雄性外生殖器（药用部位：雄性外生殖器）。性味咸，温；归肾经。功能与主治：补肾壮阳；用于阳痿，腰膝酸软，畏寒肢冷。用法与用量：3～9g，研粉吞服或入丸散 1～2g。注意：阴虚火旺者忌用。贮藏：置阴凉干燥处，防蛀。,**简明**：黄狗肾咸温，补肾壮阳，为治阳痿腰酸的传统动物药。。**详解**：阳痿配淫羊藿、菟丝子、肉苁蓉；腰膝酸软配杜仲、续断、巴戟天。**阴虚火旺者忌用**。,3,AI预标注，待人工复核
q040,久咳不愈，痰白清稀，畏寒怕冷，用什么药？,case,pixu_001,中医诊断学,辨证,脾气虚证与脾阳虚证,脾虚证类。据规划教材《中医诊断学》归纳：脾气虚证以食少纳呆、腹胀（食后益甚）、便溏、肢体倦怠、少气懒言、面色萎黄或㿠白、舌淡苔白、脉缓弱为要点；脾阳虚证在脾气虚基础上兼见腹部冷痛、喜温喜按、畏寒肢冷、或肢体浮肿、妇女带下清稀量多、舌淡胖嫩、脉沉迟无力。,脾气虚治宜健脾益气；脾阳虚治宜温中健脾。二者均见运化失健之食少、腹胀、便溏。鉴别眼目：脾气虚以倦怠、面黄、舌淡脉弱为主，无明显寒象；脾阳虚兼腹部冷痛、喜温喜按、畏寒肢冷、舌淡胖，属寒象明显。脾失升清可致中气下陷（见气虚气陷条），脾不统血可致出血，均为脾气虚之变证。,3,AI预标注，待人工复核
q040,久咳不愈，痰白清稀，畏寒怕冷，用什么药？,case,wubeizi_001,中国药典（2025年版）一部,收涩药,五倍子,据《中国药典》2025 年版一部：五倍子为漆树科植物盐肤木 Rhus chinensis Mill.、青麸杨 Rhus potaninii Maxim. 或红麸杨 Rhus punjabensis Stew. var. sinica (Diels) Rehd. et Wils. 叶上的虫瘿，主要由五倍子蚜 Melaph…,**简明**：五倍子酸涩寒，敛肺降火而涩肠止泻、敛汗止血，为治久咳久泻与汗多出血的常用药。。**详解**：肺虚久咳配五味子、罂粟壳；久泻久痢配诃子、肉豆蔻；自汗盗汗配浮小麦、麻黄根；便血痔血配地榆、槐角。**外感咳嗽、湿热泻痢忌用**。,0,AI预标注，待人工复核
q040,久咳不愈，痰白清稀，畏寒怕冷，用什么药？,case,houyin_001,《中医耳鼻咽喉科学》规划教材（要点归纳）,五官,喉瘖·声音嘶哑失音,喉瘖是指以声音不扬、甚至嘶哑失音为主要表现的喉部疾病，含急慢性喉炎、声带小结或息肉等。病机多为风热或风寒犯肺、肺气不宣，或肺肾阴虚、喉失濡养，或肺脾气虚、鼓动无力，或气滞血瘀痰凝、声门不利。,喉瘖以声音嘶哑为主，急性多外感，慢性多脏腑虚损或声带病变。风热用疏风清热汤，肺肾阴虚用养阴清肺汤，血瘀痰凝用会厌逐瘀汤，配合声休、雾化。声嘶持续超过2周不愈、痰中带血须及时就医排除喉部肿瘤。本条目为教材要点归纳，供参考；具体诊疗请遵医嘱。,0,AI预标注，待人工复核
q040,久咳不愈，痰白清稀，畏寒怕冷，用什么药？,case,jiezi_001,中国药典（2025年版）一部,化痰止咳平喘药,芥子,据《中国药典》2025 年版一部：芥子为十字花科植物白芥 Sinapis alba L. 或芥 Brassica juncea (L.) Czern. et Coss. 的干燥成熟种子（药用部位：成熟种子）。性味辛，温；归肺、胃经。功能与主治：温肺豁痰利气，散结通络止痛；用于寒痰喘咳，胸胁胀痛，痰滞经络，关节麻木、疼痛…,**简明**：芥子辛温，温肺豁痰利气、散结通络止痛，主治**寒痰**喘咳、痰饮胁痛及痰滞经络之关节麻木、阴疽（外敷发泡疗法）。**详解**：寒痰咳喘配紫苏子、莱菔子（三子养亲汤）；痰饮停胸配甘遂、大戟（控涎丹）；关节痛外敷。**外敷易发泡不宜久敷**；肺虚久咳、阴虚火旺者忌用。,2,AI预标注，待人工复核
q040,久咳不愈，痰白清稀，畏寒怕冷，用什么药？,case,sanziyangqin_001,《方剂学》规划教材（要点归纳）,祛痰剂,三子养亲汤·降气快膈化痰消食,"传统方歌：""三子养亲汤紫苏子，白芥子来福菔子，老人痰盛气食积，降气化痰消食施。""（《韩氏医通》方，据教材要点归纳：白芥子、紫苏子、莱菔子各微炒，捣碎，水煎分温三服。）",三子养亲汤为降气快膈、化痰消食之轻剂，主治痰壅气滞之咳嗽喘逆、痰多胸痞、食少难消，老人、虚人痰食气滞者宜。本方三子皆辛散行气耗气之品，须中病即止，气虚久咳、脾虚便溏者不宜单用。本方为要点归纳，供参考；具体用药请遵医嘱。,0,AI预标注，待人工复核
q040,久咳不愈，痰白清稀，畏寒怕冷，用什么药？,case,chengzhongling_001,医学心悟,咳嗽门,程钟龄·止嗽散治咳案,某，外感后咳嗽迁延，咽痒痰咯不爽，微恶风。程氏谓肺为娇脏，畏热畏寒，用药宜温润平和，创制止嗽散，以紫菀、百部、白前、桔梗、陈皮、荆芥、甘草温润宣肺，味苦平不寒不热。,此案为程钟龄创制止嗽散之依据。辨外感后久咳属肺失宣降、寒温夹杂，主以温润平和、宣肺止咳，使肺气得宣、咳自止。止嗽散药性平和，流传甚广，为治咳名方。,3,AI预标注，待人工复核
q040,久咳不愈，痰白清稀，畏寒怕冷，用什么药？,case,jiuxiansan_001,《方剂学》规划教材（要点归纳）,固涩剂,九仙散·敛肺止咳益气养阴,"传统方歌：""九仙散中罂粟君，五味乌梅共为臣，参胶款桑贝桔梗，敛肺止咳益气阴。""（传世九仙散方，据教材要点归纳：罂粟壳、乌梅、五味子、款冬花、桑白皮、贝母、桔梗、阿胶、人参，各约常用量，为散或煎服。）",九仙散为敛肺止咳、益气养阴代表方，主治久咳肺虚证，症见久咳不已、咳喘自汗、痰少而黏、甚则气喘、舌淡、脉虚数。功能敛肺止咳、益气养阴，适用于久咳不已、肺气虚耗之证。使用注意：方含罂粟壳，为麻醉性收敛药，不可久服过量；新咳、外邪未尽、痰多壅盛者非宜，以免闭门留寇。本方为要点归纳，供参考；具体用药请遵医嘱。,0,AI预标注，待人工复核
q040,久咳不愈，痰白清稀，畏寒怕冷，用什么药？,case,liangchuang_001,《中医外科学》规划教材（要点归纳）,外科,臁疮·小腿下部慢性溃疡经久难愈,"臁疮是指发生于小腿下部内、外侧的慢性溃疡，俗称""老烂腿""，久不收口或愈后易复发。多继发于下肢静脉曲张，久站久立、气血运行不畅、湿热下注或气虚血瘀、肌肤失养而溃。辨证常见湿热下注、气虚血瘀、脾虚湿盛等型。",臁疮多见于久站、下肢静脉曲张者，好发于小腿下三分之一，疮口凹陷、经久难愈。中医分湿热下注（二妙丸、三妙丸）、气虚血瘀（补阳还五汤）论治，配合外治清洁、生肌收口，并宜抬高患肢、弹力绷带。疮面扩大恶臭者须及时就医。本条目为教材要点归纳，供参考；具体诊疗请遵医嘱。,0,AI预标注，待人工复核
q040,久咳不愈，痰白清稀，畏寒怕冷，用什么药？,case,chongbaila_001,中国药典（2025年版）一部,活血化瘀药,虫白蜡,据《中国药典》2025 年版一部：虫白蜡为介壳虫科昆虫白蜡虫 Ericerus pela (Chavannes) Guerin 的雄虫群栖于木犀科植物白蜡树 Fraxinus chinensis Roxb.、女贞 Ligustrum lucidum Ait. 或女贞属其他种植物枝干上分泌的蜡，经精制而成（药用部位：精制…,**简明**：虫白蜡甘平，生肌敛疮而止血定痛，为疮疡久溃不敛的常用外用药。。**详解**：溃疡久不收敛配乳香、没药研末掺敷；创伤出血研末外敷；内服入丸散用于肺虚久咳。,0,AI预标注，待人工复核
q040,久咳不愈，痰白清稀，畏寒怕冷，用什么药？,case,kuandonghua_001,中国药典（2025年版）一部,化痰止咳平喘药,款冬花,据《中国药典》2025 年版一部：款冬花为菊科植物款冬 Tussilago farfara L. 的干燥花蕾（药用部位：花蕾）。性味辛、微苦，温；归肺经。功能与主治：润肺下气，止咳化痰；用于新久咳嗽，喘咳痰多，劳嗽咳血。用法与用量：5～10g。贮藏：置干燥处，防潮，防蛀。  **【古注】】 《本草纲目》：款冬花辛温，治…,**简明**：款冬花辛微苦温，润肺下气、止咳化痰，**止咳之效显著**（与紫菀相须，久咳暴咳皆宜）。**详解**：咳嗽配紫菀（常相须为用）；寒咳配麻黄、杏仁；肺虚久咳配百合、沙参。蜜炙润肺止咳力增；咳血及肺痈者慎用。,3,AI预标注，待人工复核
q040,久咳不愈，痰白清稀，畏寒怕冷，用什么药？,case,shanghan_204,伤寒论,辨阳明病脉证并治,阳明病（第204条）,阳明病，反无汗，而小便利，二三日，呕而咳，手足厥者，必苦头痛；若不咳不呕，手足不厥者，头不痛。,本条论述阳明病之脉证。症见头痛、无汗、呕、厥、手足厥。当审其表里寒热、虚实传变而施治。,0,AI预标注，待人工复核
q040,久咳不愈，痰白清稀，畏寒怕冷，用什么药？,case,aidicha_001,中国药典（2025年版）一部,化痰止咳平喘药,矮地茶,据《中国药典》2025 年版一部：矮地茶为紫金牛科植物紫金牛 Ardisia japonica (Thunb.) Blume 的干燥全株（药用部位：全株）。性味辛、微苦，平；归肺、肝经。功能与主治：化痰止咳，清利湿热，活血化瘀；用于新久咳嗽，喘促痰鸣，湿热黄疸，水肿，经闭痛经，风湿痹痛，跌打损伤。用法与用量：15～30…,**简明**：矮地茶辛微苦平，化痰止咳、清利湿热、活血化瘀，主治**新久咳嗽**（肺痨咳血）、湿热黄疸水肿及瘀血诸痛。**详解**：咳嗽配百部、紫菀；黄疸配茵陈、金钱草；经闭痛经配当归、川芎。,0,AI预标注，待人工复核
q040,久咳不愈，痰白清稀，畏寒怕冷，用什么药？,case,sangbaipi_001,中国药典（2025年版）一部,化痰止咳平喘药,桑白皮,据《中国药典》2025 年版一部：桑白皮为桑科植物桑 Morus alba L. 的干燥根皮（药用部位：根皮）。性味甘，寒；归肺经。功能与主治：泻肺平喘，利水消肿；用于肺热喘咳，水饮停肺，胀满喘急，水肿，脚气，小便不利。用法与用量：6～12g。贮藏：置通风干燥处，防潮，防蛀。  **【古注】】 《本草纲目》：桑白皮甘寒…,**简明**：桑白皮甘寒，泻肺平喘、利水消肿，主治**肺热喘咳**（泻白散主药）及水饮水肿。**详解**：肺热咳喘配地骨皮、甘草（泻白散）；水肿配茯苓皮、大腹皮（五皮散）。肺虚无火、风寒咳喘及小便清长者慎用。,3,AI预标注，待人工复核
q040,久咳不愈，痰白清稀，畏寒怕冷，用什么药？,case,nanshashen_001,中国药典（2025年版）一部,补虚药,南沙参,据《中国药典》2025 年版一部：南沙参为桔梗科植物轮叶沙参 Adenophora tetraphylla (Thunb.) Fisch. 或沙参 Adenophora stricta Miq. 的干燥根（药用部位：根）。性味甘，微寒；归肺、胃经。功能与主治：养阴清肺，益胃生津，化痰，益气；用于肺热燥咳，阴虚劳嗽，干咳…,**简明**：南沙参甘微寒，养阴清肺、益胃生津、化痰益气（**兼益气化痰，力缓于北沙参**），主治肺热燥咳、阴虚劳嗽、干咳痰黏及气阴不足口干。**详解**：肺燥咳嗽配麦冬、川贝母；气阴两伤配党参、麦冬。**反藜芦**；风寒咳嗽者忌用。,3,AI预标注，待人工复核
q040,久咳不愈，痰白清稀，畏寒怕冷，用什么药？,case,beishashen_001,中国药典（2025年版）一部,补虚药,北沙参,据《中国药典》2025 年版一部：北沙参为伞形科植物珊瑚菜 Glehnia littoralis Fr. Schmidt ex Miq. 的干燥根（药用部位：根）。性味甘、微苦，微寒；归肺、胃经。功能与主治：养阴清肺，益胃生津；用于肺热燥咳，劳嗽痰血，胃阴不足，热病津伤，咽干口渴。用法与用量：5～12g。注意：不宜与藜…,**简明**：北沙参甘微苦微寒，养阴清肺、益胃生津（**清养肺胃之阴**），主治肺热燥咳、劳嗽痰血及胃阴不足咽干口渴。**详解**：肺燥干咳配麦冬、玉竹（沙参麦冬汤）；胃阴不足配石斛、天花粉。**反藜芦**；风寒咳嗽及中寒便溏者忌用。,3,AI预标注，待人工复核
q040,久咳不愈，痰白清稀，畏寒怕冷，用什么药？,case,laifuzi_001,中国药典（2025年版）一部,消食药,莱菔子,据《中国药典》2025 年版一部：莱菔子为十字花科植物萝卜 Raphanus sativus L. 的干燥成熟种子（药用部位：成熟种子）。性味辛、甘，平；归肺、脾、胃经。功能与主治：消食除胀，降气化痰；用于饮食停滞，脘腹胀痛，大便秘结，积滞泻痢，痰壅喘咳。用法与用量：5～12g。注意：不宜与人参同用。贮藏：置通风干燥处…,**简明**：莱菔子辛甘平，消食除胀、降气化痰，善消**食积气滞**兼降气平喘，主治脘腹胀痛、便秘泻痢及痰壅喘咳。**详解**：食积胀痛配山楂、神曲（保和丸）；痰喘咳嗽配白芥子、紫苏子（三子养亲汤）。**不宜与人参同用**（人参恶莱菔子）；气虚者慎用。,0,AI预标注，待人工复核
q040,久咳不愈，痰白清稀，畏寒怕冷，用什么药？,case,cheqianzi_001,中国药典（2025年版）一部,利水渗湿药,车前子,据《中国药典》2025 年版一部：车前子为车前科植物车前 Plantago asiatica L. 或平车前 Plantago depressa Willd. 的干燥成熟种子（药用部位：成熟种子）。性味甘，寒；归肝、肾、肺、小肠经。功能与主治：清热利尿通淋，渗湿止泻，明目，祛痰；用于热淋涩痛，水肿胀满，暑湿泄泻，目赤肿…,**简明**：车前子甘寒，清热利尿通淋、渗湿止泻、明目祛痰，为治**热淋**要药，兼治暑湿泄泻、目疾痰咳。**详解**：热淋涩痛配木通、滑石、萹蓄（八正散）；暑湿水泻配白术、茯苓（利小便实大便）；目赤肿痛配菊花、决明子；痰热咳嗽配瓜蒌、黄芩。**入汤剂宜包煎**；肾虚滑精者慎用。,0,AI预标注，待人工复核
q040,久咳不愈，痰白清稀，畏寒怕冷，用什么药？,case,shenjincao_001,中国药典（2025年版）一部,祛风湿药,伸筋草,据《中国药典》2025 年版一部：伸筋草为石松科植物石松 Lycopodium japonicum Thunb. 的干燥全草（药用部位：全草）。性味微苦、辛，温；归肝、脾经。功能与主治：祛风除湿，舒筋活络；用于关节酸痛，屈伸不利。用法与用量：3～12g。贮藏：置干燥处。  **【古注】】 《本草拾遗》：石松（伸筋草）主…,**简明**：伸筋草微苦辛温，祛风除湿、舒筋活络，主治风湿痹痛、关节屈伸不利、肌肤麻木。**详解**：风湿痹痛配威灵仙、独活；筋脉拘挛配木瓜、白芍；跌打损伤配苏木、乳香。孕妇慎用。,0,AI预标注，待人工复核
q040,久咳不愈，痰白清稀，畏寒怕冷，用什么药？,case,shanghan_327,伤寒论,辨厥阴病脉证并治,厥阴中风脉微浮为欲愈（第327条）,厥阴中风，脉微浮，为欲愈；不浮，为未愈。,厥阴中风，脉象由沉微而渐见浮象，为阳气来复、正气抗邪外出之兆，故为欲愈；若脉仍不浮，则阳气未复，邪仍在里，故为未愈。此以脉之浮与不浮判断厥阴病预后。,0,AI预标注，待人工复核
q040,久咳不愈，痰白清稀，畏寒怕冷，用什么药？,case,ganmaoshifengwan_001,《中国药典》一部/药品说明书（要点归纳）,解表剂/中成药,感冒疏风丸·辛温解表宣肺和中,据现行版《中国药典》一部与药品说明书要点归纳：本品由麻黄、桂枝、白芍、苦杏仁、防风、紫苏叶、独活、桔梗、谷芽、陈皮、生姜、大枣、甘草等组成，具辛温解表、宣肺和中之功，用于风寒感冒，症见发热咳嗽、头痛怕冷、鼻流清涕、骨节酸痛、四肢疲倦。用法用量按说明书口服。,感冒疏风丸为临床常用辛温解表类中成药，用于风寒感冒之头痛怕冷、鼻塞清涕、骨节酸痛、四肢倦怠。方含麻黄、桂枝，高血压、心脏病患者及运动员慎用；风热感冒（咽痛黄涕、发热重）不宜。服药期间忌烟酒辛辣生冷油腻，不宜同时服滋补中药；高热不退、喘促者应就医。本条目为中成药，请按说明书或在医师指导下使用。,0,AI预标注，待人工复核
q040,久咳不愈，痰白清稀，畏寒怕冷，用什么药？,case,shanghan_205,伤寒论,辨阳明病脉证并治,阳明病（第205条）,阳明病，但头眩，不恶寒，故能食而咳，其人必咽痛；若不咳者，咽不痛。,本条论述阳明病之脉证。症见恶寒、咳、咽痛、不恶寒。当审其表里寒热、虚实传变而施治。,0,AI预标注，待人工复核
q040,久咳不愈，痰白清稀，畏寒怕冷，用什么药？,case,lurong_001,中国药典（2025年版）一部,补虚药,鹿茸,据《中国药典》2025 年版一部：鹿茸为鹿科动物梅花鹿 Cervus nippon Temminck 或马鹿 Cervus elaphus Linnaeus 的雄鹿未骨化密生茸毛的幼角（药用部位：幼角）。性味甘、咸，温；归肾、肝经。功能与主治：壮肾阳，益精血，强筋骨，调冲任，托疮毒；用于肾阳不足，精血亏虚，阳痿滑精，宫…,**简明**：鹿茸甘咸温，壮肾阳、益精血、强筋骨、调冲任、托疮毒，为**峻补元阳精血**之品，主治肾阳虚衰阳痿宫冷、精血亏虚羸瘦、筋骨痿软及崩漏阴疽。**详解**：肾阳不足配熟地黄、山茱萸（右归丸）；气血两虚配人参、黄芪（十全大补汤）。**研末冲服（1～2g），宜从小量渐加**；阴虚阳亢、血热者禁用。,0,AI预标注，待人工复核
q040,久咳不愈，痰白清稀，畏寒怕冷，用什么药？,case,lingganwuweijiangxin_001,《方剂学》规划教材（要点归纳）,祛痰剂,苓甘五味姜辛汤·温肺化饮,"《金匮要略·痰饮咳嗽病脉证并治》：""冲气即低，而反更咳、胸满者，用桂苓五味甘草汤去桂加干姜、细辛，以治其咳满。""（据教材要点归纳：茯苓四两、甘草、干姜、细辛各三两、五味子半升，水煎温服。）",苓甘五味姜辛汤为温肺化饮之代表方，主治寒饮咳嗽，症见咳嗽痰多、清稀色白、胸满不舒、苔白滑、脉弦滑。本方姜辛温燥，肺热燥咳、阴虚痰黄者禁用。本方为要点归纳，供参考；具体用药请遵医嘱。,1,AI预标注，待人工复核
q040,久咳不愈，痰白清稀，畏寒怕冷，用什么药？,case,yanbaicai_001,中国药典（2025年版）一部,化痰止咳平喘药,岩白菜,据《中国药典》2025 年版一部：岩白菜为虎耳草科植物岩白菜 Bergenia purpurascens (Hook. f. et Thoms.) Engl. 的干燥全草（药用部位：全草）。性味甘，凉；归肺经。功能与主治：止咳化痰，平喘；用于慢性支气管炎，肺热咳嗽，气喘。用法与用量：9～15g。贮藏：置干燥处。,**简明**：岩白菜甘凉，止咳化痰而平喘，为治慢性支气管炎咳嗽气喘的常用药。。**详解**：肺热咳嗽配黄芩、桑白皮；久咳气喘配款冬花、紫菀；现代常制成岩白菜片用。外感风寒咳嗽不宜。,3,AI预标注，待人工复核
q040,久咳不愈，痰白清稀，畏寒怕冷，用什么药？,case,shanghan_075,伤寒论,辨太阳病脉证并治中,重发汗致耳聋（第75条）,未持脉时，病人手叉自冒心，师因教试令咳而不咳者，此必两耳聋无闻也。所以然者，以重发汗，虚故如此。,本条论重发汗致耳聋。未持脉时病人手叉自冒心，师令咳而不咳者，此必两耳聋无闻也。以重发汗虚故如此。示人发汗不可过。,0,AI预标注，待人工复核
q040,久咳不愈，痰白清稀，畏寒怕冷，用什么药？,case,yetianshi_001,临证指南医案,温热门,叶天士·风温犯肺案,某，风温入肺，身热，咳呛不爽，口燥，脉右数大。先生谓温邪上受，首先犯肺，忌辛温发散，以辛凉清上，轻苦微辛之剂。,此为风温犯肺之轻证。叶氏辨温邪从口鼻入、首先犯肺，戒用辛温发汗，主以辛凉疏泄、清肃上焦，药取轻清如羽，使邪从肺卫而解。示人治温当分表里、辨三焦，不可混以伤寒辛温法治之。,0,AI预标注，待人工复核
q040,久咳不愈，痰白清稀，畏寒怕冷，用什么药？,case,nichuanxinbao_001,温热论,温热论,逆传心包,温邪上受，首先犯肺，逆传心包……大凡看法，卫之后方言气，营之后方言血。,「逆传」与「顺传」相对：温邪由肺卫而下传气分胃腑者为顺传；若不从气分而径陷营分、内闭心包，见神昏谵语、舌鲜绛、肢厥者，即为逆传心包。其证来势暴急、病情危重，治当清心凉营、开窍透络，如清营汤、安宫牛黄丸、至宝丹之类，亟须防其内闭外脱。,0,AI预标注，待人工复核
q040,久咳不愈，痰白清稀，畏寒怕冷，用什么药？,case,luxiancao_001,中国药典（2025年版）一部,祛风湿药,鹿衔草,据《中国药典》2025 年版一部：鹿衔草为鹿蹄草科植物鹿蹄草 Pyrola calliantha H. Andres 或普通鹿蹄草 Pyrola decorata H. Andres 的干燥全草（药用部位：全草）。性味甘、苦，温；归肝、肾、肺经。功能与主治：祛风湿，强筋骨，止血，止咳；用于风湿痹痛，腰膝无力，月经过多，…,**简明**：鹿衔草甘苦温，祛风湿而强筋骨、止血止咳，为治痹痛腰酸与久咳的常用药。。**详解**：风湿痹痛、腰膝无力配桑寄生、杜仲、牛膝；月经过多配阿胶、艾叶；久咳劳嗽配百部、款冬花。,0,AI预标注，待人工复核
q040,久咳不愈，痰白清稀，畏寒怕冷，用什么药？,case,wendantang_001,《方剂学》规划教材（要点归纳）,祛痰剂,温胆汤·理气化痰和胃利胆,"传统方歌：""温胆汤中苓半草，枳竹陈皮加姜枣，虚烦不眠证多端，此系胆虚痰热扰。""（《三因方》方，据教材要点归纳：半夏、竹茹、枳实各约二两，陈皮三两，炙甘草一两，茯苓一两半，加姜枣水煎服。）",温胆汤为理气化痰、和胃利胆之代表方，主治胆胃不和、痰热内扰证，症见虚烦不眠、呕吐呃逆、惊悸不宁，亦治痰热内扰之癫痫。本方性偏温燥，阴虚燥咳、惊悸属心血不足者不宜。本方为要点归纳，供参考；具体用药请遵医嘱。,0,AI预标注，待人工复核
q040,久咳不愈，痰白清稀，畏寒怕冷，用什么药？,case,tinglizi_001,中国药典（2025年版）一部,化痰止咳平喘药,葶苈子,据《中国药典》2025 年版一部：葶苈子为十字花科植物播娘蒿 Descurainia sophia (L.) Webb. ex Prantl 或独行菜 Lepidium apetalum Willd. 的干燥成熟种子（药用部位：成熟种子）。性味辛、苦，大寒；归肺、膀胱经。功能与主治：泻肺平喘，行水消肿；用于痰涎壅肺，喘…,**简明**：葶苈子辛苦大寒，泻肺平喘、行水消肿（**泻肺中水饮痰涎之力峻**），主治痰涎壅肺之喘咳不得卧及胸腹水肿。**详解**：痰喘不得卧配大枣（葶苈大枣泻肺汤）；水肿配防己、椒目（己椒苈黄丸）。**包煎**；肺虚喘咳、脾虚肿满者忌用。,0,AI预标注，待人工复核
q040,久咳不愈，痰白清稀，畏寒怕冷，用什么药？,case,badoushuang_001,中国药典（2025年版）一部,泻下药,巴豆霜,据《中国药典》2025 年版一部：巴豆霜系大戟科植物巴豆 Croton tiglium L. 的干燥成熟果实去油后制成的松散粉末（加工品：去油制霜，峻下之性稍缓、毒性较生巴豆为低，仍有大毒）。性味辛，热；有大毒；归胃、大肠经。功能与主治：峻下冷积，逐水退肿，豁痰利咽，外用蚀疮；用于寒积便秘，乳食停滞，腹满胀痛，大腹水肿…,**简明**：巴豆霜辛热大毒，峻下冷积、逐水退肿、豁痰利咽，为**温下**峻药，主治寒积便秘、腹水水肿、痰壅喉痹。**详解**：寒实冷积便秘配干姜、大黄（三物备急丸）；痰壅喉痹吹喉取吐。**大毒**，须用巴豆霜 0.1～0.3g 入丸散，**不宜与牵牛子同用**，孕妇禁用，不可过量久服。,0,AI预标注，待人工复核
q040,久咳不愈，痰白清稀，畏寒怕冷，用什么药？,case,maohezi_001,中国药典（2025年版）一部,收涩药,毛诃子,据《中国药典》2025 年版一部：毛诃子为使君子科植物毗黎勒 Terminalia bellirica (Gaertn.) Roxb. 的干燥成熟果实（药用部位：成熟果实）。性味甘、涩，平；归大肠、肺经。功能与主治：涩肠止泻，敛肺止咳，清热解毒；用于久泻久痢，便血脱肛，久咳，咽喉肿痛，热毒疮疡。用法与用量：3～9g。贮…,**简明**：毛诃子甘涩平，涩肠止泻、敛肺止咳、清热解毒（**藏医「三果」之一**），主治久泻久痢、久咳及咽喉肿痛、热毒疮疡。**详解**：久泻配诃子、石榴皮；久咳配余甘子；咽痛配青果、金银花。泻痢初起者慎用。,0,AI预标注，待人工复核
q040,久咳不愈，痰白清稀，畏寒怕冷，用什么药？,case,shouxianfanfei_001,温热论,温热论,温邪上受首先犯肺,温邪上受，首先犯肺，逆传心包。肺主气属卫，心主血属营。辨营卫气血虽与伤寒同，若论治法则与伤寒大异也。,本条为温病辨证总纲之一。叶天士指出温邪从口鼻上受，初起即先犯肺（肺主气属卫），若正不胜邪则内陷逆传心包（心主血属营）。伤寒从皮毛而入、渐次传里；温邪热变最速，初治即宜辛凉轻剂宣肺泄卫，不可径用辛温发汗，此即「温邪则热变最速」与伤寒分治之关键。,0,AI预标注，待人工复核
q040,久咳不愈，痰白清稀，畏寒怕冷，用什么药？,case,wenhanre_001,中医诊断学,四诊,问寒热（恶寒发热·但寒不热·但热不寒·寒热往来）,问寒热首辨恶寒与发热的关系。教材归纳四型：恶寒发热并见主表证；但寒不热主里寒证；但热不寒主里热证；寒热往来主半表半里证。《伤寒论》以「发热恶寒者，发于阳也；无热恶寒者，发于阴也」为辨纲。,恶寒发热：恶寒与发热同时并见，为外感病初起、邪正交争于表。新起恶寒重发热轻多风寒表证；发热重恶寒轻多风热表证。但寒不热：只觉怕冷而不发热，新病脘腹冷痛多里寒实证，久病畏寒肢冷多里虚寒证。但热不寒：只发热不畏寒，分三类——壮热（高热持续不退，多见于里实热证极期）；潮热（按时发热或按时热甚），午后热甚、身热不扬多湿温，午后…,2,AI预标注，待人工复核
q040,久咳不愈，痰白清稀，畏寒怕冷，用什么药？,case,zhuru_001,中国药典（2025年版）一部,化痰止咳平喘药,竹茹,据《中国药典》2025 年版一部：竹茹为禾本科植物青秆竹 Bambusa tuldoides Munro、大头典竹 Sinocalamus beecheyanus (Munro) McClure var. pubescens P. F. Li 或淡竹 Phyllostachys nigra (Lodd.) Munro …,**简明**：竹茹甘微寒，清热化痰、除烦止呕，**善清胃热止呕**（胃热呕哕要药），兼治痰热咳嗽、胆火失眠及妊娠恶阻。**详解**：胃热呕吐配黄连、生姜（橘皮竹茹汤）；胆胃不和痰热配半夏、枳实（温胆汤）；胎动不安配黄芩、白术。胃寒呕吐忌用。,0,AI预标注，待人工复核
q040,久咳不愈，痰白清稀，畏寒怕冷，用什么药？,case,youzaijing_002,静香楼医案,痰饮门,尤在泾·痰饮咳喘温化案,某，咳嗽气喘，痰多清稀，背寒，苔白滑。在泾辨为脾阳不运、寒饮伏肺，痰从寒化，治宜温阳化饮、降气平喘，宗仲景痰饮治法，药取干姜、细辛、五味子、茯苓之类。,"此案辨咳喘痰多清稀、背寒苔白滑属脾阳不运、寒饮伏肺，主以温阳化饮、降气平喘，宗仲景""病痰饮者当以温药和之""之旨，示人寒饮咳喘当温化而非清润。",2,AI预标注，待人工复核
q040,久咳不愈，痰白清稀，畏寒怕冷，用什么药？,case,shanghan_324,伤寒论,辨少阴病脉证并治,少阴胸中实当吐膈上寒饮急温（第324条）,少阴病，饮食入口则吐，心中温温欲吐，复不能吐，始得之，手足寒，脉弦迟者，此胸中实，不可下也，当吐之。若膈上有寒饮，干呕者，不可吐也，急温之，宜四逆汤。,少阴病食入即吐、欲吐复不能吐、手足寒、脉弦迟，为胸中邪实（痰食）阻滞，当因势利导用吐法，不可误下；若属膈上寒饮干呕吐者，则非可吐，当急温之，宜四逆汤。须辨胸中实与膈上寒饮。,0,AI预标注，待人工复核
q040,久咳不愈，痰白清稀，畏寒怕冷，用什么药？,case,danbai_she_001,《中医诊断学》规划教材（要点归纳）,四诊,淡白舌·舌色浅淡主气血两虚或阳虚,淡白舌指舌色较正常淡红舌浅淡，甚至全无血色。主虚证、寒证。舌淡白而瘦薄，多属气血两虚；舌淡白而胖嫩、湿润多津，多属阳虚寒盛、水湿内停。,淡白舌以舌色浅淡为辨证眼目，须结合舌体胖瘦润燥辨气血虚与阳虚。伴面色苍白、头晕心悸、畏寒肢冷者须就医。此为教材要点归纳，供参考；具体诊疗请遵医嘱，不引导自我诊断。,3,AI预标注，待人工复核
q040,久咳不愈，痰白清稀，畏寒怕冷，用什么药？,case,shanghan_089,伤寒论,辨太阳病脉证并治中,表里俱虚致冒（第89条）,太阳病，先下之而不愈，因复发汗，以此表里俱虚，其人因致冒，冒家汗出自愈。所以然者，汗出表和故也。得里未和，然后复下之。,本条论汗下后表里俱虚致冒。太阳病先下之不愈，因复发汗，表里俱虚，其人因致冒，冒家汗出自愈。以汗出表和故也，里未和然后复下之。,0,AI预标注，待人工复核
q040,久咳不愈，痰白清稀，畏寒怕冷，用什么药？,case,badou_001,中国药典（2025年版）一部,泻下药,巴豆,据《中国药典》2025 年版一部：巴豆为大戟科植物巴豆 Croton tiglium L. 的干燥成熟果实（药用部位：成熟果实）。巴豆霜：性味辛，热；有大毒；归胃、大肠经。功能与主治：峻下冷积，逐水退肿，豁痰利咽，外用蚀疮；用于寒积便秘，乳食停滞，腹满胀痛，大腹水肿，二便不通，喉痹痰阻，痈肿脓成未溃。用法与用量：巴豆霜…,**简明**：巴豆辛热大毒，峻下冷积、逐水退肿、豁痰利咽，为**温下**峻药，主治寒积便秘、腹水水肿、痰壅喉痹。**详解**：寒实冷积便秘配干姜、大黄（三物备急丸）；痰壅喉痹以巴豆霜吹喉取吐；痈肿脓成不溃外用。**大毒**，用巴豆霜 0.1～0.3g 入丸散；**不宜与牵牛子同用**，孕妇禁用，畏大黄者慎。,0,AI预标注，待人工复核
q040,久咳不愈，痰白清稀，畏寒怕冷，用什么药？,case,shanghan_054,伤寒论,辨太阳病脉证并治中,时发热自汗出宜桂枝汤（第54条）,病人藏无他病，时发热，自汗出，而不愈者，此卫气不和也。先其时发汗则愈，宜桂枝汤主之。,本条论卫气不和的间歇性发热自汗。病人藏无他病，时发热自汗出而不愈者，此卫气不和也。先其发热之时发汗则愈，宜桂枝汤主之。,0,AI预标注，待人工复核
q040,久咳不愈，痰白清稀，畏寒怕冷，用什么药？,case,weifenzheng_001,温病学,温病学,卫分证,清·叶天士《温热论》：「大凡看法，卫之后方言气……在卫汗之可也。」卫分证为温病初起、邪犯肺卫之表热证。（据规划教材《温病学·卫分证》归纳）,卫分证为温病初起最浅一层，邪犯肺卫、卫外失和，症见发热微恶风寒、口微渴、头痛咳嗽、舌边尖红、苔薄白、脉浮数。治宜辛凉解表、透邪外达（「在卫汗之可也」），偏于表热者银翘散，偏于肺咳者桑菊饮。治当轻清宣透，忌辛温发汗、过用寒凉冰伏。,1,AI预标注，待人工复核
q040,久咳不愈，痰白清稀，畏寒怕冷，用什么药？,case,daixiabing_001,《中医妇科学》规划教材（要点归纳）,妇科,带下病·带下量多色质气味异常,带下病是指带下量明显增多，色、质、气味发生异常，或伴全身、局部症状者。病因多为湿邪影响任带二脉，任脉不固、带脉失约；辨证分脾虚、肾虚、湿热下注、湿毒蕴结等型。,带下病辨证分虚实：脾虚者色白或淡黄、质稀，治宜健脾升阳除湿；肾虚者色白清冷，治宜温肾培元；湿热湿毒者色黄或赤、质稠臭秽，治宜清热利湿解毒。带下量多、色异常伴瘙痒、血性带者须就医。教材要点归纳，供参考；具体诊疗请遵医嘱。,0,AI预标注，待人工复核
q040,久咳不愈，痰白清稀，畏寒怕冷，用什么药？,case,fengwen_001,温病学,温病学,风温,清·叶天士《温热论》：「温邪上受，首先犯肺。」风温为春冬季感受风热病邪所致之新感温病，初起以肺卫表热证为特征。（据规划教材《温病学·风温》归纳）,风温多发于春冬，为风热病邪客肺卫所致。初起邪在肺卫，症见发热微恶风寒、咳嗽、口微渴、脉浮数，辛凉解表为治（辛凉偏表用银翘散，偏咳用桑菊饮）；继而邪热入里壅肺，见身热咳喘、汗出口渴，麻杏石甘汤宣肺泄热；重者逆传心包，神昏谵语，清营汤、安宫牛黄丸清心开窍；后期肺胃阴伤，沙参麦冬汤滋养肺胃。本病初起忌辛温发汗。,0,AI预标注，待人工复核
q040,久咳不愈，痰白清稀，畏寒怕冷，用什么药？,case,wenbingxuepai_001,中医各家学说,流派,温病学派·创卫气营血与三焦辨证治温热,"叶天士《温热论》：""温邪上受，首先犯肺，逆传心包""，""卫之后方言气，营之后方言血""；吴鞠通《温病条辨》本之而立""治上焦如羽、治中焦如衡、治下焦如权""三焦治法。","温病学派是明清之际形成、以研究外感温热病为核心的医学流派，上承《素问》""冬伤于寒，春必病温""及宋元庞安时、王安道等人温病思想，成熟于清代康乾以下。该派突破了将外感热病概隶于《伤寒论》六经辨治的旧框架，自立温病辨治体系。叶天士（桂）创卫气营血辨证纲领，提出""温邪上受、首先犯肺、逆传心包""，分卫、气、营、血四层立法；薛雪（…",0,AI预标注，待人工复核
q040,久咳不愈，痰白清稀，畏寒怕冷，用什么药？,case,shanghan_395,伤寒论,辨霍乱病脉证并治,下利后（第395条）,下利后，当便硬，硬则能食者愈；今反不能食，到后经中，颇能食，复过一经能食，过之一日，当愈。不愈者，不属阳明也。,本条论述霍乱之脉证。症见下利、不能食。当审其表里寒热、虚实传变而施治。,0,AI预标注，待人工复核
q040,久咳不愈，痰白清稀，畏寒怕冷，用什么药？,case,wangbi_001,《中医诊断学》规划教材（要点归纳）,四诊,望鼻·鼻之色泽形态鼻涕,望鼻是观察鼻之色泽形态及鼻涕。鼻为肺之窍，属脾经。鼻端色赤为脾肺蕴热；鼻端色青为阴寒腹痛；鼻端晦暗枯槁为胃气已衰；鼻涕清稀为外感风寒；鼻涕黄稠为外感风热；鼻翼煽动为肺热喘促。,鼻为肺窍，鼻之色泽形态鼻涕反映肺与脾胃寒热。鼻翼煽动、鼻衄不止、鼻柱溃烂须就医。此为教材要点归纳，供参考；具体诊疗请遵医嘱，不引导自我诊断。,0,AI预标注，待人工复核
q040,久咳不愈，痰白清稀，畏寒怕冷，用什么药？,case,yetianshi_009,中医各家学说,医家,叶桂·创卫气营血辨证为温病学派宗师,"《温热论》：""温邪上受，首先犯肺，逆传心包。""又：""大凡看法，卫之后方言气，营之后方言血。在卫汗之可也，到气才可清气，入营犹可透热转气，……入血就恐耗血动血，直须凉血散血。""","叶桂，字天士，号香岩，清代江苏吴县（今苏州）人，生于康熙五年、卒于乾隆十年（1666—1745年）。其家三世业医，幼承家学，又先后从师十七人，博采众长，声名满于大江南北。门人据其口授与医案辑成《温热论》及《临证指南医案》。学术上最大贡献是系统总结温病辨证论治规律，提出""温邪上受、首先犯肺、逆传心包""的发病途径，并创卫气…",0,AI预标注，待人工复核
q040,久咳不愈，痰白清稀，畏寒怕冷，用什么药？,case,shanghan_045,伤寒论,辨太阳病脉证并治中,先发汗复下脉浮宜桂枝汤（第45条）,太阳病，先发汗不解，而复下之，脉浮者不愈。浮为在外，而反下之，故令不愈。今脉浮，故知在外，当须解外则愈，宜桂枝汤主之。,本条重申先表后下之理。太阳病先发汗不解而复下之，脉浮者不愈。浮为在外而反下之故不愈，今脉浮知邪在外，当须解外则愈，宜桂枝汤。,0,AI预标注，待人工复核
q040,久咳不愈，痰白清稀，畏寒怕冷，用什么药？,case,biaobengenjie_001,《中医基础理论》规划教材（要点归纳）,经络,标本根结·经脉之气根本标的上下对应关系,"标本与根结，是说明十二经脉之气上下对应关系的理论。""本""指经气本源所在部位，多在四肢下端；""标""指标末所结之处，多在头面躯干。""根""指经气所起，在四肢末端井穴；""结""指经气归聚结集，在头面胸腹部。标本根结共同反映经气上下贯通的联系。","标本根结从空间上下角度说明经气的分布规律：经气""根、本""多在四肢远端（尤其井穴），而""标、结""多在头面躯干。这解释了为什么四肢远端穴位（如四肢肘膝以下）能治头面、胸腹病症——""远道取穴""。学习时应与根结标本、气街等经络理论互参，理解其对选穴配穴的指导意义。",0,AI预标注，待人工复核
q040,久咳不愈，痰白清稀，畏寒怕冷，用什么药？,case,shengjiang_001,中国药典（2025年版）一部,解表药,生姜,据《中国药典》2025 年版一部：生姜为姜科植物姜 Zingiber officinale Rosc. 的新鲜根茎（药用部位：新鲜根茎）。性味辛，微温；归肺、脾、胃经。功能与主治：解表散寒，温中止呕，化痰止咳，解鱼蟹毒；用于风寒感冒，胃寒呕吐，寒痰咳嗽，鱼蟹中毒。用法与用量：3～10g，或捣汁服。贮藏：置阴凉潮湿处，或…,**简明**：生姜辛微温，解表散寒、温中止呕、化痰止咳，为「呕家圣药」，主治风寒感冒、胃寒呕吐、寒痰咳嗽。**详解**：风寒轻证常配红糖煎服；胃寒呕吐配半夏（小半夏汤）；治咳喘痰白配杏仁、紫苏；解半夏、天南星毒及鱼蟹毒。生姜汁长于止呕豁痰，干姜偏温中散寒，炮姜偏温经止血。,2,AI预标注，待人工复核
q040,久咳不愈，痰白清稀，畏寒怕冷，用什么药？,case,zhisousan_001,《方剂学》规划教材（要点归纳）,解表剂,止嗽散·止咳化痰疏表宣肺,"传统方歌：""止嗽散用百部菀，白前桔草荆陈研，姜汤调下三钱匕，新久咳嗽总堪安。""（据教材要点归纳：紫菀、百部、白前、桔梗、荆芥、陈皮各约二斤，甘草约十二两，共为散，每服约三钱，食后临卧温水或姜汤下。）",止嗽散为温润平和之止咳剂，主治风邪犯肺、表邪未尽、肺气失宣之咳嗽，症见咳嗽咽痒、咯痰不爽、微恶风发热，新久咳嗽均可加减使用。阴虚劳嗽、痰热壅盛者须辨证化裁。本方为要点归纳，供参考；具体用药请遵医嘱。,2,AI预标注，待人工复核
q040,久咳不愈，痰白清稀，畏寒怕冷，用什么药？,case,fengzhen_001,《中医儿科学》规划教材（要点归纳）,儿科,风疹·小儿出疹性传染病淡红色斑丘疹,风疹是由风疹时邪引起的较轻出疹性传染病，以轻度发热、咳嗽、皮肤出现淡红色斑丘疹、耳后及枕部淋巴结肿大为特征。辨证常见邪犯肺卫、邪入气营等型。治法以疏风清热、清热解毒为主。,风疹症状较轻，一般预后良好，但孕妇早期感染可影响胎儿。中医邪犯肺卫用银翘散疏风清热，邪入气营用透疹凉解汤。须隔离至疹出后5天。高热不退、疹色紫暗者须及时就医。本条目为教材要点归纳，供参考；具体诊疗请遵医嘱。,0,AI预标注，待人工复核
q040,久咳不愈，痰白清稀，畏寒怕冷，用什么药？,case,baitouwengtang_001,伤寒论,辨厥阴病脉证并治,白头翁汤方,热利下重者，白头翁汤主之。 白头翁汤方 白头翁二两（苦寒） 黄连（苦寒） 黄柏（苦寒） 秦皮（苦寒）各三两右四味，以水七升，煮取二升，去滓，温服一升；不愈，更服一升。,白头翁汤主治热毒痢疾之下利脓血、腹痛、里急后重、肛门灼热、渴欲饮水。白头翁清热解毒、凉血止痢为君，黄连、黄柏清热燥湿解毒，秦皮清热收涩止痢。,0,AI预标注，待人工复核
q040,久咳不愈，痰白清稀，畏寒怕冷，用什么药？,case,shanghan_381,伤寒论,辨厥阴病脉证并治,白头翁汤证治（第381条）,热利下重者，白头翁汤主之。 白头翁汤方 白头翁二两（苦寒） 黄连（苦寒） 黄柏（苦寒） 秦皮（苦寒）各三两右四味，以水七升，煮取二升，去滓，温服一升；不愈，更服一升。,本条论述厥阴病之脉证。治以白头翁汤（清热燥湿、凉血止利），药后观其进退。,0,AI预标注，待人工复核
q040,久咳不愈，痰白清稀，畏寒怕冷，用什么药？,case,tanyin_002,《中医基础理论》规划教材（要点归纳）,病因病机,痰饮·水液代谢障碍形成的病理产物,"痰饮是水液代谢障碍所形成的病理产物。一般以质地稠浊者为痰，清稀者为饮。痰又分有形之痰（咳吐可见）与无形之痰（停留于脏腑经络，不见其形而见其症）。痰饮形成后可随气升降，无处不到，引起多种病证，故有""百病多由痰作祟""之说。",痰饮既是病理产物，又可成为新的致病因素。其生成与肺、脾、肾三脏水液代谢失调有关。痰随气行，停在何处便见何病，如痰浊上犯可见眩晕，痰气交阻可见梅核气。临床治痰多从健脾、宣肺、温肾、理气入手。学习时应与津液代谢一条互参。,0,AI预标注，待人工复核
q040,久咳不愈，痰白清稀，畏寒怕冷，用什么药？,case,yetianshi_008,临证指南医案,痢门,叶天士·湿热内恋久痢案,某，下痢赤白，里急后重，绵延数月不愈。先生谓夏秋湿热，气阻血滞，蕴于肠腑，初起失于清解，致湿热内恋，治宜苦寒清肠、辛以理湿，佐以调气和血，忌兜涩太早。,此案辨久痢仍属湿热内恋、肠腑气滞血滞，主以苦寒清肠、辛理湿浊、调气和血，戒早投兜涩。示人痢疾无论新久，须辨邪正盛衰，不可见痢久即纯补。,0,AI预标注，待人工复核
q040,久咳不愈，痰白清稀，畏寒怕冷，用什么药？,case,zaoxie_001,《中医基础理论》规划教材（要点归纳）,病因病机,燥邪·燥性干涩易伤津液伤肺,燥邪为六淫之一，其性干涩，多犯肺脏。致病特点：燥性干涩，易伤津液，见口鼻干燥、咽干口渴、皮肤干涩、毛发不荣；燥易伤肺，肺为娇脏喜润恶燥，见干咳少痰、痰黏难咯、喘息胸痛。初秋尚热多温燥，深秋近寒多凉燥。,燥邪干涩伤津、易伤肺脏，分温燥、凉燥。临床见口鼻干燥、咽干口渴、干咳少痰、皮肤干涩者，多属燥邪为患。本条为病因基础理论，不涉及具体诊疗。,0,AI预标注，待人工复核
q040,久咳不愈，痰白清稀，畏寒怕冷，用什么药？,case,feiqixu_yinxu_001,中医诊断学,辨证,肺气虚证与肺阴虚证,肺病虚证类。据规划教材《中医诊断学》归纳：肺气虚证以咳喘无力、气短、痰液清稀、自汗畏风、易于感冒、面色淡白、舌淡苔白、脉虚为要点；肺阴虚证以干咳无痰或痰少而黏、不易咯出、口燥咽干、形体消瘦、五心烦热、潮热盗汗、舌红少苔、脉细数为要点。,肺气虚治宜补益肺气；肺阴虚治宜滋阴润肺。二者均见咳嗽久延。鉴别眼目：气虚证兼咳喘无力、痰稀、自汗畏风易感冒、舌淡脉虚，属气虚；阴虚证兼干咳少痰、咽干、潮热盗汗、舌红少苔脉细数，属阴虚内热。肺病虚证常影响及脾（土不生金）或肾（肾不纳气），须兼顾。,0,AI预标注，待人工复核
q040,久咳不愈，痰白清稀，畏寒怕冷，用什么药？,case,wangpaichuwu_001,《中医诊断学》规划教材（要点归纳）,四诊,望排出物·观察痰涕唾涎呕吐物二便,望排出物是观察患者分泌物、排泄物和呕吐物的形、色、质、量变化以推断脏腑寒热虚实的诊法。痰涕清稀色白多属寒，黏稠色黄多属热；呕吐物清稀无酸臭多属寒呕，黄浊酸臭多属热呕；大便清稀多属寒湿，黄糜臭秽多属湿热；小便清长多属寒，短黄多属热。,望排出物以形、色、质、量四要素辨寒热虚实：清稀淡白多寒、多虚；黄稠臭秽多热、多实。此为教材要点归纳，供参考；具体诊疗请遵医嘱，不引导自我诊断。,0,AI预标注，待人工复核
q040,久咳不愈，痰白清稀，畏寒怕冷，用什么药？,case,kesou_002,中医临床诊疗指南/专家共识（要点归纳）,现代中医,咳嗽·辨证论治要点,据现行中医内科常见病诊疗指南：咳嗽以肺失宣肃、肺气上逆为基本病机，辨证当分外感与内伤；外感常见风寒犯肺、风热犯肺，内伤常见痰湿蕴肺、痰热郁肺，治以宣肺止咳为总则，随证加减。（要点归纳，非原文照录。）,咳嗽为肺系常见病证，指南要点：以咳嗽、咯痰为主症，辨证分外感风寒、风热与内伤痰湿、痰热等型；风寒者宜疏风散寒、宣肺止咳，风热者宜疏风清热、宣肺止咳，痰湿者宜燥湿化痰，痰热者宜清热化痰。临证须辨外感新咳与内伤久咳，结合舌脉、痰色痰量加减用药；配合避风寒、节饮食、戒烟酒等调护。本条目为要点归纳，供参考；具体诊疗请遵医嘱。,1,AI预标注，待人工复核
q040,久咳不愈，痰白清稀，畏寒怕冷，用什么药？,case,sanjiao_003,《中医诊断学》规划教材（要点归纳）,辨证,三焦辨证分证·上中下焦温病证候区分,三焦辨证是吴鞠通创立的温病辨证体系，将温病传变分为上焦、中焦、下焦三个阶段。上焦病证为温邪犯肺、心包，症见发热咳嗽或神昏；中焦病证为热盛胃腑肠腑，症见腹满便秘；下焦病证为热灼肝肾真阴，症见手足蠕动、舌干绛。,三焦辨证以三焦部位划分温病传变：上焦治肺与心包，中焦治胃与肠，下焦治肝肾真阴。与卫气营血辨证互参。神昏动风者须及时就医。此为教材要点归纳，供参考；具体诊疗请遵医嘱，不引导自我诊断。,0,AI预标注，待人工复核
q040,久咳不愈，痰白清稀，畏寒怕冷，用什么药？,case,mazhen_001,《中医儿科学》规划教材（要点归纳）,儿科,麻疹·小儿出疹性传染病疹出如麻粒,麻疹是由麻疹时邪引起的肺系出疹性传染病，以发热、咳嗽、目赤畏光、麻疹黏膜斑、全身布发红色斑丘疹为特征。病程分初热期、见形期、恢复期。辨证常见邪犯肺卫、邪入肺胃、阴津耗伤等型。治法以辛凉透表、清热解毒、养阴清热为主。,麻疹为法定传染病，须隔离、规范诊治，预防靠疫苗。中医初热期辛凉透表（宣毒发表汤），见形期清热解毒透疹（清解透表汤），恢复期养阴（沙参麦冬汤）。若高热喘憋、疹出即没、神昏须立即送医。本条目为教材要点归纳，供参考；具体诊疗请遵医嘱。,0,AI预标注，待人工复核
q040,久咳不愈，痰白清稀，畏寒怕冷，用什么药？,case,jingui_004,金匮要略,疟病脉证并治第四,疟病脉证并治第四,（证二条 方六首） 师曰：疟脉自弦，弦数者多热，弦迟者多寒。弦小紧者下之差，弦迟者可温之，弦紧者可发汗、针灸也，浮大者可吐之，弦数者风发也，以饮食消息止之。 病疟以月一日发，当以十五日愈，设不差，当月尽解。如其不差，当云何？师曰：此结为癥瘕，名曰疟母，急治之，宜鳖甲煎丸。 鳖甲煎丸方 鳖甲十二分（炙） 乌扇三分（烧） …,本篇论疟病脉证治法。疟脉自弦，分瘅疟（但热不寒）、温疟（寒少热多）、牡疟（多寒）三型；久疟不愈结为疟母，宜鳖甲煎丸缓消；附《外台》三方备参。,0,AI预标注，待人工复核
q040,久咳不愈，痰白清稀，畏寒怕冷，用什么药？,case,snb_ganjiang_001,神农本草经,中经,干姜,干姜，味辛，温。主胸满，咳逆上气，温中，止血，出汗，逐风湿痹，肠澼下利。,干姜辛热，温中散寒、回阳通脉、温肺化饮，主治脘腹冷痛、呕吐泄泻、亡阳厥逆及寒饮喘咳。本经主胸满咳逆、肠澼下利，皆取其温中散寒、化饮止利之功。,2,AI预标注，待人工复核
q040,久咳不愈，痰白清稀，畏寒怕冷，用什么药？,case,feihan_feire_001,中医诊断学,辨证,风寒犯肺证与肺热炽盛证,肺病外感实证类。据规划教材《中医诊断学》归纳：风寒犯肺证以咳嗽、痰稀色白、鼻塞流清涕、恶寒发热、无汗、头身痛、苔薄白、脉浮紧为要点；肺热炽盛（含风热犯肺、热邪壅肺）以咳嗽、痰稠色黄、气喘息粗、甚则鼻翼煽动、壮热口渴、咽喉肿痛、便秘尿黄、舌红苔黄、脉滑数为要点。,风寒犯肺治宜疏风散寒、宣肺止咳；肺热炽盛治宜清热泻肺、化痰平喘。二者均以咳嗽为主症。鉴别眼目：风寒犯肺痰稀色白、兼表寒证（恶寒无汗、脉浮紧）；肺热炽盛痰稠色黄、兼里热证（壮热口渴、舌红苔黄脉数）。须与肺阴虚之久咳鉴别——前者新起属实、有表热或表寒证，后者久病属虚、见阴虚内热诸症。,1,AI预标注，待人工复核
q040,久咳不愈，痰白清稀，畏寒怕冷，用什么药？,case,shanghan_041,伤寒论,辨太阳病脉证并治中,小青龙汤已渴为欲解（第41条）,伤寒，心下有水气，咳而微喘，发热不渴。服汤已渴者，此寒去欲解也。小青龙汤主之。,本条承上辨小青龙汤证服后转归。伤寒心下有水气，咳而微喘、发热不渴者，小青龙汤主之。服汤已渴者，为寒饮去、阳气复、津液一时未布，乃病欲解之兆。,3,AI预标注，待人工复核
q040,久咳不愈，痰白清稀，畏寒怕冷，用什么药？,case,ganjiang_001,中国药典（2025年版）一部,温里药,干姜,据《中国药典》2025 年版一部：干姜为姜科植物姜 Zingiber officinale Rosc. 的干燥根茎（药用部位：干燥根茎）。性味辛，热；归脾、胃、肾、心、肺经。功能与主治：温中散寒，回阳通脉，温肺化饮；用于脘腹冷痛，呕吐泄泻，肢冷脉微，寒饮喘咳。炮姜：温经止血。用法与用量：3～10g。贮藏：置阴凉干燥处，…,**简明**：干姜辛热，温中散寒、回阳通脉、温肺化饮，为温**中焦**之主药，主治脾胃虚寒腹痛吐泻、亡阳肢冷及寒饮咳喘。**详解**：中焦虚寒配人参、白术（理中丸）；亡阳配附子（四逆汤，附子无姜不热）；寒饮咳喘配细辛、五味子（小青龙汤）。炮姜温经止血，治虚寒出血。阴虚内热、血热妄行者忌用。,3,AI预标注，待人工复核
q040,久咳不愈，痰白清稀，畏寒怕冷，用什么药？,case,snb_wuweizi_001,神农本草经,上经,五味子,五味子，味酸，温。主益气，咳逆上气，劳伤羸瘦，补不足，强阴，益男子精。一名会及。生山谷。,五味子酸甘温，收敛固涩、益气生津、补肾宁心，主治久咳虚喘、梦遗滑精、遗尿尿频、久泻不止、自汗盗汗及津伤口渴、心悸失眠。,0,AI预标注，待人工复核
q040,久咳不愈，痰白清稀，畏寒怕冷，用什么药？,case,jingui_007,金匮要略,肺痿肺痈咳嗽上气病脉证治第七,肺痿肺痈咳嗽上气病脉证治第七,（论三首 脉证四条 方十六首） 问曰：热在上焦者，因咳为肺痿。肺痿之病何从得之？师曰：或从汗出，或从呕吐，或从消渴，小便利数，或从便难，又被快药下利，重亡津液，故得之。曰：寸口脉数，其人咳，口中反有浊唾诞沫者何？师曰：为肺痿之病。若口中辟辟燥，咳即胸中隐隐痛，脉反滑数，此为肺痈，咳唾脓血。脉数虚者为肺痿，数实者为肺痈。…,本篇论肺痿、肺痈、咳嗽上气。肺痿因重亡津液、多涎沫不咳；肺痈咳唾脓血、脉数实；咳嗽上气分寒饮（射干麻黄汤）、痰浊（皂荚丸）、水饮（泽漆汤）等型；附《外台》《千金》苇茎汤等。,0,AI预标注，待人工复核
q040,久咳不愈，痰白清稀，畏寒怕冷，用什么药？,case,kexuefang_001,《方剂学》规划教材（要点归纳）,理血剂,咳血方·清肝宁肺凉血止血,"传统方歌：""咳血方中诃子收，瓜蒌海粉山栀投，青黛蜜丸口噙化，咳嗽痰血服之瘳。""（《丹溪心法》方，据教材要点归纳：青黛、瓜蒌仁、海浮石、山栀子、诃子各约常用量，为丸含化或水煎服。）",咳血方为清肝宁肺、凉血止血之代表方，主治肝火犯肺之咳血证，症见咳嗽痰稠、咳痰带血、心烦易怒、胸胁刺痛。本方为清肝之剂，虚寒性咳血、肺肾阴虚劳嗽者不宜。本方为要点归纳，供参考；具体用药请遵医嘱。,0,AI预标注，待人工复核
q040,久咳不愈，痰白清稀，畏寒怕冷，用什么药？,case,lizhongwan_001,伤寒论,辨霍乱病脉证并治,理中丸方,霍乱，头痛，发热，身疼痛，热多，欲饮水者，五苓散主之；寒多，不用水者，理中丸主之。 理中丸方 人参（甘温） 甘草（炙，甘平） 白术（甘温） 干姜（辛热）以上各三两右四味，捣筛为末，蜜和丸，如鸡黄大，以沸汤数合，和一丸，研碎，温服之。日三服，夜二服，腹中未热，益至三四丸，然不及汤。汤法，以四物，依两数切，用水八升，煮取三…,理中丸（又名人参汤）为温中散寒、补气健脾之代表方，主治脾胃虚寒之脘腹冷痛、呕吐下利、畏寒肢冷、食少。干姜温中祛寒为君，人参补中益气，白术健脾燥湿，炙甘草益气和中。,3,AI预标注，待人工复核
q040,久咳不愈，痰白清稀，畏寒怕冷，用什么药？,case,snb_ziwan_001,神农本草经,中经,紫菀,紫菀，味苦，温。主咳逆上气，胸中寒热结气，去蛊毒痿蹶，安五脏。,紫菀辛苦温润，润肺下气、化痰止咳，主治咳嗽痰多、新久咳嗽、劳嗽咯血及小便不利。本经主咳逆上气、胸中寒热结气，取其温润肺金、开结化痰之功。,0,AI预标注，待人工复核
q040,久咳不愈，痰白清稀，畏寒怕冷，用什么药？,case,tongxuanlifeiwan_001,《中国药典》一部/药品说明书（要点归纳）,解表剂/中成药,通宣理肺丸·解表散寒宣肺止嗽,据现行版《中国药典》一部与药品说明书要点归纳：本品由紫苏叶、前胡、桔梗、苦杏仁、麻黄、甘草、陈皮、半夏（制）、茯苓、枳壳（炒）、黄芩等组成，具解表散寒、宣肺止嗽之功，用于风寒感冒咳嗽，症见发热恶寒、鼻塞流涕、咳嗽、喷嚏、头痛、无汗、肢体酸痛。用法用量按说明书口服。,通宣理肺丸为临床常用辛温解表、宣肺止咳类中成药，用于风寒感冒兼咳嗽、鼻塞流涕、恶寒无汗。方中含麻黄，高血压、心脏病患者及运动员慎用；风热或痰热咳嗽、阴虚干咳不宜。服药期间忌烟酒辛辣油腻，不宜同时服滋补中药；服药后症状加重或发热不退应就医。本条目为中成药，请按说明书或在医师指导下使用。,1,AI预标注，待人工复核
q040,久咳不愈，痰白清稀，畏寒怕冷，用什么药？,case,miaoxiyong_001,先醒斋医学广笔记,吐血,缪希雍吐血三法治血证案,一患吐血盈盆，或谓当止血。仲醇（缪希雍）曰：止血非其治也。吐血有三法：宜行血不宜止血，血不行经络者，气逆上壅也，行血则循经自止；宜补肝不宜伐肝，肝火犯肺则血逆，补肝则藏血而火自平；宜降气不宜降火，气有余便是火，降气则火自降。以生地、丹皮、栀子凉而行之，白芍、降香、牛膝降气补肝，数服血止不复发。（《先醒斋医学广笔记》）,患者吐血盈盆，众医议止，缪希雍立吐血三法：行血不宜止血（防留瘀）、补肝不宜伐肝（防伤正）、降气不宜降火（气降火自降），主凉润行血、降气补肝之品，血止而不复发。此案为血证治法名论，示人吐血不可见血即止，当辨气逆火升、肝不藏血之本，降气、补肝、行血并施。,0,AI预标注，待人工复核
q040,久咳不愈，痰白清稀，畏寒怕冷，用什么药？,case,nanjing_049,难经,第四十九难,第四十九难,曰：有正经自病，有五邪所伤，何以别之？  然：经言忧愁思虑则伤心；形寒饮冷则伤肺；恚怒气逆，上而不下则伤肝；饮食劳倦则伤脾；久坐湿地，强力入水则伤肾。是正经之自病也。  何谓五邪？  然：有中风，有伤暑，有饮食劳倦，有伤寒，有中湿。此之谓五邪。  假令心病，何以知中风得之？  然：其色当赤。何以言之？肝主色，自入为青，…,本难分正经自病与五邪所伤。忧愁思虑伤心、形寒饮冷伤肺、恚怒气逆伤肝、饮食劳倦伤脾、久坐湿地强力入水伤肾；五邪为中风、伤暑、饮食劳倦、伤寒、中湿，并以心病为例详述各色臭味声液脉证。,0,AI预标注，待人工复核
q040,久咳不愈，痰白清稀，畏寒怕冷，用什么药？,case,jiangbanxia_001,中国药典（2025年版）一部,化痰止咳平喘药,姜半夏,据《中国药典》2025 年版一部：姜半夏系半夏的姜制加工品，为天南星科植物半夏 Pinellia ternata (Thunb.) Breit. 的干燥块茎经生姜煎煮、白矾制后干燥而成（药用部位：炮制品）。生半夏有毒多外用；经姜矾制后毒性降低，姜制偏于温中化痰、降逆止呕，为止呕所常用。性味辛，温；归脾、胃、肺经。功能与…,**简明**：姜半夏系半夏姜制（姜矾制）品，辛温，温中化痰、降逆止呕，为半夏炮制品中**止呕力最强**者，主治痰饮呕吐、胃脘痞满。**详解**：寒饮呕吐配生姜（小半夏汤）；寒热错杂之心下痞满配黄连、黄芩、干姜（半夏泻心汤）；妊娠恶阻可配伍使用。**反乌头、附子**；阴虚燥咳、血证者忌用。,0,AI预标注，待人工复核
q040,久咳不愈，痰白清稀，畏寒怕冷，用什么药？,case,xiaoqinglongtang_jieyao_001,方解（方论集要）,解表剂·方解,小青龙汤·解表散寒温肺化饮,本方出《伤寒论》：组成麻黄、芍药、细辛、干姜、甘草、桂枝、半夏、五味子。方中麻黄、桂枝君，发汗解表、宣肺平喘；干姜、细辛臣，温肺化饮、助麻桂解表；半夏佐，燥湿化痰、和胃降逆；五味子、芍药佐，敛肺止咳、敛阴和营，防诸辛温药耗散肺气；炙甘草使，调和诸药。,小青龙汤为解表散寒、温肺化饮之剂，治外寒内饮之喘咳、痰多清稀。麻桂发汗解表，姜辛夏温化水饮，五味芍药敛肺和营，一散一收，既散寒饮又防辛散太过。本方温燥辛散，阴虚干咳、痰热咳嗽、表虚自汗者禁用；不可久服，中病即止。方解供学习参考；具体用药请遵医嘱。,3,AI预标注，待人工复核
q040,久咳不愈，痰白清稀，畏寒怕冷，用什么药？,case,weiqi_yingxue_001,中医诊断学,辨证,卫气营血辨证,"叶天士《外感温热篇》：""温邪上受，首先犯肺，逆传心包""；""卫之后方言气，营之后方言血""；""在卫汗之可也，到气才可清气，入营犹可透热转气……入血就恐耗血动血，直须凉血散血""。据规划教材《中医诊断学》归纳：卫分证以发热微恶风寒、头痛、口微渴、苔薄白、脉浮数为要点；气分证以壮热不恶寒反恶热、汗多渴喜冷饮、舌红苔黄、脉洪数为要…",卫气营血辨证为温病学辨温热病之纲领，用以辨别温热病浅深层次与传变。卫分主表（肺卫），治宜辛凉解表；气分主里（胃、肠），治宜清气生津；营分主心营，治宜清营透热；血分主心肝，治宜凉血散血、息风。传变有顺传（卫→气→营→血）与逆传（由卫分径入心包）。临证以热型、渴饮、舌色（苔白→苔黄→舌红绛→舌深绛）、神志与斑疹为分层眼目。,1,AI预标注，待人工复核
q040,久咳不愈，痰白清稀，畏寒怕冷，用什么药？,case,wuxingchengxiangwu_001,《中医基础理论》规划教材（要点归纳）,阴阳五行,五行相乘相侮·过度克制与反向克制,"相乘，指五行中某一行对被克一行的克制太过，超过正常制约限度，次序与相克一致（如木乘土）。相侮，指五行中某一行过于强盛，对""克我""之行进行反向克制，即反侮、反克（如木侮金）。相乘相侮皆为五行关系的失常状态。","相乘与相侮是五行相克关系的异常：相乘为克得太过，方向与正常相克相同；相侮为反向克害，方向与正常相克相反。两者成因皆为某一行""太过""或""不及""。中医学以其说明病理传变，如肝气犯脾（木乘土）、肝火犯肺（木侮金）。学习时应分清：正常相克为生理，相乘相侮为病理；并与母子相及（相生异常）对照理解五行两类异常传变。",0,AI预标注，待人工复核
q040,久咳不愈，痰白清稀，畏寒怕冷，用什么药？,case,banxia_001,中国药典（2025年版）一部,化痰止咳平喘药,半夏,据《中国药典》2025 年版一部：半夏为天南星科植物半夏 Pinellia ternata (Thunb.) Breit. 的干燥块茎（药用部位：块茎）。性味辛，温；有毒；归脾、胃、肺经。功能与主治：燥湿化痰，降逆止呕，消痞散结；用于湿痰寒痰，咳喘痰多，痰饮眩悸，风痰眩晕，痰厥头痛，呕吐反胃，胸脘痞闷，梅核气；生品外治…,**简明**：半夏辛温有毒，燥湿化痰、降逆止呕、消痞散结，为「**治湿痰要药**」与**止呕要药**，主治湿痰咳喘、呕吐、痞满及梅核气。**详解**：湿痰咳嗽配陈皮、茯苓（二陈汤）；寒饮呕吐配生姜（小半夏汤）；心下痞满配黄连、黄芩（半夏泻心汤）；梅核气配厚朴、紫苏叶。**反乌头、附子**；阴虚燥咳、血证者忌用；生品有毒…,0,AI预标注，待人工复核
q040,久咳不愈，痰白清稀，畏寒怕冷，用什么药？,case,suwen_038,黄帝内经素问,咳论篇第三十八,咳论篇第三十八,黄帝问曰：肺之令人咳，何也？岐伯对曰：五脏六腑，皆令人咳，非独肺也。帝曰：愿闻其状。岐伯曰：皮毛者，肺之合也。皮毛先受邪气，邪气以从其合也。其寒饮食入胃，从肺脉上至于肺则肺寒，肺寒则外内合邪，因而客之，则为肺咳。五脏各以其时受病，非其时各传以与之。人与天地相参，故五脏各以治时，感于寒则受病，微则为咳，甚则为泄、为痛。乘…,本篇论咳嗽之病机与分治。谓五脏六腑皆令人咳，非独肺也。皮毛先受邪以从其合，寒饮入胃从肺脉至肺则肺寒，外内合邪乃为肺咳；五脏各以其时受病。分述肺、心、肝、脾、肾五脏咳与胃、胆、大肠、小肠、膀胱、三焦六腑咳之状。指出诸咳皆聚于胃、关于肺。治脏者治其俞，治腑者治其合，浮肿者治其经。,1,AI预标注，待人工复核
q040,久咳不愈，痰白清稀，畏寒怕冷，用什么药？,case,maimendong_001,《方剂学》规划教材（要点归纳）,治燥剂,麦门冬汤·清养肺胃降逆下气,"《金匮要略·肺痿肺痈咳嗽上气病脉证治》：""大逆上气，咽喉不利，止逆下气者，麦门冬汤主之。""（据教材要点归纳：麦门冬约七升、半夏约一升、人参、甘草、粳米、大枣，水煎温服。）",麦门冬汤为清养肺胃、降逆下气之代表方，主治肺胃阴虚、气逆津伤之咳唾涎沫、气喘短气、咽喉不利、口干欲饮。方中半夏虽温，但与大量麦冬相伍则温而不燥，肺胃虚寒、咳逆清稀者不宜。本方为要点归纳，供参考；具体用药请遵医嘱。,0,AI预标注，待人工复核
q040,久咳不愈，痰白清稀，畏寒怕冷，用什么药？,case,wangmengying_003,王氏医案,痰气门,王孟英·痰热阻气案,某，咳嗽痰多黄稠，胸闷不舒，苔黄腻，脉滑数。孟英谓此痰热内蕴、肺失清肃，治宜清化痰热、宣畅气机，药取栝楼、贝母、黄芩、杏仁、枇杷叶之属，忌辛温燥湿。,此案辨咳嗽痰多黄稠属痰热阻肺，主以清化宣畅，戒辛温燥湿。孟英论痰区分寒热，于痰热证善用清润，与治湿痰之温化法门迥异。,0,AI预标注，待人工复核
q040,久咳不愈，痰白清稀，畏寒怕冷，用什么药？,case,snb_shuyu_001,神农本草经,上经,薯蓣,薯蓣，味甘，温。主伤中，补虚羸，除寒热邪气，补中益气力，长肌肉。久服，耳目聪明，轻身不饥，延年。一名山芋。生山谷。,薯蓣（山药）甘平温，补脾养胃、生津益肺、补肾涩精，为药食两用之品，主治脾虚食少、肺虚喘咳、肾虚遗精带下。,0,AI预标注，待人工复核
q040,久咳不愈，痰白清稀，畏寒怕冷，用什么药？,case,weifenzheng_002,《中医诊断学》规划教材（要点归纳）,辨证,卫分证·温邪犯表发热微恶风寒,卫分证是温热病邪侵袭肌表、肺卫失宣所表现的证候，为温病初起。以发热、微恶风寒、口微渴、头痛、咳嗽、苔薄白、脉浮数为辨证要点。病位在肺与皮毛，属表热。,卫分证为温病初起表热证，以发热微恶风寒、口微渴为要点，治宜辛凉解表，代表方银翘散、桑菊饮。与伤寒太阳表寒鉴别：温病初起即口渴、脉浮数。此为教材要点归纳，供参考；具体诊疗请遵医嘱，不引导自我诊断。,1,AI预标注，待人工复核
q040,久咳不愈，痰白清稀，畏寒怕冷，用什么药？,case,shuanghuanglianhekoufuye_001,《中国药典》一部/药品说明书（要点归纳）,解表剂/中成药,双黄连口服液·疏风解表清热解毒,据现行版《中国药典》一部与药品说明书要点归纳：本品由金银花、黄芩、连翘三味组成，具疏风解表、清热解毒之功，用于外感风热所致感冒，症见发热、咳嗽、咽痛。用法用量按说明书口服。,双黄连口服液为常用辛凉解表类中成药，用于外感风热感冒之发热、咳嗽、咽痛。服药期间忌烟、酒及辛辣生冷油腻，不宜同时服用滋补性中药；风寒感冒者不适用，脾胃虚寒泄泻者慎用。本条目为中成药，请按说明书或在医师指导下使用。,0,AI预标注，待人工复核
q040,久咳不愈，痰白清稀，畏寒怕冷，用什么药？,case,huatuo_003,名医类案,华佗医案,华佗断督邮徐毅误针案,故督邮徐毅得病，佗往省之。毅谓佗曰：昨使医曹吏刘租针胃管讫，便苦咳嗽，欲卧不安。佗曰：刺不得胃管，误中肝也，食当日减，五日不救。遂如佗言。（《三国志·魏书·方技传》）,"督邮徐毅被医官针刺""胃管""后，即咳嗽、卧不安。华佗诊之，断为针刺未中胃管、误伤于肝，预言其饮食日减、五日当死。后果如期。此案见华佗凭针后症候逆推误伤脏腑并精确判断预后，亦古针刺禁忌与针害之著名案例。",0,AI预标注，待人工复核
q040,久咳不愈，痰白清稀，畏寒怕冷，用什么药？,case,shanghan_524,伤寒论,伤寒例,小人触冒（第524条）,小人触冒，必婴暴疹。须知毒烈之气，留在何经，而发何病，详而取之。是以春伤于风，夏必飧泄；夏伤于暑，秋必病疟；秋伤于湿，冬必咳嗽；冬伤于寒，春必病温。此必然之道，可不审明之。,本条论述伤寒例之脉证。症见咳。当审其表里寒热、虚实传变而施治。,0,AI预标注，待人工复核
q040,久咳不愈，痰白清稀，畏寒怕冷，用什么药？,case,luobotang_001,中医养生（古籍要义归纳）,食疗养生,萝卜汤·下气消食家常汤,"《新修本草》载莱菔（萝卜）味辛甘温、无毒，大下气、消谷、去痰癖；《本草纲目》谓""莱菔根，煮食，治咳嗽稠痰，散瘀血""。民间以白萝卜煮汤佐餐，为家常清润汤品（据古籍食治要点归纳）。",萝卜汤是中医传统家常食疗汤，以白萝卜切块，加水清煮至汤色乳白，酌加少量盐、葱花调味。要领：萝卜不去皮切块，先冷水下锅煮开后转小火，可配少量虾米、排骨同煮增鲜，佐餐温服。作为古代食养文化与家常汤品，其意在下气消食、化痰和胃、清淡解腻。本条目为养生保健参考，不替代诊疗；体质有异，食用前自行斟酌。,0,AI预标注，待人工复核
q040,久咳不愈，痰白清稀，畏寒怕冷，用什么药？,case,sangjuyin_002,《方剂学》规划教材（要点归纳）,解表剂,桑菊饮·疏风清热宣肺止咳,"传统方歌：""桑菊饮中桔杏翘，芦根甘草薄荷饶，清疏肺卫轻宣剂，风温咳嗽服之消。""（据教材要点归纳：桑叶约二钱五分、菊花一钱、杏仁二钱、连翘一钱五分、薄荷八分、桔梗二钱、苇根二钱、甘草八分，水煎温服。）",桑菊饮为辛凉解表之轻剂，主治风温初起、邪客肺络证，症见咳嗽、身热不甚、口微渴、脉浮数，与银翘散相较，本方偏重于宣肺止咳而解表之力较弱。肺热炽盛、津伤口渴重者须加味化裁。本方为要点归纳，供参考；具体用药请遵医嘱。,0,AI预标注，待人工复核
q040,久咳不愈，痰白清稀，畏寒怕冷，用什么药？,case,yinsheng_001,中医诊断学,四诊,音声与语言（语声·呼吸·咳嗽·呕吐）,闻诊包括听声音与嗅气味。教材归纳：语声高低辨虚实，呼吸粗细辨正邪，咳嗽呕哕之声辨病位病性。《素问·脉要精微论》「声如从室中言，是中气之湿也」为闻声辨证之典范。,语声宏亮、多言躁动属实证热证；语声低微、懒言重复属虚证寒证。呼吸气粗有力为肺实热或阳明腑实；呼吸气微、气短不足以息为肺肾气虚。语言异常：神识不清、语无伦次、声高有力为谵语，属热扰心神之实证；神识不清、语言重复、时断时续、声低无力为郑声，属心气大伤之虚证。咳嗽：咳声重浊兼鼻塞流涕多外感风寒；咳声清脆多燥咳；咳声不畅、痰多…,1,AI预标注，待人工复核
q040,久咳不愈，痰白清稀，畏寒怕冷，用什么药？,case,shaoshang_001,针灸学,手太阴肺经,少商,《灵枢·本输》：肺出于少商，少商者，手大指端内侧也，为井木。,少商为手太阴肺经井穴，定位在手指，拇指末节桡侧，指甲根角侧上方0.1寸。主治咽喉肿痛、咳嗽、鼻衄、高热、昏迷、癫狂，为治咽喉肿痛、急救开窍要穴。刺法：浅刺0.1寸，或用三棱针点刺出血；慎灸。,0,AI预标注，待人工复核
q040,久咳不愈，痰白清稀，畏寒怕冷，用什么药？,case,shanghan_106,伤寒论,辨太阳病脉证并治中,肝乘肺刺期门（第106条）,伤寒发热，啬啬恶寒，大渴欲饮水，其腹必满，自汗出，小便利，其病欲解，此肝乘肺也，名曰横，刺期门。,本条论肝乘肺证。伤寒发热、啬啬恶寒、大渴欲饮水、其腹必满，自汗出、小便利，其病欲解，此肝乘肺也，名曰横，刺期门。,0,AI预标注，待人工复核
q040,久咳不愈，痰白清稀，畏寒怕冷，用什么药？,case,jiuzhazi_001,《中医皮肤性病学》规划教材（要点归纳）,皮肤,酒齄鼻,酒齄鼻是发生于鼻及面部中央的慢性皮肤病，以鼻尖鼻翼红斑、毛细血管扩张、丘疹脓疱甚至鼻赘肥大为特征。多由肺胃热盛、热毒蕴肤或气滞血瘀引起。辨证分肺胃热盛、热毒蕴肤、气滞血瘀等型。,酒齄鼻治疗宜清泻肺胃、凉血活血，忌饮酒、辛辣、高温刺激。鼻赘形成期须专科处理。教材要点归纳，供参考；具体诊疗请遵医嘱。,0,AI预标注，待人工复核
q040,久咳不愈，痰白清稀，畏寒怕冷，用什么药？,case,xiaoerganmao_001,《中医儿科学》规划教材（要点归纳）,儿科,小儿感冒·外感发热鼻塞流涕,小儿感冒是由外感六淫、时行邪毒引起的肺系疾病，临床以发热、恶寒、鼻塞流涕、喷嚏、咳嗽为主要表现。小儿肺常不足、脾常不足，感冒易夹痰、夹滞、夹惊。辨证分风寒、风热、暑邪、时邪等型。,小儿感冒辨证分寒热：风寒者辛温解表，风热者辛凉解表。注意夹痰、夹滞、夹惊的兼证处理。高热不退、咳嗽加重、神昏抽搐者须就医。教材要点归纳，供参考；具体诊疗请遵医嘱。,0,AI预标注，待人工复核
q040,久咳不愈，痰白清稀，畏寒怕冷，用什么药？,case,xiaoerkesou_001,《中医儿科学》规划教材（要点归纳）,儿科,小儿咳嗽·以咳嗽为主症的肺系疾患,小儿咳嗽是因感受外邪或脏腑功能失调引起肺失宣肃、肺气上逆所致，以咳嗽为主症。小儿脾常不足，易生痰，故咳嗽多兼痰。辨证分外感（风寒、风热）与内伤（痰热、痰湿、阴虚、气虚）两大类。,小儿咳嗽辨证分外感与内伤：外感咳嗽宜疏风宣肺，内伤咳嗽宜调理脏腑化痰。咳嗽伴高热、气促鼻煽、喘憋者须排除肺炎，及时就医。教材要点归纳，供参考；具体诊疗请遵医嘱。,0,AI预标注，待人工复核
q040,久咳不愈，痰白清稀，畏寒怕冷，用什么药？,case,xianzhuli_001,《中国药典》一部/药品说明书（要点归纳）,止咳/外妇儿/中成药,鲜竹沥·清热化痰,据现行版《中国药典》一部与药品说明书要点归纳：本品为鲜竹沥汁液（单味药），具清热化痰之功，用于肺热咳嗽痰多，气喘胸闷，中风舌强，痰涎壅盛，小儿痰热惊风。用法用量按说明书口服。,鲜竹沥为单味竹汁的清热化痰类中成药，用于肺热痰多、中风痰迷。本品性寒滑，脾虚便溏、寒痰湿痰者不宜；孕妇慎用。本条目为中成药，请按说明书或在医师指导下使用。,0,AI预标注，待人工复核
q040,久咳不愈，痰白清稀，畏寒怕冷，用什么药？,case,ejiaobuxuekoufuye_001,《中国药典》一部/药品说明书（要点归纳）,补益剂/中成药,阿胶补血口服液·补益气血滋阴润肺,据现行版《中国药典》一部与药品说明书要点归纳：本品由阿胶、熟地黄、党参、黄芪、枸杞子、白术等组成，具补益气血、滋阴润肺之功，用于气血两虚所致久病体弱、血亏目昏、虚劳咳嗽。用法用量按说明书口服。,阿胶补血口服液为补益气血、滋阴润肺类中成药，用于气血两虚之久病体弱、血亏目昏。本品滋腻，脾虚便溏、纳呆痰多、感冒发热者不宜。虚劳体弱伴明显消瘦、咯血或其他重症表现者应就医，本类成药不能替代正规治疗。本条目为中成药，请按说明书或在医师指导下使用。,0,AI预标注，待人工复核
q040,久咳不愈，痰白清稀，畏寒怕冷，用什么药？,case,shenlingbaizhuwan_002,《中国药典》一部/药品说明书（要点归纳）,消导/理气/中成药,参苓白术丸·补脾胃益肺气,据现行版《中国药典》一部与药品说明书要点归纳：本品由人参、茯苓、白术、山药、白扁豆、莲子、薏苡仁、砂仁、桔梗、甘草等组成，具补脾胃、益肺气之功，用于脾胃虚弱、食少便溏、气短咳嗽、肢倦乏力。用法用量按说明书口服。,参苓白术丸为古方参苓白术散改制的健脾渗湿类中成药，用于脾胃虚弱、食少便溏、肢倦乏力。服药期间忌生冷油腻；泄泻兼有大便不通、肛门下坠者不宜。本条目为中成药，请按说明书或在医师指导下使用。,0,AI预标注，待人工复核
q040,久咳不愈，痰白清稀，畏寒怕冷，用什么药？,case,sangjuganmaopian_001,《中国药典》一部/药品说明书（要点归纳）,解表剂/中成药,桑菊感冒片·疏风清热宣肺止咳,据现行版《中国药典》一部与药品说明书要点归纳：本品由桑叶、菊花、薄荷、连翘、苦杏仁、桔梗、芦根、甘草等组成，具疏风清热、宣肺止咳之功，用于风热感冒初起，症见咳嗽、发热头痛、口干咽痛。用法用量按说明书口服。,桑菊感冒片为古方桑菊饮改制的常用辛凉解表类中成药，偏于宣肺止咳，用于风热感冒初起之咳嗽为主、身热不甚。服药期间忌烟、酒及辛辣生冷油腻；风寒感冒咳嗽、痰多清稀者不适用。本条目为中成药，请按说明书或在医师指导下使用。,0,AI预标注，待人工复核
q040,久咳不愈，痰白清稀，畏寒怕冷，用什么药？,case,shanghan_175,伤寒论,辨太阳病脉证并治下,太阳少阳并病（第175条）,太阳少阳并病，心下硬，颈项强而眩者，当刺大椎、肺俞、肝俞，慎勿下之。,本条论述太阳病之脉证。症见项强、心下硬。当审其表里寒热、虚实传变而施治。,0,AI预标注，待人工复核
q040,久咳不愈，痰白清稀，畏寒怕冷，用什么药？,case,snb_zhimu_001,神农本草经,中经,知母,知母，味，寒。主消渴热中，除邪气，肢体浮肿，下水，补不足，益气。,知母苦甘寒，清热泻火、滋阴润燥，上清肺金、下润肾燥，主治热病烦渴、肺热燥咳、骨蒸潮热及内热消渴。本经主消渴热中、补不足，即清热滋阴之义。,0,AI预标注，待人工复核
q040,久咳不愈，痰白清稀，畏寒怕冷，用什么药？,case,feiyanchuansou_001,《中医儿科学》规划教材（要点归纳）,儿科,肺炎喘嗽·发热咳嗽气促鼻煽,肺炎喘嗽是小儿时期常见的肺系病证，以发热、咳嗽、痰壅、气促、鼻煽为主要症状。病因多为外感风邪、内犯于肺，致肺气郁闭。辨证分风热闭肺、风寒闭肺、痰热闭肺、毒热闭肺及恢复期阴虚肺热、肺脾气虚等型。,肺炎喘嗽为小儿重证，治疗以宣肺开闭、化痰平喘为大法。凡高热不退、喘憋鼻煽、口唇紫绀、精神萎靡者须立即就医。教材要点归纳，供参考；具体诊疗请遵医嘱。,0,AI预标注，待人工复核
q040,久咳不愈，痰白清稀，畏寒怕冷，用什么药？,case,juhoutankele_001,《中国药典》一部/药品说明书（要点归纳）,止咳/外妇儿/中成药,橘红痰咳液·理气祛痰润肺止咳,据现行版《中国药典》一部与药品说明书要点归纳：本品由化橘红、百部、茯苓、半夏、白前、甘草、苦杏仁、五味子组成，具理气祛痰、润肺止咳之功，用于感冒、支气管炎、咽喉炎引起的痰多咳嗽、气喘。用法用量按说明书口服。,橘红痰咳液为理气祛痰、润肺止咳类中成药，用于痰湿咳嗽、痰多气喘。本品含苦杏仁，不宜过量久服；风热咳嗽、阴虚燥咳者不宜；服药期间忌辛辣油腻。本条目为中成药，请按说明书或在医师指导下使用。,0,AI预标注，待人工复核
q040,久咳不愈，痰白清稀，畏寒怕冷，用什么药？,case,snb_renshen_001,神农本草经,上经,人参,人参，味甘，微寒。主补五脏，安精神，定魂魄，止惊悸，除邪气，明目，开心益智。久服，轻身延年。一名人衔，一名鬼盖。生山谷。,人参大补元气、补脾益肺、生津安神，主治气虚欲脱、脾肺气虚、津伤口渴及心神不安。本经载其“味甘微寒”，后世临床多从微温论之，为补气第一要药。,0,AI预标注，待人工复核
q040,久咳不愈，痰白清稀，畏寒怕冷，用什么药？,case,wujutong_003,温病条辨,上焦篇,吴鞠通·温邪化燥白虎案,太阴温病，脉浮洪，舌黄，渴甚，大汗，面赤，恶热者，辛凉重剂白虎汤主之。吴氏谓温邪由肺传胃，气分大热，表里俱燔，非辛凉轻剂所能治，必以辛寒重剂大清气热。,此案辨温邪由肺传胃、阳明气分大热，主以白虎汤辛寒清气。吴氏将温病分上中下三焦、由卫气营血辨治，此案示气分大热须用辛凉重剂，与银翘散辛凉平剂层次分明。,0,AI预标注，待人工复核
q040,久咳不愈，痰白清稀，畏寒怕冷，用什么药？,case,snb_huangqin_001,神农本草经,中经,黄芩,黄芩，味苦，平。主诸热黄疸，肠澼泄利，逐水，下血闭，恶疮疽蚀，火疡。,黄芩苦寒，清热燥湿、泻火解毒，善清肺胆大肠实火，主治湿热黄疸、泻痢、肺热咳嗽及血热出血、胎动不安。本经主诸热黄疸、肠澼火疡，皆清热燥湿之功。,0,AI预标注，待人工复核
q040,久咳不愈，痰白清稀，畏寒怕冷，用什么药？,case,snb_putao_001,神农本草经,上经,葡萄,葡萄，味甘，平。主筋骨湿痹，益气倍力，强志，令人肥健耐饥，忍风寒。久服，轻身不老延年。生山谷。,葡萄甘平，补气血、强筋骨、利小便，主治气血虚弱、肺虚咳嗽、心悸盗汗、风湿痹痛及水肿，为药食两用之品。,1,AI预标注，待人工复核
q040,久咳不愈，痰白清稀，畏寒怕冷，用什么药？,case,yetianshi_007,临证指南医案,吐血门,叶天士·络伤血溢案,某，春半阳气升举，络血上溢，吐血盈碗，面赤，脉左数。先生谓酒热、郁勃伤络，血随阳升而上逆，治宜清络宁血、和降胃气，忌辛温升散、苦寒直折，血止后当养肺胃之阴。,"此案辨吐血为阳升络伤、血不循经，主以清络宁血、和降止血，戒辛温升散与苦寒直折，血止继养肺胃之阴。叶氏""络伤血溢""之说，丰富了血证从络论治的思路。",0,AI预标注，待人工复核
q040,久咳不愈，痰白清稀，畏寒怕冷，用什么药？,case,nanjing_016,难经,第十六难,第十六难,曰：脉有三部九候，有阴阳，有轻重，有六十首，一脉变为四时，离圣久远，各自是其法，何以别之？  然：是其病，有内外证。  其病为之奈何？  然：假令得肝脉，其外证：善洁，面青，善怒；其内证：脐左有动气，按之牢若痛；其病：四肢满，闭淋（癃），溲便难，转筋。有是者肝也，无是者非也。  假令得心脉，其外证：面赤，口干，喜笑；其…,本难以肝心脾肺肾分内外证。得肝脉则面青善怒、脐左动气；心脉面赤口干、脐上动气；脾脉面黄善噫、当脐动气；肺脉面白善嚏、脐右动气；肾脉面黑善恐、脐下动气。,0,AI预标注，待人工复核
q040,久咳不愈，痰白清稀，畏寒怕冷，用什么药？,case,snb_shigao_001,神农本草经,中经,石膏,石膏，味辛，微寒。主中风寒热，心下逆气，惊喘，口干舌焦不能息，腹中坚痛，除邪鬼，产乳金创。,石膏辛甘大寒，清热泻火、除烦止渴，为清肺胃实热之要药，主治温热病壮热烦渴、肺热喘咳及胃火牙痛头痛。本经主中风寒热、口干舌焦、腹中坚痛，皆取其清解肺胃大热之功。,1,AI预标注，待人工复核
q040,久咳不愈，痰白清稀，畏寒怕冷，用什么药？,case,youzaijing_001,静香楼医案,虚劳门,尤在泾·虚劳养阴案,某，形瘦潮热，干咳少痰，舌红少苔。在泾辨为肺肾阴虚、虚火上炎，治宜滋养肺肾、清降虚火，药取生地、麦冬、沙参、川贝、百合之属，忌辛温燥烈伤阴。,此案辨形瘦潮热干咳属肺肾阴虚、虚火上炎，主以滋养肺肾、清降虚火，戒辛温燥烈。在泾治学谨严，注金匮多所发明，此案示人虚劳阴虚当以甘润养阴为主。,0,AI预标注，待人工复核
q040,久咳不愈，痰白清稀，畏寒怕冷，用什么药？,case,lanbuzheng_001,中国药典（2025年版）一部,补虚药,蓝布正,据《中国药典》2025 年版一部：蓝布正为蔷薇科植物路边青 Geum aleppicum Jacq. 或柔毛路边青 Geum japonicum Thunb. var. chinense Bolle 的干燥全草（药用部位：全草）。性味甘、微苦，凉；归肝、脾、肺经。功能与主治：益气健脾，补血养阴，润肺化痰；用于气血不足，…,**简明**：蓝布正甘微苦凉，益气健脾而补血养阴、润肺化痰，为治气血不足、虚劳咳嗽的常用药。。**详解**：气血不足、神疲乏力配黄芪、党参、当归；虚劳咳嗽配沙参、百合；脾虚带下配白术、山药。,0,AI预标注，待人工复核
q040,久咳不愈，痰白清稀，畏寒怕冷，用什么药？,case,nanjing_066,难经,第六十六难,第六十六难,曰：经言，肺之原，出于太渊；心之原，出于太陵；肝之原，出于太冲，脾之原，出于大白；肾之原，出于太溪；少阴之原，出于兑骨；胆之原，出于丘墟；胃之原，出于冲阳；三焦之原，出于阳池；膀胱之原，出于京骨；大肠之原，出于合谷；小肠之原，出于腕骨。十二经皆以俞为原者，何也？  然：五脏俞者，三焦之所行，气之所留止也。  三焦所行之…,本难列十二经原穴并释其义。肺原太渊、心原大陵、肝原太冲、脾原太白、肾原太溪等；脐下肾间动气为生命根本，三焦为原气别使，所止处即原，脏腑有病皆取之。,0,AI预标注，待人工复核
q040,久咳不愈，痰白清稀，畏寒怕冷，用什么药？,case,yingchuang_001,针灸学,足阳明胃经,膺窗,出《针灸甲乙经》。《针灸甲乙经》：膺窗，在屋翳下一寸六分。,膺窗定位在胸部，当第3肋间隙，前正中线旁开4寸。主治咳嗽、气喘、胸胁胀痛、乳痈等胸肺及乳房病证。刺法：斜刺或平刺0.5~0.8寸。,0,AI预标注，待人工复核
q040,久咳不愈，痰白清稀，畏寒怕冷，用什么药？,case,wangyanhou_001,《中医诊断学》规划教材（要点归纳）,四诊,望咽喉·咽喉色泽形态,望咽喉是观察咽喉色泽形态。咽喉为肺胃之门户。咽喉红肿疼痛为肺胃热盛；咽喉溃烂生脓为肺胃热毒；咽喉淡红不肿为阴虚火旺；乳蛾红肿为风热或肺胃热；伪膜坚韧不易剥离为白喉危候。,咽喉为肺胃门户，望其色泽形态测肺胃寒热虚实。呼吸急促、吞咽困难、伪膜形成须立即就医。此为教材要点归纳，供参考；具体诊疗请遵医嘱，不引导自我诊断。,0,AI预标注，待人工复核
q040,久咳不愈，痰白清稀，畏寒怕冷，用什么药？,case,xiaochuan_001,《中医儿科学》规划教材（要点归纳）,儿科,哮喘·反复发作性痰鸣气喘,哮喘是小儿时期常见的肺系疾患，以发作性喉间痰鸣、气促、呼气延长、反复发作、难予根除为特征。病因多为宿痰内伏、感受外邪诱发。辨证分发作期（寒性、热性、外寒内热）与缓解期（肺、脾、肾三脏虚损）。,哮喘治疗发作期攻邪（温肺或清肺化痰平喘），缓解期扶正（健脾补肺益肾）。哮喘持续状态、呼吸困难、口唇紫绀者须立即就医。教材要点归纳，供参考；具体诊疗请遵医嘱。,2,AI预标注，待人工复核
q040,久咳不愈，痰白清稀，畏寒怕冷，用什么药？,case,shanghan_019,伤寒论,辨太阳病脉证并治上,喘家作桂枝汤加厚朴杏子（第19条）,喘家作桂枝汤，加厚朴杏子佳。,本条论喘家兼太阳中风的加减法。喘家患太阳中风作桂枝汤者，加厚朴、杏子佳。以宿喘之人肺素有痰浊，中风表虚又兼肺失宣降，加厚朴杏子降气平喘、化痰降逆。,0,AI预标注，待人工复核
q040,久咳不愈，痰白清稀，畏寒怕冷，用什么药？,case,wuyi_st_001,针灸学,足阳明胃经,屋翳,出《针灸甲乙经》。《针灸甲乙经》：屋翳，在库房下一寸六分。,屋翳定位在胸部，当第2肋间隙，前正中线旁开4寸。主治咳嗽、气喘、咳唾脓血、胸胁胀痛、乳痈等胸肺及乳房病证。刺法：斜刺或平刺0.5~0.8寸。,0,AI预标注，待人工复核
q040,久咳不愈，痰白清稀，畏寒怕冷，用什么药？,case,zigong_001,针灸学,任脉,紫宫,出《针灸甲乙经》。,紫宫属任脉，定位在胸部，前正中线上，平第2肋间。主治咳嗽、气喘、胸痛及胸闷。刺法：平刺0.3～0.5寸；可灸。,0,AI预标注，待人工复核
q040,久咳不愈，痰白清稀，畏寒怕冷，用什么药？,case,hamayou_001,中国药典（2025年版）一部,补虚药,哈蟆油,据《中国药典》2025 年版一部：哈蟆油为蛙科动物中国林蛙 Rana temporaria chensinensis David 雌蛙的输卵管，经采制干燥（药用部位：输卵管）。性味甘、咸，平；归肺、肾经。功能与主治：补肾益精，养阴润肺；用于病后体弱，神疲乏力，心悸失眠，盗汗，痨嗽咳血。用法与用量：5～15g，用水浸泡，…,**简明**：哈蟆油甘咸平，补肾益精而养阴润肺，为病后体虚、肺肾阴虚的滋补佳品。。**详解**：病后体弱、神疲乏力配人参、黄芪；阴虚盗汗、痨嗽咳血配百合、麦冬、川贝母。外感初起、痰湿内盛者慎用。,0,AI预标注，待人工复核
q040,久咳不愈，痰白清稀，畏寒怕冷，用什么药？,case,yutang_001,针灸学,任脉,玉堂,出《针灸甲乙经》。,玉堂属任脉，定位在胸部，前正中线上，平第3肋间。主治胸痛胸闷、咳嗽气短及噎膈。刺法：平刺0.3～0.5寸；可灸。,0,AI预标注，待人工复核
q040,久咳不愈，痰白清稀，畏寒怕冷，用什么药？,case,huagai_001,针灸学,任脉,华盖,出《针灸甲乙经》。,华盖属任脉，定位在胸部，前正中线上，平第1肋间。主治咳嗽、气喘、胸痛胁肋痛及咽喉痛。刺法：平刺0.3～0.5寸；可灸。,0,AI预标注，待人工复核
q040,久咳不愈，痰白清稀，畏寒怕冷，用什么药？,case,shanghan_146,伤寒论,辨太阳病脉证并治下,太阳与少阳并病（第146条）,太阳与少阳并病，头项强痛，或眩冒，时如结胸，心下痞硬者，当刺大椎第一间、肺俞、肝俞，慎不可发汗，发汗则谵语。脉弦，五六日，谵语不止，当刺期门。,本条论述太阳病之脉证。症见项强、脉弦、心下痞、谵语、结胸。当审其表里寒热、虚实传变而施治。,0,AI预标注，待人工复核
q040,久咳不愈，痰白清稀，畏寒怕冷，用什么药？,case,ziwuliuzhunajiafa_001,针灸大成,经络腧穴/刺法歌括,子午流注纳甲法歌,甲胆乙肝丙小肠，丁心戊胃己脾乡，庚属大肠辛属肺，壬属膀胱癸肾藏，三焦亦向壬中寄，包络同归入癸方。 阳日阳时阳穴开，阴日阴时阴穴开。….…,"此歌括子午流注纳甲法之天干配经及按时开穴法则。天干配经：甲胆、乙肝、丙小肠、丁心、戊胃、己脾、庚大肠、辛肺、壬膀胱、癸肾，三焦寄壬、心包寄癸。开穴原则为阳日阳时开阳经五输穴，阴日阴时开阴经五输穴，按日干按时辰依次开井、荥、输、原、经、合。为子午流注针法之主流方法，体现""因时制宜""的针灸时间治疗学思想。",0,AI预标注，待人工复核
q040,久咳不愈，痰白清稀，畏寒怕冷，用什么药？,case,erchentang_001,《方剂学》规划教材（要点归纳）,祛痰剂,二陈汤·燥湿化痰理气和中,"传统方歌：""二陈汤用半夏陈，益以茯苓甘草成，利气调中兼去湿，一切痰饮此为珍。""（《局方》方，据教材要点归纳：半夏、橘红各约五两，茯苓三两，炙甘草一两，加生姜七片、乌梅一个，水煎服。）",二陈汤为燥湿化痰基础方，主治湿痰咳嗽，症见痰多色白、胸膈痞闷、苔白腻。本方为要点归纳，供参考；具体用药请遵医嘱。,0,AI预标注，待人工复核
q040,久咳不愈，痰白清稀，畏寒怕冷，用什么药？,case,xingsusan_001,《方剂学》规划教材（要点归纳）,治燥剂,杏苏散·轻宣凉燥,"传统方歌：""杏苏散内夏陈前，枳桔苓草姜枣研，轻宣温润治凉燥，咳止痰化病自痊。""（《温病条辨》方，据教材要点归纳：苏叶、杏仁、半夏、茯苓、前胡、桔梗、枳壳、橘皮、甘草、生姜、大枣各约常用量，水煎服。）",杏苏散为轻宣凉燥代表方，主治外感凉燥，症见恶寒无汗、咳嗽痰稀、鼻塞咽干。本方为要点归纳，供参考；具体用药请遵医嘱。,0,AI预标注，待人工复核
q040,久咳不愈，痰白清稀，畏寒怕冷，用什么药？,case,shengmaisun_jieyao_001,方解（方论集要）,补益剂·方解,生脉散·益气生津敛阴止汗,本方出张元素《医学启源》：组成人参、麦冬、五味子。方中人参君，大补元气、益肺生津；麦冬臣，养阴润肺、清热生津；五味子佐，敛肺止汗、生津止渴，与人参、麦冬相配，一补一清一敛。,生脉散为益气生津、敛阴止汗代表，药仅三味，治气阴两虚之体倦气短、自汗口干。人参补气，麦冬养阴，五味子敛肺止汗，一补一清一敛，使气复津生、汗止阴存，脉气得复。本方为平补之剂，外感未解、咳嗽痰多者不宜。方解供学习参考；具体用药请遵医嘱。,0,AI预标注，待人工复核
q040,久咳不愈，痰白清稀，畏寒怕冷，用什么药？,case,xiebaisan_001,《方剂学》规划教材（要点归纳）,清热剂,泻白散·清泻肺热止咳平喘,"传统方歌：""泻白桑皮地骨皮，甘草粳米四般宜，参茯知芩皆可入，肺热喘嗽此方施。""（钱乙《小儿药证直诀》方，据教材要点归纳：桑白皮、地骨皮、炙甘草、粳米，各约常用量，水煎服。）",泻白散为清泻肺热、止咳平喘代表方，主治肺热喘咳证，症见气喘咳嗽、皮肤蒸热、日晡尤甚、舌红苔黄、脉细数。功能清泻肺热、止咳平喘，药性清轻平和，为儿科肺热咳嗽常用方。使用注意：外感风寒喘咳、肺虚喘嗽非宜；新感表邪未解者不宜早用。本方为要点归纳，供参考；具体用药请遵医嘱。,1,AI预标注，待人工复核
q040,久咳不愈，痰白清稀，畏寒怕冷，用什么药？,case,snb_mahuang_001,神农本草经,中经,麻黄,麻黄，味苦，温。主中风伤寒头痛，温疟，发表出汗，去邪热气，止咳逆上气，除寒热，破症坚积聚。,麻黄辛温发散，为发汗解表、宣肺平喘之要药，主治外感风寒表实无汗、咳嗽气喘及风水水肿。本经兼主症坚积聚，取其温通破滞之功。,1,AI预标注，待人工复核
q040,久咳不愈，痰白清稀，畏寒怕冷，用什么药？,case,shengmaisun_001,《方剂学》规划教材（要点归纳）,补益剂,生脉散·益气生津敛阴止汗,"传统方歌：""生脉麦味与人参，保肺清心治暑淫，气少汗多兼口渴，病危脉绝急煎斟。""（《医学启源》方，据教材要点归纳：人参约五分、麦冬约五分、五味子七粒，水煎服。）",生脉散为益气生津、敛阴止汗之代表方，主治气阴两虚证，症见体倦气短、咽干口渴、汗多、舌干红、脉虚细；亦常用于暑热耗气伤阴及久咳伤肺、气阴两虚。外感表证未解、汗出属表虚者须辨证化裁。本方为要点归纳，供参考；具体用药请遵医嘱。,0,AI预标注，待人工复核
q040,久咳不愈，痰白清稀，畏寒怕冷，用什么药？,case,kufang_001,针灸学,足阳明胃经,库房,出《针灸甲乙经》。《针灸甲乙经》：库房，在气户下一寸六分陷者中。,库房定位在胸部，当第1肋间隙，前正中线旁开4寸。主治咳嗽、气喘、咳唾脓血、胸胁胀痛等胸肺病证。刺法：斜刺或平刺0.5~0.8寸。,0,AI预标注，待人工复核
q040,久咳不愈，痰白清稀，畏寒怕冷，用什么药？,case,qihu_001,针灸学,足阳明胃经,气户,出《针灸甲乙经》。《针灸甲乙经》：气户，在巨骨下，输府两傍各二寸陷者中。,气户定位在胸部，当锁骨中点下缘，前正中线旁开4寸。主治咳嗽、气喘、呃逆、胸胁胀满、胸痛等胸肺病证。刺法：斜刺或平刺0.5~0.8寸。,0,AI预标注，待人工复核
q040,久咳不愈，痰白清稀，畏寒怕冷，用什么药？,case,snb_xuanfuhua_001,神农本草经,中经,旋覆花,旋覆华，味咸，温。主结气胁下满，惊悸，除水，去五脏间寒热，补中下气。,旋覆花苦辛咸微温，降气化痰、降逆止呕，主治风寒咳嗽、痰饮蓄结、胸膈痞满及噫气呕吐。本经主结气胁下满、除水、下气，取其下气消痰、散结除水之功。,3,AI预标注，待人工复核
q040,久咳不愈，痰白清稀，畏寒怕冷，用什么药？,case,shendao_001,针灸学,督脉,神道,出《针灸甲乙经》。,神道为督脉穴。在脊柱区，第5胸椎棘突下凹陷中，后正中线上。主治心悸、健忘、不寐、咳嗽气喘、肩背痛、癫狂痫。刺法：斜刺0.5～1寸；可灸。,0,AI预标注，待人工复核
q040,久咳不愈，痰白清稀，畏寒怕冷，用什么药？,case,shuitu_001,针灸学,足阳明胃经,水突,出《针灸甲乙经》。《针灸甲乙经》：水突，一名水门，在颈大筋前，直人迎下，气舍上。,水突定位在颈部，胸锁乳突肌的前缘，当人迎与气舍连线的中点。主治咽喉肿痛、咳嗽、气喘、瘿气、瘰疬等颈胸病证。刺法：直刺0.3~0.8寸。,0,AI预标注，待人工复核
q040,久咳不愈，痰白清稀，畏寒怕冷，用什么药？,case,qiongyugao_001,《方剂学》规划教材（要点归纳）,治燥剂,琼玉膏·补虚健脾滋阴润肺,"传统方歌：""琼玉膏用生地黄，人参茯苓白蜜尝，肺肾阴亏干咳血，滋阴润肺效力强。""（《洪氏集验方》方，据教材要点归纳：生地黄汁、白蜜熬膏，人参、茯苓研末入膏，每服一二匙温酒或米汤化下。）",琼玉膏为补虚健脾、滋阴润肺之膏滋代表方，主治肺肾阴亏之虚劳干咳、咽燥咯血、肌肉消瘦、气短乏力。本方滋腻，脾虚便溏、痰湿内盛者须酌减。本方为膏滋缓调之剂，急性咯血当急就西医处理。本方为要点归纳，供参考；具体用药请遵医嘱。,0,AI预标注，待人工复核
q040,久咳不愈，痰白清稀，畏寒怕冷，用什么药？,case,pingbeimu_001,中国药典（2025年版）一部,化痰止咳平喘药,平贝母,据《中国药典》2025 年版一部：平贝母为百合科植物平贝母 Fritillaria ussuriensis Maxim. 的干燥鳞茎（药用部位：鳞茎）。性味苦、甘，微寒；归肺、心经。功能与主治：清热润肺，化痰止咳；用于肺热燥咳，干咳少痰，阴虚劳嗽，咯痰带血。用法与用量：3～9g；研粉冲服，一次 1～2g。注意：不宜与川…,**简明**：平贝母苦甘微寒，清热润肺、化痰止咳，功类川贝母而力稍缓，主治肺热燥咳、阴虚劳嗽。**详解**：阴虚燥咳配沙参、麦冬；肺热咳嗽配桑白皮、黄芩。**反乌头、附子**。,0,AI预标注，待人工复核
q040,久咳不愈，痰白清稀，畏寒怕冷，用什么药？,case,tianfu_001,针灸学,手太阴肺经,天府,《灵枢·本输》：腋内动脉，手太阴也，名曰天府。,天府为手太阴肺经穴，定位在臂前外侧，腋前纹头下3寸，肱二头肌桡侧缘。主治咳嗽、气喘、鼻衄及上臂内侧痛。刺法：直刺0.5～1寸；可灸。,0,AI预标注，待人工复核
q040,久咳不愈，痰白清稀，畏寒怕冷，用什么药？,case,tianxi_001,针灸学,足太阴脾经,天溪,出《针灸甲乙经》。,天溪属足太阴脾经，定位在胸外侧部，当第4肋间隙，距前正中线6寸。主治胸胁疼痛、咳嗽、乳痈。刺法：斜刺或向外平刺0.5～0.8寸；可灸。,0,AI预标注，待人工复核
q040,久咳不愈，痰白清稀，畏寒怕冷，用什么药？,case,xuanji_001,针灸学,任脉,璇玑,出《针灸甲乙经》。,璇玑属任脉，定位在胸部，前正中线上，胸骨上窝下1寸，当胸骨柄中央。主治咳嗽、咽喉肿痛、胸痛及咽喉不利。刺法：平刺0.3～0.5寸；可灸。,0,AI预标注，待人工复核
q040,久咳不愈，痰白清稀，畏寒怕冷，用什么药？,case,zhourong_001,针灸学,足太阴脾经,周荣,出《针灸甲乙经》。,周荣属足太阴脾经，定位在胸外侧部，当第2肋间隙，距前正中线6寸。主治咳嗽、气逆、胸胁胀满。刺法：斜刺或向外平刺0.5～0.8寸；可灸。,0,AI预标注，待人工复核
q040,久咳不愈，痰白清稀，畏寒怕冷，用什么药？,case,lingtai_001,针灸学,督脉,灵台,出《针灸甲乙经》。,灵台为督脉穴。在脊柱区，第6胸椎棘突下凹陷中，后正中线上。主治咳嗽、气喘、项强背痛、疔疮、癫狂，为治疔疮要穴。刺法：斜刺0.5～1寸；可灸。,0,AI预标注，待人工复核
q040,久咳不愈，痰白清稀，畏寒怕冷，用什么药？,case,quanpen_001,针灸学,足阳明胃经,缺盆,出《针灸甲乙经》。《针灸甲乙经》：缺盆，一名天盖，在肩上横骨陷者中。,缺盆定位在锁骨上窝中央，前正中线旁开4寸。主治咳嗽、气喘、咽喉肿痛、缺盆中痛、瘰疬等胸肺病证。刺法：直刺或斜刺0.3~0.5寸，孕妇禁针。,0,AI预标注，待人工复核
q040,久咳不愈，痰白清稀，畏寒怕冷，用什么药？,case,baomazipi_001,中国药典（2025年版）一部,化痰止咳平喘药,暴马子皮,据《中国药典》2025 年版一部：暴马子皮为木犀科植物暴马丁香 Syringa reticulata (Bl.) Hara var. mandshurica (Maxim.) Hara 的干燥干皮或枝皮（药用部位：干皮或枝皮）。性味苦，温；归肺经。功能与主治：清肺祛痰，止咳平喘；用于慢性支气管炎，咳嗽痰多，气喘。用法与…,**简明**：暴马子皮苦温，清肺祛痰而止咳平喘，为东北地区治慢性支气管炎常用药。。**详解**：慢性支气管炎咳嗽痰多配黄芩、桔梗；气喘配麻黄、杏仁。用量较大（30～60g）。,0,AI预标注，待人工复核
q040,久咳不愈，痰白清稀，畏寒怕冷，用什么药？,case,juliuo_001,《中药学》（清华社）· 药典外品种,理气药,橘络,据清华社《中药学》：橘络为芸香科植物橘 Citrus reticulata Blanco 及其栽培变种果皮内层的干燥维管束（药用部位：维管束）。性味甘、苦，平；归肝、肺经。功能与主治：行气通络，化痰止咳；用于痰滞经络，咳嗽胸痛，痰中带血。用法与用量：3～5g。贮藏：置通风干燥处，防蛀。,**简明**：橘络甘苦平，行气通络而化痰止咳，善通络中痰滞，为治咳嗽胸痛的常用药。。**详解**：痰滞经络、咳嗽胸痛配瓜蒌、郁金、丝瓜络；痰中带血配白茅根、侧柏叶。,0,AI预标注，待人工复核
q040,久咳不愈，痰白清稀，畏寒怕冷，用什么药？,case,tianquan_001,针灸学,手厥阴心包经,天泉,出《针灸甲乙经》：天泉，一名天温，在曲泽下二寸，腋下去地五寸，动应手。,天泉为手厥阴心包经穴，定位在臂前区，腋前纹头下2寸，肱二头肌的头、腹之间。主治心痛、咳嗽、胸胁胀痛及臂痛。刺法：直刺0.5～0.8寸；可灸。,0,AI预标注，待人工复核
q040,久咳不愈，痰白清稀，畏寒怕冷，用什么药？,case,chuanzheng_002,中医临床诊疗指南/专家共识（要点归纳）,现代中医,喘证·辨证论治要点,据现行中医内科常见病诊疗指南：喘证以肺失宣降、肾不纳气为基本病机，辨证首分虚实；实喘在肺，治以祛邪利气、降逆平喘；虚喘在肺肾，治以补肺益气、补肾纳气。（要点归纳，非原文照录。）,喘证以呼吸困难、甚至张口抬肩、鼻翼煽动、不能平卧为主症，指南要点：辨证首分虚实——实喘多由风寒、痰浊、痰热壅肺，呼吸深长有余、呼出为快，治以祛邪平喘；虚喘多由肺气虚、肾不纳气，呼吸短促难续、深吸为快，治以补肺益肾纳气。临证须辨虚实夹杂与喘脱危候，配合半卧位休息、保持气道通畅、防寒等调护。本条目为要点归纳，供参考；具体诊…,1,AI预标注，待人工复核
q040,久咳不愈，痰白清稀，畏寒怕冷，用什么药？,case,qifenzheng_002,《中医诊断学》规划教材（要点归纳）,辨证,气分证·热盛气分壮热不恶寒,气分证是温热病邪内入脏腑、正盛邪实、阳热亢盛的里热炽盛证候。以壮热、不恶寒反恶热、汗多、渴喜冷饮、舌红苔黄、脉洪大为辨证要点。病位多在肺、胃、胸膈、肠腑，属里实热。,气分证为温病里热炽盛，以壮热不恶寒、汗大出、口大渴、脉洪大为要点，治宜清热生津，代表方白虎汤。与卫分证鉴别：已无表证、纯里热。此为教材要点归纳，供参考；具体诊疗请遵医嘱，不引导自我诊断。,0,AI预标注，待人工复核
q040,久咳不愈，痰白清稀，畏寒怕冷，用什么药？,case,fenchi_001,《中医皮肤性病学》规划教材（要点归纳）,皮肤,粉刺·痤疮,粉刺是毛囊皮脂腺的慢性炎症性皮肤病，相当于西医痤疮。多由肺经风热、肠胃湿热或痰湿瘀滞引起，与青春发育期皮脂分泌旺盛有关。辨证分肺经风热、肠胃湿热、痰湿瘀滞等型。,粉刺治疗宜内外合治，注意皮肤清洁、饮食清淡、调畅情志。囊肿结节型、瘢痕明显者须就医，勿自行挤压。教材要点归纳，供参考；具体诊疗请遵医嘱。,0,AI预标注，待人工复核
q040,久咳不愈，痰白清稀，畏寒怕冷，用什么药？,case,qingzaojiufei_001,《方剂学》规划教材（要点归纳）,治燥剂,清燥救肺汤·清燥润肺养阴益气,"传统方歌：""清燥救肺参草膏，石胶麻杏枇杷膏，桑叶杏仁胡麻叶，温燥伤肺此方高。""（《医门法律》方，据教材要点归纳：桑叶约三钱、石膏约二钱五分、甘草、人参、胡麻仁、阿胶、麦门冬、杏仁、枇杷叶各约常用量，水煎服。）",清燥救肺汤为清燥润肺、养阴益气之代表方，主治温燥伤肺之重证，症见头痛身热、干咳无痰、气逆而喘、咽喉干燥、心烦口渴、舌干无苔。本方石膏、人参同用，润肺兼益气，脾虚便溏者须酌减。本方为要点归纳，供参考；具体用药请遵医嘱。,0,AI预标注，待人工复核
q040,久咳不愈，痰白清稀，畏寒怕冷，用什么药？,case,shanghan_479,伤寒论,平脉法,问曰（第479条）,问曰：二月得毛浮脉，何以处言至秋当死。师曰：二月之时，脉当濡弱，反得毛浮者，故知至秋死。二月肝用事，肝脉属木，应濡弱，反得毛浮者，是肺脉也。肺属金，金来克木，故知至秋死。他皆仿此。,本条论述脉诊之脉证。当审其表里寒热、虚实传变而施治。,0,AI预标注，待人工复核
q040,久咳不愈，痰白清稀，畏寒怕冷，用什么药？,case,zongqi_001,《中医基础理论》规划教材（要点归纳）,气血津液,宗气·积于胸上走息道贯心脉,"宗气，是积于胸中的气，又称大气。宗气由肺吸入的自然界清气与脾胃运化的水谷精气相结合而成，聚于胸中""气海""（膻中）。宗气功能：上走息道，推动呼吸、语言、声音；贯心脉，推动心血运行。",宗气积于胸中，关系到呼吸、语言、声音与血行。宗气充则呼吸调匀、语言清晰、血行有力；宗气虚则呼吸气短、语声低怯、血行无力。理解宗气，有助于把握肺与心在气血运行中的协同作用。本条为基础理论，不涉及具体诊疗。,0,AI预标注，待人工复核
q040,久咳不愈，痰白清稀，畏寒怕冷，用什么药？,case,shidiaolan_001,中国药典（2025年版）一部,清热药,石吊兰,据《中国药典》2025 年版一部：石吊兰为苦苣苔科植物吊石苣苔 Lysionotus pauciflorus Maxim. 的干燥地上部分（药用部位：地上部分）。性味苦，凉；归肺、肝经。功能与主治：清热化痰，软坚散结；用于瘰疬，淋巴结核，肺热咳嗽，骨结核。用法与用量：9～15g。贮藏：置干燥处。,**简明**：石吊兰苦凉，清热化痰而软坚散结，为治瘰疬、淋巴结核的常用药。。**详解**：瘰疬痰核配夏枯草、玄参、浙贝母；肺热咳嗽配黄芩、瓜蒌；现代用于淋巴结结核、骨结核辅助治疗。,0,AI预标注，待人工复核
q040,久咳不愈，痰白清稀，畏寒怕冷，用什么药？,case,jinfeicao_001,中国药典（2025年版）一部,化痰止咳平喘药,金沸草,据《中国药典》2025 年版一部：金沸草为菊科植物条叶旋覆花 Inula linariifolia Turcz. 或旋覆花 Inula japonica Thunb. 的干燥地上部分（药用部位：地上部分）。性味苦、辛、咸，温；归肺、大肠经。功能与主治：降气化痰，止咳平喘；用于痰多咳嗽，气喘，胸膈痞闷。用法与用量：5～1…,**简明**：金沸草苦辛咸温，降气化痰而止咳平喘，为旋覆花之茎叶，功专化痰降气。。**详解**：痰多咳嗽配半夏、陈皮、杏仁；胸膈痞闷配瓜蒌、枳壳。阴虚劳嗽者慎用。,0,AI预标注，待人工复核
q040,久咳不愈，痰白清稀，畏寒怕冷，用什么药？,case,kesou_001,中医内科学,肺系病证,咳嗽,《素问·咳论》：「五脏六腑皆令人咳，非独肺也。」又云「皮毛者，肺之合也，皮毛先受邪气，邪气以从其合也」。明·张介宾《景岳全书·咳嗽》将咳嗽分外感、内伤两大类，为后世辨证纲领。（据规划教材《中医内科学·肺系病证·咳嗽》归纳）,咳嗽由肺失宣降、肺气上逆作声，或伴咯痰。辨治首分外感与内伤：外感多新病、起病急、病程短，属邪实——风寒袭肺（三拗汤合止嗽散疏风散寒）、风热犯肺（桑菊饮疏风清热）、风燥伤肺（桑杏汤清温燥；凉燥用杏苏散）；内伤多久病、反复发作，属邪实正虚——痰湿蕴肺（二陈平胃散合三子养亲汤燥湿化痰）、痰热郁肺（清金化痰汤清热豁痰）、肝火犯…,1,AI预标注，待人工复核
q040,久咳不愈，痰白清稀，畏寒怕冷，用什么药？,case,baizhiqian_001,中国药典（2025年版）一部,化痰止咳平喘药,白前,据《中国药典》2025 年版一部：白前为萝藦科植物柳叶白前 Cynanchum stauntonii (Decne.) Schltr. ex Levl. 或芫花叶白前 Cynanchum glaucescens (Decne.) Hand.-Mazz. 的干燥根茎和根（药用部位：根茎和根）。性味辛、苦，微温；归肺经。功…,**简明**：白前辛苦微温，降气消痰止咳（**长于降肺气**），主治肺气壅实之咳嗽痰多、胸满喘急，寒热虚实之咳皆可配用。**详解**：咳嗽痰多配桔梗、紫菀（止嗽散）；外感咳嗽配荆芥、陈皮。凡咳逆上气、痰多气壅者宜之。,0,AI预标注，待人工复核
q040,久咳不愈，痰白清稀，畏寒怕冷，用什么药？,case,erchentang_jieyao_001,方解（方论集要）,祛痰剂·方解,二陈汤·燥湿化痰理气和中,本方出《太平惠民和剂局方》：组成半夏（汤洗七次）、橘红各五两，白茯苓三两，炙甘草一两半，加生姜七片、乌梅一个。方中半夏君，辛温而燥，燥湿化痰、降逆止呕；橘红臣，理气燥湿、化痰和中，与半夏相配，痰理气顺；茯苓佐，健脾渗湿，杜生痰之源；炙甘草、生姜、乌梅使，甘草和中，生姜制半夏之毒兼散饮，乌梅收敛肺气，散收相合。,"二陈汤为燥湿化痰、理气和中之基础方，治湿痰咳嗽之痰多色白、胸膈痞闷呕恶。半夏燥湿化痰为君，橘红理气为臣，茯苓健脾渗湿，甘草和中，生姜散饮、乌梅敛肺，燥湿化痰与理气健脾并用，""治痰先治气，气顺痰自消""。与温胆汤相比：彼兼清热和胃利胆，治痰热内扰；此专于燥湿化痰，治湿痰。燥痰、阴虚咳嗽者非宜。方解供学习参考；具体用药请遵医…",0,AI预标注，待人工复核
q040,久咳不愈，痰白清稀，畏寒怕冷，用什么药？,case,qingqihuatan_001,《方剂学》规划教材（要点归纳）,祛痰剂,清气化痰丸·清热化痰理气止咳,"传统方歌：""清气化痰星夏橘，杏仁枳实瓜蒌实，芩苓姜汁糊为丸，气顺火消痰自失。""（《医方考》方，据教材要点归纳：陈皮、杏仁、枳实、黄芩、瓜蒌仁、茯苓、胆南星、制半夏各约等分，姜汁为丸，每服二三钱。）",清气化痰丸为清热化痰、理气止咳之代表方，主治痰热咳嗽，症见咳嗽痰黄、咯之不爽、胸膈痞满、舌红苔黄腻、脉滑数。本方寒凉，虚寒咳嗽、痰湿白稀者不宜。本方为要点归纳，供参考；具体用药请遵医嘱。,2,AI预标注，待人工复核
q040,久咳不愈，痰白清稀，畏寒怕冷，用什么药？,case,snb_kuandonghua_001,神农本草经,中经,款冬花,款冬花，味辛，温。主咳逆上气善喘，喉痹，诸惊痫寒热邪气。,款冬花辛微苦温，润肺下气、止咳化痰，为治咳要药，无论新久寒热虚实之咳嗽皆可配伍应用，尤宜于寒咳痰多。本经主咳逆上气善喘、喉痹，取其温润肺气、止咳平喘之功。,3,AI预标注，待人工复核
q040,久咳不愈，痰白清稀，畏寒怕冷，用什么药？,case,zhongrushi_001,中国药典（2025年版）一部,补虚药,钟乳石,据《中国药典》2025 年版一部：钟乳石为碳酸盐类矿物方解石族方解石，主含碳酸钙（CaCO₃）（药用部位：矿石）。采挖后，除去杂石。性味甘，温；归肺、肾、胃经。功能与主治：温肺助阳，平喘制酸；用于寒痰喘咳，腰膝冷痛，阳痿，乳汁不通，胃酸过多。用法与用量：3～9g，先煎。贮藏：置干燥处。,**简明**：钟乳石甘温，温肺助阳而平喘制酸，为治寒痰喘咳、腰膝冷痛的常用药。。**详解**：寒痰喘咳配麻黄、杏仁、款冬花；肾阳不足、腰膝冷痛配补骨脂、淫羊藿；胃酸过多配海螵蛸、煅瓦楞子。**阴虚火旺者忌用**；生用先煎。,2,AI预标注，待人工复核
q040,久咳不愈，痰白清稀，畏寒怕冷，用什么药？,case,xiebaisan_jieyao_001,方解（方论集要）,清热剂·方解,泻白散·清泻肺热止咳平喘,本方出钱乙《小儿药证直诀》：组成地骨皮、桑白皮（炒）各一两，炙甘草一钱，入粳米一撮。方中桑白皮君，甘寒入肺，清泻肺热、平喘止咳；地骨皮臣，甘淡而寒，退阴中之伏火、除肺中蒸热，与桑白皮相须，泻肺中郁热；炙甘草、粳米佐使，养胃和中、培土生金，兼制二皮寒凉之性。,泻白散为清泻肺中郁热、止咳平喘之剂，治肺热郁伏之喘咳、皮肤蒸热、日晡尤甚。桑皮、骨皮相须泻肺中伏火，甘草、粳米养胃培土，清润平和，泻肺而不伤正。与麻杏石甘汤相比：彼治外感风邪、邪热壅肺之表里俱实，此治肺中伏火、皮肤蒸热之里热渐退。新病表邪、风寒喘咳者非其所宜。方解供学习参考；具体用药请遵医嘱。,1,AI预标注，待人工复核
q040,久咳不愈，痰白清稀，畏寒怕冷，用什么药？,case,pengsha_001,《中药学》（清华社）· 药典外品种,攻毒杀虫止痒药,硼砂,据清华社《中药学》：硼砂为硼酸盐类矿物硼砂族硼砂经精制而成的结晶（药用部位：加工品）。性味甘、咸，凉；归肺、胃经。功能与主治：外用清热解毒，内服清肺化痰；用于咽喉肿痛，口疮，目赤翳障；内服治痰热咳嗽。用法与用量：外用适量，研极细末撒敷或调敷。内服 1.5～3g，入丸散。注意：内服不宜过量。贮藏：置阴凉干燥处，密闭。,**简明**：硼砂甘咸凉，外用清热解毒（喉口目疾要药，冰硼散主药），内服清肺化痰。。**详解**：咽喉肿痛、口疮配冰片、玄明粉（冰硼散）吹敷；目赤翳障配黄连、炉甘石点眼；痰热咳嗽内服配贝母、瓜蒌。**内服不宜过量**。,0,AI预标注，待人工复核
q040,久咳不愈，痰白清稀，畏寒怕冷，用什么药？,case,fanbanxia_001,中国药典（2025年版）一部,化痰止咳平喘药,法半夏,据《中国药典》2025 年版一部：法半夏系半夏的炮制加工品，为天南星科植物半夏 Pinellia ternata (Thunb.) Breit. 的干燥块茎经甘草石灰液浸泡、洗净、切片、干燥而成（药用部位：炮制品）。生半夏有毒多外用；经甘草、石灰制后毒性降低，温性缓和，长于燥湿化痰而兼和胃。性味辛，温；归脾、胃、肺经。…,**简明**：法半夏系半夏经甘草石灰液制品，辛温，燥湿化痰，性较和缓，为治湿痰寒痰、咳喘痰多的常用药。**详解**：湿痰咳嗽配陈皮、茯苓、甘草（二陈汤）；痰饮眩悸配天麻、白术（半夏白术天麻汤意）。**反乌头、附子**；其止呕之力不及姜半夏，阴虚燥咳、血证、热痰者忌用。,0,AI预标注，待人工复核
q040,久咳不愈，痰白清稀，畏寒怕冷，用什么药？,case,qingbanxia_001,中国药典（2025年版）一部,化痰止咳平喘药,清半夏,据《中国药典》2025 年版一部：清半夏系半夏的白矾制加工品，为天南星科植物半夏 Pinellia ternata (Thunb.) Breit. 的干燥块茎经白矾水溶液浸泡、洗净、干燥而成（药用部位：炮制品）。生半夏有毒多外用；经白矾制后毒性降低、辛燥之性缓和，长于燥湿化痰、化痰散结。性味辛，温；归脾、胃、肺经。功能…,**简明**：清半夏系半夏白矾制品，辛温，燥湿化痰，辛燥之性较生半夏缓和，主治湿痰咳嗽、痰涎凝聚咯吐不出及胃脘痞满。**详解**：湿痰咳嗽配陈皮、茯苓（二陈汤）；痰凝胸脘、咯痰不爽配瓜蒌、枳实。**反乌头、附子**；其止呕之力不及姜半夏，滋阴敛肺之力不及法半夏，阴虚燥咳、血证者忌用。,0,AI预标注，待人工复核
q040,久咳不愈，痰白清稀，畏寒怕冷，用什么药？,case,sangjuyin_001,温病条辨,上焦篇,桑菊饮（辛凉轻剂）,太阴风温，但咳，身不甚热，微渴者，辛凉轻剂桑菊饮主之。  桑菊饮方： 杏仁二钱 连翘一钱五分 薄荷八分 桑叶二钱五分 菊花一钱 苦梗二钱 甘草八分 苇根二钱。 水二杯，煮取一杯，日二服。,"本条论风温初起以咳嗽为主症的证治。邪在肺卫，肺气失宣故咳；邪浅热轻故身不甚热、微渴。主以辛凉轻剂桑菊饮，方以桑叶、菊花疏风清热为君，薄荷助宣透，杏仁、桔梗宣肺止咳，连翘、苇根清热生津，甘草调和。其解表清热之力轻于银翘散，而长于宣肺止咳，故称辛凉""轻剂""，为上焦温病咳之主方。",0,AI预标注，待人工复核
q040,久咳不愈，痰白清稀，畏寒怕冷，用什么药？,case,jingui_012,金匮要略,痰饮咳嗽病脉证并治第十二,痰饮咳嗽病脉证并治第十二,（论一首 脉二十一条 方十八首） 问曰：夫饮有四，何谓也？师曰：有痰饮，有悬饮，有溢饮，有支饮。 问曰：四饮何以为异？师曰：其人素盛今瘦，水走肠间，沥沥有声，谓之痰饮；饮后水流在胁下，咳唾引痛，谓之悬饮；饮水流行，归于四肢，当汗出而不汗出，身体疼重，谓之溢饮；咳逆倚息，短气不得卧，其形如肿，谓之支饮。 水在心，心下坚筑…,本篇论痰饮咳嗽，分痰饮、悬饮、溢饮、支饮四饮，总纲「当以温药和之」。出苓桂术甘汤、十枣汤、大青龙汤、木防己汤、泽泻汤、小半夏汤等方；支饮咳嗽变证出苓桂五味系列六方，层层加减，示人饮证治法之变。,0,AI预标注，待人工复核
q040,久咳不愈，痰白清稀，畏寒怕冷，用什么药？,case,baibu_001,中国药典（2025年版）一部,化痰止咳平喘药,百部,据《中国药典》2025 年版一部：百部为百部科植物直立百部 Stemona sessilifolia (Miq.) Miq.、蔓生百部 Stemona japonica (Bl.) Miq. 或对叶百部 Stemona tuberosa Lour. 的干燥块根（药用部位：块根）。性味甘、苦，微温；归肺经。功能与主治：润…,**简明**：百部甘苦微温，润肺下气止咳（**新久咳嗽皆宜，尤宜久咳肺痨顿咳**）、杀虫灭虱（外用）。**详解**：咳嗽配紫菀、桔梗（止嗽散）；肺痨咳嗽配麦冬、川贝母；蛲虫头虱外用煎洗或灌肠。蜜炙润肺止咳力强，生用杀虫力胜。,0,AI预标注，待人工复核
q040,久咳不愈，痰白清稀，畏寒怕冷，用什么药？,case,ziwan_001,中国药典（2025年版）一部,化痰止咳平喘药,紫菀,据《中国药典》2025 年版一部：紫菀为菊科植物紫菀 Aster tataricus L. f. 的干燥根和根茎（药用部位：根和根茎）。性味辛、苦，温；归肺经。功能与主治：润肺下气，化痰止咳；用于痰多喘咳，新久咳嗽，劳嗽咳血。用法与用量：5～10g。贮藏：置阴凉干燥处，防潮。  **【古注】】 《本草纲目》：紫菀辛温，…,**简明**：紫菀辛苦温，润肺下气、化痰止咳（**性温润，寒热咳嗽皆宜**），主治新久咳嗽、痰多喘咳及劳嗽咳血。**详解**：咳嗽配百部、桔梗（止嗽散）；阴虚劳嗽配麦冬、阿胶。蜜炙润肺止咳力增；阴虚火旺之燥咳慎用。,0,AI预标注，待人工复核
q040,久咳不愈，痰白清稀，畏寒怕冷，用什么药？,case,shanghan_040,伤寒论,辨太阳病脉证并治中,小青龙汤证（第40条）,伤寒表不解，心下有水气，干呕发热而咳，或渴，或利，或噎，或小便不利，少腹满，或喘者，小青龙汤主之。 小青龙汤方 麻黄三两（去节，味甘温） 芍药三两（味酸微寒） 五味子半升（味酸温） 干姜三两（味辛热）甘草三两（炙，味甘平） 桂枝三两（去皮，味辛热）半夏半升（汤洗，味辛，微温） 细辛三两（味辛温）右八味，以水一斗，先煮麻…,本条论外寒内饮证。伤寒表不解，心下有水气，干呕发热而咳，或渴、或利、或噎、或小便不利少腹满、或喘者，小青龙汤主之。麻桂解表，干姜细辛半夏温化水饮，五味子芍药敛肺。,3,AI预标注，待人工复核
q040,久咳不愈，痰白清稀，畏寒怕冷，用什么药？,case,pipaye_001,中国药典（2025年版）一部,化痰止咳平喘药,枇杷叶,据《中国药典》2025 年版一部：枇杷叶为蔷薇科植物枇杷 Eriobotrya japonica (Thunb.) Lindl. 的干燥叶（药用部位：叶）。性味苦，微寒；归肺、胃经。功能与主治：清肺止咳，降逆止呕；用于肺热咳嗽，气逆喘急，胃热呕逆，烦热口渴。用法与用量：6～10g。贮藏：置干燥处。  **【古注】】 《…,**简明**：枇杷叶苦微寒，清肺止咳、降逆止呕（**肺胃同治**），主治肺热咳嗽、胃热呕逆烦渴。**详解**：肺热咳嗽配桑白皮、黄芩；燥热伤肺配桑叶、麦冬（清燥救肺汤）；胃热呕哕配竹茹、芦根。**须去毛、包煎**，以免刺激咽喉。,0,AI预标注，待人工复核
q040,久咳不愈，痰白清稀，畏寒怕冷，用什么药？,case,tongguanteng_001,中国药典（2025年版）一部,化痰止咳平喘药,通关藤,据《中国药典》2025 年版一部：通关藤为萝藦科植物通关藤 Marsdenia tenacissima (Roxb.) Wight et Arn. 的干燥藤茎（药用部位：藤茎）。性味苦，微寒；归肺、肝经。功能与主治：止咳平喘，祛痰，通乳，清热解毒；用于支气管炎，咳嗽痰多，哮喘，乳汁不通；现代亦用于肿瘤辅助治疗。用法与用…,**简明**：通关藤苦微寒，止咳平喘而祛痰通乳，现代常用于支气管炎与肿瘤辅助治疗（消癌平主药）。。**详解**：咳嗽痰多配黄芩、桔梗；哮喘配麻黄、杏仁；乳汁不通配穿山甲（代用品）、王不留行。,0,AI预标注，待人工复核
q040,久咳不愈，痰白清稀，畏寒怕冷，用什么药？,case,yuzhu_001,中国药典（2025年版）一部,补虚药,玉竹,据《中国药典》2025 年版一部：玉竹为百合科植物玉竹 Polygonatum odoratum (Mill.) Druce 的干燥根茎（药用部位：根茎）。性味甘，微寒；归肺、胃经。功能与主治：养阴润燥，生津止渴；用于肺胃阴伤，燥热咳嗽，咽干口渴，内热消渴，阴虚外感。用法与用量：6～12g。贮藏：置通风干燥处，防霉，防…,**简明**：玉竹甘微寒，养阴润燥、生津止渴（**养阴而不滋腻、不恋邪**），主治肺胃阴伤之燥咳咽干口渴、消渴及阴虚外感。**详解**：肺燥咳嗽配沙参、麦冬（沙参麦冬汤）；阴虚外感配葱白、淡豆豉（加减葳蕤汤）。脾虚便溏者慎用。,0,AI预标注，待人工复核
q040,久咳不愈，痰白清稀，畏寒怕冷，用什么药？,case,maidong_001,中国药典（2025年版）一部,补虚药,麦冬,据《中国药典》2025 年版一部：麦冬为百合科植物麦冬 Ophiopogon japonicus (Thunb.) Ker-Gawl. 的干燥块根（药用部位：块根）。性味甘、微苦，微寒；归心、肺、胃经。功能与主治：养阴生津，润肺清心；用于肺燥干咳，阴虚劳嗽，喉痹咽痛，津伤口渴，内热消渴，心烦失眠，肠燥便秘。用法与用量：…,**简明**：麦冬甘微苦微寒，养阴生津、润肺清心（**清养肺胃心三脏之阴**），主治肺燥干咳、喉痹咽痛、津伤口渴消渴、心烦失眠及肠燥便秘。**详解**：气阴两伤配人参、五味子（生脉散）；肺燥干咳配沙参、玉竹（沙参麦冬汤）；肠燥便秘配玄参、生地黄（增液汤）。风寒感冒、痰湿咳喘者忌用。,1,AI预标注，待人工复核
q040,久咳不愈，痰白清稀，畏寒怕冷，用什么药？,case,longliye_001,中国药典（2025年版）一部,化痰止咳平喘药,龙脷叶,据《中国药典》2025 年版一部：龙脷叶为大戟科植物龙脷叶 Sauropus spatulifolius Beille 的干燥叶（药用部位：叶）。性味甘、淡，平；归肺、胃、大肠经。功能与主治：润肺止咳，通便；用于肺燥咳嗽，咽痛失音，便秘。用法与用量：9～15g。贮藏：置干燥处。,**简明**：龙脷叶甘淡平，润肺止咳而通便，为岭南治肺燥咳嗽、咽痛失音的常用药。。**详解**：肺燥干咳配沙参、麦冬、川贝母；咽痛失音配胖大海、桔梗；便秘配火麻仁。痰湿咳嗽者不宜。,0,AI预标注，待人工复核
q040,久咳不愈，痰白清稀，畏寒怕冷，用什么药？,case,tiandong_001,中国药典（2025年版）一部,补虚药,天冬,据《中国药典》2025 年版一部：天冬为百合科植物天冬 Asparagus cochinchinensis (Lour.) Merr. 的干燥块根（药用部位：块根）。性味甘、苦，寒；归肺、肾经。功能与主治：养阴润燥，清肺生津；用于肺燥干咳，顿咳痰黏，劳嗽咳血，腰膝酸痛，骨蒸潮热，内热消渴，热病津伤，咽干口渴，肠燥便秘。…,**简明**：天冬甘苦寒，养阴润燥、清肺生津（**清肺滋肾、润燥力强于麦冬**），主治肺燥干咳劳嗽、骨蒸潮热、内热消渴及肠燥便秘。**详解**：肺肾阴虚配麦冬（二冬膏）；心肾不交失眠配生地黄、人参（天王补心丹）。脾虚便溏、外感风寒者忌用。,1,AI预标注，待人工复核
q040,久咳不愈，痰白清稀，畏寒怕冷，用什么药？,case,shanghan_333,伤寒论,辨厥阴病脉证并治,伤寒脉迟反与黄芩汤除热成除中（第333条）,伤寒脉迟，六七日，而反与黄芩汤彻其热。脉迟为寒，今与黄芩汤，复除其热，腹中应冷，当不能食；今反能食，此名除中，必死。,伤寒脉迟为里寒，六七日仍寒，反用黄芩汤寒药彻热，则腹中更冷，当不能食；今反能食，是胃气垂绝之除中证，必危。此为误治成除中之例，示人寒证不可误用寒凉。,0,AI预标注，待人工复核
q040,久咳不愈，痰白清稀，畏寒怕冷，用什么药？,case,snb_tingli_001,神农本草经,下经,葶苈,葶苈，味辛，寒。主癥瘕积聚结气，饮食寒热，破坚逐邪，通利水道。生平泽。,葶苈子辛苦大寒，泻肺平喘、行水消肿，专泻肺中水饮痰火，主治痰涎壅肺、喘咳痰多、水肿悬饮、胸腹积水、小便不利。性峻泻，肺虚喘咳、脾虚肿满者慎服，不宜久服。,0,AI预标注，待人工复核
