query_id,query,query_form,candidate_id,book,chapter,section_title,原文片段,白话片段,relevance,notes
q005,糖尿病,modern,manbingguanli_001,中医临床诊疗指南/专家共识（要点归纳）,现代中医,慢性病中医管理·随访调治要点,据慢性病中医药健康管理相关规范：对高血压、糖尿病、脑卒中后遗症、慢性咳喘等慢性病人群，在规范西医治疗与监测的基础上，发挥中医辨证调治、生活方式指导与适宜技术优势，开展定期随访与长期管理。（要点归纳，非原文照录。）,慢性病中医管理是把中医调治纳入长期健康管理的服务模式。管理要点：一、以规范的疾病监测和基础治疗为前提，中医药作为补充与协同，不替代必要的西医治疗与药物；二、按病情分期随访，记录症状、指标、用药与生活方式；三、提供辨证调治、饮食起居指导、运动导引、情志调摄等综合干预，目标是控制病情、减少复发、提高生活质量。强调连续性、个…,,
q005,糖尿病,modern,yumixu_001,《中药学》（清华社）· 药典外品种,利水渗湿药,玉米须,据清华社《中药学》：玉米须为禾本科植物玉蜀黍 Zea mays L. 的干燥花柱和柱头（药用部位：花柱和柱头）。性味甘，平；归膀胱、肝、胆经。功能与主治：利水消肿，利湿退黄；用于水肿，小便不利，湿热黄疸；现代亦用于高血压、糖尿病辅助治疗。用法与用量：15～30g。贮藏：置通风干燥处，防蛀。,**简明**：玉米须甘平，利水消肿而利湿退黄，药性平和，为治水肿淋证与黄疸的常用药。。**详解**：水肿、小便不利配茯苓皮、泽泻；湿热黄疸配茵陈、金钱草；高血压辅助配决明子、钩藤。,,
q005,糖尿病,modern,luohanguo_001,中国药典（2025年版）一部,化痰止咳平喘药,罗汉果,据《中国药典》2025 年版一部：罗汉果为葫芦科植物罗汉果 Siraitia grosvenorii (Swingle) C. Jeffrey ex A. M. Lu et Z. Y. Zhang 的干燥成熟果实（药用部位：成熟果实）。性味甘，凉；归肺、大肠经。功能与主治：清热润肺，利咽开音，滑肠通便；用于肺热燥咳，咽…,**简明**：罗汉果甘凉，清热润肺、利咽开音、滑肠通便，**药食两用**，主治肺热燥咳、咽痛失音及肠燥便秘。**详解**：肺热燥咳配沙参、麦冬；咽痛音哑泡水代茶（配胖大海）。可沸水泡服，糖尿病者适量。,,
q005,糖尿病,modern,kaiweishanzhawan_001,《中国药典》一部/药品说明书（要点归纳）,消导/理气/中成药,开胃山楂丸·开胃消食,据现行版《中国药典》一部与药品说明书要点归纳：本品由山楂、六神曲、茯苓、山药、芡实、莲子、白扁豆、麦芽、陈皮等组成，具开胃消食之功，用于饮食积滞、痞满腹胀、消化不良。用法用量按说明书口服。,开胃山楂丸为消食导滞兼健脾的常用中成药，用于饮食积滞之痞满腹胀、消化不良。胃酸过多、胃溃疡者慎用，糖尿病患者（含糖蜜丸）注意。本条目为中成药，请按说明书或在医师指导下使用。,,
q005,糖尿病,modern,yangyinqingfeiyanwan_001,《中国药典》一部/药品说明书（要点归纳）,止咳/外妇儿/中成药,养阴清肺丸·养阴润燥清肺利咽,据现行版《中国药典》一部与药品说明书要点归纳：本品由地黄、麦冬、玄参、川贝母、白芍、牡丹皮、薄荷、甘草组成，具养阴润燥、清肺利咽之功，用于阴虚肺燥，咽喉干痛，干咳少痰，或痰中带血。用法用量按说明书口服。,养阴清肺丸为养阴清肺、利咽类中成药，用于阴虚肺燥之咽干干咳、痰中带血。本品滋腻，痰湿壅盛、风寒咳嗽者不宜；糖尿病患者（含糖蜜丸）注意。本条目为中成药，请按说明书或在医师指导下使用。,,
q005,糖尿病,modern,milianchuanbeipagaotang_001,《中国药典》一部/药品说明书（要点归纳）,止咳/外妇儿/中成药,蜜炼川贝枇杷膏·清热润肺化痰止咳平喘,据现行版《中国药典》一部与药品说明书要点归纳：本品由川贝母、枇杷叶、桔梗、陈皮、水半夏、北沙参、五味子、款冬花、薄荷脑等组成，具清热润肺、化痰止咳平喘之功，用于肺燥咳嗽，症见干咳、痰黄而黏、胸闷、咽喉痒痛或声音嘶哑。用法用量按说明书口服。,蜜炼川贝枇杷膏为润肺止咳类糖浆中成药，用于肺燥咳嗽、痰黏咽痒。本品含糖量高，糖尿病患者忌服；风寒咳嗽、痰湿壅盛者不宜；服药期间忌辛辣油腻。本条目为中成药，请按说明书或在医师指导下使用。,,
q005,糖尿病,modern,yong_001,《中医外科学》规划教材（要点归纳）,外科,痈·局部光软无头红肿热痛,痈是指发生于体表皮肉之间的急性化脓性疾病，其特点是局部光软无头、红肿热痛、结块范围多在 6~9cm、易脓易溃易敛，可伴恶寒发热等全身症状。病因多为外感六淫邪毒、过食膏粱厚味、外伤染毒；病机为气血壅滞、热胜肉腐。辨证分热毒蕴结、热胜肉腐、正虚邪恋等型。,痈属阳证疮疡，辨证首分初起、成脓、溃后。初起宜清热解毒、和营消肿；成脓宜托毒透脓、必要时切开排脓；溃后宜益气养血。凡范围大、高热不退、脓出不畅或伴糖尿病者应及时就医。教材要点归纳，供参考；具体诊疗请遵医嘱。,,
q005,糖尿病,modern,dashanzhawan_001,《中国药典》一部/药品说明书（要点归纳）,消导/理气/中成药,大山楂丸·开胃消食,据现行版《中国药典》一部与药品说明书要点归纳：本品由山楂、六神曲（麸炒）、炒麦芽三味组成，具开胃消食之功，用于食积内停所致的食欲不振、消化不良、脘腹胀闷。用法用量按说明书口服。,大山楂丸为三味消导药组成的开胃消食常用中成药，用于食积肉积、食欲不振、脘腹胀闷。本品味酸甘，胃酸过多、胃溃疡及糖尿病患者（含糖蜜丸）慎用；服药期间宜清淡饮食。本条目为中成药，请按说明书或在医师指导下使用。,,
q005,糖尿病,modern,yuyetang_001,《方剂学》规划教材（要点归纳）,治燥剂,玉液汤·益气滋阴固肾生津,"传统方歌：""玉液汤治消渴方，黄芪山药知鸡内金，葛根五味天花粉，气阴双补此方良。""（《医学衷中参西录》方，据教材要点归纳：山药、黄芪、知母、鸡内金、葛根、五味子、天花粉各约常用量，水煎服。）",玉液汤为益气滋阴、固肾生津之代表方，主治气不布津、肾虚胃燥之消渴，症见口渴引饮、小便频数量多、困倦气短。现代常用于2型糖尿病、尿崩症等阴虚气弱型辅助调理，须配合现代诊疗，不可单用替代。本方为要点归纳，供参考；具体用药请遵医嘱。,,
q005,糖尿病,modern,lurong_001,中国药典（2025年版）一部,补虚药,鹿茸,据《中国药典》2025 年版一部：鹿茸为鹿科动物梅花鹿 Cervus nippon Temminck 或马鹿 Cervus elaphus Linnaeus 的雄鹿未骨化密生茸毛的幼角（药用部位：幼角）。性味甘、咸，温；归肾、肝经。功能与主治：壮肾阳，益精血，强筋骨，调冲任，托疮毒；用于肾阳不足，精血亏虚，阳痿滑精，宫…,**简明**：鹿茸甘咸温，壮肾阳、益精血、强筋骨、调冲任、托疮毒，为**峻补元阳精血**之品，主治肾阳虚衰阳痿宫冷、精血亏虚羸瘦、筋骨痿软及崩漏阴疽。**详解**：肾阳不足配熟地黄、山茱萸（右归丸）；气血两虚配人参、黄芪（十全大补汤）。**研末冲服（1～2g），宜从小量渐加**；阴虚阳亢、血热者禁用。,,
q005,糖尿病,modern,xingpiyangerkeli_001,《中国药典》一部/药品说明书（要点归纳）,止咳/外妇儿/中成药,醒脾养儿颗粒·醒脾开胃养血安神固肠止泻,据现行版《中国药典》一部与药品说明书要点归纳：本品由一点红、毛大丁草、山栀茶、蜘蛛香等组成，具醒脾开胃、养血安神、固肠止泻之功，用于脾气虚所致儿童厌食、腹泻便溏、烦躁盗汗、遗尿夜啼。用法用量按说明书，儿童用量按年龄酌减。,醒脾养儿颗粒为儿科醒脾开胃、固肠止泻类中成药，用于小儿脾气虚之厌食、便溏、盗汗夜啼。糖尿病患儿（含糖颗粒）及过敏体质者慎用；感冒发热期间不宜。服药期间宜清淡饮食、规律喂养；小儿长期厌食消瘦、腹泻脱水或反复呕吐者应及时就医。本条目为中成药，请按说明书或在医师指导下使用。,,
q005,糖尿病,modern,xiaoke_002,中医临床诊疗指南/专家共识（要点归纳）,现代中医,消渴·辨证论治要点,"据现行中医内科常见病诊疗指南：消渴以阴虚燥热为基本病机，病位主在肺、胃、肾；按""三多""症状偏重分上、中、下三消，治以清热润燥、养阴生津为基本原则，并须结合现代医学监测与综合管理。（要点归纳，非原文照录。）","消渴以多饮、多食、多尿、形体消瘦（""三多一少""）为主症，相当于现代医学糖尿病一类疾病。指南要点：辨证常见上消肺热津伤（润肺清热、生津止渴）、中消胃热炽盛（清胃泻火、养阴增液）、下消肾阴亏虚（滋阴补肾）等型，日久可及阴阳两虚、兼夹血瘀；总以清热润燥、养阴生津为法。强调中西医结合、血糖监测、饮食控制与运动调护，防治并发症。…",,
q005,糖尿病,modern,snb_gualougen_001,神农本草经,中经,栝楼根,栝楼根，味，寒。主消渴，身热烦满，大热，补虚安中，续绝伤。,栝楼根即天花粉，甘微苦寒，清热生津、消肿排脓，主治热病津伤口渴、肺热燥咳及痈肿疮疡。本经主消渴、身热烦满、续绝伤，取其清热生津、消肿续伤之功。,,
q005,糖尿病,modern,snb_gegen_001,神农本草经,中经,葛根,葛根，味甘，平。主消渴，身大热，呕吐，诸痹，起阴气，解诸毒。,葛根甘辛凉，解肌退热、生津止渴、升阳止泻，主治外感发热头痛项强、热病口渴、麻疹不透及脾虚泄泻。本经主消渴、身热、起阴气，皆取其升散生津之功。,,
q005,糖尿病,modern,snb_zhimu_001,神农本草经,中经,知母,知母，味，寒。主消渴热中，除邪气，肢体浮肿，下水，补不足，益气。,知母苦甘寒，清热泻火、滋阴润燥，上清肺金、下润肾燥，主治热病烦渴、肺热燥咳、骨蒸潮热及内热消渴。本经主消渴热中、补不足，即清热滋阴之义。,,
q005,糖尿病,modern,snb_shuiping_001,神农本草经,下经,水萍,水萍，味辛，寒。主暴热，身痒，下水气，胜酒，长须发，止消渴。生池泽。,水萍即今之浮萍，辛寒，发汗解表、透疹止痒、利水消肿，主治外感风热发热无汗、麻疹不透、风疹瘙痒及水肿尿少。其发汗之力较强，自汗、体虚及皮肤干燥者慎用，不宜久服过量。,,
q005,糖尿病,modern,shanghan_326,伤寒论,辨厥阴病脉证并治,厥阴病提纲（第326条）,厥阴之为病，消渴，气上撞心，心中疼热，饥而不欲食，食则吐蛔，下之利不止。,本条为厥阴病提纲。厥阴为阴尽阳生之经，病则阴阳胜复、上热下寒。上热则消渴、气上撞心、心中疼热；下寒则饥不欲食、食则吐蛔。若误下，则脾肾阳衰而下利不止。凡见此等寒热错杂之证，即属厥阴病范畴。,,
q005,糖尿病,modern,snb_gouqizi_001,神农本草经,上经,枸杞子,枸杞，味甘，寒。主五内邪气，热中消渴，周痹。久服，坚筋骨，轻身不老。一名杞根，一名地骨，一名枸忌，一名地辅。生川泽。,本经枸杞兼指根实，后世枸杞子甘平，滋补肝肾、益精明目，主治肝肾阴虚、腰膝酸软、头晕目眩、视力减退。,,
q005,糖尿病,modern,jueyinjingzheng_001,《中医诊断学》规划教材（要点归纳）,辨证,厥阴经证·寒热错杂消渴气上撞心,厥阴经证是六经病传变的最后阶段，多呈寒热错杂、上热下寒之候。以消渴、气上撞心、心中疼热、饥而不欲食、四肢厥冷为辨证要点。病机为阴阳对峙、寒热交错、厥热胜复。,厥阴经证以寒热错杂、上热下寒为特征，治宜清上温下，代表方乌梅丸。与少阴寒化、阳明里热鉴别：寒热交错、消渴与厥冷并见。此为教材要点归纳，供参考；具体诊疗请遵医嘱，不引导自我诊断。,,
q005,糖尿病,modern,duiduan_001,针灸学,督脉,兑端,出《针灸甲乙经》。,兑端为督脉穴。在面部，上唇结节之尖端。主治唇吻强急、口㖞、齿龈痛、鼻渊、癫狂、晕厥、消渴。刺法：向上斜刺0.2～0.3寸；不灸。,,
q005,糖尿病,modern,guanyuanshu_001,针灸学,足太阳膀胱经,关元俞,出《太平圣惠方》。,关元俞为足太阳膀胱经穴，与任脉关元穴相应，为元阳之气输注于背部之处。定位在脊柱区，第5腰椎棘突下，后正中线旁开1.5寸。主治腹胀、泄泻等肠腑病证，小便不利、遗尿、消渴等泌尿病证，以及腰痛。刺法：直刺0.8～1.2寸；可灸。,,
q005,糖尿病,modern,liuweidihuangwan_002,《中国药典》一部/药品说明书（要点归纳）,补益剂/中成药,六味地黄丸·滋阴补肾,据现行版《中国药典》一部与药品说明书要点归纳：本品由熟地黄、山茱萸、山药、泽泻、牡丹皮、茯苓组成，具滋阴补肾之功，用于肾阴亏损，症见头晕耳鸣、腰膝酸软、骨蒸潮热、盗汗遗精、消渴。用法用量按说明书。,六味地黄丸为滋阴补肾基础中成药，用于肾阴亏虚之腰酸耳鸣潮热盗汗。脾虚便溏者慎用；感冒发热期间不宜服用。本条目为中成药，请按说明书或在医师指导下使用。,,
q005,糖尿病,modern,shenshu_001,针灸学,足太阳膀胱经,肾俞,出《针灸甲乙经》。《灵枢·背腧》：十四焦之间，肾腧当其处。,肾俞为肾之背俞穴，为肾气输注于背部的腧穴。定位在脊柱区，第2腰椎棘突下，后正中线旁开1.5寸。主治头晕、耳鸣、耳聋等肾精不足证，腰膝酸痛，遗精、阳痿、不育等生殖泌尿病证，月经不调、带下等妇科病，以及水肿、小便不利。刺法：直刺0.5～1寸；可灸。,,
q005,糖尿病,modern,shanghan_071,伤寒论,辨太阳病脉证并治中,五苓散证（第71条）,太阳病，发汗后，大汗出，胃中干，烦躁不得眠，欲得饮水者，少少与饮之，令胃气和则愈。若脉浮，小便不利，微热消渴者，与五苓散主之。 五苓散方 猪苓十八铢（去皮，味甘平） 泽泻一两六铢半（味酸咸） 茯苓十八铢（味甘平） 桂半两（去皮，味辛热） 白术十八铢（味甘平）右五味为末，以白饮和，服方寸匕日三服，多饮暖水，汗出愈。,本条论太阳蓄水证。发汗后大汗出、胃中干、烦躁不得眠、欲得饮水者，少少与之令胃和则愈。若脉浮、小便不利、微热消渴者，与五苓散主之，化气利水。,,
q005,糖尿病,modern,yangchi_001,针灸学,手少阳三焦经,阳池,《灵枢·本输》：过于阳池，阳池，在腕上陷者之中也，为原。,阳池为手少阳三焦经原穴，定位在腕后区，腕背横纹中，指总伸肌腱尺侧缘凹陷中。主治目赤肿痛、耳聋、咽喉肿痛、腕臂痛，以及消渴、疟疾。刺法：直刺0.3～0.5寸；可灸。,,
q005,糖尿病,modern,fenge_001,中国药典（2025年版）一部,解表药,粉葛,据《中国药典》2025 年版一部：粉葛为豆科植物甘葛藤 Pueraria thomsonii Benth. 的干燥根（药用部位：根）。性味甘、辛，凉；归脾、胃经。功能与主治：解肌退热，生津止渴，升阳止泻；用于外感发热，项背强痛，热病口渴，阴虚消渴，脾虚泄泻。用法与用量：10～15g。贮藏：置通风干燥处，防蛀。,**简明**：粉葛甘辛凉，解肌退热而生津止渴、升阳止泻，为治外感项强与消渴泄泻的常用药。。**详解**：外感发热、项背强痛配桂枝、白芍（葛根汤）；热病口渴、消渴配天花粉、麦冬；脾虚泄泻配党参、白术。,,
q005,糖尿病,modern,fengjiao_001,中国药典（2025年版）一部,补虚药,蜂胶,据《中国药典》2025 年版一部：蜂胶为蜜蜂科昆虫意大利蜂 Apis mellifera Linnaeus 工蜂采集的植物树脂与其上颚腺、蜡腺分泌物混合形成的固体胶状物（药用部位：加工品）。性味苦、辛，平；归脾、胃经。功能与主治：补虚弱，化浊脂，止消渴；外用解毒消肿，收敛生肌；用于体虚早衰，高脂血症，消渴；外治皮肤皲裂…,**简明**：蜂胶苦辛平，补虚弱而化浊脂、止消渴，现代多用于高脂血症与体虚调理。。**详解**：体虚早衰配黄芪、枸杞子；高脂血症配山楂、决明子；消渴配葛根、天花粉；外用治皲裂烫伤。**过敏体质者慎用**。,,
q005,糖尿病,modern,yanggang_001,针灸学,足太阳膀胱经,阳纲,出《针灸甲乙经》。,阳纲定位在脊柱区，第10胸椎棘突下，后正中线旁开3寸，与胆俞平列，属足太阳膀胱经。长于疏利肝胆、清利湿热，主治肠鸣、腹痛、泄泻、黄疸及消渴。刺法：斜刺0.5～0.8寸。,,
q005,糖尿病,modern,zhimu_001,中国药典（2025年版）一部,清热药,知母,据《中国药典》2025 年版一部：知母为百合科植物知母 Anemarrhena asphodeloides Bge. 的干燥根茎（药用部位：根茎）。性味苦、甘，寒；归肺、胃、肾经。功能与主治：清热泻火，滋阴润燥；用于外感热病，高热烦渴，肺热燥咳，骨蒸潮热，内热消渴，肠燥便秘。用法与用量：6～12g。贮藏：置通风干燥处，…,**简明**：知母苦甘寒，清热泻火、滋阴润燥，上清肺热、中清胃火、下滋肾阴，主治高热烦渴、肺热燥咳、骨蒸潮热。**详解**：气分热盛配石膏（白虎汤）；阴虚火旺配黄柏、熟地黄（知柏地黄丸）；肺热燥咳配贝母、麦冬；消渴配天花粉、葛根。盐知母偏入肾经滋阴降火；脾虚便溏者不宜。,,
q005,糖尿病,modern,xiuchouqi_001,《中医诊断学》规划教材（要点归纳）,四诊,嗅气味·病室口气分泌物排泄物气味辨寒热,嗅气味是凭嗅觉嗅辨患者口气、体气及分泌物、排泄物、病室气味变化以辨别寒热虚实的诊法。一般气味酸腐臭秽者多属实热；无臭或微有腥气者多属虚寒。口气酸臭多属胃热或龋齿；病室有血腥气多为失血，有烂苹果味多属消渴重证，有尿臊味多属水肿晚期。,嗅气味以气味清浊、臭秽辨寒热：酸腐臭秽多实热，清腥无臭多虚寒；病室特殊气味提示危重证（失血、消渴、水肿晚期）。此为教材要点归纳，供参考；具体诊疗请遵医嘱，不引导自我诊断。,,
q005,糖尿病,modern,digupi_001,中国药典（2025年版）一部,清热药,地骨皮,据《中国药典》2025 年版一部：地骨皮为茄科植物枸杞 Lycium chinense Mill. 或宁夏枸杞 Lycium barbarum L. 的干燥根皮（药用部位：根皮）。性味甘，寒；归肺、肝、肾经。功能与主治：凉血除蒸，清肺降火；用于阴虚潮热，骨蒸盗汗，肺热咳嗽，咯血，衄血，内热消渴。用法与用量：9～15g。…,**简明**：地骨皮甘寒，凉血除蒸、清肺降火，善退**有汗骨蒸**（与牡丹皮无汗骨蒸相对），治肺热咳嗽、血热出血及消渴。**详解**：阴虚骨蒸盗汗配银柴胡、青蒿（清骨散）；肺热咳嗽配桑白皮、甘草（泻白散）；血热吐衄配白茅根、侧柏叶；消渴配天花粉、生地黄。外感风寒发热及脾虚便溏者不宜。,,
q005,糖尿病,modern,jingui_013,金匮要略,消渴小便不利淋病脉证并治第十三,消渴小便不利淋病脉证并治第十三,（脉证九条 方六首） 厥阴之为病，消渴，气上冲心，心中疼热，饥而不欲食，食即吐，下之不肯止。 寸口脉浮而迟，浮即为虚，迟即为劳；虚则卫气不足，劳则荣气竭。 趺阳脉浮而数，浮即为气，数即为消谷而大坚（一作紧）。气盛则溲数，溲数即坚，坚数相搏，即为消渴。 男子消渴，小便反多，以饮一斗，小便一斗，肾气丸主之（方见脚气中）。 …,本篇论消渴、小便不利、淋病。消渴有厥阴气上冲心及男子饮一溲一（肾气丸）两型；淋病以小便如粟状、小腹弦急为主；小便不利分水气（五苓散、栝蒌瞿麦丸）、湿热（蒲灰散、猪苓汤）等型。,,
q005,糖尿病,modern,xiaoke_001,中医内科学,气血津液病证,消渴,"消渴是以多饮、多食、多尿、形体消瘦，或尿有甜味为主要临床表现的病证。《素问·奇病论》：""此肥美之所发也，此人必数食甘美而多肥也，肥者令人内热，甘者令人中满，故其气上溢，转为消渴。""《金匮要略·消渴小便利淋病脉证并治》立消渴专篇，出肾气丸、白虎加人参汤等方。教材分上、中、下三消论治。",消渴病位在肺、胃、肾，尤以肾为关键，基本病机为阴津亏损、燥热偏盛，以阴虚为本、燥热为标。辨证首辨上、中、下三消：上消以多饮为主，属肺燥；中消以多食为主，属胃热；下消以多尿为主，属肾虚。分证论治：上消肺热津伤治以清热润肺、生津止渴，方用消渴方；中消胃热炽盛治以清胃泻火、养阴增液，方用玉女煎；气阴亏虚治以益气健脾、生津止渴…,,
q005,糖尿病,modern,shanzhuyu_001,中国药典（2025年版）一部,收涩药,山茱萸,据《中国药典》2025 年版一部：山茱萸为山茱萸科植物山茱萸 Cornus officinalis Sieb. et Zucc. 的干燥成熟果肉（药用部位：成熟果肉）。性味酸、涩，微温；归肝、肾经。功能与主治：补益肝肾，收涩固脱；用于眩晕耳鸣，腰膝酸痛，阳痿遗精，遗尿尿频，崩漏带下，大汗虚脱，内热消渴。用法与用量：6～…,**简明**：山茱萸酸涩微温，补益肝肾、收涩固脱（**补敛并施，救脱要药**），主治肝肾亏虚之眩晕耳鸣、腰膝酸痛、阳痿遗精、尿频及大汗亡阳虚脱。**详解**：肝肾阴虚配熟地黄、山药（六味地黄丸）；大汗虚脱配人参、附子（来复汤）；崩漏配黄芪、白术（固冲汤）。**急救固脱可重用至 20～30g**；素有湿热、小便淋涩者慎用…,,
q005,糖尿病,modern,wulingsan_001,伤寒论,辨太阳病脉证并治中,五苓散方,太阳病，发汗后，大汗出，胃中干，烦躁不得眠，欲得饮水者，少少与饮之，令胃气和则愈。若脉浮，小便不利，微热消渴者，与五苓散主之。 五苓散方 猪苓十八铢（去皮，味甘平） 泽泻一两六铢半（味酸咸） 茯苓十八铢（味甘平） 桂半两（去皮，味辛热） 白术十八铢（味甘平）右五味为末，以白饮和，服方寸匕日三服，多饮暖水，汗出愈。,五苓散为利水渗湿、温阳化气之代表方，主治太阳蓄水证之小便不利、微热消渴、水入即吐。泽泻、猪苓、茯苓利水渗湿，白术健脾运湿，桂枝通阳化气兼解表邪。散剂以白饮和服，多饮暖水取微汗。,,
q005,糖尿病,modern,gouqizi_001,中国药典（2025年版）一部,补虚药,枸杞子,据《中国药典》2025 年版一部：枸杞子为茄科植物宁夏枸杞 Lycium barbarum L. 的干燥成熟果实（药用部位：成熟果实）。性味甘，平；归肝、肾经。功能与主治：滋补肝肾，益精明目；用于虚劳精亏，腰膝酸痛，眩晕耳鸣，阳痿遗精，内热消渴，血虚萎黄，目昏不明。用法与用量：6～12g。贮藏：置阴凉干燥处，防闷热，防…,**简明**：枸杞子甘平，滋补肝肾、益精明目（**平补肝肾阴阳**），主治肝肾阴虚之腰膝酸痛、眩晕耳鸣、阳痿遗精、消渴及目昏不明。**详解**：肝肾阴虚眩晕目暗配菊花、熟地黄（杞菊地黄丸）；遗精配菟丝子、覆盆子（五子衍宗丸）。**药食两用**，可嚼服泡茶；脾虚便溏者慎用。,,
q005,糖尿病,modern,wuweizi_001,中国药典（2025年版）一部,收涩药,五味子,据《中国药典》2025 年版一部：五味子为木兰科植物五味子 Schisandra chinensis (Turcz.) Baill. 的干燥成熟果实（药用部位：成熟果实）。性味酸、甘，温；归肺、心、肾经。功能与主治：收敛固涩，益气生津，补肾宁心；用于久嗽虚喘，梦遗滑精，遗尿尿频，久泻不止，自汗盗汗，津伤口渴，内热消渴，…,**简明**：五味子酸甘温，上敛肺气、下滋肾阴，益气生津而宁心安神，为治久咳虚喘、心悸失眠的常用药。。**详解**：久嗽虚喘配款冬花、紫菀；梦遗滑精配金樱子、桑螵蛸；久泻不止配肉豆蔻、诃子；津伤口渴、心悸失眠配人参、麦冬（生脉散）。**表邪未解、内有实热者慎用**。,,
q005,糖尿病,modern,wumei_001,中国药典（2025年版）一部,收涩药,乌梅,据《中国药典》2025 年版一部：乌梅为蔷薇科植物梅 Prunus mume (Sieb.) Sieb. et Zucc. 的干燥近成熟果实（药用部位：近成熟果实）。性味酸、涩，平；归肝、脾、肺、大肠经。功能与主治：敛肺，涩肠，生津，安蛔；用于肺虚久咳，久痢滑肠，虚热消渴，蛔厥呕吐腹痛，胆道蛔虫症。用法与用量：6～12…,**简明**：乌梅酸涩平，敛肺、涩肠、生津、安蛔（**酸收敛固**），主治肺虚久咳、久泻久痢、虚热消渴及蛔厥腹痛。**详解**：久咳配罂粟壳、五味子；久泻配诃子、肉豆蔻；蛔厥配细辛、黄连、花椒（乌梅丸）。**外有表邪、内有实热积滞者忌用**。,,
q005,糖尿病,modern,youtouju_001,《中医外科学》规划教材（要点归纳）,外科,有头疽·初起粟粒脓头向深部周围扩散,有头疽是发生于肌肤间的急性化脓性疾病，其特点是初起皮肤上即有粟粒样脓头，焮热红肿疼痛，易向深部及周围扩散，脓头相继增多，溃后状如莲蓬蜂窝，范围常超过 9cm，大者可至 30cm，多发于项后、背部，老年人或消渴病患者易患。辨证分火毒凝结、湿热壅滞、阴虚火炽、气虚毒滞等型。,有头疽为阳证重证，易并发内陷。治疗初起清热泻火、和营托毒；溃后气虚毒滞者益气养阴托毒。消渴病患者合并有头疽，病情多重，须控制血糖、及时就医；出现高热神昏、脓出不畅者须警惕内陷。教材要点归纳，供参考；具体诊疗请遵医嘱。,,
q005,糖尿病,modern,nanwuweizi_001,中国药典（2025年版）一部,收涩药,南五味子,据《中国药典》2025 年版一部：南五味子为木兰科植物华中五味子 Schisandra sphenanthera Rehd. et Wils. 的干燥成熟果实（药用部位：成熟果实）。性味酸、甘，温；归肺、心、肾经。功能与主治：收敛固涩，益气生津，补肾宁心；用于久嗽虚喘，梦遗滑精，遗尿尿频，久泻不止，自汗盗汗，津伤口渴，…,**简明**：南五味子酸甘温，收敛固涩、益气生津、补肾宁心（**敛肺滋肾、上敛下固**），主治久咳虚喘、遗精尿频、久泻、自汗盗汗、津伤口渴及心悸失眠。**详解**：气阴两伤配人参、麦冬（生脉散）；五更泻配补骨脂、肉豆蔻（四神丸）；遗精配菟丝子、覆盆子（五子衍宗丸）。**表邪未解、内有实热者忌用**。,,
q005,糖尿病,modern,yuzhu_001,中国药典（2025年版）一部,补虚药,玉竹,据《中国药典》2025 年版一部：玉竹为百合科植物玉竹 Polygonatum odoratum (Mill.) Druce 的干燥根茎（药用部位：根茎）。性味甘，微寒；归肺、胃经。功能与主治：养阴润燥，生津止渴；用于肺胃阴伤，燥热咳嗽，咽干口渴，内热消渴，阴虚外感。用法与用量：6～12g。贮藏：置通风干燥处，防霉，防…,**简明**：玉竹甘微寒，养阴润燥、生津止渴（**养阴而不滋腻、不恋邪**），主治肺胃阴伤之燥咳咽干口渴、消渴及阴虚外感。**详解**：肺燥咳嗽配沙参、麦冬（沙参麦冬汤）；阴虚外感配葱白、淡豆豉（加减葳蕤汤）。脾虚便溏者慎用。,,
q005,糖尿病,modern,tiandong_001,中国药典（2025年版）一部,补虚药,天冬,据《中国药典》2025 年版一部：天冬为百合科植物天冬 Asparagus cochinchinensis (Lour.) Merr. 的干燥块根（药用部位：块根）。性味甘、苦，寒；归肺、肾经。功能与主治：养阴润燥，清肺生津；用于肺燥干咳，顿咳痰黏，劳嗽咳血，腰膝酸痛，骨蒸潮热，内热消渴，热病津伤，咽干口渴，肠燥便秘。…,**简明**：天冬甘苦寒，养阴润燥、清肺生津（**清肺滋肾、润燥力强于麦冬**），主治肺燥干咳劳嗽、骨蒸潮热、内热消渴及肠燥便秘。**详解**：肺肾阴虚配麦冬（二冬膏）；心肾不交失眠配生地黄、人参（天王补心丹）。脾虚便溏、外感风寒者忌用。,,
q005,糖尿病,modern,huangjing_001,中国药典（2025年版）一部,补虚药,黄精,据《中国药典》2025 年版一部：黄精为百合科植物滇黄精 Polygonatum kingianum Coll. et Hemsl.、黄精 Polygonatum sibiricum Red. 或多花黄精 Polygonatum cyrtonema Hua 的干燥根茎（药用部位：根茎）。性味甘，平；归脾、肺、肾经。功能…,**简明**：黄精甘平，补气养阴、健脾润肺益肾（**平补气阴三脏、药食两用**），主治脾虚乏力、肺虚燥咳、精血不足腰膝酸软及消渴。**详解**：脾胃气虚配党参、白术；肺燥咳嗽配沙参、麦冬；肾精亏虚配枸杞子、熟地黄。**滋腻**，脾虚湿滞、痰湿内盛者慎用。,,
q005,糖尿病,modern,wangu_001,针灸学,手太阳小肠经,腕骨,《灵枢·本输》：过于腕骨，在手外侧腕骨之前，为原。,腕骨为手太阳小肠经原穴，定位在手掌尺侧，第5掌骨基底与钩骨之间的凹陷处，赤白肉际。主治头项强痛、耳鸣、目翳等头面五官疾患，黄疸、消渴、热病汗不出、疟疾等；并治指挛腕痛等局部病证。直刺0.3～0.5寸；可灸。,,
q005,糖尿病,modern,shanghan_073,伤寒论,辨太阳病脉证并治中,汗出渴与不渴辨五苓散茯苓甘草汤（第73条）,伤寒汗出而渴者，五苓散主之。不渴者，茯苓甘草汤主之。 茯苓甘草汤方 茯苓二两（味甘平） 桂枝二两（去皮，味辛热） 生姜三两（切，味辛温） 甘草一两（炙，味甘平）右四味，以水四升，煮取二升，去滓，分温三服。,本条以渴与不渴辨五苓散与茯苓甘草汤。伤寒汗出而渴者，五苓散主之；不渴者，茯苓甘草汤主之。渴为津不上承属蓄水，不渴为水停胃中。,,
q005,糖尿病,modern,danzhuye_001,中国药典（2025年版）一部,清热药,淡竹叶,据《中国药典》2025 年版一部：淡竹叶为禾本科植物淡竹叶 Lophatherum gracile Brongn. 的干燥茎叶（药用部位：茎叶）。性味甘、淡，寒；归心、胃、小肠经。功能与主治：清热泻火，除烦止渴，利尿通淋；用于热病烦渴，小便短赤涩痛，口舌生疮。用法与用量：6～10g。贮藏：置干燥处。,**简明**：淡竹叶甘淡寒，清热泻火、除烦止渴、利尿通淋，主治心火所致心烦口渴、口疮尿赤、热淋。**详解**：热病烦渴配石膏、麦冬（竹叶石膏汤）；心火移热小肠、口疮尿赤配木通、生地黄（导赤散）；热淋涩痛配车前子、瞿麦。脾胃虚寒者慎用。,,
q005,糖尿病,modern,lugen_001,中国药典（2025年版）一部,清热药,芦根,据《中国药典》2025 年版一部：芦根为禾本科植物芦苇 Phragmites communis Trin. 的新鲜或干燥根茎（药用部位：新鲜或干燥根茎）。性味甘，寒；归肺、胃经。功能与主治：清热泻火，生津止渴，除烦，止呕，利尿；用于热病烦渴，肺热咳嗽，肺痈吐脓，胃热呕哕，热淋涩痛。用法与用量：15～30g；鲜品用量加倍…,**简明**：芦根甘寒，清热生津、除烦止呕、利尿，药力缓和，主治热病烦渴、胃热呕哕、肺痈吐脓。**详解**：热病津伤口渴配天花粉、麦冬；胃热呕逆配竹茹、生姜；肺痈配薏苡仁、冬瓜仁（千金苇茎汤）。鲜品清热生津力更佳，脾胃虚寒者慎用。,,
q005,糖尿病,modern,shanghan_277,伤寒论,辨太阴病脉证并治,自利不渴属太阴当温之（第277条）,自利不渴者，属太阴，以其藏有寒故也。当温之，宜服四逆辈。,自利而不渴者，属太阴脾藏有寒，无热故不渴。此为太阴虚寒下利，法当温阳散寒，宜四逆汤一类温中回阳之剂，忌清下。,,
q005,糖尿病,modern,lvdou_001,《中药学》（清华社）· 药典外品种,清热药,绿豆,据清华社《中药学》：绿豆为豆科植物绿豆 Vigna radiata (L.) Wilczek 的干燥成熟种子（药用部位：成熟种子）。性味甘，寒；归心、胃经。功能与主治：清热解毒，消暑，利水；用于暑热烦渴，痈肿疮毒；解药食中毒。用法与用量：15～30g。外用适量。贮藏：置通风干燥处，防蛀。,**简明**：绿豆甘寒，清热解毒而消暑利水，为解暑热烦渴与药食中毒的常用药。。**详解**：暑热烦渴配荷叶、西瓜翠衣；痈肿疮毒配蒲公英研末外敷；解附子、砒石等药毒煎汤频服。**脾胃虚寒、肠滑泄泻者慎用**。,,
q005,糖尿病,modern,shanghan_282,伤寒论,辨少阴病脉证并治,自利而渴小便色白（第282条）,少阴病，欲吐不吐，心烦，但欲寐，五六日，自利而渴者，属少阴也，虚故引水自救。若小便色白者，少阴病形悉具。小便白者，以下焦虚有寒，不能制水，故令色白也。,少阴病欲吐不吐、心烦而仍但欲寐，至五六日自利而渴，属少阴阳虚。其渴乃下焦虚寒、津液不布，引水自救；小便色白，尤证下焦虚有寒、不能制水。凡此诸症并见，少阴病形已具。,,
q005,糖尿病,modern,dongguapi_001,中国药典（2025年版）一部,化湿药,冬瓜皮,据《中国药典》2025 年版一部：冬瓜皮为葫芦科植物冬瓜 Benincasa hispida (Thunb.) Cogn. 的干燥外层果皮（药用部位：外层果皮）。性味甘，凉；归脾、小肠经。功能与主治：利尿消肿；用于水肿胀满，小便不利，暑热口渴。用法与用量：9～30g。贮藏：置干燥处。,**简明**：冬瓜皮甘凉，利尿消肿，为治水肿胀满、小便不利的常用药。。**详解**：水肿胀满配茯苓皮、泽泻、猪苓；暑热口渴配西瓜翠衣、荷叶。,,
q005,糖尿病,modern,zhuye_001,《中药学》（清华社）· 药典外品种,清热药,竹叶,据清华社《中药学》：竹叶为禾本科植物淡竹 Phyllostachys nigra (Lodd.) Munro var. henonis (Mitf.) Stapf ex Rendle 的干燥叶（药用部位：叶）。性味甘、淡，寒；归心、胃、小肠经。功能与主治：清热除烦，生津利尿；用于热病烦渴，小儿惊痫，口疮尿赤，小便不利。…,**简明**：竹叶甘淡寒，清热除烦而生津利尿，为治热病烦渴、口疮尿赤的常用药。。**详解**：热病烦渴配石膏、麦冬（竹叶石膏汤）；心火口疮尿赤配木通、生地黄（导赤散类）；小便不利配车前子、灯心草。,,
q005,糖尿病,modern,shanghan_074,伤寒论,辨太阳病脉证并治中,水逆证五苓散（第74条）,中风发热，六七日不解而烦，有表里证，渴欲饮水，水入则吐者，名曰水逆。五苓散主之。,本条论水逆证。中风发热六七日不解而烦、有表里证、渴欲饮水、水入则吐者，名曰水逆，五苓散主之。水停下焦、气化不行，饮入即吐。,,
q005,糖尿病,modern,hanshuishi_001,《中药学》（清华社）· 药典外品种,清热药,寒水石,据清华社《中药学》：寒水石为硫酸盐类矿物红石膏（石膏之一种）或碳酸盐类矿物方解石的矿石（药用部位：矿石）。性味辛、咸，寒；归心、胃、肾经。功能与主治：清热泻火，除烦止渴；用于热病烦渴，癫狂，口疮，热毒疮肿。用法与用量：10～15g，先煎。外用适量。贮藏：置干燥处。,**简明**：寒水石辛咸寒，清热泻火而除烦止渴，功似石膏，为治热病烦渴与疮肿的常用药。。**详解**：热病烦渴配石膏、知母；癫狂配黄连、朱砂（须遵古法炮制）；口疮疮肿研末外用。**脾胃虚寒者忌用**。,,
q005,糖尿病,modern,shanghan_006,伤寒论,辨太阳病脉证并治上,太阳温病提纲（第6条）,太阳病，发热而渴，不恶寒者，为温病。,本条为太阳温病提纲。太阳病发热而渴、不恶寒者，名为温病。温邪上受，热盛伤津故口渴，热势张扬故不恶寒，与中风、伤寒之恶寒、口不渴者迥异，不可辛温发汗，治宜辛凉清解。,,
q005,糖尿病,modern,lingshu_036,灵枢经,五癃津液别篇第三十六,五癃津液别篇第三十六,黄帝问于岐伯曰：水谷入于口，输于肠胃，其液别为五：天寒衣薄，则为溺与气；天热衣厚则为汗；悲哀气并则为泣；中热胃缓则为唾。邪气内逆，则气为之闭塞而不行，不行则为水胀。余知其然也，不知其何由生，愿闻其道。 岐伯曰：水谷皆入于口，其味有五，各注其海。津液各走其道，故三焦出气，以温肌肉，充皮肤，为其津，其流而不行者为液。 天暑…,本篇论水谷入胃其液别为五。天寒衣薄则为溺与气，天热衣厚则为汗，悲哀气并则为泣，中热胃缓则为唾，邪气内逆气闭不行则为水胀。三焦出气温肌肉充皮肤为津，流而不行者为液。天暑腠理开汗出、天寒腠理闭水下膀胱为溺；悲哀心系急肺举故泣出；中热胃缓故唾出；津液和合为膏内渗骨空补益脑髓；阴阳不和则液溢下泄、腰背痛胫酸；气道不通三焦不泻则…,,
q005,糖尿病,modern,shanghan_092,伤寒论,辨太阳病脉证并治中,小柴胡汤证（第92条）,伤寒五六日，中风，往来寒热，胸胁苦满，默默不欲饮食，心烦喜呕，或胸中烦而不呕，或渴，或腹中痛，或胁下痞硬，或心下悸，小便不利，或不渴，身有微热，或咳者，与小柴胡汤主之。 小柴胡汤方 柴胡半斤（味苦，微寒） 黄芩三两（味苦寒）人参三两（味甘温） 甘草三两（味甘平） 半夏半升（洗，味辛温） 生姜三两（切，味辛温） 大枣十三…,本条为小柴胡汤主证。伤寒五六日中风，往来寒热、胸胁苦满、默默不欲饮食、心烦喜呕，或胸中烦而不呕、或渴、或腹中痛、或胁下痞硬、或心下悸小便不利、或不渴身有微热、或咳者，小柴胡汤主之。,,
q005,糖尿病,modern,qingguo_001,中国药典（2025年版）一部,清热药,青果,据《中国药典》2025 年版一部：青果为橄榄科植物橄榄 Canarium album (Lour.) Raeusch. 的干燥成熟果实（药用部位：成熟果实）。性味甘、酸，平；归肺、胃经。功能与主治：清热解毒，利咽生津；用于咽喉肿痛，咳嗽痰咳，烦热口渴。用法与用量：5～10g。贮藏：置干燥处，防蛀。,**简明**：青果甘酸平，清热解毒而利咽生津，为治咽喉肿痛、口干烦渴的平和常用药。。**详解**：咽喉肿痛、声音嘶哑配玄参、桔梗、麦冬（可含服）；咳嗽痰黏配浙贝母、瓜蒌；烦热口渴配芦根、天花粉；解鱼蟹毒、酒毒可单用嚼食或煎汤。性质平和，可日常代茶饮。,,
q005,糖尿病,modern,jizhijiangtang_001,《中国药典》一部/药品说明书（要点归纳）,止咳/外妇儿/中成药,急支糖浆·清热化痰宣肺止咳,据现行版《中国药典》一部与药品说明书要点归纳：本品由鱼腥草、金荞麦、四季青、麻黄、紫菀、前胡、枳壳、甘草等组成，具清热化痰、宣肺止咳之功，用于外感风热所致咳嗽，症见发热恶寒、胸膈满闷、咳嗽咽痛。用法用量按说明书。,急支糖浆为清热化痰类止咳中成药，用于外感风热急性咳嗽。含麻黄，高血压、心脏病患者慎用；咳嗽迁延不愈或高热喘促者应就医。本条目为中成药，请按说明书或在医师指导下使用。,,
q005,糖尿病,modern,xueshengbai_001,湿热病篇,湿热病篇,薛生白·湿热郁蒸气分案,湿热证，始恶寒，后但热不寒，汗出，胸痞，舌白，口渴不引饮。薛氏谓此湿热之邪从表里分趋，阳明为表，太阴为里，湿蔽清阳则胸痞，热盛于里则口渴不引饮，治宜辛开芳化、淡渗利湿。,此案为薛生白辨湿热病提纲。辨湿热初起恶寒、继但热不寒、胸痞、舌白、口渴不引饮，指出湿热为阳明太阴同病，治以辛开芳化、淡渗利湿，开湿热病辨证论治专门法门。,,
q005,糖尿病,modern,xuexue_001,中医各家学说,医家,薛雪·著湿热条辨专论湿热证治,"据《湿热条辨》（《湿热病篇》）：""湿热之病，不独与伤寒不同，且与温病大异""；其论湿热之邪""始虽外受，终归脾胃""，辨湿热在上焦、中焦、下焦及邪在气分、营分之传变与治法。","薛雪，字生白，号一瓢，又号扫叶山人，清代江苏吴县（今苏州）人，生于康熙二十年、卒于乾隆三十五年（1681—1770年）。他博学多通，工诗词、善画兰，又兼工医学，与叶天士同时同里齐名，并称吴中名医。他一生诊务之余潜心著述，代表作为《湿热条辨》（亦名《湿热病篇》）。学术上专擅湿热一证，认为湿热之邪与纯热、纯湿不同，其病""始…",,
q005,糖尿病,modern,yizhiren_001,中国药典（2025年版）一部,补虚药,益智仁,据《中国药典》2025 年版一部：益智仁为姜科植物益智 Alpinia oxyphylla Miq. 的干燥成熟果实（药用部位：成熟果实）。性味辛，温；归脾、肾经。功能与主治：暖肾固精缩尿，温脾止泻摄唾；用于肾虚遗尿，小便频数，遗精白浊，脾寒泄泻，腹中冷痛，口多唾涎。用法与用量：3～10g。贮藏：置阴凉干燥处。  **…,**简明**：益智仁辛温，暖肾固精缩尿、温脾止泻摄唾（**脾肾双补**），主治肾虚遗尿尿频、遗精及脾寒泄泻、口多涎唾。**详解**：遗尿配乌药、山药（缩泉丸）；脾寒泄泻配白术、干姜。阴虚火旺者忌用。,,
q005,糖尿病,modern,yitang_001,《中药学》（清华社）· 药典外品种,补虚药,饴糖,据清华社《中药学》：饴糖为米、麦、粟等粮食经发酵糖化制成的糖类食品，主含麦芽糖（药用部位：糖类加工品）。性味甘，温；归脾、胃、肺经。功能与主治：补脾益气，缓急止痛，润肺止咳；用于脾胃虚弱，里急腹痛，肺燥咳嗽。用法与用量：15～30g，烊化冲服或入汤剂。注意：湿热内蕴、中满吐逆者慎用。贮藏：密闭，置阴凉处。,**简明**：饴糖甘温，补脾益气而缓急止痛、润肺止咳，为甘缓建中之品（小建中汤主药）。。**详解**：脾胃虚弱配党参、白术、大枣；里急腹痛配桂枝、白芍（小建中汤）；肺燥咳嗽配杏仁、川贝母。**湿热中满、吐逆者慎用**。,,
q005,糖尿病,modern,yetianshi_009,中医各家学说,医家,叶桂·创卫气营血辨证为温病学派宗师,"《温热论》：""温邪上受，首先犯肺，逆传心包。""又：""大凡看法，卫之后方言气，营之后方言血。在卫汗之可也，到气才可清气，入营犹可透热转气，……入血就恐耗血动血，直须凉血散血。""","叶桂，字天士，号香岩，清代江苏吴县（今苏州）人，生于康熙五年、卒于乾隆十年（1666—1745年）。其家三世业医，幼承家学，又先后从师十七人，博采众长，声名满于大江南北。门人据其口授与医案辑成《温热论》及《临证指南医案》。学术上最大贡献是系统总结温病辨证论治规律，提出""温邪上受、首先犯肺、逆传心包""的发病途径，并创卫气…",,
q005,糖尿病,modern,shanghan_119,伤寒论,辨太阳病脉证并治中,医吐之过脉细数（第119条）,太阳病，当恶寒发热，今自汗出，不恶寒发热，关上脉细数者，以医吐之过也。,本条论误吐变证。太阳病当恶寒发热，今自汗出、不恶寒发热、关上脉细数者，以医吐之过也。误吐伤胃，表邪不解。,,
q005,糖尿病,modern,weifenzheng_002,《中医诊断学》规划教材（要点归纳）,辨证,卫分证·温邪犯表发热微恶风寒,卫分证是温热病邪侵袭肌表、肺卫失宣所表现的证候，为温病初起。以发热、微恶风寒、口微渴、头痛、咳嗽、苔薄白、脉浮数为辨证要点。病位在肺与皮毛，属表热。,卫分证为温病初起表热证，以发热微恶风寒、口微渴为要点，治宜辛凉解表，代表方银翘散、桑菊饮。与伤寒太阳表寒鉴别：温病初起即口渴、脉浮数。此为教材要点归纳，供参考；具体诊疗请遵医嘱，不引导自我诊断。,,
q005,糖尿病,modern,snb_shuyu_001,神农本草经,上经,薯蓣,薯蓣，味甘，温。主伤中，补虚羸，除寒热邪气，补中益气力，长肌肉。久服，耳目聪明，轻身不饥，延年。一名山芋。生山谷。,薯蓣（山药）甘平温，补脾养胃、生津益肺、补肾涩精，为药食两用之品，主治脾虚食少、肺虚喘咳、肾虚遗精带下。,,
q005,糖尿病,modern,nanjing_051,难经,第五十一难,第五十一难,曰：病有欲得温者，有欲得寒者，有欲得见人者，有不欲得见人者，而各不同，病在何脏腑也？  然：病欲得寒，而欲见人者，病在腑也；病欲得温，而不欲见人者，病在脏也。何以言之？腑者阳也，阳病欲得寒，又欲见人；脏者，阴也，阴病欲得温，又欲闭户独处，恶闻人声。故以别知脏腑之病也。,本难以喜恶别脏腑病。病欲得寒欲见人者病在腑（阳），欲得温不欲见人者病在脏（阴）。,,
q005,糖尿病,modern,dilong_001,中国药典（2025年版）一部,平肝息风药,地龙,据《中国药典》2025 年版一部：地龙为钜蚓科动物参环毛蚓 Pheretima aspergillum (E. Perrier)、通俗环毛蚓 Pheretima vulgaris Chen、威廉环毛蚓 Pheretima guillelmi (Michaelsen) 或栉盲环毛蚓 Pheretima pectinife…,**简明**：地龙咸寒，清热定惊、通络、平喘、利尿，主治高热惊痫抽搐、热痹麻木、半身不遂、肺热喘咳及水肿尿少。**详解**：高热抽搐配钩藤、僵蚕；气虚血瘀中风半身不遂配黄芪、当归（补阳还五汤）；热痹配忍冬藤、秦艽；肺热喘咳配麻黄、石膏。脾胃虚寒者慎用。,,
q005,糖尿病,modern,lingshu_029,灵枢经,师传篇第二十九,师传篇第二十九,黄帝曰：余闻先师，有所心藏，弗著于方，余愿闻而藏之，则而行之，上以治民，下以治身，使百姓无病，上下和亲，德泽下流，子孙无优，传于后世，无有终时。可得闻乎？ 岐伯曰：远乎哉问也！夫治民与自治，治彼与治此，治小与治大，治国与治家，未有逆而能治之也，夫惟顺而已矣。顺者，非独阴阳脉论气之逆顺也，百姓人民皆欲顺其志也。 黄帝曰：…,本篇论先师心传之法。治民自治皆在顺而已，临病人问所便。中热消瘅便寒、寒中便热，辨肠胃寒热之证；王公大人骄恣者，当告之以败、语之以善、导之以便、开之以苦。春夏先治标后治本，秋冬先治本后治标；食饮衣服寒温适中。末论以身形肢节面部外候测脏腑大小：肺候巨肩陷咽、心候𩩲骬、肝候目、脾候唇舌、肾候耳，并候胃大肠小肠胆膀胱三焦之面部…,,
q006,高血压,modern,manbingguanli_001,中医临床诊疗指南/专家共识（要点归纳）,现代中医,慢性病中医管理·随访调治要点,据慢性病中医药健康管理相关规范：对高血压、糖尿病、脑卒中后遗症、慢性咳喘等慢性病人群，在规范西医治疗与监测的基础上，发挥中医辨证调治、生活方式指导与适宜技术优势，开展定期随访与长期管理。（要点归纳，非原文照录。）,慢性病中医管理是把中医调治纳入长期健康管理的服务模式。管理要点：一、以规范的疾病监测和基础治疗为前提，中医药作为补充与协同，不替代必要的西医治疗与药物；二、按病情分期随访，记录症状、指标、用药与生活方式；三、提供辨证调治、饮食起居指导、运动导引、情志调摄等综合干预，目标是控制病情、减少复发、提高生活质量。强调连续性、个…,,
q006,高血压,modern,gouguye_001,中国药典（2025年版）一部,清热药,枸骨叶,据《中国药典》2025 年版一部：枸骨叶为冬青科植物枸骨 Ilex cornuta Lindl. ex Paxt. 的干燥叶（药用部位：叶）。性味苦，凉；归肝、肾经。功能与主治：清热养阴，平肝益肾；用于肺痨咯血，骨蒸潮热，头晕目眩，高血压。用法与用量：9～15g。贮藏：置干燥处。,**简明**：枸骨叶苦凉，清热养阴而平肝益肾，为治阴虚潮热、头晕目眩的常用药。。**详解**：肺痨咯血、骨蒸潮热配地骨皮、白薇、生地黄；肝阳上亢头晕目眩配菊花、钩藤、决明子；现代用于高血压辅助治疗。脾胃虚寒者慎用。,,
q006,高血压,modern,yumixu_001,《中药学》（清华社）· 药典外品种,利水渗湿药,玉米须,据清华社《中药学》：玉米须为禾本科植物玉蜀黍 Zea mays L. 的干燥花柱和柱头（药用部位：花柱和柱头）。性味甘，平；归膀胱、肝、胆经。功能与主治：利水消肿，利湿退黄；用于水肿，小便不利，湿热黄疸；现代亦用于高血压、糖尿病辅助治疗。用法与用量：15～30g。贮藏：置通风干燥处，防蛀。,**简明**：玉米须甘平，利水消肿而利湿退黄，药性平和，为治水肿淋证与黄疸的常用药。。**详解**：水肿、小便不利配茯苓皮、泽泻；湿热黄疸配茵陈、金钱草；高血压辅助配决明子、钩藤。,,
q006,高血压,modern,chouwutong_001,《中药学》（清华社）· 药典外品种,祛风湿药,臭梧桐,据清华社《中药学》：臭梧桐为马鞭草科植物海州常山 Clerodendrum trichotomum Thunb. 的干燥嫩枝及叶（药用部位：嫩枝及叶）。性味辛、苦、甘，凉；归肝经。功能与主治：祛风除湿，平肝降压；用于风湿痹痛，肢体麻木，高血压。用法与用量：9～15g。外用适量。贮藏：置通风干燥处。,**简明**：臭梧桐辛苦甘凉，祛风除湿而平肝降压，为治风湿痹痛与高血压的常用药。。**详解**：风湿痹痛、肢体麻木配稀莶草、桑枝；高血压配钩藤、菊花、夏枯草。,,
q006,高血压,modern,duzhong_001,中国药典（2025年版）一部,补虚药,杜仲,据《中国药典》2025 年版一部：杜仲为杜仲科植物杜仲 Eucommia ulmoides Oliv. 的干燥树皮（药用部位：树皮）。性味甘，温；归肝、肾经。功能与主治：补肝肾，强筋骨，安胎；用于肾虚腰痛，筋骨无力，妊娠漏血，胎动不安，高血压。用法与用量：6～10g。贮藏：置通风干燥处。  **【古注】】 《神农本草经…,**简明**：杜仲甘温，补肝肾、强筋骨、安胎，为**治肾虚腰痛之要药**，兼治筋骨痿软、胎动不安及高血压（肾虚型）。**详解**：肾虚腰痛配续断、补骨脂；痹证腰膝配独活、桑寄生（独活寄生汤）；胎动不安配续断、菟丝子；肾虚高血压配牛膝、桑寄生。**炒断丝用效佳**；阴虚火旺者慎用。,,
q006,高血压,modern,duzhongye_001,中国药典（2025年版）一部,补虚药,杜仲叶,据《中国药典》2025 年版一部：杜仲叶为杜仲科植物杜仲 Eucommia ulmoides Oliv. 的干燥叶（药用部位：叶）。性味微辛，温；归肝、肾经。功能与主治：补肝肾，强筋骨；用于肝肾不足，头晕目眩，腰膝酸痛，筋骨痿软。用法与用量：10～15g。贮藏：置干燥处。,**简明**：杜仲叶微辛温，补肝肾而强筋骨，功似杜仲皮，为治腰膝酸软的常用药。。**详解**：肝肾不足、腰膝酸痛配杜仲、续断、牛膝；筋骨痿软配桑寄生、狗脊；现代用于高血压辅助治疗。,,
q006,高血压,modern,renying_001,针灸学,足阳明胃经,人迎,出《针灸甲乙经》。《针灸甲乙经》：人迎，一名天五会，在颈大脉，动脉应手，挟结喉傍，仰而取之。,人迎为足阳明、少阳之会，定位在颈部，喉结旁，当胸锁乳突肌前缘，颈总动脉搏动处。主治咽喉肿痛、气喘、瘰疬、瘿气、高血压等颈胸病证。刺法：避开动脉，直刺0.3~0.8寸；不宜灸。,,
q006,高血压,modern,jizhijiangtang_001,《中国药典》一部/药品说明书（要点归纳）,止咳/外妇儿/中成药,急支糖浆·清热化痰宣肺止咳,据现行版《中国药典》一部与药品说明书要点归纳：本品由鱼腥草、金荞麦、四季青、麻黄、紫菀、前胡、枳壳、甘草等组成，具清热化痰、宣肺止咳之功，用于外感风热所致咳嗽，症见发热恶寒、胸膈满闷、咳嗽咽痛。用法用量按说明书。,急支糖浆为清热化痰类止咳中成药，用于外感风热急性咳嗽。含麻黄，高血压、心脏病患者慎用；咳嗽迁延不愈或高热喘促者应就医。本条目为中成药，请按说明书或在医师指导下使用。,,
q006,高血压,modern,luobumaye_001,中国药典（2025年版）一部,平肝息风药,罗布麻叶,据《中国药典》2025 年版一部：罗布麻叶为夹竹桃科植物罗布麻 Apocynum venetum L. 的干燥叶（药用部位：叶）。性味甘、苦，凉；归肝经。功能与主治：平肝安神，清热利水；用于肝阳眩晕，心悸失眠，浮肿尿少。用法与用量：6～12g。贮藏：置阴凉干燥处，防潮。  **【古注】】 《中国药典》收载以来之常用：罗…,**简明**：罗布麻叶甘苦凉，平肝安神、清热利水，主治**肝阳上亢**之眩晕心悸失眠及浮肿尿少。**详解**：高血压眩晕配决明子、钩藤（泡茶）；心悸失眠配酸枣仁、夜交藤；水肿配泽泻、车前子。可长期代茶饮。,,
q006,高血压,modern,yejuhua_001,中国药典（2025年版）一部,清热药,野菊花,据《中国药典》2025 年版一部：野菊花为菊科植物野菊 Chrysanthemum indicum L. 的干燥头状花序（药用部位：头状花序）。性味苦、辛，微寒；归肝、心经。功能与主治：清热解毒，泻火平肝；用于疔疮痈肿，目赤肿痛，头痛眩晕。用法与用量：9～15g。外用适量，煎汤外洗或制膏外涂。贮藏：置阴凉干燥处，防潮，…,**简明**：野菊花苦辛微寒，清热解毒、泻火平肝，清热解毒之力胜于菊花，主治疔疮痈肿、目赤肿痛、头痛眩晕。**详解**：疮痈肿毒配金银花、蒲公英；肝火目赤眩晕配菊花、夏枯草；高血压眩晕可单用代茶。脾胃虚寒者慎用。,,
q006,高血压,modern,yangjinhua_001,中国药典（2025年版）一部,化痰止咳平喘药,洋金花,据《中国药典》2025 年版一部：洋金花为茄科植物白花曼陀罗 Datura metel L. 的干燥花（药用部位：花）。性味辛，温；有大毒；归肺、肝经。功能与主治：平喘止咳，解痉定痛；用于哮喘咳嗽，脘腹冷痛，风湿痹痛，小儿慢惊；外科麻醉。用法与用量：0.3～0.6g，宜入丸散；亦可作卷烟分次燃吸（一日量不超过 1.5g…,**简明**：洋金花辛温**大毒**，平喘止咳、解痉定痛，主治哮喘咳逆、脘腹冷痛、风湿痹痛，并作外科麻醉。**详解**：哮喘配麻黄、杏仁（研末少量）；风湿痹痛、麻醉制散剂。**大毒之品，内服严格限量（0.3～0.6g）**，青光眼、高血压、心动过速、儿童及孕妇禁用。,,
q006,高血压,modern,buzhongyiqiwan_002,《中国药典》一部/药品说明书（要点归纳）,补益剂/中成药,补中益气丸·补中益气升阳举陷,据现行版《中国药典》一部与药品说明书要点归纳：本品由炙黄芪、党参、白术、甘草、当归、升麻、柴胡、陈皮组成，具补中益气、升阳举陷之功，用于脾胃虚弱、中气下陷所致体倦乏力、食少腹胀、久泻、脱肛、子宫脱垂。用法用量按说明书口服。,补中益气丸为古方补中益气汤改制的补气升阳类中成药，用于脾胃虚弱、中气下陷之体倦乏力、内脏下垂。本品偏温，阴虚阳亢、感冒发热者不宜；高血压患者慎用。本条目为中成药，请按说明书或在医师指导下使用。,,
q006,高血压,modern,xixiancao_001,中国药典（2025年版）一部,祛风湿药,豨莶草,据《中国药典》2025 年版一部：豨莶草为菊科植物豨莶 Siegesbeckia orientalis L.、腺梗豨莶 Siegesbeckia pubescens Makino 或毛梗豨莶 Siegesbeckia glabrescens Makino 的干燥地上部分（药用部位：地上部分）。性味辛、苦，寒；归肝、肾经…,**简明**：豨莶草辛苦寒，祛风湿、利关节、解毒，主治风湿痹痛、四肢麻痹、半身不遂及风疹湿疮，现代用于高血压。**详解**：风湿痹痛配威灵仙、防己；中风半身不遂酒蒸制用配当归、川芎；湿疮瘙痒煎汤外洗。制用（酒蒸）补肝肾，生用清利。,,
q006,高血压,modern,lurong_001,中国药典（2025年版）一部,补虚药,鹿茸,据《中国药典》2025 年版一部：鹿茸为鹿科动物梅花鹿 Cervus nippon Temminck 或马鹿 Cervus elaphus Linnaeus 的雄鹿未骨化密生茸毛的幼角（药用部位：幼角）。性味甘、咸，温；归肾、肝经。功能与主治：壮肾阳，益精血，强筋骨，调冲任，托疮毒；用于肾阳不足，精血亏虚，阳痿滑精，宫…,**简明**：鹿茸甘咸温，壮肾阳、益精血、强筋骨、调冲任、托疮毒，为**峻补元阳精血**之品，主治肾阳虚衰阳痿宫冷、精血亏虚羸瘦、筋骨痿软及崩漏阴疽。**详解**：肾阳不足配熟地黄、山茱萸（右归丸）；气血两虚配人参、黄芪（十全大补汤）。**研末冲服（1～2g），宜从小量渐加**；阴虚阳亢、血热者禁用。,,
q006,高血压,modern,yinyanghuo_001,中国药典（2025年版）一部,补虚药,淫羊藿,据《中国药典》2025 年版一部：淫羊藿为小檗科植物淫羊藿 Epimedium brevicornu Maxim.、箭叶淫羊藿 Epimedium sagittatum (Sieb. et Zucc.) Maxim.、柔毛淫羊藿 Epimedium pubescens Maxim. 或朝鲜淫羊藿 Epimedium k…,**简明**：淫羊藿辛甘温，补肾阳、强筋骨、祛风湿，为**补肾壮阳常用**（仙灵脾），主治阳痿遗精、筋骨痿软、风湿痹痛麻木及更年期高血压。**详解**：肾阳虚阳痿配巴戟天、肉苁蓉；更年期高血压配仙茅、知母、黄柏（二仙汤）；痹痛配独活、威灵仙。阴虚火旺者忌用。,,
q006,高血压,modern,chuanxiongchatiaowan_001,《中国药典》一部/药品说明书（要点归纳）,解表剂/中成药,川芎茶调丸·疏风止痛,据现行版《中国药典》一部与药品说明书要点归纳：本品由川芎、白芷、羌活、细辛、防风、薄荷、荆芥、甘草等组成，具疏风止痛之功，用于外感风邪所致头痛，或有恶寒、发热、鼻塞。用法用量按说明书清茶送服。,川芎茶调丸为古方川芎茶调散改制的常用疏风止痛类中成药，用于外感风邪之偏正头痛、恶寒鼻塞。方中含细辛、羌活，辛温升散，气虚、血虚、肝阳上亢、高血压引起的头痛不宜，孕妇慎服。本条目为中成药，请按说明书或在医师指导下使用。,,
q006,高血压,modern,buzhongyiqitang_jieyao_001,方解（方论集要）,补益剂·方解,补中益气汤·补中益气升阳举陷,本方出《脾胃论》：组成黄芪、人参、白术、炙甘草、当归、陈皮、升麻、柴胡。方中黄芪君，补中益气、升阳固表；人参、白术、炙甘草臣，益气健脾；当归佐，养血和营；陈皮佐，理气和胃，使补而不滞；升麻、柴胡佐，升举清阳，引芪参上行；炙甘草兼为使药。,"补中益气汤为李东垣补土派代表方，治脾胃气虚、中气下陷之体倦乏力、脱肛、久泻。黄芪益气升阳，参术草补中，当归养血，陈皮理气，升柴升阳，为""甘温除热""法代表。本方偏温，阴虚火旺、感冒发热者不宜；高血压患者慎用。方解供学习参考；具体用药请遵医嘱。",,
q006,高血压,modern,gegen_001,中国药典（2025年版）一部,解表药,葛根,据《中国药典》2025 年版一部：葛根为豆科植物野葛 Pueraria lobata (Willd.) Ohwi 的干燥根（药用部位：根）。性味甘、辛，凉；归脾、胃、肺经。功能与主治：解肌退热，生津止渴，透疹，升阳止泻，通经活络，解酒毒；用于外感发热头痛，项背强痛，口渴，消渴，麻疹不透，热痢，泄泻，眩晕头痛，中风偏瘫，…,**简明**：葛根甘辛凉，解肌退热、生津止渴、升阳止泻、通经活络，为治**项背强痛**要药，兼解酒毒。**详解**：外感项背强痛配麻黄、桂枝（葛根汤）或配柴胡、黄芩；热痢泄泻配黄芩、黄连（葛根芩连汤）；消渴口渴配天花粉、麦冬；高血压颈项强痛配天麻、钩藤。煨用升阳止泻力增。,,
q006,高血压,modern,daqingyan_001,中国药典（2025年版）一部,清热药,大青盐,据《中国药典》2025 年版一部：大青盐为卤化物类石盐族湖盐结晶体，主含氯化钠（NaCl），自盐湖中采挖后除去杂质、干燥（药用部位：矿物结晶）。性味咸，寒；归心、肾、膀胱经。功能与主治：泻热，凉血，明目，润燥；用于吐血，尿血，牙龈舌出血，目赤肿痛，风眼烂弦，牙痛。用法与用量：1.5～4.5g；或入丸散。外用适量，研末揩…,**简明**：大青盐咸寒沉降，入心、肾、膀胱经，泻热、凉血、明目而润燥，为眼科、口齿科外用要药。**详解**：目赤肿痛、风眼烂弦可水化洗目或研末外点；牙痛、牙龈舌出血研末揩齿或含漱；血热吐衄尿血入丸散内服。体虽寒而味咸走血分，**不宜久服多服**，水肿、肾病及高血压者慎用。,,
q006,高血压,modern,anshenbunaoye_001,《中国药典》一部/药品说明书（要点归纳）,补益剂/中成药,安神补脑液·生精补髓益气养血强脑安神,据现行版《中国药典》一部与药品说明书要点归纳：本品由鹿茸、制何首乌、淫羊藿、干姜、甘草、大枣、维生素B1等组成，具生精补髓、益气养血、强脑安神之功，用于肾精不足、气血两亏所致头晕、健忘、失眠、乏力；神经衰弱见上述证候者。用法用量按说明书口服。,安神补脑液为补肾益精、养血安神类中成药，用于肾精不足、气血两亏之头晕健忘失眠乏力。方含鹿茸、淫羊藿等温肾之品，阴虚火旺、高血压、感冒发热者不宜；服药期间忌浓茶咖啡。失眠长期不愈或伴严重症状者应就医。本条目为中成药，请按说明书或在医师指导下使用。,,
q006,高血压,modern,gouteng_001,中国药典（2025年版）一部,平肝息风药,钩藤,据《中国药典》2025 年版一部：钩藤为茜草科植物钩藤 Uncaria rhynchophylla (Miq.) Jacks.、大叶钩藤 Uncaria macrophylla Wall.、毛钩藤 Uncaria hirsuta Havil.、华钩藤 Uncaria sinensis (Oliv.) Havil. 或无…,**简明**：钩藤甘凉，息风定惊、清热平肝（**清热息风之要药**），主治肝风抽搐、高热惊厥、小儿惊啼及肝阳头痛眩晕（高血压）。**详解**：肝阳眩晕配天麻、石决明（天麻钩藤饮）；热极生风配羚羊角、菊花（羚角钩藤汤）；小儿夜啼配蝉蜕、灯心草。**入汤剂宜后下**（久煎降压成分破坏）；无风热及实火者慎用。,,
q006,高血压,modern,fangfengtongshengwan_001,《中国药典》一部/药品说明书（要点归纳）,解表剂/中成药,防风通圣丸·解表通里清热解毒,据现行版《中国药典》一部与药品说明书要点归纳：本品由防风、荆芥穗、薄荷、麻黄、大黄、芒硝、栀子、滑石、桔梗、石膏、川芎、当归、白芍、黄芩、连翘、甘草、白术（炒）等组成，具解表通里、清热解毒之功，用于外寒内热、表里俱实，症见恶寒发热、头痛咽干、小便短赤、大便秘结、风疹湿疮。用法用量按说明书口服。,防风通圣丸为表里双解类中成药，用于外感风寒、内有蕴热、表里俱实之恶寒发热、便秘尿赤。方含麻黄、大黄、芒硝等，孕妇及脾虚便溏者慎用；高血压、心脏病、肝肾疾患者慎用。服药期间忌烟酒辛辣油腻，不宜同时服滋补中药；服药后便溏者当减量。本条目为中成药，请按说明书或在医师指导下使用。,,
q006,高血压,modern,chengzhongling_002,医学心悟,眩晕门,程钟龄·眩晕痰火案,某，眩晕头重，痰多苔腻，心烦。程氏谓眩晕有虚实，实者多属痰火上扰，虚者多属肝肾阴虚。此症痰多苔腻，为痰火夹肝阳上冒，治宜化痰清火、平肝熄风。,此案辨眩晕痰多苔腻属痰火上扰、肝阳夹痰，主以化痰清火、平肝熄风。程氏论眩晕分虚实两端，示人眩晕不可概作虚治，痰火实证须清化。,,
q006,高血压,modern,tanyinbianzheng_001,《中医诊断学》规划教材（要点归纳）,辨证,痰饮辨证·痰饮停留不同部位证候各异,痰饮辨证是辨别痰饮停聚部位与性质。痰证：咳痰胸闷、眩晕、癫狂、瘰疬痰核、梅核气等；饮证：胃肠水声漉漉（痰饮）、肋间饱满（悬饮）、肢体浮肿（溢饮）、咳逆倚息不得卧（支饮）。,痰饮辨证须辨痰之性状（稀稠色量）与停留部位。咳血、胸腔积液、腹水、下肢水肿须就医。此为教材要点归纳，供参考；具体诊疗请遵医嘱，不引导自我诊断。,,
q006,高血压,modern,banxiabaizhutianma_001,《方剂学》规划教材（要点归纳）,祛痰剂,半夏白术天麻汤·化痰息风健脾祛湿治风痰眩晕,"传统方歌：""半夏白术天麻汤，苓草橘红大枣姜，眩晕头痛风痰证，热盛阴亏切莫尝。""（程国彭《医学心悟》方，据教材要点归纳：半夏、白术、天麻、茯苓、橘红、甘草、生姜、大枣，各约常用量，水煎服。）",半夏白术天麻汤为化痰息风、健脾祛湿代表方，主治风痰上扰之眩晕头痛，症见眩晕头痛、胸膈痞闷、恶心呕吐、苔白腻、脉弦滑。功能化痰息风、健脾祛湿，为治风痰上扰眩晕常用方，取二陈汤化痰合白术、天麻健脾息风。使用注意：本方偏温燥，肝阳上亢、气血亏虚、肾精不足之眩晕非宜；眩晕伴肢体麻木、言语不利当结合现代医学急治。本方为要点归纳，…,,
q006,高血压,modern,xuanyun_002,中医临床诊疗指南/专家共识（要点归纳）,现代中医,眩晕·辨证论治要点,据现行中医内科常见病诊疗指南：眩晕以清窍失养或痰瘀肝风上扰为基本病机，辨证常见肝阳上亢、气血亏虚、痰湿中阻、肾精不足等型，治以补虚泻实、平肝潜阳、补养气血为法。（要点归纳，非原文照录。）,眩晕以头晕、视物旋转为主症，轻者闭目即止，重者如坐舟车、甚则仆倒，指南要点：辨证分肝阳上亢（治宜平肝潜阳、清火息风）、气血亏虚（补益气血、调养心脾）、痰湿中阻（化痰祛湿、健脾和胃）、肾精不足（滋养肝肾、益精填髓）等型。临证须结合血压、颈椎、内耳等现代检查，配合调情志、节肥甘、防跌倒等调护。本条目为要点归纳，供参考；具体…,,
q006,高血压,modern,qijudihuangwan_001,《中国药典》一部/药品说明书（要点归纳）,补益剂/中成药,杞菊地黄丸·滋肾养肝,据现行版《中国药典》一部与药品说明书要点归纳：本品由枸杞子、菊花、熟地黄、山茱萸、山药、泽泻、牡丹皮、茯苓组成，具滋肾养肝之功，用于肝肾阴亏，眩晕耳鸣，目涩畏光，视物昏花，迎风流泪。用法用量按说明书口服。,杞菊地黄丸为六味地黄丸加枸杞子、菊花的滋肾养肝类中成药，用于肝肾阴虚之眩晕耳鸣、目涩畏光、视物昏花。本方滋腻，脾虚便溏者慎用；感冒发热期间停服。本条目为中成药，请按说明书或在医师指导下使用。,,
q006,高血压,modern,fengxie_001,《中医基础理论》规划教材（要点归纳）,病因病机,风邪·风为阳邪善行而数变为百病之长,风邪为六淫之首，其性开泄，善动不居。致病特点：风为阳邪，其性轻扬开泄，易袭阳位（头面肌表）；善行数变，病位游走不定、发病急变化快；风为百病之长，常兼他邪（寒、湿、热）合邪伤人；风主动，常见震颤、抽搐、眩晕等动摇症状。,风邪为外感病先导，具有轻扬开泄、善行数变、兼他邪、主动等特点。临床见头痛汗出、游走关节痛、风疹瘙痒、眩晕抽搐等多从风论治。本条为病因基础理论，不涉及具体诊疗。,,
q006,高血压,modern,xinxue_yinxu_001,中医诊断学,辨证,心血虚证与心阴虚证,心病阴血亏虚类。据规划教材《中医诊断学》归纳：心血虚证以心悸失眠、多梦健忘、眩晕、面色不华或萎黄、唇舌色淡、脉细弱为要点；心阴虚证以心悸心烦、失眠多梦、五心烦热、潮热盗汗、两颧发红、舌红少津、脉细数为要点。,心血虚治宜养血安神；心阴虚治宜滋阴安神。二者共见心悸、失眠、多梦之心病主症。鉴别眼目：血虚证兼面白舌淡、唇甲色淡、脉细弱而无热象；阴虚证兼五心烦热、盗汗、颧红、舌红少津、脉细数等热象。须与肝血虚、肝肾阴虚相鉴别——心病以心悸失眠为主症，肝病以眩晕、目涩、筋脉失养为主症。,,
q006,高血压,modern,snb_ejiao_001,神农本草经,上经,阿胶,阿胶，味甘，平。主心腹内崩，劳极洒洒如疟状，腰腹痛，四肢酸疼，女子下血，安胎。久服，益气。一名傅致胶。生太平郡。,阿胶甘平，补血止血、滋阴润燥、安胎，主治血虚萎黄、眩晕心悸、吐血尿血、崩漏带下及妊娠胎漏。,,
q006,高血压,modern,snb_juemingzi_001,神农本草经,上经,决明子,决明子，味咸，平。主青盲，目淫肤赤白膜，眼赤痛泪出。久服，益精光，轻身。生川泽。,决明子甘苦咸微寒，清热明目、润肠通便，主治目赤肿痛、羞明多泪、目暗不明及头痛眩晕、肠燥便秘。,,
q006,高血压,modern,xiakucao_001,中国药典（2025年版）一部,清热药,夏枯草,据《中国药典》2025 年版一部：夏枯草为唇形科植物夏枯草 Prunella vulgaris L. 的干燥果穗（药用部位：果穗）。性味辛、苦，寒；归肝、胆经。功能与主治：清肝泻火，明目，散结消肿；用于目赤肿痛，目珠夜痛，头痛眩晕，瘰疬，瘿瘤，乳痈肿痛。用法与用量：9～15g。贮藏：置干燥处。,**简明**：夏枯草辛苦寒，清肝泻火、明目、散结消肿，主治目赤肿痛（目珠夜痛尤宜）、头痛眩晕、瘰疬瘿瘤。**详解**：肝火目赤配菊花、决明子；目珠夜痛配香附、甘草；瘰疬瘿瘤配牡蛎、浙贝母（软坚散结）；乳痈配蒲公英、瓜蒌。脾胃虚寒者慎用。,,
q006,高血压,modern,huaijiao_001,中国药典（2025年版）一部,止血药,槐角,据《中国药典》2025 年版一部：槐角为豆科植物槐 Sophora japonica L. 的干燥成熟果实（药用部位：成熟果实）。性味苦，寒；归肝、大肠经。功能与主治：清热泻火，凉血止血；用于肠热便血，痔肿出血，肝热头痛，眩晕目赤。用法与用量：6～9g。注意：孕妇慎用。贮藏：置通风干燥处，防蛀。,**简明**：槐角苦寒，清热泻火而凉血止血，为治痔血便血与肝热目赤的常用药。。**详解**：肠热便血、痔肿出血配地榆、黄芩（槐角丸）；肝热头痛、眩晕目赤配菊花、夏枯草、决明子。**孕妇慎用**。,,
q006,高血压,modern,snb_huaishi_001,神农本草经,上经,槐实,槐实，味苦，寒。主五内邪气热，止涎唾，补绝伤，五痔，火疮，妇人乳瘕，子藏急痛。生平泽。,槐实（槐角）苦寒，凉血止血、清肝明目，主治肠热便血、痔肿出血、肝热头痛眩晕。孕妇及脾胃虚寒者慎用。,,
q006,高血压,modern,mingdangshen_001,中国药典（2025年版）一部,补虚药,明党参,据《中国药典》2025 年版一部：明党参为伞形科植物明党参 Changium smyrnioides Wolff 的干燥根（药用部位：根）。性味甘、微苦，微寒；归肺、脾、肝经。功能与主治：润肺化痰，养阴和胃，平肝；用于肺热咳嗽，呕吐反胃，食少口干，目赤眩晕。用法与用量：6～12g。贮藏：置通风干燥处，防潮，防蛀。,**简明**：明党参甘微苦微寒，润肺化痰而养阴和胃，为治肺热咳嗽、食少口干的常用药。。**详解**：肺热咳嗽配桑白皮、瓜蒌；呕吐反胃配竹茹、枇杷叶；食少口干配麦冬、玉竹；目赤眩晕配菊花、钩藤。脾虚泄泻者慎用。,,
q006,高血压,modern,fengyin_001,中医诊断学,辨证,风淫证,风淫证为六淫辨证之一，系外感风邪或肝风内动所致。据规划教材《中医诊断学》归纳：外风证以恶风寒、发热、汗出、头痛、鼻塞、瘙痒、肢体关节游走疼痛、脉浮缓为辨证要点；其性善行数变、轻扬开泄，故病位游移、起病急、变化快。内风（肝风）另见眩晕、抽搐、震颤等，属脏腑辨证范畴。,风为百病之长，为阳邪，其性开泄、善行数变、易袭阳位。外风治宜疏风解表；风邪常兼它邪（风寒、风热、风湿）袭人。临证以恶风、汗出、脉浮缓、瘙痒游走为辨证眼目，并须与内风（肝阳化风、热极生风等）相区别——外风多新起表证，内风多见眩晕抽搐而属里证。,,
q006,高血压,modern,qizhi_qini_001,中医诊断学,辨证,气滞证与气逆证,气病辨证之实证类。据规划教材《中医诊断学》归纳：气滞证以胀闷、疼痛（胀痛、窜痛）、症状随情绪而增减、嗳气或矢气后减轻、脉弦为辨证要点；气逆证为气机升降失常、当降反升，肺气上逆见咳嗽气喘，胃气上逆见呕吐、嗳气、呃逆，肝气上逆见头痛、眩晕、面红目赤甚则昏厥。,气滞证治宜行气；气逆证治宜降气。临证以胀闷窜痛、情志相关、脉弦为气滞辨证眼目，病位多在肝、脾胃、肺；气逆则辨何脏之气上逆——肺逆咳喘、胃逆呕恶、肝气上逆则头痛面赤。气滞与气逆常相因为病，气滞日久可化火、致血瘀；须与气虚之虚胀鉴别（见气虚气陷条）。,,
q006,高血压,modern,ganqi_huo_001,中医诊断学,辨证,肝气郁结证与肝火上炎证,肝实证类。据规划教材《中医诊断学》归纳：肝气郁结证以胸胁、乳房、少腹胀痛走窜不定、情志抑郁或易怒、喜太息、咽部异物感、月经不调、痛经、苔薄白、脉弦为要点；肝火上炎证以头胀痛、眩晕、面红目赤、口苦口干、急躁易怒、耳鸣如潮、甚则吐血衄血、便秘尿黄、舌红苔黄、脉弦数为要点。,肝气郁结治宜疏肝解郁；肝火上炎治宜清肝泻火。二者病位均在肝，常相因为病——气郁日久可化火。鉴别眼目：肝气郁结以胀痛走窜、情志抑郁、脉弦为主，无明显热象；肝火上炎以面红目赤、口苦、急躁、舌红苔黄脉弦数为主，为气郁化火之实热证。肝火上炎属火性上炎，须与肝阳上亢之上盛下虚相鉴别（见肝阳上亢条）。,,
q006,高血压,modern,honglian_001,中国药典（2025年版）一部,清热药,洪连,据《中国药典》2025 年版一部：洪连为玄参科植物短筒兔耳草 Lagotis brevituba Maxim. 的干燥全草（药用部位：全草）。性味苦、甘，寒；归肺、心、肝经。功能与主治：清热，解毒，利湿，平肝，行血，调经；用于发热烦渴，肺热咳嗽，头痛眩晕，湿热黄疸，月经不调，药食中毒。用法与用量：1～6g。贮藏：置通风…,**简明**：洪连苦甘寒，清热解毒而利湿平肝、行血调经，为藏药治发热烦渴、湿热黄疸的常用药。。**详解**：发热烦渴配石膏、知母；肺热咳嗽配黄芩；头痛眩晕配钩藤、菊花；湿热黄疸配茵陈；月经不调配当归、香附。脾胃虚寒者慎用。,,
q006,高血压,modern,juemingzi_001,中国药典（2025年版）一部,清热药,决明子,据《中国药典》2025 年版一部：决明子为豆科植物决明 Cassia obtusifolia L. 或小决明 Cassia tora L. 的干燥成熟种子（药用部位：成熟种子）。性味甘、苦、咸，微寒；归肝、大肠经。功能与主治：清肝明目，润肠通便；用于目赤涩痛，羞明多泪，头痛眩晕，目暗不明，大便秘结。用法与用量：9～15…,**简明**：决明子甘苦咸微寒，清肝明目、润肠通便，主治目赤羞明、头痛眩晕及肠燥便秘，可代茶饮。**详解**：肝火目赤配菊花、夏枯草；肝肾不足目暗配枸杞子、女贞子；肝阳头痛配钩藤、石决明；肠燥便秘单用或配火麻仁、瓜蒌仁。脾虚便溏及低血压者慎用。,,
q006,高血压,modern,juhua_001,中国药典（2025年版）一部,解表药,菊花,据《中国药典》2025 年版一部：菊花为菊科植物菊 Chrysanthemum morifolium Ramat. 的干燥头状花序（药用部位：头状花序）。性味甘、苦，微寒；归肺、肝经。功能与主治：疏散风热，平抑肝阳，清肝明目，清热解毒；用于风热感冒，头痛眩晕，目赤肿痛，眼目昏花，疮痈肿毒。用法与用量：5～10g。贮藏：…,**简明**：菊花甘苦微寒，疏散风热、平肝明目、清热解毒，主治风热感冒、肝阳眩晕、目赤肿痛及疮毒。**详解**：风热感冒配桑叶、连翘（桑菊饮）；肝阳上亢头晕目眩配石决明、钩藤；肝肾阴虚目暗配枸杞子、熟地黄（杞菊地黄丸）；疮痈肿毒配金银花、蒲公英。疏散风热多用黄菊花，平肝明目多用白菊花。,,
q006,高血压,modern,shanzhuyu_001,中国药典（2025年版）一部,收涩药,山茱萸,据《中国药典》2025 年版一部：山茱萸为山茱萸科植物山茱萸 Cornus officinalis Sieb. et Zucc. 的干燥成熟果肉（药用部位：成熟果肉）。性味酸、涩，微温；归肝、肾经。功能与主治：补益肝肾，收涩固脱；用于眩晕耳鸣，腰膝酸痛，阳痿遗精，遗尿尿频，崩漏带下，大汗虚脱，内热消渴。用法与用量：6～…,**简明**：山茱萸酸涩微温，补益肝肾、收涩固脱（**补敛并施，救脱要药**），主治肝肾亏虚之眩晕耳鸣、腰膝酸痛、阳痿遗精、尿频及大汗亡阳虚脱。**详解**：肝肾阴虚配熟地黄、山药（六味地黄丸）；大汗虚脱配人参、附子（来复汤）；崩漏配黄芪、白术（固冲汤）。**急救固脱可重用至 20～30g**；素有湿热、小便淋涩者慎用…,,
q006,高血压,modern,qingxiangzi_001,中国药典（2025年版）一部,清热药,青葙子,据《中国药典》2025 年版一部：青葙子为苋科植物青葙 Celosia argentea L. 的干燥成熟种子（药用部位：成熟种子）。性味苦，微寒；归肝经。功能与主治：清肝泻火，明目退翳；用于肝热目赤，眼生翳膜，视物昏花，肝火眩晕。用法与用量：9～15g。注意：本品有扩散瞳孔作用，青光眼患者禁用。贮藏：置干燥处。,**简明**：青葙子苦微寒，清肝泻火、明目退翳，主治肝热目赤、翳膜遮睛、视物昏花及肝火眩晕。**详解**：肝火目赤配决明子、菊花；翳障配谷精草、木贼；眩晕配夏枯草、钩藤。**有扩瞳作用，青光眼患者禁用**；肝肾阴虚之目疾慎用。,,
q006,高血压,modern,meichong_001,针灸学,足太阳膀胱经,眉冲,出《针灸甲乙经》。,眉冲为足太阳膀胱经穴，定位在头部，额切迹直上入发际0.5寸。主治头痛、眩晕、鼻塞、癫痫。刺法：平刺0.3～0.5寸；禁灸。,,
q006,高血压,modern,shanyangjiao_001,《中药学》（清华社）· 药典外品种,平肝息风药,山羊角,据清华社《中药学》：山羊角为牛科动物山羊 Capra hircus L. 的角（药用部位：角）。性味咸，寒；归肝经。功能与主治：平肝息风，清肝明目，凉血解毒；用于肝阳上亢，头痛眩晕，惊痫抽搐，目赤肿痛，温热发斑。用法与用量：10～15g，镑片先煎；磨粉或锉末冲服 1～1.5g。贮藏：置干燥处。,**简明**：山羊角咸寒，平肝息风而清肝明目，为羚羊角之常用代用品，治肝阳眩晕与惊痫。。**详解**：肝阳上亢、头痛眩晕配钩藤、菊花、石决明；惊痫抽搐配天麻、全蝎；目赤肿痛配决明子、夏枯草。**脾胃虚寒者慎用**。,,
q006,高血压,modern,shangxing_001,针灸学,督脉,上星,出《针灸甲乙经》。,上星为督脉穴。在头部，前发际正中直上1寸。主治鼻渊、鼻衄、鼻塞、头痛、目痛、眩晕、热病、癫狂痫。刺法：平刺0.5～0.8寸；可灸。,,
q006,高血压,modern,houting_001,针灸学,督脉,后顶,出《针灸甲乙经》。,后顶为督脉穴。在头部，后发际正中直上5.5寸，强间上1.5寸。主治头痛、眩晕、项强、癫狂痫、烦心。刺法：平刺0.5～0.8寸；可灸。,,
q006,高血压,modern,niuhuangshangqingwan_001,《中国药典》一部/药品说明书（要点归纳）,清热剂/中成药,牛黄上清丸·清热泻火散风止痛,据现行版《中国药典》一部与药品说明书要点归纳：本品由人工牛黄、薄荷、菊花、荆芥穗、白芷、川芎、栀子、黄连、黄柏、黄芩、大黄、连翘、赤芍、当归、地黄、桔梗、石膏、冰片、甘草等组成，具清热泻火、散风止痛之功，用于热毒内盛、风火上攻所致头痛眩晕、目赤耳鸣、咽喉肿痛、口舌生疮、牙龈肿痛、大便燥结。用法用量按说明书口服。,牛黄上清丸为常用清热泻火、散风止痛类中成药，较黄连上清丸多人工牛黄、冰片，清热解毒力更强，用于风火上攻之头面五官诸火证。方含大黄等苦寒泻下之品，孕妇慎用，脾胃虚寒、体虚便溏者不宜；不宜久服。本条目为中成药，请按说明书或在医师指导下使用。,,
q006,高血压,modern,xuanyun_001,中医内科学,肝胆系病证,眩晕,"眩晕是以头晕、眼花为主症的病证。眩即眼花，晕即头晕，两者常同时并见，故统称眩晕。《素问·至真要大论》：""诸风掉眩，皆属于肝。""《素问·玄机原病式》：""所谓风气甚而头目眩运者，由风木旺，必是金衰不能制木，而木复生火。""《灵枢·口问》：""上气不足，脑为之不满，耳为之苦鸣，头为之苦倾，目为之眩。""教材将其归入肝胆系病证论治。",眩晕病位在头窍，与肝脾肾三脏相关，基本病机不外虚实两端：虚者为气血不足或肝肾阴亏、脑失所养；实者为风、火、痰、瘀扰乱清空。辨证首辨脏腑（肝阳、脾虚、肾虚），次辨标本虚实（急则多实、缓则多虚）。分证论治：肝阳上亢治以平肝潜阳、清火息风，方用天麻钩藤饮；气血亏虚治以补益气血、调养心脾，方用归脾汤；肾精不足治以滋养肝肾、益精…,,
q006,高血压,modern,zheshi_001,中国药典（2025年版）一部,平肝息风药,赭石,据《中国药典》2025 年版一部：赭石为氧化物类矿物刚玉族赤铁矿，主含三氧化二铁（Fe₂O₃）（药用部位：矿石）。采挖后，除去杂石。性味苦，寒；归肝、心、肺、胃经。功能与主治：平肝潜阳，重镇降逆，凉血止血；用于眩晕耳鸣，呕吐，噫气，呃逆，喘息，吐血，衄血，崩漏下血。用法与用量：9～30g，先煎。注意：孕妇慎用。贮藏：置…,**简明**：赭石苦寒，平肝潜阳而重镇降逆、凉血止血，为治眩晕呕吐与血热出血的常用药。。**详解**：肝阳上亢眩晕耳鸣配牛膝、牡蛎、白芍；呕吐呃逆配旋覆花、半夏（旋覆代赭汤）；吐血衄血、崩漏配白茅根、茜草。**孕妇慎用**；生用先煎。,,
q006,高血压,modern,qianding_001,针灸学,督脉,前顶,出《针灸甲乙经》。,前顶为督脉穴。在头部，前发际正中直上3.5寸，百会前1.5寸。主治头痛、眩晕、鼻渊鼻衄、小儿惊风、癫痫。刺法：平刺0.5～0.8寸；可灸。,,
q006,高血压,modern,xinhui_001,针灸学,督脉,囟会,出《针灸甲乙经》。,囟会为督脉穴。在头部，前发际正中直上2寸。主治头痛、眩晕、鼻渊鼻衄、小儿惊痫。刺法：平刺0.5～0.8寸；小儿囟门未闭者禁刺；可灸。,,
q006,高血压,modern,chengguang_001,针灸学,足太阳膀胱经,承光,出《针灸甲乙经》。《针灸甲乙经》：承光，在五处后二寸。,承光为足太阳膀胱经穴，定位在头部，前发际正中直上2.5寸，旁开1.5寸。主治头痛、眩晕、目视不明、鼻塞。刺法：平刺0.3～0.5寸；可灸。,,
q006,高血压,modern,gouqizi_001,中国药典（2025年版）一部,补虚药,枸杞子,据《中国药典》2025 年版一部：枸杞子为茄科植物宁夏枸杞 Lycium barbarum L. 的干燥成熟果实（药用部位：成熟果实）。性味甘，平；归肝、肾经。功能与主治：滋补肝肾，益精明目；用于虚劳精亏，腰膝酸痛，眩晕耳鸣，阳痿遗精，内热消渴，血虚萎黄，目昏不明。用法与用量：6～12g。贮藏：置阴凉干燥处，防闷热，防…,**简明**：枸杞子甘平，滋补肝肾、益精明目（**平补肝肾阴阳**），主治肝肾阴虚之腰膝酸痛、眩晕耳鸣、阳痿遗精、消渴及目昏不明。**详解**：肝肾阴虚眩晕目暗配菊花、熟地黄（杞菊地黄丸）；遗精配菟丝子、覆盆子（五子衍宗丸）。**药食两用**，可嚼服泡茶；脾虚便溏者慎用。,,
q006,高血压,modern,qucha_001,针灸学,足太阳膀胱经,曲差,出《针灸甲乙经》。《针灸甲乙经》：曲差，一名鼻冲，在神庭旁一寸五分，入发际。,曲差为足太阳膀胱经穴，定位在头部，前发际正中直上0.5寸，旁开1.5寸。主治头痛、眩晕、目视不明、鼻塞、鼻衄。刺法：平刺0.5～0.8寸；可灸。,,
q006,高血压,modern,chengling_001,针灸学,足少阳胆经,承灵,出《针灸甲乙经》。,承灵为足少阳、阳维脉交会穴，定位在头部，前发际上4寸，头正中线旁2.25寸。主治头痛、眩晕、鼻渊鼻塞及鼻衄。操作平刺0.5～0.8寸；可灸。,,
q006,高血压,modern,wuchu_001,针灸学,足太阳膀胱经,五处,出《针灸甲乙经》。《针灸甲乙经》：五处，在上星旁一寸五分。,五处为足太阳膀胱经穴，定位在头部，前发际正中直上1寸，旁开1.5寸。主治头痛、眩晕、目视不明、癫痫、小儿惊风。刺法：平刺0.3～0.5寸；可灸。,,
q006,高血压,modern,snb_lingyangjiao_001,神农本草经,中经,羚羊角,羚羊角，味咸，寒。主明目益气起阴，去恶血注下，辟蛊毒恶鬼不详，安心气，常不魇寐。,羚羊角咸寒，平肝息风、清肝明目、清热解毒，主治肝风内动惊痫抽搐、肝阳眩晕、肝火头痛目赤及温病壮热神昏。本经主明目益气、安心气、不魇寐，取其平肝清肝、息风定惊之功。,,
q006,高血压,modern,shenting_001,针灸学,督脉,神庭,出《针灸甲乙经》。,神庭为督脉、足太阳、足阳明之会。在头部，前发际正中直上0.5寸。主治头痛、眩晕、目赤肿痛、鼻渊鼻衄、癫狂痫、失眠惊悸。刺法：平刺0.5～0.8寸；可灸。,,
q006,高血压,modern,snb_xiakucao_001,神农本草经,下经,夏枯草,夏枯草，味苦，辛寒。主寒热，瘰疬鼠瘘，头疮，破癥，散瘿结气，脚肿湿痹。生川谷。,夏枯草苦辛寒，清肝泻火、散结消肿、明目，主治肝郁化火之目赤肿痛、头痛眩晕、瘰疬瘿瘤及乳痈肿痛。其性寒凉，脾胃虚弱者慎服，不宜大量久服以免伤胃。,,
q006,高血压,modern,naohu_001,针灸学,督脉,脑户,出《针灸甲乙经》。,脑户为督脉、足太阳之会。在头部，枕外隆凸上缘凹陷中（后发际正中直上2.5寸）。主治头痛、项强、眩晕、癫痫、瘖不能言、面痛。刺法：平刺0.5～0.8寸；禁灸。,,
q006,高血压,modern,mahuang_001,中国药典（2025年版）一部,解表药,麻黄,据《中国药典》2025 年版一部：麻黄为麻黄科植物草麻黄 Ephedra sinica Stapf、中麻黄 Ephedra intermedia Schrenk ex C. A. Mey. 或木贼麻黄 Ephedra equisetina Bunge 的干燥草质茎（药用部位：草质茎）。性味辛、微苦，温；归肺、膀胱经。功…,**简明**：麻黄为辛温解表要药，发汗力峻，主治风寒表实（恶寒发热、无汗、脉浮紧）、咳喘、风水水肿。**详解**：发汗解表配桂枝（麻黄汤）治表实；宣肺平喘配杏仁、石膏（麻杏石甘汤）治肺热咳喘；利水消肿配石膏、生姜（越婢汤）治风水。麻黄发汗力强，表虚自汗、阴虚盗汗、高血压、失眠者慎用；生用发汗力强，蜜炙后发汗力缓而长于润…,,
q006,高血压,modern,naokong_001,针灸学,足少阳胆经,脑空,出《针灸甲乙经》。,脑空为足少阳、阳维脉交会穴，定位在头部，枕外隆凸外侧，横平脑户（督脉），头正中线旁2.25寸。主治头痛项强、眩晕、耳鸣目痛及惊悸。操作平刺0.5～0.8寸；可灸。,,
q006,高血压,modern,longchi_001,《中药学》（清华社）· 药典外品种,安神药,龙齿,据清华社《中药学》：龙齿为古代哺乳动物如三趾马、犀类、鹿类、牛类等牙齿的化石（药用部位：牙齿化石）。性味甘、涩，凉；归心、肝经。功能与主治：镇惊安神，平肝潜阳；用于心悸易惊，失眠多梦，癫狂，惊痫。用法与用量：9～15g，打碎先煎。贮藏：置干燥处。,**简明**：龙齿甘涩凉，镇惊安神而平肝潜阳，为重镇安神之品，善治惊悸癫狂。。**详解**：心悸易惊、失眠多梦配酸枣仁、柏子仁、远志；癫狂惊痫配牡蛎、朱砂（须遵古法）；肝阳眩晕配石决明、白芍。,,
q006,高血压,modern,yetianshi_002,临证指南医案,肝风门,叶天士·肝阳内风案,某，年逾四句，烦劳太过，阳气过动，肝风内震，耳鸣头眩，肢节皆震，脉左数。先生谓身中阳气，动极化风，非发散可解，非沉寒可除，当以酸甘化阴、滋液熄风。,"此案提出""阳化内风""纲领，辨烦劳伤阴、肝阳化风上扰，主以滋液熄风、甘酸化阴、介类潜阳，反对发散攻逐。实为叶氏治肝风、眩晕、中风一派的心法，对后世平肝熄风治法影响深远。",,
q006,高血压,modern,zibeichi_001,《中药学》（清华社）· 药典外品种,平肝息风药,紫贝齿,据清华社《中药学》：紫贝齿为宝贝科动物蛇首眼球贝 Erosaria caputserpentis (L.) 等多种贝类的贝壳（药用部位：贝壳）。性味咸，平；归肝、心经。功能与主治：平肝潜阳，镇惊安神，清肝明目；用于肝阳上亢，头晕目眩，惊悸失眠，目赤翳障。用法与用量：10～15g，打碎先煎。外用适量。贮藏：置干燥处。,**简明**：紫贝齿咸平，平肝潜阳而镇惊安神、清肝明目，为治眩晕惊悸与目疾的常用药。。**详解**：肝阳上亢、头晕目眩配石决明、菊花、钩藤；惊悸失眠配酸枣仁、龙骨；目赤翳障配决明子、青葙子。,,
q006,高血压,modern,jiaxi_001,针灸学,足少阳胆经,侠溪,《灵枢·本输》：胆……流于侠溪，侠溪者，足小指次指二歧骨间也，为荥。,侠溪为足少阳胆经荥穴，定位在足背外侧，第4、5趾间，趾蹼缘后方赤白肉际处。主治头痛眩晕、目赤痛、耳鸣耳聋、颊肿、胸胁痛及乳痈。操作直刺0.3～0.5寸；可灸。,,
q006,高血压,modern,shuaigu_001,针灸学,足少阳胆经,率谷,出《针灸甲乙经》。,率谷为足少阳、足太阳交会穴，定位在头部，耳尖直上入发际1.5寸，角孙直上方。为治疗偏头痛常用要穴，亦治眩晕、呕吐及小儿急慢惊风。操作平刺0.5～0.8寸；可灸。,,
q006,高血压,modern,zhenzhumu_001,中国药典（2025年版）一部,平肝息风药,珍珠母,据《中国药典》2025 年版一部：珍珠母为蚌科动物三角帆蚌 Hyriopsis cumingii (Lea)、褶纹冠蚌 Cristaria plicata (Leach) 或珍珠贝科动物马氏珍珠贝 Pteria martensii (Dunker) 的贝壳（药用部位：贝壳）。性味咸，寒；归肝、心经。功能与主治：平肝潜阳…,**简明**：珍珠母咸寒，平肝潜阳、安神定惊、明目退翳（**镇心安神而清肝**），主治肝阳眩晕、烦躁失眠惊悸及目赤翳障。**详解**：眩晕失眠配牡蛎、酸枣仁；肝热目赤配菊花、石决明。**先煎**；脾胃虚寒者慎用。,,
q006,高血压,modern,huatuo_002,名医类案,华佗医案,华佗针鬲治曹操头风案,太祖（曹操）闻而召佗，佗常在左右。太祖苦头风，每发，心乱目眩，佗针鬲，随手而差。（《三国志·魏书·方技传》）,曹操患头风，每发则心乱目眩，华佗常随侍左右，针刺膈部（鬲），随手而愈。此案为华佗针刺取效、随诊随差之验，见其用针取穴精当、应手取捷；亦为后世以针灸治头风眩晕之著名典故。,,
q006,高血压,modern,hanyan_001,针灸学,足少阳胆经,颔厌,出《针灸甲乙经》。,颔厌为足少阳、足阳明、手少阳交会穴，定位在头部鬓发上，当头维与曲鬓弧形连线的上1/4与下3/4交点处。主治偏头痛、眩晕、目外眦痛、齿痛、耳鸣及惊痫。操作平刺0.5～0.8寸；可灸。,,
q006,高血压,modern,shijueming_001,中国药典（2025年版）一部,平肝息风药,石决明,据《中国药典》2025 年版一部：石决明为鲍科动物杂色鲍 Haliotis diversicolor Reeve、皱纹盘鲍 Haliotis discus hannai Ino、羊鲍 Haliotis ovina Gmelin、澳洲鲍 Haliotis ruber (Leach)、耳鲍 Haliotis asinina…,**简明**：石决明咸寒，平肝潜阳、清肝明目（**凉肝镇肝**），主治肝阳上亢之头痛眩晕及肝热目赤翳障、青盲雀目。**详解**：肝阳眩晕配天麻、钩藤（天麻钩藤饮）；目赤翳障配菊花、决明子。**先煎**；脾胃虚寒者慎用。,,
q006,高血压,modern,juezheng_001,中医内科学,心系病证,厥证,《素问·厥论》专论手足厥冷与暴不知人之厥，指出「阳气衰于下则为寒厥，阴气衰于下则为热厥」。《素问·大奇论》论暴厥「暴厥者，不知与人言」。（据规划教材《中医内科学·心系病证·厥证》归纳）,厥证是以突然昏倒、不省人事、四肢厥冷为主要表现的急证，轻者短时间内自行苏醒，醒后无偏瘫、失语、口眼歪斜等后遗症；重者一厥不复而亡。病机为气机逆乱、升降失常、气血运行悖逆。辨证当分虚实与气血痰食：气厥实证（通关散合五磨饮子开窍顺气）多由情志刺激诱发；气厥虚证（参附汤合四味回阳饮补气回阳）多见于悲劳、饥饿；血厥实证（羚角钩…,,
q006,高血压,modern,tianma_001,中国药典（2025年版）一部,平肝息风药,天麻,据《中国药典》2025 年版一部：天麻为兰科植物天麻 Gastrodia elata Bl. 的干燥块茎（药用部位：块茎）。性味甘，平；归肝经。功能与主治：息风止痉，平抑肝阳，祛风通络；用于小儿惊风，癫痫抽搐，破伤风，头痛眩晕，手足不遂，肢体麻木，风湿痹痛。用法与用量：3～10g。贮藏：置通风干燥处，防蛀。  **【古…,**简明**：天麻甘平，息风止痉、平抑肝阳、祛风通络，为「**治风之神药**」（无论寒热虚实之风皆宜），主治眩晕头痛、惊风癫痫、肢体麻木痹痛。**详解**：肝阳眩晕配钩藤、石决明（天麻钩藤饮）；风痰眩晕配半夏、白术（半夏白术天麻汤）；肢体麻木配鸡血藤、牛膝（天麻丸）。药性平和，虚人可服。,,
q006,高血压,modern,luxi_001,针灸学,手少阳三焦经,颅息,出《针灸甲乙经》。,颅息属手少阳三焦经，定位在头部，当角孙至翳风沿耳轮连线的上、中1/3交点处。主治头痛、耳鸣耳聋、小儿惊痫及呕吐涎沫。刺法：平刺0.3～0.5寸；可灸。,,
q006,高血压,modern,luoque_001,针灸学,足太阳膀胱经,络却,出《针灸甲乙经》。《针灸甲乙经》：络却，一名强阳，一名脑盖，在通天后一寸五分。,络却为足太阳膀胱经穴，定位在头部，前发际正中直上5.5寸，旁开1.5寸。主治头晕、目视不明、耳鸣、癫狂痫。刺法：平刺0.3～0.5寸；可灸。,,
q006,高血压,modern,rendan_001,《中国药典》一部/药品说明书（要点归纳）,止咳/外妇儿/中成药,仁丹·清暑开窍,据现行版《中国药典》一部与药品说明书要点归纳：本品由冰片、薄荷脑、檀香、砂仁、丁香、肉桂、八角茴香、胡椒、木香、儿茶、樟脑等组成，具清暑开窍之功，用于伤暑引起的恶心、胸闷、头昏，亦可用于晕车晕船。用法用量按说明书含化或冲服。,仁丹为清暑开窍类中成药，用于伤暑之恶心胸闷头昏及晕车晕船。本品含樟脑、冰片等芳香走窜之品，孕妇及婴幼儿慎用；不宜超量久服。中暑出现高热、神昏、抽搐或脱水者为急症，应立即移至阴凉处并就医。本条目为中成药，请按说明书或在医师指导下使用。,,
q006,高血压,modern,baihui_001,针灸学,督脉,百会,《针灸甲乙经》：百会，一名三阳五会，在前顶后一寸五分，顶中央旋毛中，陷可容指。,百会为督脉、足太阳之会，三阳五会，升阳举陷、醒脑开窍要穴。在头部，前发际正中直上5寸，约当两耳尖连线与头顶正中线交点处。主治眩晕、头痛、中风不省人事、健忘不寐、癫狂痫、脏躁，以及脱肛、阴挺、久泻等气虚下陷证。刺法：平刺0.5～0.8寸；升阳举陷多用灸法。,,
q006,高血压,modern,shanzhaye_001,中国药典（2025年版）一部,消食药,山楂叶,据《中国药典》2025 年版一部：山楂叶为蔷薇科植物山里红 Crataegus pinnatifida Bge. var. major N. E. Br. 或山楂 Crataegus pinnatifida Bge. 的干燥叶（药用部位：叶）。性味酸，平；归肝、心经。功能与主治：活血化瘀，理气通脉，化浊降脂；用于气滞血…,**简明**：山楂叶酸平，活血化瘀而理气通脉、化浊降脂，为治胸痹心痛与高脂血症的常用药。。**详解**：胸痹心痛配丹参、川芎；胸闷憋气配瓜蒌、薤白；高脂血症配决明子、荷叶。,,
q006,高血压,modern,dilong_001,中国药典（2025年版）一部,平肝息风药,地龙,据《中国药典》2025 年版一部：地龙为钜蚓科动物参环毛蚓 Pheretima aspergillum (E. Perrier)、通俗环毛蚓 Pheretima vulgaris Chen、威廉环毛蚓 Pheretima guillelmi (Michaelsen) 或栉盲环毛蚓 Pheretima pectinife…,**简明**：地龙咸寒，清热定惊、通络、平喘、利尿，主治高热惊痫抽搐、热痹麻木、半身不遂、肺热喘咳及水肿尿少。**详解**：高热抽搐配钩藤、僵蚕；气虚血瘀中风半身不遂配黄芪、当归（补阳还五汤）；热痹配忍冬藤、秦艽；肺热喘咳配麻黄、石膏。脾胃虚寒者慎用。,,
q006,高血压,modern,jiangxiang_001,中国药典（2025年版）一部,止血药,降香,据《中国药典》2025 年版一部：降香为豆科植物降香檀 Dalbergia odorifera T. Chen 树干和根的干燥心材（药用部位：心材）。性味辛，温；归肝、脾经。功能与主治：化瘀止血，理气止痛；用于吐血，衄血，外伤出血，肝郁胁痛，胸痹刺痛，跌扑伤痛。用法与用量：9～15g，后下。外用适量，研细末敷患处。贮藏…,**简明**：降香辛温，化瘀止血、理气止痛，主治瘀血出血、肝郁胁痛、胸痹刺痛及跌扑伤痛。**详解**：胸痹刺痛配丹参、砂仁（丹参饮）；胁痛配郁金、香附；外伤出血研末外敷。**含挥发油宜后下**；阴虚火旺、血热妄行者忌用。,,
q006,高血压,modern,fuyuanhuoxue_001,《方剂学》规划教材（要点归纳）,理血剂,复元活血汤·活血祛瘀疏肝通络,"传统方歌：""复元活血汤柴胡，花粉当归山甲俱，桃仁红花大黄草，损伤瘀血酒煎祛。""（《医学发明》方，据教材要点归纳：柴胡约半两、瓜蒌根、当归、红花、甘草、穿山甲、大黄、桃仁各约常用量，酒水煎服。）",复元活血汤为跌打损伤、瘀血留于胁下之代表方，症见胁下瘀肿、痛不可忍、痛处固定。本方大黄、穿山甲逐瘀力猛，孕妇忌用，体弱者须酌减。本方为要点归纳，供参考；具体用药请遵医嘱。,,
q006,高血压,modern,dayezizhu_001,中国药典（2025年版）一部,止血药,大叶紫珠,据《中国药典》2025 年版一部：大叶紫珠为马鞭草科植物大叶紫珠 Callicarpa macrophylla Vahl 的干燥叶或带叶嫩枝（药用部位：叶或带叶嫩枝）。性味苦、辛，平；归肝、肺、胃经。功能与主治：散瘀止血，消肿止痛；用于衄血，咯血，吐血，便血，崩漏，外伤出血，跌扑肿痛。用法与用量：9～15g。外用适量，…,**简明**：大叶紫珠苦辛平，散瘀止血而消肿止痛，为治各种出血与跌扑肿痛的常用药。。**详解**：咯血吐血配白及、白茅根；便血崩漏配地榆、茜草；外伤出血研末外敷；跌扑肿痛配三七、乳香。,,
q006,高血压,modern,erxueyadou_001,中医临床诊疗指南/专家共识（要点归纳）,现代中医,耳穴压豆·适宜技术操作要点,据《中医适宜技术操作规范·耳穴压豆》要点：将王不留行籽或磁珠贴压于耳廓相应耳穴上，用手按压使局部酸胀灼热，借耳穴与脏腑经络相应之理调治诸疾。（要点归纳，非原文照录。）,耳穴压豆（又称耳穴压丸）是常用中医适宜技术，操作要点：先探查敏感点，以王不留行籽贴压于耳廓相应穴位（如失眠取神门、心、皮质下），每日按压 3—5 次、每次数分钟，3—5 日更换一次。适用于失眠、便秘、戒断综合征、痛证等辅助调理。耳廓皮肤炎症、冻伤者不宜贴压。本条目为要点归纳，供参考；具体诊疗请遵医嘱。,,
q006,高血压,modern,huaruishi_001,中国药典（2025年版）一部,止血药,花蕊石,据《中国药典》2025 年版一部：花蕊石为变质岩类岩石蛇纹大理岩（药用部位：矿物）。性味酸、涩，平；归肝经。功能与主治：化瘀止血；用于咯血，吐血，外伤出血，跌扑伤痛。用法与用量：4.5～9g，多研末服。外用适量。贮藏：置干燥处。  **【古注】】 《本草纲目》：花蕊石化血止血，治金疮出血、产后恶血，为化瘀止血之要药。,**简明**：花蕊石酸涩平，化瘀止血，治咯血吐血及外伤出血（兼化瘀消肿）。**详解**：咳血吐血配三七、血余炭（化血丹）；外伤出血研末外敷。多研末服，煎剂效减；无瘀滞者慎用。,,
q006,高血压,modern,anzhen_001,中医诊断学,四诊,按诊要点,按诊为医生以手触按病人体表与胸腹，以测寒热、润燥、软硬、压痛、包块及腧穴反应。《素问·调经论》「视其虚实，调其气血」为按诊之旨。教材归纳按胸胁、按腹部、按肌肤、按手足、按腧穴诸法。,按肌肤：肌肤灼热、口干脉数多热证；肌肤清凉、畏寒多寒证；皮肤润燥测津液存亡；按之凹陷举手即起为气肿，凹陷不能即起为水肿；疮疡按之肿硬而不热多阴证，肿硬灼手多阳证。按手足：手足俱冷多阳虚寒盛；手足心热多阴虚内热；手背热甚于手心多外感，手心热甚于手背多内伤。按胸腹：腹满按之柔软、不痛多虚（虚满）；腹满按之坚硬、压痛拒按多实…,,
q006,高血压,modern,chuanxiong_001,中国药典（2025年版）一部,活血化瘀药,川芎,据《中国药典》2025 年版一部：川芎为伞形科植物川芎 Ligusticum chuanxiong Hort. 的干燥根茎（药用部位：根茎）。性味辛，温；归肝、胆、心包经。功能与主治：活血行气，祛风止痛；用于胸痹心痛，胸胁刺痛，跌扑肿痛，月经不调，经闭痛经，癥瘕腹痛，头痛，风湿痹痛。用法与用量：3～10g。注意：孕妇慎…,**简明**：川芎辛温，活血行气、祛风止痛，为「**血中气药**」，上行头目、下行血海，主治瘀血诸痛、经闭痛经及各种头痛（风寒、血瘀头痛尤宜）。**详解**：血瘀胸胁痛配柴胡、桃仁（血府逐瘀汤）；风寒头痛配羌活、白芷；血虚月经不调配熟地黄、当归（四物汤）；风湿痹痛配独活、秦艽。孕妇慎用，阴虚火旺、月经过多者慎用。,,
q006,高血压,modern,wangqingren_001,中医各家学说,医家,王清任·著医林改错亲见脏腑倡活血化瘀,"《医林改错》：""著书不明脏腑，岂不是痴人说梦；治病不明脏腑，何异于盲子夜行。""又论""元气既虚，必不能达于血管，血管无气，必停留而瘀""，立补阳还五汤治气虚血瘀偏枯。",王清任，字勋臣，清代直隶玉田（今属河北）人，生于乾隆三十三年、卒于道光十一年（1768—1831年），久居京师行医。他深感业医当明脏腑，认为古人脏腑记载多有沿袭之误，遂亲观犬尸、刑尸考订，绘图立说，于道光十年（1830年）撰成《医林改错》二卷。其书一方面订正古代脏腑图绘（受时代所限不无疏误），另一方面系统发挥瘀血理论，…,,
q006,高血压,modern,jingui_016,金匮要略,惊悸吐血下血胸满瘀血病脉证治第十六,惊悸吐血下血胸满瘀血病脉证治第十六,（脉证十二条 方五首） 寸口脉动而弱，动即为惊，弱则为悸。 师曰：夫脉浮，目睛晕黄，衄未止；晕黄去，目睛慧了，知衄今止。 又曰：从春至夏，衄者太阳，从秋至冬，衄者阳明。 衄家不可汗，汗出必额上陷，脉紧急，直视不能目旬 ，不得眠。 病人面无血*色，无寒热，脉沉弦者衄；浮弱，手按之绝者，下血；烦咳者，必吐血。 夫吐血，咳逆…,本篇论惊悸、吐血、下血、瘀血。惊为外触、悸由内生；吐血不止主柏叶汤，远血（先便后血）主黄土汤，近血（先血后便）主赤小豆当归散，心气不足吐血衄血主泻心汤；瘀血以唇痿舌青、口燥但欲漱水不欲咽为辨证要点。,,
q006,高血压,modern,xuezhengneike_001,中医内科学,气血津液病证,血证,"血证是指由多种原因引起火热熏灼或气虚不摄，致使血液不循常道，或上溢于口鼻诸窍，或下泄于前后二阴，或渗出于肌肤所形成的一类出血性疾患。《素问·六节藏象论》：""肝者，罢极之本……以生血气。""《金匮要略》对吐血、衄血、便血等证治有所记载，出泻心汤、黄土汤等方。教材以治火、治气、治血为基本原则。",血证共同病机为火热熏灼、迫血妄行及气虚不摄、血溢脉外。辨证首辨病证部位及虚实：鼻衄——热邪犯肺治以清泄肺热、凉血止血，方用桑菊饮；胃热炽盛治以清胃泻火，方用玉女煎；肝火上炎治以清肝泻火，方用龙胆泻肝汤；气血亏虚治以补气摄血，方用归脾汤。齿衄——胃火炽盛治以清胃泻火，方用加味清胃散；阴虚火旺治以滋阴降火，方用六味地黄丸合…,,
q006,高血压,modern,geshu_001,针灸学,足太阳膀胱经,膈俞,出《针灸甲乙经》。《灵枢·背腧》：七焦之间，膈腧当其处。,膈俞为八会穴之血会，为气血会聚之所。定位在脊柱区，第7胸椎棘突下，后正中线旁开1.5寸。主治呕吐、呃逆、气喘等气逆病证，吐血、血瘀诸证、贫血等血分病证，以及瘾疹、皮肤瘙痒等皮肤病证。刺法：斜刺0.5～0.8寸；可灸。,,
q006,高血压,modern,wentong_001,中医诊断学,四诊,问疼痛性质,疼痛总由「不通则痛」「不荣则痛」。教材以疼痛性质分虚实寒热：新病痛剧拒按多实，久病痛缓喜按多虚；得温则减多寒，遇热加重多热。,胀痛：痛而且胀，胀甚于痛，多为气滞，胸胁脘腹胀痛多属肝胃气滞。刺痛：痛如针刺、固定不移，多为血瘀。冷痛：痛有冷感、得温则减，多属寒证，常见于腰脊、脘腹、四肢关节。灼痛：痛有灼热感、得凉则舒，多属热证。重痛：痛且沉重、如物裹身，多属湿困，常见于头部、四肢。绞痛：痛势剧烈如刀绞，多因有形实邪阻闭气机（瘀血、蛔虫、结石）或寒…,,
q006,高血压,modern,xuefuzhuyujiaonang_001,《中国药典》一部/药品说明书（要点归纳）,理血/止咳/中成药,血府逐瘀胶囊·活血祛瘀行气止痛,据现行版《中国药典》一部与药品说明书要点归纳：本品由桃仁、红花、当归、生地黄、川芎、赤芍、牛膝、桔梗、柴胡、枳壳、甘草等组成，具活血祛瘀、行气止痛之功，用于气滞血瘀所致胸痛头痛、痛如针刺。用法用量按说明书。,血府逐瘀胶囊为活血化瘀类处方药，用于气滞血瘀之胸痹头痛。孕妇禁用；有出血倾向者慎用；胸痛剧烈者应先排查心血管急症。本条目为中成药，请按说明书或在医师指导下使用。,,
q007,荨麻疹,modern,yingzhen_001,《中医皮肤性病学》规划教材（要点归纳）,皮肤,瘾疹·荨麻疹,瘾疹是皮肤出现红色或苍白色风团、时隐时现、瘙痒剧烈的过敏性皮肤病，相当于西医荨麻疹。多由禀赋不耐、风寒/风热外袭、胃肠湿热或气血两虚引起。辨证分风寒外袭、风热犯表、胃肠湿热、气血两虚等型。,瘾疹辨证分寒热虚实：风寒者得温则减，风热者遇热加重。伴腹痛、呼吸困难、喉头水肿者须立即就医（过敏性休克风险）。教材要点归纳，供参考；具体诊疗请遵医嘱。,,
q007,荨麻疹,modern,zhumagen_001,《中药学》（清华社）· 药典外品种,止血药,苎麻根,据清华社《中药学》：苎麻根为荨麻科植物苎麻 Boehmeria nivea (L.) Gaud. 的干燥根（药用部位：根）。性味甘，寒；归肝、心、膀胱经。功能与主治：凉血止血，安胎，清热解毒；用于血热出血，胎动不安，胎漏下血；外治痈肿。用法与用量：10～30g。外用适量。贮藏：置通风干燥处。,**简明**：苎麻根甘寒，凉血止血而安胎，为治血热胎动不安与各种出血的常用药。。**详解**：血热出血配白茅根、侧柏叶；胎动不安、胎漏下血配续断、桑寄生、黄芩；痈肿捣敷。,,
q007,荨麻疹,modern,snb_shengma_001,神农本草经,上经,升麻,升麻，味甘，平。主解百毒，杀百精老物殃鬼，辟温疫瘴邪蛊毒。久服，轻身长年。生川谷。,升麻辛微甘微寒，发表透疹、清热解毒、升举阳气，主治风热头痛、齿痛口疮、咽喉肿痛、麻疹不透及气虚下陷、久泻脱肛。,,
q007,荨麻疹,modern,wanger_001,《中医诊断学》规划教材（要点归纳）,四诊,望耳·耳轮色泽形态,望耳是观察耳轮色泽形态及耳内病变。耳轮肉厚红润为肾气充足；耳轮瘦薄干枯为肾精亏虚；耳轮红肿为肝胆湿热或热毒上攻；耳轮甲错为瘀血；耳背红络伴耳根发凉多为麻疹先兆；耳内流脓为脓耳。,耳为肾之窍，耳轮形态色泽反映肾精盛衰。耳内流脓、听力下降、耳后肿毒须就医。此为教材要点归纳，供参考；具体诊疗请遵医嘱，不引导自我诊断。,,
q007,荨麻疹,modern,xuehai_001,针灸学,足太阴脾经,血海,出《针灸甲乙经》。,血海属足太阴脾经，定位在屈膝位，大腿内侧髌底内侧端上2寸，股四头肌内侧头隆起处。善治血分及皮肤病证，主治月经不调、崩漏、经闭，以及瘾疹、湿疹、丹毒等血热风燥之疾。刺法：直刺1～1.5寸；可灸。,,
q007,荨麻疹,modern,mazhen_001,《中医儿科学》规划教材（要点归纳）,儿科,麻疹·小儿出疹性传染病疹出如麻粒,麻疹是由麻疹时邪引起的肺系出疹性传染病，以发热、咳嗽、目赤畏光、麻疹黏膜斑、全身布发红色斑丘疹为特征。病程分初热期、见形期、恢复期。辨证常见邪犯肺卫、邪入肺胃、阴津耗伤等型。治法以辛凉透表、清热解毒、养阴清热为主。,麻疹为法定传染病，须隔离、规范诊治，预防靠疫苗。中医初热期辛凉透表（宣毒发表汤），见形期清热解毒透疹（清解透表汤），恢复期养阴（沙参麦冬汤）。若高热喘憋、疹出即没、神昏须立即送医。本条目为教材要点归纳，供参考；具体诊疗请遵医嘱。,,
q007,荨麻疹,modern,geshu_001,针灸学,足太阳膀胱经,膈俞,出《针灸甲乙经》。《灵枢·背腧》：七焦之间，膈腧当其处。,膈俞为八会穴之血会，为气血会聚之所。定位在脊柱区，第7胸椎棘突下，后正中线旁开1.5寸。主治呕吐、呃逆、气喘等气逆病证，吐血、血瘀诸证、贫血等血分病证，以及瘾疹、皮肤瘙痒等皮肤病证。刺法：斜刺0.5～0.8寸；可灸。,,
q007,荨麻疹,modern,snb_gegen_001,神农本草经,中经,葛根,葛根，味甘，平。主消渴，身大热，呕吐，诸痹，起阴气，解诸毒。,葛根甘辛凉，解肌退热、生津止渴、升阳止泻，主治外感发热头痛项强、热病口渴、麻疹不透及脾虚泄泻。本经主消渴、身热、起阴气，皆取其升散生津之功。,,
q007,荨麻疹,modern,husui_001,《中药学》（清华社）· 药典外品种,解表药,胡荽,据清华社《中药学》：胡荽为伞形科植物芫荽 Coriandrum sativum L. 的干燥带根全草（药用部位：带根全草）。性味辛，温；归肺、胃经。功能与主治：发表透疹，开胃消食；用于麻疹不透，感冒无汗，食积纳呆。用法与用量：9～15g，鲜品 30～60g；或煎汤外洗。外用适量。贮藏：置阴凉干燥处。,**简明**：胡荽辛温，发表透疹而开胃消食，为治麻疹不透与食积的常用药。。**详解**：麻疹不透配蝉蜕、薄荷煎服或煎汤外洗；感冒无汗配苏叶、生姜；食积纳呆配山楂、神曲。,,
q007,荨麻疹,modern,snb_zicao_001,神农本草经,中经,紫草,紫草，味，寒。主心腹邪气，五疸，补中益气，利九窍，通水道。,紫草甘咸寒，清热凉血、活血解毒透疹，主治血热毒盛、斑疹紫黑、麻疹不透及疮疡湿疹水火烫伤。本经主心腹邪气、五疸、利九窍通水道，取其凉血活血、解毒透疹之功。,,
q007,荨麻疹,modern,shiwenge_001,中医诊断学,四诊,十问歌要点,明·张景岳《景岳全书·传忠录》作「十问篇」，后人辑为《十问歌》：「一问寒热二问汗，三问头身四问便，五问饮食六胸腹，七聋八渴俱当辨，九问旧病十问因，再兼服药参机变；妇女尤必问经期，迟速闭崩皆可见；再添片语告儿科，天花麻疹全占验。」教材以此为问诊纲领，强调围绕主诉、系统而有重点地询问。,十问歌将问诊内容归纳为寒热、汗、头身、二便、饮食胸腹、聋渴、旧病病因、妇女经带、儿科等条目，是问诊的操作提纲。临床运用须注意：一问主诉与起病（发病时间、诱因、缓急、演变）；二问现症（按十问逐项排查，但抓主症、有详略）；三问既往史、个人史、家族史、治疗经过与用药反应；妇女须加问经、带、胎、产；小儿须问出生、喂养、预防接种…,,
q007,荨麻疹,modern,xiheliu_001,中国药典（2025年版）一部,解表药,西河柳,据《中国药典》2025 年版一部：西河柳为柽柳科植物柽柳 Tamarix chinensis Lour. 的干燥细嫩枝叶（药用部位：细嫩枝叶）。性味辛、甘，温；归肺、胃、心经。功能与主治：发表透疹，祛风除湿；用于麻疹不透，风疹瘙痒，风湿痹痛。用法与用量：3～10g。外用适量，煎汤擦洗。贮藏：置干燥处。,**简明**：西河柳辛甘温，发表透疹、祛风除湿，主治麻疹初起透发不畅及风疹瘙痒。**详解**：麻疹不透配牛蒡子、蝉蜕、竹叶（竹叶柳蒡汤）；外用煎汤擦洗助疹透发；风疹瘙痒配防风、荆芥。麻疹已透、体虚汗多者忌用。,,
q007,荨麻疹,modern,snb_shuiping_001,神农本草经,下经,水萍,水萍，味辛，寒。主暴热，身痒，下水气，胜酒，长须发，止消渴。生池泽。,水萍即今之浮萍，辛寒，发汗解表、透疹止痒、利水消肿，主治外感风热发热无汗、麻疹不透、风疹瘙痒及水肿尿少。其发汗之力较强，自汗、体虚及皮肤干燥者慎用，不宜久服过量。,,
q007,荨麻疹,modern,niubangzi_001,中国药典（2025年版）一部,解表药,牛蒡子,据《中国药典》2025 年版一部：牛蒡子为菊科植物牛蒡 Arctium lappa L. 的干燥成熟果实（药用部位：成熟果实）。性味辛、苦，寒；归肺、胃经。功能与主治：疏散风热，宣肺透疹，解毒利咽；用于风热感冒，咳嗽痰多，麻疹，风疹，咽喉肿痛，痄腮，丹毒，痈肿疮毒。用法与用量：6～12g。贮藏：置通风干燥处。,**简明**：牛蒡子辛苦寒，疏散风热、宣肺透疹、解毒利咽，主治风热感冒咽痛、麻疹不透及热毒疮肿。**详解**：风热感冒咽痛配金银花、连翘、薄荷（银翘散）；麻疹透发不畅配蝉蜕、薄荷；痄腮丹毒配板蓝根、连翘；痈肿疮毒配蒲公英、皂角刺。本品性寒滑利，**气虚便溏者慎用**。,,
q007,荨麻疹,modern,wushaoshe_001,中国药典（2025年版）一部,祛风湿药,乌梢蛇,据《中国药典》2025 年版一部：乌梢蛇为游蛇科动物乌梢蛇 Zaocys dhumnades (Cantor) 的干燥体（药用部位：干燥体）。性味甘，平；归肝经。功能与主治：祛风，通络，止痉；用于风湿顽痹，麻木拘挛，中风口眼㖞斜，半身不遂，抽搐痉挛，破伤风，麻风，疥癣。用法与用量：6～12g；研末吞服，一次 1.5～3…,**简明**：乌梢蛇甘平无毒，祛风通络止痉，功类蕲蛇而力缓无毒，主治风湿顽痹、中风不遂、小儿惊风及疥癣。**详解**：风湿顽痹配威灵仙、秦艽；中风口眼㖞斜配白附子、全蝎；皮肤瘙痒疥癣配荆芥、蝉蜕。,,
q007,荨麻疹,modern,jianyu_001,针灸学,手阳明大肠经,肩髃,《灵枢·本输》：手阳明也，出于五里……上入于柱骨之会上。,肩髃为手阳明经与跷脉交会穴，定位在三角肌区，肩峰外侧缘前端与肱骨大结节两骨间凹陷中，肩峰外侧缘前端直下，臂外展或平举时肩部出现两个凹陷，前凹陷处。为治肩臂疼痛、肩不举要穴，主治肩臂痛、上肢不遂、瘾疹等。直刺或向下斜刺0.8～1.5寸；可灸。,,
q007,荨麻疹,modern,jingjiesui_001,中国药典（2025年版）一部,解表药,荆芥穗,据《中国药典》2025 年版一部：荆芥穗为唇形科植物荆芥 Schizonepeta tenuifolia Briq. 的干燥花穗（药用部位：花穗）。性味辛，微温；归肺、肝经。功能与主治：解表散风，透疹，消疮；用于感冒，头痛，麻疹不透，风疹瘙痒，疮疡初起兼有表证者。炒炭用于便血、崩漏、产后血晕。用法与用量：5～10g。贮…,**简明**：荆芥穗辛微温，解表散风而透疹消疮，为治感冒头痛与麻疹风疹的常用药，炒炭止血。。**详解**：感冒头痛配防风、羌活；麻疹不透配蝉蜕、薄荷；风疹瘙痒配苦参、白蒺藜；炒炭治便血崩漏。,,
q007,荨麻疹,modern,fuping_001,中国药典（2025年版）一部,解表药,浮萍,据《中国药典》2025 年版一部：浮萍为浮萍科植物紫萍 Spirodela polyrrhiza (L.) Schleid. 的干燥全草（药用部位：全草）。性味辛，寒；归肺经。功能与主治：宣散风热，透疹，利尿；用于麻疹不透，风疹瘙痒，感冒发热无汗，水肿尿少。用法与用量：3～9g。外用适量，煎汤浸洗。贮藏：置通风干燥处，…,**简明**：浮萍辛寒质轻，宣散风热、透疹利尿，主治风热无汗、麻疹不透、风疹瘙痒及风水水肿。**详解**：风热感冒发热无汗配薄荷、连翘；麻疹不透配牛蒡子、蝉蜕；水肿小便不利配泽泻、车前子；外用煎汤洗治风疹瘙痒。表虚自汗者忌用。,,
q007,荨麻疹,modern,snb_jiasu_001,神农本草经,下经,假苏,假苏，味辛，温。主寒热，鼠瘘，瘰疬生创，破结聚气，下瘀血，除湿痹。一名鼠蓂。生平泽。,假苏即今之荆芥，辛微温，祛风解表、透疹止痒，炒炭兼止血，主治外感表证、麻疹不透、风疹瘙痒、疮疡初起及吐血衄血、便血崩漏（炒炭用）。其性升散，表虚自汗、阴虚头痛者慎用，不宜久服过量。,,
q007,荨麻疹,modern,bohe_001,中国药典（2025年版）一部,解表药,薄荷,据《中国药典》2025 年版一部：薄荷为唇形科植物薄荷 Mentha haplocalyx Briq. 的干燥地上部分（药用部位：地上部分）。性味辛，凉；归肺、肝经。功能与主治：疏散风热，清利头目，利咽，透疹，疏肝行气；用于风热感冒，风温初起，头痛，目赤，喉痹，口疮，风疹，麻疹，胸胁胀闷。用法与用量：3～6g，后下。贮…,**简明**：薄荷辛凉，疏散风热、清利头目、利咽透疹、疏肝行气，主治风热感冒、头痛目赤、咽痛、麻疹不透及肝郁胁胀。**详解**：风热感冒配金银花、连翘（银翘散）；目赤肿痛配菊花、桑叶；咽痛配桔梗、甘草；肝郁胁胀配柴胡、白芍（逍遥散）。含挥发油，**入汤剂宜后下**；体虚多汗者不宜。,,
q007,荨麻疹,modern,jingjie_001,中国药典（2025年版）一部,解表药,荆芥,据《中国药典》2025 年版一部：荆芥为唇形科植物荆芥 Schizonepeta tenuifolia Briq. 的干燥地上部分（药用部位：地上部分）。性味辛，微温；归肺、肝经。功能与主治：解表散风，透疹，消疮；用于感冒，头痛，麻疹，风疹，疮疡初起。炒炭后功能与主治：收敛止血；用于便血，崩漏，产后血晕。用法与用量：5…,**简明**：荆芥辛微温，解表散风、透疹消疮，药性平和，风寒风热感冒皆宜，炒炭收敛止血。**详解**：风寒配防风、羌活（荆防败毒散），风热配银花、连翘（银翘散）；麻疹不透、风疹瘙痒配蝉蜕、薄荷；疮疡初起配皂角刺、防风；炒炭（荆芥炭）治便血崩漏。荆芥穗发汗力更强。,,
q007,荨麻疹,modern,zicao_001,中国药典（2025年版）一部,清热药,紫草,据《中国药典》2025 年版一部：紫草为紫草科植物新疆紫草 Arnebia euchroma (Royle) Johnst.、紫草 Lithospermum erythrorhizon Sieb. et Zucc. 或内蒙紫草 Arnebia guttata Bunge 的干燥根（药用部位：根）。性味甘、咸，寒；归心、…,**简明**：紫草甘咸寒，清热凉血、活血解毒、透疹消斑，主治血热斑疹紫黑、麻疹不透及疮疡烫伤（油浸外涂）。**详解**：温毒发斑配水牛角、赤芍；麻疹紫暗不透配蝉蜕、牛蒡子；疮疡湿疹烫伤制紫草油外涂。脾虚便溏者慎用。,,
q007,荨麻疹,modern,chantui_001,中国药典（2025年版）一部,解表药,蝉蜕,据《中国药典》2025 年版一部：蝉蜕为蝉科昆虫黑蚱 Cryptotympana pustulata Fabricius 的若虫羽化时脱落的皮壳（药用部位：若虫皮壳）。性味甘，寒；归肺、肝经。功能与主治：疏散风热，利咽，透疹，明目退翳，解痉；用于风热感冒，咽痛音哑，麻疹不透，风疹瘙痒，目赤翳障，惊风抽搐，破伤风。用法与…,**简明**：蝉蜕甘寒，疏散风热、利咽透疹、明目退翳、解痉，主治风热咽痛音哑、麻疹不透、目翳及小儿惊风。**详解**：风热感冒咽痛音哑配薄荷、牛蒡子、胖大海；麻疹不透配薄荷、牛蒡子、西河柳；目赤翳障配菊花、木贼；小儿惊风夜啼配钩藤、僵蚕。孕妇慎用。,,
q007,荨麻疹,modern,gegen_001,中国药典（2025年版）一部,解表药,葛根,据《中国药典》2025 年版一部：葛根为豆科植物野葛 Pueraria lobata (Willd.) Ohwi 的干燥根（药用部位：根）。性味甘、辛，凉；归脾、胃、肺经。功能与主治：解肌退热，生津止渴，透疹，升阳止泻，通经活络，解酒毒；用于外感发热头痛，项背强痛，口渴，消渴，麻疹不透，热痢，泄泻，眩晕头痛，中风偏瘫，…,**简明**：葛根甘辛凉，解肌退热、生津止渴、升阳止泻、通经活络，为治**项背强痛**要药，兼解酒毒。**详解**：外感项背强痛配麻黄、桂枝（葛根汤）或配柴胡、黄芩；热痢泄泻配黄芩、黄连（葛根芩连汤）；消渴口渴配天花粉、麦冬；高血压颈项强痛配天麻、钩藤。煨用升阳止泻力增。,,
q007,荨麻疹,modern,yulongge_001,针灸大成,卷之三,玉龙歌,扁鹊授我玉龙歌，玉龙一试绝沉疴，玉龙之歌真罕得，流传千载无差讹。我今歌此玉龙诀，玉龙一百二十穴，医者行针殊妙绝，但恐时人自差别。补泻分明指下施，金针一刺显明医，伛者立伸偻者起，从此名扬天下知。  中风不语最难医，发际顶门穴要知，更向百会明补泻，即时苏醒免灾危。鼻流清涕名鼻渊，先泻后补疾可痊，若是头风并眼痛，上星穴内刺无…,"本篇托名""扁鹊授玉龙歌""，实杨氏家传，列玉龙一百二十穴，以七言歌诀逐证列穴、明补泻。自中风不语、头风鼻渊、口眼喎斜、耳聋目赤，至腰腿诸痛、脚气鹤膝、痔漏哮喘、痫疟瘾疹、妇人带下、伤寒过经等，每一病证系一至数穴，兼及针刺浅深、补先后、艾灸壮数与禁针之戒。歌括详尽，为临床按证索穴之大型歌诀，影响深远。",,
q007,荨麻疹,modern,quchi_001,针灸学,手阳明大肠经,曲池,《灵枢·本输》：入于曲池，在肘外辅骨陷者中，屈臂而得之，为合。,曲池为手阳明大肠经合穴，五行属土，定位在肘区，尺泽与肱骨外上髁连线的中点处，屈肘取穴。为疏风清热要穴，善治外感发热、热病汗不出、高血压、瘾疹湿疹等皮肤瘙痒诸疾；又能通经活络，治上肢不遂、手臂肿痛、肘臂挛急；并能调和肠胃治腹痛吐泻，清热利咽治咽喉肿痛、齿痛，开窍醒神治癫狂。直刺1～1.5寸；可灸。,,
q007,荨麻疹,modern,mianmaguanzhong_001,中国药典（2025年版）一部,清热药,绵马贯众,据《中国药典》2025 年版一部：绵马贯众为鳞毛蕨科植物粗茎鳞毛蕨 Dryopteris crassirhizoma Nakai 的干燥根茎和叶柄残基（药用部位：根茎和叶柄残基）。性味苦，微寒；有小毒；归肝、胃经。功能与主治：清热解毒，杀虫，止血；用于时疫感冒，风热头痛，温毒发斑，痄腮，预防麻疹、流行性感冒，蛲虫病，绦…,**简明**：绵马贯众苦微寒有小毒，清热解毒、杀虫止血，主治时疫感冒、痄腮发斑、肠道寄生虫病及血热出血（炭用止血）。**详解**：时疫流感配金银花、连翘；虫积配槟榔、使君子；血热吐衄崩漏炒炭配地榆、茜草。**有小毒**，脾胃虚寒者慎用，孕妇忌用，不宜过量久服。,,
q007,荨麻疹,modern,shengma_001,中国药典（2025年版）一部,解表药,升麻,据《中国药典》2025 年版一部：升麻为毛茛科植物大三叶升麻 Cimicifuga heracleifolia Kom.、兴安升麻 Cimicifuga dahurica (Turcz.) Maxim. 或升麻 Cimicifuga foetida L. 的干燥根茎（药用部位：根茎）。性味辛、微甘，微寒；归肺、脾、胃、…,**简明**：升麻辛微甘微寒，发表透疹、清热解毒、升举阳气，主治麻疹不透、热毒咽痛齿痛及中气下陷诸证。**详解**：麻疹不透配葛根、白芍（升麻葛根汤）；胃火牙痛口疮配黄连、牡丹皮（清胃散）；咽痛配玄参、桔梗；中气下陷脱肛、子宫脱垂配黄芪、柴胡（补中益气汤）。升阳宜小量蜜炙，解毒透疹宜生用；阴虚阳浮者忌用。,,
q007,荨麻疹,modern,madanyang12xue_001,针灸大成,卷之三,马丹阳天星十二穴治杂病歌,三里内庭穴，曲池合谷接，委中配承山，太冲昆仑穴，环跳与阳陵，通里并列缺。合担用法担，合截用法截，三百六十穴，不出十二诀。治病如神灵，浑如汤泼雪，北斗降真机，金锁教开彻，至人可传授，匪人莫浪说。  其一：三里膝眼下，三寸两筋间。能通心腹胀，善治胃中寒，肠鸣并泄泻，腿肿膝胻酸，伤寒羸瘦损，气蛊及诸般。年过三旬后，针灸眼便宽…,"本篇先总列十二要穴（足三里、内庭、曲池、合谷、委中、承山、太冲、昆仑、环跳、阳陵泉、通里、列缺），倡""担截""取穴法；再逐穴分述定位、主治与针灸分寸。十二穴多为五输穴、原络穴及下肢要穴，统治内、外、妇、儿诸般杂病，""治病如神灵，浑如汤泼雪""。为历代临床最常用的要穴歌诀之一，与《四总穴歌》一脉相承而更广。",,
q007,荨麻疹,modern,jingui_005,金匮要略,中风历节病脉证并治第五,中风历节病脉证并治第五,（论一首 脉证三条 方十一首） 夫风之为病，当半身不遂，或但臂不遂者，此为痹。脉微而数，中风使然。 寸口脉浮而紧，紧则为寒，浮则为虚，寒虚相搏，邪在皮肤。浮者血虚，络脉空虚，贼邪不泻，或左或右，邪气反缓，正气即急，正气引邪，喎僻不遂。 邪在于络，肌肤不仁；邪在于经，即重不胜；邪入于府，即不识人；邪入于藏，舌即难言，口吐…,本篇论中风与历节。中风分中络（肌肤不仁）、中经（重不胜）、入腑（不识人）、入脏（舌难言）深浅；历节以肢节疼痛不可屈伸为主，因汗出入水、饮酒当风所致，主以桂枝芍药知母汤、乌头汤；附方多首备参。,,
q007,荨麻疹,modern,yaozhen_001,《中医皮肤性病学》规划教材（要点归纳）,皮肤,药疹,药疹又称药物性皮炎，是药物通过内服、注射、吸入等途径进入人体后引起的皮肤黏膜反应。多由禀赋不耐、药毒内侵、湿毒蕴肤或热毒入营。辨证分湿毒蕴肤、热毒入营、气阴两虚等型。,药疹首在停用可疑致敏药。重型药疹（剥脱性皮炎、重症多形红斑）须立即住院抢救。用药后出现皮疹、发热者须立即就医。教材要点归纳，供参考；具体诊疗请遵医嘱。,,
q007,荨麻疹,modern,fengzhen_001,《中医儿科学》规划教材（要点归纳）,儿科,风疹·小儿出疹性传染病淡红色斑丘疹,风疹是由风疹时邪引起的较轻出疹性传染病，以轻度发热、咳嗽、皮肤出现淡红色斑丘疹、耳后及枕部淋巴结肿大为特征。辨证常见邪犯肺卫、邪入气营等型。治法以疏风清热、清热解毒为主。,风疹症状较轻，一般预后良好，但孕妇早期感染可影响胎儿。中医邪犯肺卫用银翘散疏风清热，邪入气营用透疹凉解汤。须隔离至疹出后5天。高热不退、疹色紫暗者须及时就医。本条目为教材要点归纳，供参考；具体诊疗请遵医嘱。,,
q007,荨麻疹,modern,yamazi_001,中国药典（2025年版）一部,泻下药,亚麻子,据《中国药典》2025 年版一部：亚麻子为亚麻科植物亚麻 Linum usitatissimum L. 的干燥成熟种子（药用部位：成熟种子）。性味甘，平；归肺、肝、大肠经。功能与主治：润燥，祛风；用于肠燥便秘，皮肤干燥瘙痒，毛发枯萎脱落。用法与用量：9～15g。外用适量。注意：大便溏泻者慎用。贮藏：置阴凉干燥处，防蛀。,**简明**：亚麻子甘平，润燥而祛风，为治肠燥便秘与皮肤干燥瘙痒的常用药。。**详解**：肠燥便秘配火麻仁、郁李仁；皮肤干燥瘙痒配当归、何首乌；毛发枯萎配熟地黄、女贞子。**大便溏泻者慎用**。,,
q007,荨麻疹,modern,fabanxi_001,温病条辨,上焦篇,发斑发疹（化斑汤）,太阴温病，不可发汗，发汗而汗不出者，必发斑疹；汗出过多者，必神昏谵语。发斑者，化斑汤主之；发疹者，银翘散去豆豉，加细生地、丹皮、大青叶，倍元参主之。,本条论温病误汗致斑疹的变治。温病忌辛温发汗，若强发其汗：汗不得出，则邪热内郁、逼入营血，外发为斑疹；汗出过多，则津耗热炽、内闭心包，神昏谵语。斑为阳明热毒，从肌肉而发，治宜化斑汤（白虎汤加犀角、玄参）清气血之热；疹为太阴风热，从血络而出，治宜银翘散去豆豉，加细生地、丹皮、大青叶、玄参凉营透疹。示人温病汗法之戒与斑疹辨治…,,
q007,荨麻疹,modern,fengshi_001,针灸学,足少阳胆经,风市,出《肘后备急方》。,风市定位在大腿外侧正中线上，腘横纹上7寸；或直立垂手中指尖处。为祛风止痒要穴，主治中风半身不遂、下肢痿痹麻木、遍身瘙痒及脚气。操作直刺1～1.5寸；可灸。,,
q007,荨麻疹,modern,difuzi_001,中国药典（2025年版）一部,利水渗湿药,地肤子,据《中国药典》2025 年版一部：地肤子为藜科植物地肤 Kochia scoparia (L.) Schrad. 的干燥成熟果实（药用部位：成熟果实）。性味辛、苦，寒；归肾、膀胱经。功能与主治：清热利湿，祛风止痒；用于小便涩痛，阴痒带下，风疹，湿疹，皮肤瘙痒。用法与用量：9～15g。外用适量，煎汤熏洗。贮藏：置通风干燥…,**简明**：地肤子辛苦寒，清热利湿、祛风止痒，主治热淋涩痛及**风疹湿疹瘙痒**（内服外洗皆宜）。**详解**：热淋配车前子、瞿麦；湿疹瘙痒配白鲜皮、苦参、防风（内服），或煎汤外洗；阴痒带下配黄柏、蛇床子。,,
q007,荨麻疹,modern,baifan_001,中国药典（2025年版）一部,攻毒杀虫止痒药,白矾,据《中国药典》2025 年版一部：白矾为硫酸盐类矿物明矾石经加工提炼制成，主含含水硫酸铝钾（药用部位：加工品）。性味酸、涩，寒；归肺、脾、肝、大肠经。功能与主治：外用解毒杀虫，燥湿止痒；内服止血止泻，祛除风痰。外治用于湿疹，疥癣，疮疡；内服用于久泻久痢，便血，崩漏，癫痫发狂，痰厥。用法与用量：内服 0.6～1.5g，入…,**简明**：白矾酸涩寒，**外用解毒杀虫、燥湿止痒，内服止血止泻、祛除风痰**，主治湿疹疥癣、疮疡及久泻便血、癫痫痰厥。**详解**：湿疹瘙痒配黄柏、蛇床子外洗；癫痫配郁金（白金丸）。**内服量小（0.6～1.5g），不宜久服**；脾胃虚弱者慎用。,,
q007,荨麻疹,modern,banzhen_001,温热论,温热论,辨斑疹,凡斑者，有云头隐隐，或点大而在皮肤之上者为斑；或云头细小，从皮肤之间出者为疹……斑为阳明热毒，疹为太阴风热……斑疹，宜见而不宜见多。,本条辨温病斑疹。斑点大而平摊肌肉者为阳明胃热、热毒外蒸；疹琐碎小粒、高出肤表者为太阴风热、血络外达。斑疹宜外见而不宜多——见为邪有外出之路，过多过密则热毒猖獗、正气不支。治斑宜清胃化斑（如化斑汤），治疹宜宣肺透疹（如银翘散、宣白），并察其松紧、荣枯以验邪正进退。,,
q007,荨麻疹,modern,snb_gouwen_001,神农本草经,下经,钩吻,钩吻，味辛，温。主金创，乳痓，中恶风，咳逆上气，水肿，杀鬼疰蛊毒。一名野葛。生山谷。,钩吻（马钱子科胡蔓藤，俗称断肠草）辛温有大毒，仅作外用杀虫拔毒，治疥癣、湿疹、瘰疬、跌打肿痛。其剧毒，误服可致呼吸麻痹致死，严禁内服，亦不可大面积久敷，必须严格凭医嘱外用。,,
q007,荨麻疹,modern,lingshu_023,灵枢经,热病篇第二十三,热病篇第二十三,偏枯，身偏不用而痛，言不变，志不乱，病在分腠之间，巨针取之，益其不足，损其有余，乃可复也。痱之为病也，身无痛者，四肢不收；智乱不甚，其言微知，可治；甚则不能言，不可治也。病先起于阳，复入于阴者，先取其阳，后取其阴，浮而取之。 热病三日，而气口静、人迎躁者，取之诸阳，五十九刺，以泻其热，而出其汗，实其阴，以补其不足者。身…,本篇论热病之刺。先辨偏枯与痱：偏枯身偏不用痛而志不乱，在分腠之间；痱身无痛四肢不收、智乱不甚，甚不能言不可治。次论热病三日、七八日脉证吉凶与汗出刺法；按皮、脉、肉、筋、骨分五脏索治；列热病不可刺者九死候；详列五十九刺之部位；末论心疝、喉痹、目赤、风痉、癃等证取穴。,,
q007,荨麻疹,modern,huashi_001,中国药典（2025年版）一部,利水渗湿药,滑石,据《中国药典》2025 年版一部：滑石为硅酸盐类矿物滑石族滑石，主含含水硅酸镁（Mg3(Si4O10)(OH)2）（药用部位：矿物）。性味甘、淡，寒；归膀胱、肺、胃经。功能与主治：利尿通淋，清热解暑，收湿敛疮；用于热淋，石淋，尿热涩痛，暑湿烦渴，湿热水泻；外治湿疹，湿疮，痱子。用法与用量：10～20g，先煎。外用适量。…,**简明**：滑石甘淡寒，利尿通淋、清热解暑、收湿敛疮，主治热淋石淋、暑湿烦渴、水泻及湿疹痱子（外用）。**详解**：暑热烦渴配甘草（六一散）；热淋配木通、车前子（八正散）；湿疹痱子研末外扑。**入汤剂宜先煎或包煎**；脾虚气弱、精滑及热病伤津者慎用。,,
q007,荨麻疹,modern,huashifen_001,中国药典（2025年版）一部,利水渗湿药,滑石粉,据《中国药典》2025 年版一部：滑石粉系硅酸盐类矿物滑石族滑石经精选净化、粉碎、水飞、干燥等加工制成的白色微细粉末（加工品：滑石炮制加工品）。性味甘、淡，寒；归膀胱、肺、胃经。功能与主治：利尿通淋，清热解暑；外用祛湿敛疮；用于热淋，石淋，尿热涩痛，暑湿烦渴，湿热水泻；外治湿疹，湿疮，痱子。用法与用量：10～20g，包…,**简明**：滑石粉甘淡寒，利尿通淋、清热解暑，外用祛湿敛疮，主治热淋石淋、暑湿烦渴、水泻及湿疹痱子。**详解**：暑热烦渴配甘草（六一散）；热淋配木通、车前子（八正散）；湿疹痱子研末外扑。**入汤剂宜包煎**；脾虚气弱、精滑及热病伤津者慎用。,,
q007,荨麻疹,modern,you_001,《中医皮肤性病学》规划教材（要点归纳）,皮肤,疣·皮肤黏膜赘生物寻常疣扁平疣,疣是发生在皮肤浅表的良性赘生物，因皮损形态与部位不同分寻常疣、扁平疣、跖疣、传染性软疣等，多由HPV病毒感染所致。病机多为风热毒聚肌肤、肝郁血瘀或气虚血瘀，致气血凝滞、肌肤赘生。,疣为病毒感染性皮肤病，可自身接种传播。中医分风热毒聚、肝郁血瘀等，内服清热解毒活血，配合外治（中药熏洗、推疣、激光冷冻）。迅速增多、破溃出血须及时就医。本条目为教材要点归纳，供参考；具体诊疗请遵医嘱。,,
q007,荨麻疹,modern,xuchangqing_001,中国药典（2025年版）一部,祛风湿药,徐长卿,据《中国药典》2025 年版一部：徐长卿为萝藦科植物徐长卿 Cynanchum paniculatum (Bge.) Kitag. 的干燥根和根茎（药用部位：根和根茎）。性味辛，温；归肝、胃经。功能与主治：祛风止痛，活血通络，止痒，解蛇毒；用于风湿痹痛，胃脘胀痛，牙痛，痛经，跌打损伤，湿疹，风疹块，毒蛇咬伤。用法与用量…,**简明**：徐长卿辛温，祛风止痛、活血通络、止痒，为止痛要药（风湿痛、胃痛、牙痛、痛经皆宜），兼解蛇毒。**详解**：风湿痹痛配威灵仙、独活；胃脘痛配延胡索、木香；湿疹风疹配白鲜皮、地肤子；蛇伤外用捣敷。含挥发油（丹皮酚），**入汤剂宜后下**。,,
q008,月经不调,modern,lingshu_057,灵枢经,水胀篇五十七,水胀篇五十七,黄帝问于岐伯曰：水与肤胀、鼓胀、肠覃、石瘕、石水，何以别之？ 岐伯曰：水始起也，目窠上微肿，如新卧起之状，其颈脉动，时咳，阴股间寒，足胫肿，腹乃大，其水已成矣。以手按其腹，随手而起，如裹水之状，此其候也。 黄帝曰：肤胀何以候之？ 岐伯曰：肤胀者，寒气客于皮肤之间，𪔣𪔣然不坚，腹大，身尽肿，皮厚，按其腹窅而不起，腹色不变…,本篇鉴别水胀、肤胀、鼓胀、肠覃、石瘕等胀病。水肿始起目窠上微肿、颈脉动、时咳、足胫肿、腹大，按腹随手而起如裹水。肤胀寒气客于皮肤，𪔣𪔣然不坚，按腹窅而不起、腹色不变。鼓胀腹胀身皆大、色苍黄、腹筋起。肠覃寒气客肠外，始如鸡卵、后如怀子，月事以时下。石瘕生于胞中，子门闭塞、恶血留止，月事不以时下，可导而下。治先泻血络后调其…,,
q008,月经不调,modern,yimucaogao_001,《中国药典》一部/药品说明书（要点归纳）,止咳/外妇儿/中成药,益母草膏·活血调经,据现行版《中国药典》一部与药品说明书要点归纳：本品由益母草单味药组成，具活血调经之功，用于血瘀所致月经不调，症见经水量少、淋漓不净。用法用量按说明书口服。,益母草膏为单味益母草的活血调经类妇科常用中成药，用于血瘀之月经量少、淋漓不净。本品活血，孕妇禁用；气血亏虚、无瘀滞者不宜；青春期少女及更年期妇女应在医师指导下服用。本条目为中成药，请按说明书或在医师指导下使用。,,
q008,月经不调,modern,laoshangbianzheng_001,《中医诊断学》规划教材（要点归纳）,辨证,劳伤辨证·劳力劳神房劳过度所致证候,劳伤辨证是辨别过度劳累所致证候。劳力过度则耗气，见神疲乏力、少气懒言、气喘汗出；劳神过度则耗伤心血、损伤心脾，见心悸失眠、纳呆健忘；房劳过度则耗伤肾精，见腰膝酸软、头晕耳鸣、遗精早泄、月经不调。,劳伤辨证须辨过劳性质与所伤脏腑。慢性消耗、持续神疲、性功能障碍须就医。此为教材要点归纳，供参考；具体诊疗请遵医嘱，不引导自我诊断。,,
q008,月经不调,modern,xiaoyaowan_001,《中国药典》一部/药品说明书（要点归纳）,理血/止咳/中成药,逍遥丸·疏肝健脾养血调经,据现行版《中国药典》一部与药品说明书要点归纳：本品由柴胡、当归、白芍、白术、茯苓、炙甘草、薄荷、生姜组成，具疏肝健脾、养血调经之功，用于肝郁脾虚所致郁闷不舒、胸胁胀痛、头晕目眩、食欲减退、月经不调。用法用量按说明书口服。,逍遥丸为疏肝健脾、养血调经常用中成药，用于肝郁脾虚之郁闷不舒、胸胁胀痛、月经不调。服药期间忌气恼劳碌，忌食生冷油腻；感冒期间不宜服用。本条目为中成药，请按说明书或在医师指导下使用。,,
q008,月经不调,modern,jiaweixiaoyaowan_001,《中国药典》一部/药品说明书（要点归纳）,理血/止咳/中成药,加味逍遥丸·舒肝清热健脾养血,据现行版《中国药典》一部与药品说明书要点归纳：本品由柴胡、当归、白芍、白术、茯苓、甘草、牡丹皮、栀子、薄荷组成，具舒肝清热、健脾养血之功，用于肝郁血虚、肝脾不和，两胁胀痛，心烦易怒，倦怠食少，月经不调，脐腹胀痛。用法用量按说明书口服。,加味逍遥丸为逍遥丸加牡丹皮、栀子（丹栀逍遥散）的舒肝清热类中成药，用于肝郁血虚兼热之两胁胀痛、心烦易怒、月经不调。服药期间忌气恼劳碌；虚寒体质、忌食生冷油腻。本条目为中成药，请按说明书或在医师指导下使用。,,
q008,月经不调,modern,snb_chaihu_001,神农本草经,上经,柴胡,柴胡，味苦，平。主心腹，去肠胃中结气，饮食积聚，寒热邪气，推陈致新。久服，轻身明目益精。一名地薰。生川谷。,柴胡苦辛微寒，和解表里、疏肝升阳，主治感冒发热、寒热往来、胸胁胀痛、月经不调、脱肛阴挺。,,
q008,月经不调,modern,ganqi_huo_001,中医诊断学,辨证,肝气郁结证与肝火上炎证,肝实证类。据规划教材《中医诊断学》归纳：肝气郁结证以胸胁、乳房、少腹胀痛走窜不定、情志抑郁或易怒、喜太息、咽部异物感、月经不调、痛经、苔薄白、脉弦为要点；肝火上炎证以头胀痛、眩晕、面红目赤、口苦口干、急躁易怒、耳鸣如潮、甚则吐血衄血、便秘尿黄、舌红苔黄、脉弦数为要点。,肝气郁结治宜疏肝解郁；肝火上炎治宜清肝泻火。二者病位均在肝，常相因为病——气郁日久可化火。鉴别眼目：肝气郁结以胀痛走窜、情志抑郁、脉弦为主，无明显热象；肝火上炎以面红目赤、口苦、急躁、舌红苔黄脉弦数为主，为气郁化火之实热证。肝火上炎属火性上炎，须与肝阳上亢之上盛下虚相鉴别（见肝阳上亢条）。,,
q008,月经不调,modern,yuejihua_001,中国药典（2025年版）一部,活血化瘀药,月季花,据《中国药典》2025 年版一部：月季花为蔷薇科植物月季 Rosa chinensis Jacq. 的干燥花（药用部位：花）。性味甘，温；归肝经。功能与主治：活血调经，疏肝解郁；用于气滞血瘀，月经不调，痛经，胸腹胀痛。用法与用量：3～6g。注意：孕妇慎用。贮藏：置阴凉干燥处，防压、防蛀。,**简明**：月季花甘温，活血调经而疏肝解郁，为治月经不调、痛经与肝郁胀痛的常用药。。**详解**：月经不调、痛经配当归、川芎、香附；胸腹胀痛配柴胡、郁金；跌打损伤配苏木、乳香。**孕妇慎用**；脾胃虚弱者不宜多服。,,
q008,月经不调,modern,wujibaifengwan_001,《中国药典》一部/药品说明书（要点归纳）,补益剂/中成药,乌鸡白凤丸·补气养血调经止带,据现行版《中国药典》一部与药品说明书要点归纳：本品由乌鸡（去毛爪肠）、鹿角胶、鳖甲（制）、牡蛎（煅）、桑螵蛸、人参、黄芪、当归、白芍、熟地黄、川芎、丹参、香附（醋制）、天冬、山药、芡实（炒）、甘草等组成，具补气养血、调经止带之功，用于气血两虚，症见身体瘦弱、腰膝酸软、月经不调、崩漏带下。用法用量按说明书口服。,乌鸡白凤丸为补气养血、调经止带经典妇科中成药，用于气血两虚之月经不调、崩漏带下、体虚腰酸。本方补养，实证、湿热内蕴、感冒发热者不宜；孕妇应在医师指导下使用。月经异常伴腹痛剧烈、出血量多或带下异味者应就医。本条目为中成药，请按说明书或在医师指导下使用。,,
q008,月经不调,modern,dianjixueteng_001,中国药典（2025年版）一部,活血化瘀药,滇鸡血藤,据《中国药典》2025 年版一部：滇鸡血藤为木兰科植物内南五味子 Kadsura interior A. C. Smith 的干燥藤茎（药用部位：藤茎）。性味苦、甘，温；归肝、肾经。功能与主治：活血补血，调经止痛，舒筋活络；用于月经不调，痛经，经闭，风湿痹痛，肢体麻木。用法与用量：9～15g。贮藏：置通风干燥处。,**简明**：滇鸡血藤苦甘温，活血补血而调经止痛，为云南地区治血虚经闭、风湿麻木的常用药。。**详解**：月经不调、痛经配当归、川芎、香附；血虚经闭配熟地黄、白芍、丹参；风湿痹痛、肢体麻木配桑枝、鸡血藤。,,
q008,月经不调,modern,snb_danshen_001,神农本草经,上经,丹参,丹参，味苦，微寒。主心腹邪气，肠鸣幽幽如走水，寒热积聚，破癥除瘕，止烦满，益气。一名郄蝉草。生川谷。,丹参苦微寒，活血祛瘀、通经止痛、清心除烦、凉血消痈，主治胸痹心痛、月经不调、癥瘕积聚、心烦不眠及疮疡肿痛。反藜芦。,,
q008,月经不调,modern,snb_xiongqiong_001,神农本草经,上经,芎䓖,芎䓖，味辛，温。主中风入脑头痛，寒痹筋挛缓急，金疮，妇人血闭无子。生川谷。,芎䓖即川芎，辛温，活血行气、祛风止痛，主治胸胁刺痛、跌扑肿痛、月经不调、经闭痛经及头痛、风湿痹痛。阴虚火旺者慎用。,,
q008,月经不调,modern,honglian_001,中国药典（2025年版）一部,清热药,洪连,据《中国药典》2025 年版一部：洪连为玄参科植物短筒兔耳草 Lagotis brevituba Maxim. 的干燥全草（药用部位：全草）。性味苦、甘，寒；归肺、心、肝经。功能与主治：清热，解毒，利湿，平肝，行血，调经；用于发热烦渴，肺热咳嗽，头痛眩晕，湿热黄疸，月经不调，药食中毒。用法与用量：1～6g。贮藏：置通风…,**简明**：洪连苦甘寒，清热解毒而利湿平肝、行血调经，为藏药治发热烦渴、湿热黄疸的常用药。。**详解**：发热烦渴配石膏、知母；肺热咳嗽配黄芩；头痛眩晕配钩藤、菊花；湿热黄疸配茵陈；月经不调配当归、香附。脾胃虚寒者慎用。,,
q008,月经不调,modern,chongweizi_001,中国药典（2025年版）一部,活血化瘀药,茺蔚子,据《中国药典》2025 年版一部：茺蔚子为唇形科植物益母草 Leonurus japonicus Houtt. 的干燥成熟果实（药用部位：成熟果实）。性味辛、苦，微寒；归心包、肝经。功能与主治：活血调经，清肝明目；用于月经不调，经闭痛经，产后瘀滞腹痛，目赤翳障，头晕胀痛。用法与用量：5～10g。注意：瞳孔散大者慎用。贮…,**简明**：茺蔚子辛苦微寒，活血调经而清肝明目，为益母草之果实，兼能降肝火。。**详解**：月经不调、经闭痛经配当归、川芎、益母草；目赤翳障配菊花、决明子、青葙子；肝阳头晕胀痛配钩藤、夏枯草。**瞳孔散大者慎用**；孕妇慎用。,,
q008,月经不调,modern,beiliujinu_001,中国药典（2025年版）一部,活血化瘀药,北刘寄奴,据《中国药典》2025 年版一部：北刘寄奴为玄参科植物阴行草 Siphonostegia chinensis Benth. 的干燥全草（药用部位：全草）。性味苦，寒；归心、肝、脾经。功能与主治：活血祛瘀，通经止痛，凉血止血；用于跌打损伤，瘀血经闭，月经不调，产后瘀痛，癥瘕积聚，外伤出血。用法与用量：6～9g。外用适量。…,**简明**：北刘寄奴苦寒，活血祛瘀而通经止痛、凉血止血，为治跌打瘀痛与血热出血的常用药。。**详解**：跌打损伤配三七、乳香；瘀血经闭配当归、桃仁、红花；癥瘕积聚配三棱、莪术；外伤出血研末外敷。**孕妇慎用**；血虚无瘀者忌用。,,
q008,月经不调,modern,xuelianhua_001,《中药学》（清华社）· 药典外品种,祛风湿药,雪莲花,据清华社《中药学》：雪莲花为菊科植物绵头雪莲花 Saussurea laniceps Hand.-Mazz. 等多种雪莲花的干燥带花全株（药用部位：带花全株）。性味甘、微苦，温；归肝、肾经。功能与主治：祛风湿，强筋骨，温肾壮阳；用于风寒湿痹，腰膝酸软，阳痿，月经不调。用法与用量：6～12g。外用适量。注意：孕妇慎用；阴…,**简明**：雪莲花甘微苦温，祛风湿而强筋骨、温肾壮阳，为高原治寒痹腰酸的要药。。**详解**：风寒湿痹、腰膝酸软配独活、桑寄生、杜仲；阳痿配淫羊藿、巴戟天；月经不调配当归、川芎。**孕妇慎用，阴虚火旺者忌用**。,,
q008,月经不调,modern,guilai_001,针灸学,足阳明胃经,归来,出《针灸甲乙经》。《针灸甲乙经》：归来，一名溪穴，在水道下二寸。,归来定位在下腹部，当脐中下4寸，前正中线旁开2寸。主治少腹疼痛、疝气、月经不调、带下、阴挺、遗精等妇科及前阴病证。刺法：直刺1~1.5寸。,,
q008,月经不调,modern,yaoshu_001,针灸学,督脉,腰俞,出《针灸甲乙经》。,腰俞为督脉穴。在骶区，正对骶管裂孔，后正中线上。主治腰脊强痛、痔疾、脱肛、便秘、月经不调、癫痫及下肢痿痹。刺法：向上斜刺0.5～1寸；可灸。,,
q008,月经不调,modern,tianshanxuelian_001,中国药典（2025年版）一部,补虚药,天山雪莲,据《中国药典》2025 年版一部：天山雪莲为菊科植物天山雪莲 Saussurea involucrata (Kar. et Kir.) Sch.-Bip. 的干燥全草（药用部位：全草）。性味微苦，温；归肾、肝经。功能与主治：温肾助阳，祛风除湿，调经止血；用于肾阳不足，腰膝酸软，风湿痹痛，月经不调，宫冷不孕。用法与用量：…,**简明**：天山雪莲微苦温，温肾助阳而祛风除湿、调经止血，为新疆维药治肾虚腰膝酸软与寒痹的常用药。。**详解**：肾阳不足、腰膝酸软配杜仲、淫羊藿；风湿痹痛配独活、桑寄生；月经不调、宫冷不孕配当归、艾叶。**孕妇忌用**；阴虚火旺者慎用。,,
q008,月经不调,modern,huangshu_001,针灸学,足少阴肾经,肓俞,出《针灸甲乙经》。,肓俞为足少阴肾经穴，定位在腹中部，脐中旁开0.5寸。主治腹痛绕脐、腹胀、呕吐、便秘、泄泻等胃肠病证，以及疝气、月经不调。刺法：直刺1～1.5寸；可灸。,,
q008,月经不调,modern,yinbao_001,针灸学,足厥阴肝经,阴包,出《针灸甲乙经》。,阴包属足厥阴肝经，定位在大腿内侧，当股骨内上髁上4寸，股内肌与缝匠肌之间。主治月经不调、遗尿、小便不利及腰骶痛。刺法：直刺1～1.5寸；可灸。,,
q008,月经不调,modern,yinjiao_001,针灸学,任脉,阴交,出《针灸甲乙经》。,阴交为任脉、冲脉、足少阴之会，定位在下腹部，前正中线上，脐中下1寸。主治腹痛、水肿、疝气、月经不调、带下崩漏及产后恶露不止。刺法：直刺1～1.5寸；可灸。,,
q008,月经不调,modern,yinlian_001,针灸学,足厥阴肝经,阴廉,出《针灸甲乙经》。,阴廉属足厥阴肝经，定位在大腿内侧，当气冲直下2寸，大腿根部，耻骨结节的下方，长收肌的外缘。主治月经不调、带下、少腹疼痛。刺法：直刺1～1.5寸；可灸。,,
q008,月经不调,modern,meiguihua_001,中国药典（2025年版）一部,理气药,玫瑰花,据《中国药典》2025 年版一部：玫瑰花为蔷薇科植物玫瑰 Rosa rugosa Thunb. 的干燥花蕾（药用部位：花蕾）。性味甘、微苦，温；归肝、脾经。功能与主治：行气解郁，和血，止痛；用于肝胃气痛，食少呕恶，月经不调，经前乳房胀痛，跌扑伤痛。用法与用量：3～6g。贮藏：密闭，置阴凉干燥处。  **【古注】】 《本…,**简明**：玫瑰花甘微苦温，行气解郁、和血止痛，药性平和，主治肝胃气痛、食少呕恶、月经不调及经前乳胀。**详解**：肝胃气痛配香附、佛手；月经不调经前乳胀配当归、白芍、柴胡；跌打伤痛配乳香、没药。可代茶饮。,,
q008,月经不调,modern,qixue_001,针灸学,足少阴肾经,气穴,出《针灸甲乙经》。,气穴为足少阴肾经穴，定位在下腹部，脐中下3寸，前正中线旁开0.5寸。主治月经不调、带下、不孕症等妇科病证，小便不通，以及泄痢。刺法：直刺1～1.5寸；可灸。,,
q008,月经不调,modern,qugu_001,针灸学,任脉,曲骨,出《针灸甲乙经》。,曲骨属任脉，定位在下腹部，前正中线上，耻骨联合上缘的中点处。主治小便不利、遗尿、遗精阳痿、月经不调、痛经、带下及阴湿。刺法：直刺0.5～1寸（排尿后针刺）；可灸。,,
q008,月经不调,modern,zhongzhu_001,针灸学,足少阴肾经,中注,出《针灸甲乙经》。,中注为足少阴肾经穴，定位在下腹部，脐中下1寸，前正中线旁开0.5寸。主治月经不调、痛经，小便淋沥，以及泄泻、痢疾、便秘等胃肠病证。刺法：直刺1～1.5寸；可灸。,,
q008,月经不调,modern,siman_001,针灸学,足少阴肾经,四满,出《针灸甲乙经》。,四满为足少阴肾经穴，定位在下腹部，脐中下2寸，前正中线旁开0.5寸。主治月经不调、带下、遗精、不孕症等妇科病证，遗尿，以及便秘、水肿。刺法：直刺1～1.5寸；可灸。,,
q008,月经不调,modern,tianshu_001,针灸学,足阳明胃经,天枢,出《针灸甲乙经》。《针灸甲乙经》：天枢，一名长溪，一名谷门，在肓俞傍一寸五分，大肠募也。,天枢为大肠募穴，定位在腹中部，脐中旁开2寸。主治腹胀、腹痛、便秘、泄泻、痢疾等肠腑病证，以及月经不调、癥瘕等妇科疾患，为调理肠腑要穴。刺法：直刺1~1.5寸；可灸。,,
q008,月经不调,modern,jixueteng_001,中国药典（2025年版）一部,活血化瘀药,鸡血藤,据《中国药典》2025 年版一部：鸡血藤为豆科植物密花豆 Spatholobus suberectus Dunn 的干燥藤茎（药用部位：藤茎）。性味苦、甘，温；归肝、肾经。功能与主治：活血补血，调经止痛，舒筋活络；用于月经不调，痛经，经闭，风湿痹痛，麻木瘫痪，血虚萎黄。用法与用量：9～15g。贮藏：置通风干燥处，防霉，…,**简明**：鸡血藤苦甘温，**活血补血**（活血而不伤血、补血而不滞血）、调经止痛、舒筋活络，主治月经不调痛经、风湿痹痛麻木及血虚萎黄。**详解**：血虚月经不调配熟地黄、当归；痹痛麻木配独活、威灵仙；血虚萎黄配黄芪、当归。可熬膏常服。,,
q008,月经不调,modern,suwen_033,黄帝内经素问,评热病论篇第三十三,评热病论篇第三十三,黄帝问曰：有病温者，汗出辄复热，而脉躁疾不为汗衰，狂言不能食，病名为何？岐伯对曰：病名阴阳交，交者死也。帝曰：愿闻其说。岐伯曰：人所以汗出者，皆生于谷，谷生于精，今邪气交争于骨肉而得汗者，是邪却而精胜也。精胜则当能食而不复热。复热者邪气也，汗者精气也，今汗出而辄复热者，是邪胜也。不能食者，精无俾也。病而留者，其寿可立而…,本篇评论热病之变。温病汗出辄复热、脉躁疾不为汗衰、狂言不能食者名阴阳交，交者死，谓邪胜而精夺。又论汗出身热烦满不解之风厥、法在肺下之劳风，及面胕痝然壅之肾风（风水）。申明邪之所凑其气必虚、阴虚者阳必凑之之理，并释目下肿、不能正偃而咳、月事不来诸证之由。,,
q008,月经不调,modern,snb_danggui_001,神农本草经,中经,当归,当归，味甘，温。主咳逆上气，温疟寒热，洗洗在皮肤中；妇人漏下绝子，诸恶创疡，金创。,当归甘辛温润，为补血活血、调经止痛之要药，凡血虚血瘀之月经不调、经闭痛经、跌打痈肿及肠燥便秘皆可用。本经所载主咳逆、漏下、金创，皆取其养血和血、扶正祛邪之功。,,
q008,月经不调,modern,zhongji_001,针灸学,任脉,中极,出《针灸甲乙经》。,中极为膀胱募穴、足三阴与任脉交会穴，定位在下腹部，前正中线上，脐中下4寸。主治遗尿、小便不利、遗精阳痿、月经不调、带下、痛经、不孕及疝气。刺法：直刺0.5～1寸；可灸。,,
q008,月经不调,modern,baihuanshu_001,针灸学,足太阳膀胱经,白环俞,出《针灸甲乙经》。《针灸甲乙经》：白环俞，在第二十一椎下两旁各一寸五分。,白环俞为足太阳膀胱经穴，定位在骶区，横平第4骶后孔，骶正中嵴旁开1.5寸。主治遗尿、遗精、月经不调、带下等泌尿生殖病证，疝气，以及腰髋痛。刺法：直刺0.8～1寸；可灸。,,
q008,月经不调,modern,qichong_001,针灸学,足阳明胃经,气冲,出《针灸甲乙经》。《针灸甲乙经》：气冲，一名气街，在归来下，鼠鼷上一寸，动脉应手。,气冲定位在腹股沟稍上方，当脐中下5寸，前正中线旁开2寸，居经动脉内侧。主治肠鸣腹痛、疝气、月经不调、不孕、阳痿、阴肿等少腹及前阴病证。刺法：避开动脉，直刺0.5~1寸。,,
q008,月经不调,modern,qihai_001,针灸学,任脉,气海,出《针灸甲乙经》。,气海为肓之原、补气保健要穴，定位在下腹部，前正中线上，脐中下1.5寸。主治腹痛、泄泻、便秘、虚脱气喘、月经不调、痛经带下、遗精阳痿及中风脱证。刺法：直刺1～1.5寸；可灸。,,
q008,月经不调,modern,yaoyangguan_001,针灸学,督脉,腰阳关,出《针灸甲乙经》。,腰阳关为督脉穴。在脊柱区，第4腰椎棘突下凹陷中，后正中线上。主治腰骶疼痛、下肢痿痹，以及月经不调、带下、遗精、阳痿等肾阳不足、下焦虚寒诸证。刺法：直刺0.5～1寸；可灸。,,
q008,月经不调,modern,baishao_001,中国药典（2025年版）一部,补虚药,白芍,据《中国药典》2025 年版一部：白芍为毛茛科植物芍药 Paeonia lactiflora Pall. 的干燥根（药用部位：根）。性味苦、酸，微寒；归肝、脾经。功能与主治：养血调经，敛阴止汗，柔肝止痛，平抑肝阳；用于血虚萎黄，月经不调，自汗，盗汗，胁痛，腹痛，四肢挛痛，头痛眩晕。用法与用量：6～15g。注意：不宜与藜…,**简明**：白芍苦酸微寒，养血调经、敛阴止汗、柔肝止痛、平抑肝阳（**养血敛阴柔肝**），主治血虚月经不调、胁腹挛急疼痛、自汗盗汗及肝阳眩晕。**详解**：肝脾不和腹痛配柴胡、白术（逍遥散）或甘草（芍药甘草汤）；血虚配当归、熟地黄（四物汤）；肝阳上亢配牛膝、牡蛎。**反藜芦**；阳衰虚寒者慎用。,,
q008,月经不调,modern,xiangfu_001,中国药典（2025年版）一部,理气药,香附,据《中国药典》2025 年版一部：香附为莎草科植物莎草 Cyperus rotundus L. 的干燥根茎（药用部位：根茎）。性味辛、微苦、微甘，平；归肝、脾、三焦经。功能与主治：疏肝解郁，理气宽中，调经止痛；用于肝郁气滞，胸胁胀痛，疝气疼痛，乳房胀痛，脾胃气滞，脘腹痞闷，胀满疼痛，月经不调，经闭痛经。用法与用量：6～…,**简明**：香附辛微苦微甘平，疏肝解郁、理气宽中、调经止痛，为「气病之总司、女科之主帅」，主治肝郁胁痛、脘腹痞闷及月经不调痛经。**详解**：肝郁胁胀配柴胡、白芍（柴胡疏肝散）；胃寒脘痛配高良姜（良附丸）；痛经配当归、川芎、白芍；六郁配苍术、栀子（越鞠丸）。醋制偏入肝经止痛，酒制通行经络。,,
q008,月经不调,modern,danggui_001,中国药典（2025年版）一部,补虚药,当归,据《中国药典》2025 年版一部：当归为伞形科植物当归 Angelica sinensis (Oliv.) Diels 的干燥根（药用部位：根）。性味甘、辛，温；归肝、心、脾经。功能与主治：补血活血，调经止痛，润肠通便；用于血虚萎黄，眩晕心悸，月经不调，经闭痛经，虚寒腹痛，风湿痹痛，跌扑损伤，痈疽疮疡，肠燥便秘。用法与…,**简明**：当归甘辛温，补血活血、调经止痛、润肠通便，为「**补血第一要药**」与妇科调经要药（补血不留瘀），主治血虚萎黄、月经不调痛经、虚寒腹痛及肠燥便秘。**详解**：血虚配熟地黄、白芍、川芎（四物汤）；气血两虚配黄芪（当归补血汤）；血虚便秘配火麻仁、肉苁蓉。**补血用归身、活血用归尾**；湿盛中满、大便泄泻者慎…,,
q008,月经不调,modern,yimucao_001,中国药典（2025年版）一部,活血化瘀药,益母草,据《中国药典》2025 年版一部：益母草为唇形科植物益母草 Leonurus japonicus Houtt. 的新鲜或干燥地上部分（药用部位：地上部分）。性味苦、辛，微寒；归肝、心包、膀胱经。功能与主治：活血调经，利尿消肿，清热解毒；用于月经不调，痛经经闭，恶露不尽，水肿尿少，疮疡肿毒。用法与用量：9～30g；鲜品 …,**简明**：益母草苦辛微寒，活血调经、利尿消肿、清热解毒，为「**经产要药**」（尤宜产后恶露不尽、痛经经闭），兼治水瘀互结水肿。**详解**：痛经经闭配当归、川芎（益母丸）；产后恶露不净配生蒲黄、五灵脂；水肿配茯苓、泽泻；疮毒鲜品外敷。**孕妇禁用**，血虚无瘀者慎用。,,
q008,月经不调,modern,chuanxiong_001,中国药典（2025年版）一部,活血化瘀药,川芎,据《中国药典》2025 年版一部：川芎为伞形科植物川芎 Ligusticum chuanxiong Hort. 的干燥根茎（药用部位：根茎）。性味辛，温；归肝、胆、心包经。功能与主治：活血行气，祛风止痛；用于胸痹心痛，胸胁刺痛，跌扑肿痛，月经不调，经闭痛经，癥瘕腹痛，头痛，风湿痹痛。用法与用量：3～10g。注意：孕妇慎…,**简明**：川芎辛温，活血行气、祛风止痛，为「**血中气药**」，上行头目、下行血海，主治瘀血诸痛、经闭痛经及各种头痛（风寒、血瘀头痛尤宜）。**详解**：血瘀胸胁痛配柴胡、桃仁（血府逐瘀汤）；风寒头痛配羌活、白芷；血虚月经不调配熟地黄、当归（四物汤）；风湿痹痛配独活、秦艽。孕妇慎用，阴虚火旺、月经过多者慎用。,,
q008,月经不调,modern,shanghan_132,伤寒论,辨太阳病脉证并治下,何谓藏结（第132条）,何谓藏结？ 答曰：如结胸状，饮食如故，时时下利，寸脉浮，关脉小细沉紧，名曰藏结。舌上白胎滑者，难治。,本条论述太阳病之脉证。症见脉浮、下利、结胸。当审其表里寒热、虚实传变而施治。,,
q008,月经不调,modern,nanjing_063,难经,第六十三难,第六十三难,曰：《十变》言，五脏六腑荥，合，皆以井为始者，何也？  然：井者，东方春也，万物之始生。诸蚑行喘息，蚏飞蠕动，当生之物，莫不以春生。故岁数始于春，日数始于甲，故以井为始也。,本难释五脏六腑荥合并以井为始之理。井应东方春，万物始生，犹岁数始于春、日数始于甲。,,
q008,月经不调,modern,shanghan_539,伤寒论,伤寒例,凡人有疾（第539条）,凡人有疾，不时即治，隐忍冀差，以成痼疾。小儿女子，益以滋甚。时气不和，便当早言，寻其邪由，及在腠理，以时治之，罕有不愈者。患人忍之，数日乃说，邪气入藏，则难可制，此为家有患，备虑之要。,本条论述伤寒例之脉证。当审其表里寒热、虚实传变而施治。,,
q008,月经不调,modern,lishizhen_001,本草纲目,谷部/菜部附方,李时珍考订附方治验案,李时珍著《本草纲目》，每药附方，多经亲验考订。其辨药辨方，不以古方为尽信，必目验亲尝、询之老药工、验之临床，然后笔之。如辨三七、辨柴胡、辨蕲艾等，皆亲历而著。其子建元以父书进于朝，《本草纲目》遂大行于世。（《本草纲目》序例及历代记述。）,李时珍著《本草纲目》，于每药附方必目验亲尝、询访老药工、验证临床，不盲从古本，多所考订发明。其学术以实地考察与临床验证为本，开本草学实证之风。此案示人著方考药当亲历亲验、存疑考辨，不可尽信前人成说；其于药物基原、采收、炮炙之考辨，至今为世所重。,,
q008,月经不调,modern,shanghan_568,伤寒论,辨痉湿暍脉证,太阳中暍者（第568条）,太阳中暍者，身热疼重，而脉微弱，此亦夏月伤冷水，水行皮中所致也。,本条论述痉湿暍之脉证。症见脉微、身热。当审其表里寒热、虚实传变而施治。,,
q008,月经不调,modern,snb_qicao_001,神农本草经,下经,蛴螬,蛴螬，味咸，微温。主恶血瘀血，痹气，破折血在胁下坚满痛，月闭，目中淫肤，青翳白膜。生河内平泽。,蛴螬（金龟子科昆虫幼虫）咸微温有小毒，破瘀通经、散结止痛，兼明目退翳，主治跌打损伤瘀血作痛、经闭癥瘕及目翳遮睛。其有小毒，须炒制入丸散，孕妇及无瘀血者忌用，不宜久服。,,
q008,月经不调,modern,snb_shufu_001,神农本草经,下经,鼠妇,鼠妇，味咸，温。主气癃不得小便，妇人月闭血瘕，痫痓寒热，利水道。生平谷。,鼠妇（潮虫科平甲虫，俗称地虱、西瓜虫）咸温，破血通经、利水通淋、截疟，主治小便癃闭、经闭血瘕、久疟寒热及牙疳口疮。今临床少用，多入丸散，孕妇及无瘀滞者忌用，不宜久服。,,
q008,月经不调,modern,zhangzhongjing_001,名医类案,张仲景医案,张仲景诊王粲（仲宣）候疾案,张仲景见王粲（字仲宣），时年二十余，谓曰：君有病，宜服五石汤；不治，且年三十当眉落。粲时羞之，以为非好言，受汤而不服。后至三十，眉果落。此见《针灸甲乙经·序》，《名医类案》载入。,"张仲景诊青年王粲，望色即断其体内伏邪，预言三十岁当眉落，劝服五石汤早治。王粲不以为然、受而不服，后果如期眉落。此案体现仲景""治未病""、望色知机与据脉色预决转归的本事，亦说明伏邪内蕴而暂无显症者，不可因其无苦而忽于早治。",,
q008,月经不调,modern,jingui_002,金匮要略,痉湿暍病脉证治第二,痉湿暍病脉证治第二,（论一首 脉证十二条 方十一首） 太阳病，发热无汗，反恶寒者，名曰刚痉。太阳病，发热汗出，而不恶寒，名曰柔痉。太阳病，发热，脉沉而细者，名曰痉，为难治。太阳病，发汗太多，因致痉。夫风病，下之则痉，复发汗，必拘急。疮家，虽身疼痛，不可发汗，汗出则痉。 病者，身热足寒，颈项强急，恶寒，时头热，面赤，目赤，独头动摇，卒口噤，…,本篇论痉、湿、暍三病。痉病分刚柔，主强急口噤、背反张；湿痹以身疼发热、小便不利为主；风湿当微发其汗；中暍属夏月伤暑，分热胜与水停两型，各出主方。,,
q008,月经不调,modern,yuejingguoshao_001,《中医妇科学》规划教材（要点归纳）,妇科,月经过少·经量明显少于正常,月经过少是指月经量明显少于正常（不足 30ml），或经行时间不足两天，而周期基本正常者。病因多为精血亏少或瘀阻冲任血行不畅；辨证分肾虚、血虚、血瘀、痰湿等型。,月经过少辨证分虚实：虚者补肾养血，实者化瘀或化痰。育龄期经量进行性减少须排除宫腔粘连、卵巢功能减退等，宜就医。教材要点归纳，供参考；具体诊疗请遵医嘱。,,
q008,月经不调,modern,lingshu_055,灵枢经,逆顺篇五十五,逆顺篇五十五,黄帝问于伯高曰：余闻气有逆顺，脉有盛衰，刺有大约，可得闻乎？ 伯高曰：气之逆顺者，所以应天地、阴阳、四时、五行也。脉之盛衰者，所以候血气之虚实有余不足也。刺之大约者，必明知病之可刺，与其未可刺，与其已不可刺也。 黄帝曰：候之奈何？ 伯高曰：兵法曰：“无迎逢逢之气，无击堂堂之阵。”刺法曰：“无刺熇熇之热，无刺漉漉之汗，无…,本篇论刺法当顺气之逆顺、脉之盛衰。引兵法'无迎逢逢之气，无击堂堂之阵'，刺法曰无刺熇熇之热、无刺漉漉之汗、无刺浑浑之脉、无刺病与脉相逆者。上工刺其未生、未盛、已衰之时；下工刺其方袭、形盛、病脉相逆者。故曰方其盛也勿敢毁伤，刺其已衰事必大昌；上工治未病不治已病。强调把握刺治时机。,,
q008,月经不调,modern,shanghan_481,伤寒论,平脉法,师曰（第481条）,师曰：寸脉下不至关，为阳绝；尺脉上不至关，为阴绝。此皆不治，决死也。若计其余命死生之期，期以月节克之也。,本条论述脉诊之脉证。当审其表里寒热、虚实传变而施治。,,
q008,月经不调,modern,shanghan_465,伤寒论,平脉法,师曰（第465条）,师曰：伏气之病，以意候之，今月之内，欲有伏气。假令旧有伏气，当须脉之。若脉微弱者，当喉中痛似伤，非喉痹也。病人云：实咽中痛，虽尔，今复欲下利。,本条论述脉诊之脉证。症见脉微、下利。当审其表里寒热、虚实传变而施治。,,
q008,月经不调,modern,suwen_001,黄帝内经素问,上古天真论篇第一,上古天真论篇第一,昔在黄帝，生而神灵，弱而能言，幼而徇齐，长而敦敏，成而登天。乃问于天师曰：余闻上古之人，春秋皆度百岁，而动作不衰；今时之人，年半百而动作皆衰者，时世异耶？人将失之耶？岐伯对曰：上古之人，其知道者，法于阴阳，和于术数，食饮有节，起居有常，不妄作劳，故能形与神俱，而尽终其天年，度百岁乃去。今时之人不然也，以酒为浆，以妄为常…,本篇为《素问》首篇，论养生与天年。要点：上古知晓养生之道的人，效法阴阳消长、调和各类术数，饮食有节制、起居有规律、劳作不超常，故形神健全，享尽天年而活过百岁；今时之人以酒为浆、纵欲耗精、起居无节，故半百即衰。核心在「法于阴阳，和于术数，食饮有节，起居有常，不妄作劳」——此为中医养生总纲。,,
q008,月经不调,modern,xiangru_002,《方剂学》规划教材（要点归纳）,解表剂,香薷散·祛暑解表化湿和中,"传统方歌：""香薷散内白扁朴，酒调米饮任意服，夏月伤凉恶寒热，头痛无汗效如神。""（据教材要点归纳：香薷约一两、白扁豆约半两微炒、厚朴约半两姜制，研末，每服约三钱，水煎或酒煎服。）","香薷散为夏月乘凉饮冷、外感于寒、内伤于湿之""阴暑""代表方，症见恶寒发热、无汗头痛、胸脘痞闷、腹痛吐泻。因其香薷有""夏月麻黄""之称，表虚多汗、阳暑发热汗出者不宜。本方为要点归纳，供参考；具体用药请遵医嘱。",,
q008,月经不调,modern,yinyanghicang_001,《中医基础理论》规划教材（要点归纳）,阴阳五行,阴阳互藏·阴中有阳阳中有阴,阴阳互藏，指相互对立的阴阳双方中的任何一方都包含着另一方，即阴中有阳、阳中有阴。如天为阳、地为阴，然天有日月（日为阳中之阳、月为阴中之阳）；昼为阳、夜为阴，然昼上午为阳中之阳、下午为阳中之阴。阴阳互藏是阴阳消长转化的内在根据。,阴阳互藏揭示了阴阳双方不是绝对排斥，而是你中有我、我中有你。正因为阴中有阳、阳中有阴，才有阴阳交感、消长与转化的内在可能。理解互藏，有助于把握人体脏腑、气血、昼夜节律的复杂关系。本条为基础理论，不涉及具体诊疗。,,
q008,月经不调,modern,chaihu_001,中国药典（2025年版）一部,解表药,柴胡,据《中国药典》2025 年版一部：柴胡为伞形科植物柴胡 Bupleurum chinense DC. 或狭叶柴胡 Bupleurum scorzonerifolium Willd. 的干燥根（药用部位：根）。性味辛、苦，微寒；归肝、胆、肺经。功能与主治：疏散退热，疏肝解郁，升举阳气；用于感冒发热，寒热往来，胸胁胀痛，月…,**简明**：柴胡辛苦微寒，疏散退热、疏肝解郁、升举阳气，主治少阳寒热往来、肝郁胁痛及气虚下陷诸证。**详解**：少阳证寒热往来配黄芩（小柴胡汤）；外感发热配葛根、黄芩；肝郁胁胀、月经不调配白芍、当归（逍遥散）；中气下陷脱肛、子宫脱垂配升麻、黄芪（补中益气汤）。解表退热宜生用、量大，升阳宜蜜炙、量小；阴虚火旺、肝阳上亢…,,
q008,月经不调,modern,suwen_026,黄帝内经素问,八正神明论篇第二十六,八正神明论篇第二十六,黄帝问曰：用针之服，必有法则焉，今何法何则？岐伯对曰：法天则地，合以天光。帝曰：愿卒闻之。岐伯曰：凡刺之法，必候日月星辰，四时八正之气，气定乃刺之。是故天温日明，则人血淖液而卫气浮，故血易泻，气易行；天寒日阴，则人血凝泣而卫气沉。月始生则血气始精，卫气始行；月郭满则血气实，肌肉坚；月郭空则肌肉减，经络虚，卫气去，形独居…,本篇论用针必法天则地、合以天光。必候日月星辰四时八正之气，天温日明血易泻、天寒无刺；月生无泻、月满无补、月郭空无治，是谓得时而调。又辨虚邪正邪，上工救其萌芽。详泻必用方、补必用员之理；并解形与神，谓神者耳不闻而目明心开、俱视独见、若风吹云。,,
q008,月经不调,modern,luxiancao_001,中国药典（2025年版）一部,祛风湿药,鹿衔草,据《中国药典》2025 年版一部：鹿衔草为鹿蹄草科植物鹿蹄草 Pyrola calliantha H. Andres 或普通鹿蹄草 Pyrola decorata H. Andres 的干燥全草（药用部位：全草）。性味甘、苦，温；归肝、肾、肺经。功能与主治：祛风湿，强筋骨，止血，止咳；用于风湿痹痛，腰膝无力，月经过多，…,**简明**：鹿衔草甘苦温，祛风湿而强筋骨、止血止咳，为治痹痛腰酸与久咳的常用药。。**详解**：风湿痹痛、腰膝无力配桑寄生、杜仲、牛膝；月经过多配阿胶、艾叶；久咳劳嗽配百部、款冬花。,,
q008,月经不调,modern,lingxiaohua_001,中国药典（2025年版）一部,活血化瘀药,凌霄花,据《中国药典》2025 年版一部：凌霄花为紫葳科植物凌霄 Campsis grandiflora (Thunb.) K. Schum. 或美洲凌霄 Campsis radicans (L.) Seem. 的干燥花（药用部位：花）。性味甘、酸，微寒；归肝、心包经。功能与主治：凉血，化瘀，祛风；用于月经不调，经闭癥瘕，产后…,**简明**：凌霄花甘酸微寒，凉血化瘀祛风，主治瘀血经闭癥瘕、血热风疹瘙痒及痤疮（「凉血祛风」）。**详解**：经闭癥瘕配当归、红花（凌霄花散）；风疹瘙痒配蝉蜕、白鲜皮；痤疮配枇杷叶、桑白皮。孕妇慎用，气血虚者忌用。,,
q008,月经不调,modern,suwen_077,黄帝内经素问,疏五过论篇七十七,疏五过论篇七十七,黄帝曰：呜呼远哉！闵闵乎若视深渊，若迎浮云，视深渊尚可测，迎浮云莫知其际。圣人之术，为万民式，论裁志意，必有法则，循经守数，接循医事，为万民副，故事有五过四德，汝知之乎？ 雷公避席再拜曰：臣年幼小，蒙愚以惑，不闻五过与四德，比类形名，虚引其经，心无所对。 帝曰：凡未诊病者，必问尝贵后贱，虽不中邪，病从内生，名曰脱营。尝…,本篇论诊治五过。未诊必问尝贵后贱病生脱营、尝富后贫名曰失精，不知病情为一过。必问饮食居处暴乐暴苦始乐后苦，皆伤精气，不知补泻为二过。善脉必以比类奇恒从容，不知道为三过。必问贵贱封君败伤，贵脱势精神内伤、始富后贫痿躄为挛，不能动神为四过。必知终始合男女、知离绝菀结忧恐喜怒，不问所发唯言死日为五过。总谓五者受术不通人事不明…,,
q008,月经不调,modern,suwen_013,黄帝内经素问,移精变气论篇第十三,移精变气论篇第十三,黄帝问曰：余闻古之治病，惟其移精变气，可祝由而已。今世治病，毒药治其内，针石治其外，或愈或不愈，何也？岐伯对曰：往古人居禽兽之间，动作以避寒，阴居以避暑，内无眷慕之累，外无伸宦之形，此恬惔之世，邪不能深入也。故毒药不能治其内，针石不能治其外，故可移精祝由而已。当今之世不然，忧患缘其内，苦形伤其外，又失四时之从，逆寒暑之…,本篇论古今治病之异与色脉之要。古者恬惔之世邪不能深入，故可移精变气、祝由而已；今世忧患内伤、苦形外伤，贼风虚邪内至骨髓，故必毒药针石。强调治之大要无失色脉，色以应日、脉以应月，必本四时逆从。又论得神者昌、失神者亡，临病人当闭户塞牖、数问其情以从其意。,,
q008,月经不调,modern,huoxiangzhengqi_001,《方剂学》规划教材（要点归纳）,祛湿剂,藿香正气散·解表化湿理气和中,"传统方歌：""藿香正气大腹苏，甘桔陈苓术朴俱，夏曲白芷加姜枣，感伤岚瘴并能驱。""（《局方》方，据教材要点归纳：藿香约三两，紫苏、白芷、大腹皮、茯苓、白术、陈皮、厚朴、半夏、桔梗、甘草各约一两，姜枣煎服。）",藿香正气散为解表化湿、理气和中之代表方，主治外感风寒、内伤湿滞证，症见恶寒发热、头痛胸满、脘腹疼痛、恶心呕吐、肠鸣泄泻、苔白腻，即夏月外感兼内伤饮食生冷之常用方。本方芳香温燥，阴虚火旺、湿热吐泻者不宜。本方为要点归纳，供参考；具体用药请遵医嘱。,,
q008,月经不调,modern,zelan_001,中国药典（2025年版）一部,活血化瘀药,泽兰,据《中国药典》2025 年版一部：泽兰为唇形科植物毛叶地瓜儿苗 Lycopus lucidus Turcz. var. hirtus Regel 的干燥地上部分（药用部位：地上部分）。性味苦、辛，微温；归肝、脾经。功能与主治：活血调经，祛瘀消痈，利水消肿；用于月经不调，经闭痛经，产后瘀血腹痛，疮痈肿毒，水肿腹水。用法与…,**简明**：泽兰苦辛微温，活血调经、祛瘀消痈、利水消肿，**兼活血与利水**（血水同治），主治经闭痛经、产后瘀痛及水肿腹水。**详解**：经闭痛经配当归、川芎（泽兰汤）；产后瘀腹痛配益母草、丹参；水肿配茯苓、泽泻。孕妇慎用，血虚无瘀者忌用。,,
q008,月经不调,modern,suwen_041,黄帝内经素问,刺腰痛篇第四十一,刺腰痛篇第四十一,足太阳脉令人腰痛，引项脊尻背如重状，刺其郄中。太阳正经出血，春无见血。少阳令人腰痛，如以针刺其皮中，循循然不可以俛仰，不可以顾。刺少阳成骨之端出血，成骨在膝外廉之骨独起者，夏无见血。阳明令人腰痛，不可以顾，顾如有见者，善悲。刺阳明于胻前三痏，上下和之出血，秋无见血。足少阴令人腰痛，痛引脊内廉。刺少阴于内踝上二痏，冬无见…,本篇论六经及诸络脉腰痛之刺法。分列足太阳、少阳、阳明、足少阴、厥阴诸脉腰痛证状与所刺部位、见血禁忌，及解脉、同阴、阳维、衡络、会阴、飞阳、昌阳、散脉、肉里诸脉腰痛之刺。又辨腰痛上下寒热喘息之异经取穴，大便难刺足少阴、少腹满刺足厥阴。刺腰尻交者以月生死为痏数，左取右、右取左。,,
q008,月经不调,modern,wenjingtang_001,金匮要略,妇人杂病脉证并治第二十二,温经汤方,（论一首 脉证五十四条 方十六首） 妇人中风七八日，续来寒热，发作有时，经水适断，此为热入血室。其血必结，故使如疟状，发作有时，小柴胡汤主之。（方见呕吐中） 妇人伤寒发热，经水适来，昼日明了，暮则谵语，如见鬼状者，此为热入血室，治之无犯胃气及上二焦，必自愈。 妇人中风，发热恶寒，经水适来，得七八日，热除脉迟，身凉和，胸…,温经汤主治冲任虚寒、瘀血阻滞之月经不调、小腹冷痛、暮即发热、久不受孕。吴茱萸、桂枝温经散寒，当归、芎、芍药、阿胶养血调经，牡丹皮祛瘀，人参、甘草益气，半夏、生姜和胃，麦冬养阴。,,
q008,月经不调,modern,yingu_001,针灸学,足少阴肾经,阴谷,《灵枢·本输》：入于阴谷，阴谷，辅骨之后，大筋之下，小筋之上也，按之应手，屈膝而得之，为合。,阴谷为足少阴肾经合穴（水），定位在膝后区，腘横纹上，半腱肌肌腱外侧缘。主治癫狂，阳痿、疝痛、月经不调、崩漏、小便不利等泌尿生殖系疾患，以及膝股痛。刺法：直刺1～1.5寸；可灸。,,
q008,月经不调,modern,lingshu_041,灵枢经,阴阳系日月篇第四十一,阴阳系日月篇第四十一,黄帝曰：余闻天为阳，地为阴，日为阳，月为阴，其合之于人，奈何？ 岐伯曰：腰以上为天，腰以下为地，故天为阳，地为阴，故足之十二经脉，以应为十二月，月生于水，故在下者为阴；手之十指，以应十日，日主火，故在上者为阳。 黄帝曰：合之于脉，奈何？ 岐伯曰：寅者，正月之生阳也，主左足之少阳；未者，六月，主右足之少阳。卯者，二月，主…,本篇论人之阴阳合于天地日月。腰以上为天为阳、腰以下为地为阴；足十二经脉应十二月，手十指应十日。以十二支配左右足六经，以十干配左右手六经；又论手足阴阳及五脏之阴阳分属。次以月人气所在立刺禁：正二三月人气在左无刺左足阳，四五六在右无刺右足阳，七至九月在右无刺右足阴，十至十二月在左无刺左足阴。末明阴阳有名无形，可十可百可千可…,,
q008,月经不调,modern,suwen_044,黄帝内经素问,痿论篇四十四,痿论篇四十四,黄帝问曰：五脏使人痿，何也？ 岐伯对曰：肺主身之皮毛，心主身之血脉，肝主身之筋膜，脾主身之肌肉，肾主身之骨髓。故肺热叶焦，则皮毛虚弱，急薄，着则生痿躄也。心气热，则下脉厥而上，上则下脉虚，虚则生脉痿，枢折挈，胫纵，而不任地也。肝气热，则胆泄口苦，筋膜干，筋膜干则筋急而挛，发为筋痿。脾气热，则胃干而渴，肌肉不仁，发为肉痿…,本篇论五脏痿证。肺主皮毛、心主血脉、肝主筋膜、脾主肌肉、肾主骨髓，五脏因肺热叶焦发为痿躄：心气热为脉痿，肝气热为筋痿，脾气热为肉痿，肾气热为骨痿。又分别言五痿之成因，或亡求肺鸣，或悲哀胞络绝，或入房太甚宗筋弛纵，或渐于湿，或远行劳倦逢大热。辨其色诊。末重申治痿独取阳明，以阳明为五脏六腑之海、主润宗筋，治当补荥通俞，调虚…,,
q008,月经不调,modern,suwen_063,黄帝内经素问,缪刺论篇六十三,缪刺论篇六十三,黄帝问曰：余闻缪刺，未得其意。何谓缪刺？ 岐伯对曰：夫邪之客于形也，必先舍于皮毛；留而不去，入舍于孙脉；留而不去，入舍于络脉；留而不去，入舍于经脉；内连五脏，散于肠胃，阴阳俱感，五脏乃伤。此邪之从皮毛而入，极于五脏之次也，如此则治其经焉。今邪客于皮毛，入舍于孙络，留而不去，闭塞不通，不得入于经，流溢于大络，而生奇病也。…,本篇论缪刺。邪客皮毛入孙络，留而闭塞不得入经，流溢大络生奇病，邪左注右右注左，病无常处不入经俞，名曰缪刺，与邪客于经之巨刺不同。次详列邪客手足诸络所致卒心痛、喉痹、暴疝、头项痛、耳聋齿龋等及刺出血之穴，并及堕坠恶血、尸厥（五络俱竭，刺手足少阴太阴等并吹耳发左角）。刺数以月死生为痏数，过则脱气不及气不泻。,,
q008,月经不调,modern,lingshu_079,灵枢经,岁露论篇七十九,岁露论篇七十九,黄帝问于岐伯曰：《经》言：“夏日伤暑，秋病疟”。疟之发以时，其故何也？ 岐伯对曰：邪客于风府，病循膂而下，卫气一日一夜，常大会于风府，其明日，日下一节，故其日作晏，此其先客于脊背也。故每至于风府则腠理开，腠理开则邪气入，邪气入则病作，此所以日作尚晏也。卫气之行风府，日下一节，二十一日下至尾底，二十二日入脊内，注于伏冲之…,本篇论疟病发病机理与岁时风雨对民病的影响。疟邪客风府循膂而下，卫气一日夜大会风府，明日日下一节，故病日作渐晏；二十一日下至尾底，二十二日入脊内注伏冲，行九日出缺盆。又论月满则人血气盛皮肤致，遇贼风入浅；月郭空则气血虚腠理开，遇贼风入深卒暴。乘年衰、逢月空、失时和为三虚，主暴死；逢年盛、遇月满、得时和为三实。末论候正月朔…,,
q008,月经不调,modern,aive_001,中国药典（2025年版）一部,止血药,艾叶,据《中国药典》2025 年版一部：艾叶为菊科植物艾 Artemisia argyi Levl. et Vant. 的干燥叶（药用部位：叶）。性味辛、苦，温；有小毒；归肝、脾、肾经。功能与主治：温经止血，散寒止痛；用于吐血，衄血，崩漏，月经过多，少腹冷痛，经寒不调，宫冷不孕；外治皮肤瘙痒。醋艾炭温经止血。用法与用量：3～…,**简明**：艾叶辛苦温有小毒，温经止血、散寒止痛，为治**虚寒性出血**（尤宫寒崩漏）及少腹冷痛之要药，又为灸治要品。**详解**：虚寒崩漏配阿胶、地黄（胶艾汤）；宫寒痛经配香附、肉桂（艾附暖宫丸）；皮肤瘙痒煎汤熏洗。炒炭（醋艾炭）止血力强，生用温散寒湿。阴虚血热者慎用。,,
q008,月经不调,modern,lingshu_080,灵枢经,大惑论篇八十,大惑论篇八十,黄帝问于岐伯曰：余尝上于清冷之台，中阶而顾，匍匐而前，则惑。余私异之，窃内怪之，独瞑独视，安心定气，久而不解。独博独眩，披发长跪，俛而视之，后久之不已也。卒然自上，何气使然？ 岐伯对曰：五脏六腑之精气，皆上注于目而为之睛。睛之窠为眼，骨之精为瞳子，筋之精为黑眼，血之精为络，其窠气之精为白眼，肌肉之精为约束，裹撷筋骨血气…,本篇论登高惑乱及善忘、善饥不嗜食、不得卧、目闭、多卧等证的机理。五脏六腑精气皆上注于目而为睛，骨精为瞳子、筋精为黑眼、血精为络、气精为白眼、肉精为约束，裹撷筋骨血气之精为眼系，上属于脑后出项中。邪中项逢身虚，随眼系入脑则脑转、目系急、目眩以转，精散则视歧见两物。善忘者上气不足心肺虚；不得卧者卫气留阳不入阴；目闭者卫气留…,,
q008,月经不调,modern,nanjing_017,难经,第十七难,第十七难,曰：经言病或有死，或有不治自愈，或连年月不已，其死生存亡，可切脉而知之耶？  然：可尽知也。  诊病若闭目不欲见人者，脉当得肝脉强急而长，反得肺脉浮短而涩者，死也。  病若开目而渴，心下牢者，脉当得紧实而数，而反得沉涩而微者，死也。  病若吐血，复鼽衄血者，脉当沉细，而反浮大而牢者，死也。  病若谵言妄语，身当有热，脉…,本难论脉证相反之死候。如闭目不欲见人当得肝脉反得肺脉、吐血鼽衄当沉细反浮大、谵妄身热当洪大反沉细等，皆脉证相反，为死证。,,
q008,月经不调,modern,suwen_075,黄帝内经素问,著至教论篇七十五,著至教论篇七十五,黄帝坐明堂，召雷公而问之曰：子知医之道乎？ 雷公对曰：诵而颇能解，解而未能别，别而未能明，明而未能彰，足以治群僚，不足至侯王。愿得受树天之度，四时阴阳合之，别星辰与日月光，以彰经术，后世益明，上通神农，著至教，疑于二皇。 帝曰：善！无失之，此皆阴阳表里上下雌雄相輸应也，而道上知天文，下知地理，中知人事，可以长久，以教众…,本篇黄帝坐明堂召雷公问医道。雷公自陈诵解未能别明彰，仅能治群僚不足至侯王。帝曰此皆阴阳表里上下雌雄相输应，道当上知天文、下知地理、中知人事，可以长久，以教众庶，著至教传后。次论《阴阳传》三阳并至之病：三阳者至阳也，积并则为惊，病起疾风如礔砺，九窍皆塞，阳气滂溢干嗌喉塞，并于阴则上下无常薄为肠澼，三阳直心坐不得起。末诫雷…,,
q008,月经不调,modern,suwen_050,黄帝内经素问,刺要论篇五十,刺要论篇五十,黄帝问曰：愿闻刺要。 岐伯对曰：病有浮沉，刺有浅深，各至其理，无过其道，过之则内伤，不及则生外壅，壅则邪从之。浅深不得，反为大贼，内动五脏，后生大病。故曰：“病有在毫毛腠理者，有在皮肤者，有在肌肉者，有在脉者，有在筋者，有在骨者，有在髓者。”是故刺毫毛腠理无伤皮，皮伤则内动肺，肺动则秋病温疟，泝泝然寒栗。刺皮无伤肉，肉…,本篇论针刺之要领。病有浮沉，刺有浅深，各至其理，无过其道：过之则内伤，不及则外壅而邪从之，浅深不得反为大贼，内动五脏后生大病。病有在毫毛腠理、皮肤、肌肉、脉、筋、骨、髓之分，故刺毫毛腠理无伤皮，皮伤内动肺，秋病温疟；刺皮无伤肉，肉伤动脾，四季月病腹胀不嗜食；刺肉无伤脉，脉伤动心，夏病心痛；刺脉无伤筋，筋伤动肝，春病热而…,,
q008,月经不调,modern,wangtao_001,中医各家学说,医家,王焘·辑外台秘要汇存唐以前方书,"据《外台秘要》（《外台秘要方》）：""凡古方纂得五六十家，新撰者向数千百卷，皆铨其义理，撮其指归……""（王焘在馆阁弘文馆阅图籍，辑录唐以前方书，分一千一百四门，先论后方，每条皆注明出典。）","王焘，唐代郿郡（今陕西眉县）人，约生于武德、贞观间，卒于天宝年间，曾任徐州司马、邺郡太守等职。他自幼多病，留心医药，后因出仕而得入弘文馆，遍阅政府所藏医籍，遂广采唐以前方书，分门纂辑，于天宝十一年（752年）撰成《外台秘要》四十卷。全书分一千一百余门（门数千余条），录方近七千首，体例上""先论后方""，每证首引《诸病源候论…",,
q008,月经不调,modern,suwen_014,黄帝内经素问,汤液醪醴论篇第十四,汤液醪醴论篇第十四,黄帝问曰：为五谷汤液及醪醴奈何？岐伯对曰：必以稻米，炊之稻薪，稻米者完，稻薪者坚。帝曰：何以然？岐伯曰：此得天地之和，高下之宜，故能至完：伐取得时，故能至坚也。帝曰：上古圣人作汤液醪醴，为而不用何也？岐伯曰：自古圣人之作汤液醪醴者，以为备耳！夫上古作汤液，故为而弗服也。中古之世，道德稍衰，邪气时至，服之万全。帝曰：今之…,本篇论汤液醪醴之制用与神不使之故。古圣人作汤液醪醴为而不用，中世故服之万全，今世必齐毒药攻其中、镵石针艾治其外。病之所以不愈，在神不使：精神不进、志意不治，精坏神去，谓病为本、工为标，标本不得则邪气不服。末论水肿（五脏阳竭、津液充郭）之治，平治权衡、去宛陈莝、开鬼门、洁净府。,,
q008,月经不调,modern,lingshu_045,灵枢经,外揣篇四十五,外揣篇四十五,黄帝曰：余闻九针九篇，余亲受其调，颇得其意。夫九针者，始于一而终于九，然未得其要道也。夫九针者，小之则无内，大之则无外，深不可为下，高不可为盖，恍惚无窍，流溢无极，余知其合于天道人事四时之变也，然余愿杂之毫毛，浑束为一，可乎？ 岐伯曰：明乎哉问也！非独针道焉，夫治国亦然。 黄帝曰：余愿闻针道，非国事也。 岐伯曰：夫治国…,本篇论诊断之道在于'司外揣内'。黄帝问九针之道能否杂合为一，岐伯以日月、水镜、鼓响为喻，谓内外相应、动摇则和，若清水明镜不失其形。五脏波荡则外现五色五音，故远者司外揣内、近者司内揣外，此为阴阳之极。强调望闻切按结合，由表知里、由外知内的诊断总纲。,,
q008,月经不调,modern,suwen_040,黄帝内经素问,腹中论篇第四十,腹中论篇第四十,黄帝问曰：有病心腹满，旦食则不能暮食，此为何病？岐伯对曰：名为鼓胀。帝曰：治之奈何？岐伯曰：治之以鸡矢醴，一剂知，二剂已。帝曰：其时有复发者何也？岐伯曰：此饮食不节，故时有病也。虽然其病且已，时故当病，气聚于腹也。帝曰：有病胸胁支满者，妨于食，病至则先闻腥臊臭，出清液，先唾血，四肢清，目眩，时时前后血，病名为何？何以得…,本篇论腹中诸病。心腹满、旦食不能暮食名鼓胀，治以鸡矢醴；胸胁支满、唾血、时时前后血名血枯，得之年少大脱血或醉入房中、气竭肝伤，治以四乌鲗骨一藘茹丸；少腹盛上下有根、环脐而痛名伏梁，不可动。又论热中消中禁膏粱芳草石药，及膺肿颈痛胸满腹胀名厥逆之治，须其气并乃可治。,,
q008,月经不调,modern,suwen_006,黄帝内经素问,阴阳离合论篇第六,阴阳离合论篇第六,黄帝问曰：余闻天为阳，地为阴，日为阳，月为阴。大小月三百六十日成一岁，人亦应之。今三阴三阳不应阴阳，其故何也？岐伯对曰：阴阳者，数之可十，推之可百，数之可千，推之可万，万之大不可胜数，然其要一也。天覆地载，万物方生。未出地者，命曰阴处，名曰阴中之阴；则出地者，命曰阴中之阳。阳予之正，阴为之主。故生因春，长因夏，收因秋，…,本篇论三阴三阳经脉之离合。谓阴阳数可十可万，其要一也。以圣人南面而立，分三阳之离合：太阳为开、阳明为阖、少阳为枢；三阴之离合：太阴为开、厥阴为阖、少阴为枢。各经有根起之井穴（至阴、厉兑、隐白、涌泉、大敦等），三经不得相失，搏而勿浮勿沉，名曰一阳一阴。,,
q008,月经不调,modern,jingui_019,金匮要略,趺蹶手指臂肿转筋阴狐疝蛔虫病脉证治第十九,趺蹶手指臂肿转筋阴狐疝蛔虫病脉证治第十九,（论一首 脉证一条 方四首） 师曰：病趺蹶，其人但能前，不能却，刺月腨入二寸，此太阳经伤也。 病人常以手指臂肿动，此人身体目闰 目闰 者，藜芦甘草汤主之。 藜芦甘草汤方（未见） 转筋之为病，其人臂脚直，脉上下行，微弦。转筋入腹者，鸡屎白散主之。鸡屎白散方 鸡屎白 右一味，为散，取方寸匕，以水六合，和，温服。 阴狐疝气者…,本篇合论趺蹶（能前不能却）、手指臂肿动、转筋入腹、阴狐疝、蛔虫等杂病。蛔虫病令人吐涎、心痛发作有时，主甘草粉蜜汤；蛔厥（藏寒蛔上入膈）主乌梅丸温脏安蛔，为治蛔名方。,,
q008,月经不调,modern,lingshu_021,灵枢经,寒热病篇第二十一,寒热病篇第二十一,皮寒热者，不可附席，毛发焦，鼻槁腊，不得汗，取三阳之络，以补手太阴。肌寒热者，肌痛，毛发焦而唇槁腊，不得汗，取三阳于下，以去其血者，补足太阴，以出其汗。骨寒热者，病无所安，汗注不休，齿未槁，取其少阴于阴股之络；齿已槁，死不治。骨厥亦然。骨痹，举节不用而痛，汗注、烦心，取三阴之经补之。 身有所伤，血出多，及中风寒，若有所…,本篇论寒热诸证。皮寒热不可附席、肌寒热肌痛、骨寒热汗注不休分取三阳络、足太阴、少阴；又论体惰取关元、厥痹取阴阳络。次列颈侧人迎、扶突、天牖、天柱及腋下天府为天牖五部，各主暴病取用；论阴阳蹻交于目内眦、阳盛瞋目阴盛瞑目之理；列四时所取及身有五部痈疽者死，发汗取穴之法，并刺中不中之害。,,
q008,月经不调,modern,lingshu_046,灵枢经,五变篇四十六,五变篇四十六,黄帝问于少俞曰：余闻百疾之始期也，必生于风雨寒暑，循毫毛而入腠理，或复还，或留止，或为风肿汗出，或为消瘅，或为寒热，或为留痹，或为积聚。奇邪淫溢，不可胜数，愿闻其故。夫同时得病，或病此，或病彼，意者，天之为人生风乎，何其异也？ 少俞曰：夫天之生风者，非以私百姓也，其行公平正直，犯者得之，避者得无殆，非求人而人自犯之。 …,本篇论体质差异与发病倾向。少俞以匠人斫木为喻，木之坚脆不同则所伤各异，人之骨节皮肤腠理坚脆不同，则邪之所舍亦异。故肉不坚腠理疏者善病风；五脏皆柔弱者善病消瘅；小骨弱肉者善病寒热；粗理肉不坚者善病痹；皮薄不泽者善病肠中积聚。并谓先立其年以知其时，因形生病，为五变之纪。,,
q008,月经不调,modern,suwen_019,黄帝内经素问,玉机真脏论篇第十九,玉机真脏论篇第十九,黄帝问曰：春脉如弦，何如而弦？岐伯对曰：春脉者，肝也，东方木也，万物之所以始生也，故其气来，软弱轻虚而滑，端直以长，故曰弦，反此者病。帝曰：何如而反？岐伯曰：其气来实而强，此谓太过，病在外。其气来不实而微，此谓不及，病在中。帝曰：春脉太过与不及，其病皆何如？岐伯曰：太过则令人善忘，忽忽眩冒而巅疾；其不及则令人胸痛引背，…,本篇论四时脉象太过不及、五脏传变与真脏死候。以春弦、夏钩、秋浮、冬营，辨太过不及之病。论五脏受气传其所胜、气舍于其所生、死于所不胜之逆传，及风寒由皮毛入肺、传肝脾肾心之顺传次第。详列五脏真脏脉之象，谓真脏见者死，以胃气不能与之俱至手太阴故也。末辨五实五虚之死生候。,,
q008,月经不调,modern,suwen_007,黄帝内经素问,阴阳别论篇第七,阴阳别论篇第七,黄帝问曰：人有四经，十二从，何谓？岐伯对曰：四经应四时；十二从应十二月；十二月应十二脉。脉有阴阳，知阳者知阴，知阴者知阳。凡阳有五，五五二十五阳。所谓阴者，真脏也。见则为败，败必死也。所谓阳者，胃脘之阳也。别于阳者，知病处也，别于阴者，知生死之期。三阳在头，三阴在手，所谓一也。别于阳者，知病忌时，别于阴者，知死生之期。…,本篇以阴阳辨脉与死生。谓脉去者为阴、至者为阳，静者为阴、动者为阳，迟为阴、数为阳；真脏脉见则败死。历数二阳、三阳、一阴、二阴一阳等发病及传变，论生阳死阴、结阳结阴、石水、消、隔、喉痹、石水诸证，并据真脏脉独见之期预测死日。强调别于阳者知病处与忌时，别于阴者知死生之期。,,
q008,月经不调,modern,lingshu_076,灵枢经,卫气行篇七十六,卫气行篇七十六,黄帝问于岐伯曰：愿闻卫气之行，出入之合，何如？ 岐伯曰：岁有十二月，日有十二辰，子午为经，卯酉为纬。天周二十八宿，而一面七星，四七二十八星。房昴为纬，虚张为经。是故房至毕为阳，昴至心为阴。阳主昼，阴主夜。故卫气之行，一日一夜五十周于身，昼日行于阳二十五周，夜行于阴二十五周，周于五脏。 是故平旦阴尽，阳气出于目，目张则气…,本篇论卫气昼夜运行规律与候气而刺之法。卫气一日夜五十周于身，昼行阳二十五周、夜行阴二十五周。平旦阴尽阳气出于目，循项下足太阳等经布于三阳；其始入阴常从足少阴注肾→心→肺→肝→脾→肾。以水下百刻计，每刻人气在太阳、少阳、阳明、阴分循环。刺实者刺其来、刺虚者刺其去；病在三阳候其在阳刺之，在三阴候其在阴分刺之，谨候其时病可与…,,
q008,月经不调,modern,suwen_067,黄帝内经素问,五运行大论篇六十七,五运行大论篇六十七,黄帝坐明堂，始正天纲，临观八极，考建五常。请天师而问之曰：论言天地之动静，神明为之纪；阴阳之升降，寒暑彰其兆。余闻五运之数于夫子，夫子之所言，正五气之各主岁耳，首甲定运，余因论之。鬼臾区曰：“土主甲己，金主乙庚，水主丙辛，木主丁壬，火主戊癸。子午之上，少阴主之；丑未之上，太阴主之；寅申之上，少阳主之；卯酉之上，阳明主之…,本篇承《天元纪》论五运与天地阴阳。帝问土主甲己等与三阴三阳不合之故，岐伯谓当以象论。引五天之气经二十八宿分野，奎壁角轸为天地门户。次论天地左右之位、上下相遘、寒暑相临，气相得则和不相得则病，及地在太虚中大气举之。又分述五方生风热湿燥寒及五脏之德政变眚味志与所胜。末言气有余则制己所胜侮所不胜，不及反受侮。,,
q008,月经不调,modern,suwen_035,黄帝内经素问,疟论篇第三十五,疟论篇第三十五,黄帝问曰：夫痎疟皆生于风，其蓄作有时者何也？岐伯对曰：疟之始发也，先起于毫毛，伸欠乃作，寒栗鼓颔，腰脊俱痛；寒去则内外皆热，头痛如破，渴欲冷饮。帝曰：何气使然？愿闻其道。岐伯曰：阴阳上下交争，虚实更作，阴阳相移也。阳并于阴，则阴实而阳虚，阳明虚则寒栗，鼓颔也；巨阳虚则腰背头项痛；三阳俱虚则阴气胜，阴气胜则骨寒而痛；寒生…,本篇论疟病之成因与发作。谓痎疟皆生于风，得于夏伤于暑、秋遇风浴水，舍皮肤之内、肠胃之外，与卫气并居；卫气昼行阳、夜行阴，内外相薄故日作。邪舍深内薄于阴则间日作。分先寒后热之寒疟、先热后寒之温疟、但热不寒之瘅疟。论治须待其自衰、于疟未发而调之，先其时坚束四末、取孙络盛坚者血。,,
q008,月经不调,modern,yuejingxianhouwudingqi_001,《中医妇科学》规划教材（要点归纳）,妇科,月经先后无定期·月经提前或延后无定期,"月经先后无定期是指月经周期或提前或延后七天以上，连续三个周期以上者，又称""经水先后无定期""""月经期""。病因多为肝郁疏泄失司或肾虚封藏失职；辨证分肝郁、肾虚等型。",月经先后无定期以肝郁、肾虚为主。肝郁者经量或多或少、胸胁胀闷，治宜疏肝理气；肾虚者经量少、色淡黯、腰骶酸痛，治宜补肾调经。教材要点归纳，供参考；具体诊疗请遵医嘱。,,
q008,月经不调,modern,wennv_001,中医诊断学,四诊,问妇女（经·带·胎·产）,妇女有经、带、胎、产之异，问诊须加问月经周期、量色质、带下、妊娠与产后情况。教材归纳：月经辨气血寒热，带下辨湿浊虚实，胎产察冲任损益。,月经：周期提前、量多色红多血热或气虚；周期延后、量少色淡多血虚或寒凝；经色紫黑有块多血瘀；经前或经期小腹刺痛拒按多气滞血瘀；经后小腹隐痛喜按多气血两虚。经行不畅、乳房胀痛多肝郁气滞。闭经与崩漏须详询诱因与病程。带下：带下色白量多清稀多脾虚或肾虚；带下色黄黏稠臭秽多湿热下注；赤白带下多肝经郁热或湿毒。妊娠：停经伴嗜酸择食…,,
q008,月经不调,modern,yuejingxianqi_001,《中医妇科学》规划教材（要点归纳）,妇科,月经先期·月经提前七天以上,"月经先期是指月经周期提前七天以上，甚至十余日一行，连续两个周期以上者，又称""月经赶前""""经早""。病因多为气虚统摄无权或热扰冲任迫血妄行；辨证分气虚、阳盛血热、阴虚血热、肝郁化热等型。",月经先期辨证分虚实：气虚者经色淡、质稀、量多，治宜补气摄血；血热者经色红或紫、质稠，治宜清热凉血。经量骤增、淋漓不止者须就医。教材要点归纳，供参考；具体诊疗请遵医嘱。,,
q008,月经不调,modern,yuejingbing_001,《中医妇科学》规划教材（要点归纳）,妇科,月经病总论·月经失调类疾病概述,月经病是指月经的周期、经期、经量、经色、经质发生异常改变，或伴随月经周期出现明显不适症状的疾病。病因有情志内伤、外感六淫、多产房劳、先天禀赋不足等；病机为脏腑功能失常、气血失调、冲任二脉损伤。治疗以调经为大法，调理气血、补肾、疏肝、健脾，兼顾调冲任。,月经病辨证首辨经期、经量、经色、经质，再结合兼证与舌脉分虚实寒热。治疗原则：经前调气、经后调血、平时调脏腑。凡经量骤增、剧烈腹痛、异常出血者须及时就医。,,
q008,月经不调,modern,yuejingguoduo_001,《中医妇科学》规划教材（要点归纳）,妇科,月经过多·经量明显多于正常,月经过多是指月经量明显多于正常（一般超过 80ml），而周期、经期基本正常者。病因多为气虚统摄无权、热扰冲任迫血妄行或瘀血内阻血不归经；辨证分气虚、血热、血瘀等型。,月经过多辨证分气虚、血热、血瘀。经量骤增、色鲜红伴大血块者须警惕崩漏、子宫肌瘤等。出血量多致头晕乏力者须及时就医。教材要点归纳，供参考；具体诊疗请遵医嘱。,,
q008,月经不调,modern,yuejinghouqi_001,《中医妇科学》规划教材（要点归纳）,妇科,月经后期·月经延后七天以上,"月经后期是指月经周期延后七天以上，甚至四五十日一行，连续两个周期以上者，又称""月经延后""""经迟""。病因多为精血不足或邪气阻滞、冲任不畅；辨证分肾虚、血虚、血寒、气滞、痰湿等型。",月经后期辨证分虚实：虚者经色淡、质稀、量少，治宜补血温肾；实者经色黯、有块、小腹胀，治宜理气散寒。育龄期月经延后须排除妊娠。教材要点归纳，供参考；具体诊疗请遵医嘱。,,
q008,月经不调,modern,buyunzheng_001,《中医妇科学》规划教材（要点归纳）,妇科,不孕症·婚后未避孕同居2年以上未受孕,不孕症是指育龄妇女婚后未避孕、配偶生殖功能正常、同居2年以上而未受孕者；或曾孕育而后未避孕连续2年以上未再孕者。病因多为肾虚、肝气郁结、瘀阻胞宫、痰湿内阻，致冲任气血失调。辨证常见肾虚、肝郁、瘀阻、痰湿等型。治法以调经助孕为主，补肾、疏肝、活血、化痰。,不孕症中医以调经为助孕关键。肾虚用毓麟珠，肝郁用开郁种玉汤，瘀阻胞宫用少腹逐瘀汤，痰湿用苍附导痰丸。不孕原因复杂，须男女双方共同检查、明确病因，再配合中医调经助孕。本条目为教材要点归纳，供参考；具体诊疗请遵医嘱。,,
q008,月经不调,modern,nvzibao_001,《中医基础理论》规划教材（要点归纳）,藏象,女子胞·主持月经孕育胎儿,女子胞，又称胞宫、子脏，即现代所称子宫，属奇恒之腑。其主要生理功能为主持月经和孕育胎儿。女子胞的功能与冲、任二脉及心、肝、脾三脏关系密切：冲为血海，任主胞胎，肝藏血、脾统血、心主血，共同维持月经与胎孕的正常。,"女子胞即子宫，主月经与胎儿孕育。中医不把它看作孤立器官，而是与冲任二脉及心肝脾三脏的气血调节紧密相连：冲任调和、气血充足，则月经胎孕正常。故妇科调经种子多从调理冲任、补养心肝脾入手。学习时应把""天癸—任冲—胞宫""这一女性生殖轴与现代内分泌概念对照理解。",,
q008,月经不调,modern,jingjianqichuxue_001,《中医妇科学》规划教材（要点归纳）,妇科,经间期出血·氤氲期周期性少量出血,经间期出血是指氤氲期（排卵期）出现周期性少量阴道出血者。病因多为肾阴虚、湿热或血瘀，致氤氲期阳气内动、阴络易伤。辨证分肾阴虚、湿热、血瘀等型。,经间期出血多发生于月经中期，量少、持续短。肾阴虚者治宜滋肾养阴；湿热者清利湿热；血瘀者化瘀止血。反复发作者须排除宫颈病变、息肉等。教材要点归纳，供参考；具体诊疗请遵医嘱。,,
q008,月经不调,modern,wenjingdai_001,《中医诊断学》规划教材（要点归纳）,四诊,问经带·月经带下经期量色质辨冲任,问经带是询问妇女月经的周期、行经天数、经量经色经质及带下的量色气味，以辨冲任气血寒热虚实的诊法。月经先期量多色红多属血热；后期量少色淡多属血虚或血寒；经色紫暗有块多属血瘀；经前腹痛多属实、经后腹痛多属虚。带下量多色白多属脾虚湿盛，色黄臭秽多属湿热下注。,问经带以周期、量、色、质辨冲任气血：先期多血热、后期多血虚寒、有块多血瘀、腹痛辨虚实；带下色黄臭秽属湿热。此为教材要点归纳，供参考；具体诊疗请遵医嘱，不引导自我诊断。,,
q008,月经不调,modern,tongjing_001,《中医妇科学》规划教材（要点归纳）,妇科,痛经·经期或经行前后小腹疼痛,"痛经是指妇女正值经期或经行前后，出现周期性小腹疼痛，或痛引腰骶，甚至剧痛晕厥者。病因多为气滞血瘀、寒凝胞中、湿热蕴结或气血肝肾亏虚，致胞宫气血运行不畅""不通则痛""或失养""不荣则痛""。辨证分气滞血瘀、寒凝血瘀、湿热蕴结、气血虚弱、肝肾亏损等型。",痛经辨证分虚实：实者经前或经期痛、拒按，治宜通；虚者经后痛、喜按，治宜养。疼痛剧烈、进行性加重者须排除子宫内膜异位症、盆腔炎等。教材要点归纳，供参考；具体诊疗请遵医嘱。,,
q008,月经不调,modern,suwen_069,黄帝内经素问,气交变大论篇六十九,气交变大论篇六十九,黄帝问曰：五运更治，上应天期，阴阳往复，寒暑迎随，真邪相薄，内外分离，六经波荡，五气倾移，太过不及，专胜兼并，愿言其始，而有常名，可得闻乎？ 岐伯稽首再拜对曰：昭乎哉问也！是明道也！此上帝所贵，先师传之，臣虽不敏，往闻其旨。 帝曰：余闻：“得其人不教，是谓失道，传非其人，慢泄天宝。”余诚菲德，未足以受至道，然而众子哀其…,本篇论岁运太过不及之变民病与星应。本于天地方位人事，太过先天不及后天。次述岁木太过风气流行脾土受邪，民病飧泄食减体重；岁火太过炎暑流行肺金受邪，病疟少气咳喘血溢血泄；岁土太过雨湿流行肾受邪，腹痛体重；岁金太过燥气流行肝受邪，胁痛目赤；岁水太过寒气流行害心火。各列变象民病所绝之脉与上应星辰。末论善言天者必验于人，上知天文…,,
q008,月经不调,modern,biujing_001,《中医妇科学》规划教材（要点归纳）,妇科,闭经·年逾十六未潮或中断六月以上,闭经是指女子年逾十六周岁尚未初潮，或已行经而又中断六个月以上者，分原发性与继发性。病因多为精血亏少无血可下或实邪阻隔血不下行；辨证分气血虚弱、肾气亏损、阴虚血燥、气滞血瘀、痰湿阻滞等型。,闭经辨证分虚实：虚者补而通之，实者泻而通之。育龄期闭经须首先排除妊娠、哺乳、绝经等生理性原因。闭经病因复杂，须就医查明器质性原因。教材要点归纳，供参考；具体诊疗请遵医嘱。,,
q008,月经不调,modern,benglou_001,《中医妇科学》规划教材（要点归纳）,妇科,崩漏·经血非时暴下不止或淋漓不尽,"崩漏是指经血非时而下，暴下不止为""崩""，淋漓不尽为""漏""，二者常相互转化。病因多为脾虚统摄无权、肾虚封藏失司、血热扰冲、瘀阻血不归经。治疗遵从""塞流、澄源、复旧""三法。",崩漏为月经病重证，治疗急则塞流止血，缓则澄源求因，善后复旧调理。出血量多势急者须立即就医，警惕贫血、子宫内膜病变等。教材要点归纳，供参考；具体诊疗请遵医嘱。,,
q008,月经不调,modern,suwen_049,黄帝内经素问,脉解篇四十九,脉解篇四十九,太阳所谓肿腰脽痛者，正月太阳寅，寅，太阳也。正月阳气出在上而阴气盛，阳未得自次也，故肿腰脽痛也。病偏虚为跛者，正月阳气冻解，地气而出也。所谓偏虚者，冬寒颇有不足者，故偏虚为跛也。所谓强上引背者，阳气大上而争，故强上也。所谓耳鸣者，阳气万物盛上而跃，故耳鸣也。所谓甚则狂巅疾者，阳尽在上而阴气从下，下虚上实，故狂巅疾也。所…,本篇以阴阳四时之气解六经病证之所以然。太阳正月寅阳出上而阴盛，故肿腰脽痛、偏虚为跛、耳鸣、狂巅、入中为瘖、内夺为瘖俳。少阳九月戌阳尽阴盛，故心胁痛、不可反侧、甚则跃。阳明五月午盛阳遇阴，故洒洒振寒、胫肿股不收、喘水、恶人与火、弃衣走。太阴十一月主藏故胀噫呕。少阴十月申阳伤故腰痛呕咳喘、目䀮无所见、善怒恐。厥阴三月辰故㿗…,,
q008,月经不调,modern,lingshu_058,灵枢经,贼风篇五十八,贼风篇五十八,黄帝曰：夫子言贼风邪气之伤人也，令人病焉，今有其不离遮罩，不出室穴之中，卒然病者，非不离贼风邪气，其故何也？ 岐伯曰：此皆尝有所伤于湿气，藏于血脉之中，分肉之间，久留而不去。若有所堕坠，恶血在内而不去，卒然喜怒不节，饮食不适，寒温不时，腠理闭而不通。其开而遇风寒，则血气凝结，与故邪相袭，则为寒痹。其有热则汗出，汗出则受…,本篇论不遇贼风而猝然发病之故。岐伯谓此皆尝伤于湿气、藏于血脉分肉之间，或有堕坠恶血在内，卒然喜怒不节、饮食不适、寒温不时，腠理闭而不通，与故邪相袭，则为寒痹。其不遇邪气又无怵惕之志而猝病者，亦故邪留而未发，志有所恶慕、血气内乱、两气相搏，其所从来者微，故似鬼神。先巫知百病所由生，可祝由已之。,,
q008,月经不调,modern,shanghan_005,伤寒论,辨太阳病脉证并治上,辨二三日不传（第5条）,伤寒二三日，阳明少阳证不见者，为不传也。,本条承上条辨传经。伤寒二三日，若不见阳明、少阳证候者，为邪仍在太阳、未传他经。示人辨证须以现见证候为据，不可仅凭日数推断传变。,,
q008,月经不调,modern,suwen_072,黄帝内经素问,刺法论篇七十二,刺法论篇七十二,黄帝问曰：升降不前，气交有变，即成暴郁，余已知之。何如预救生灵，可得却乎？ 岐伯稽首再拜对曰：昭乎哉问！臣闻夫子言，既明天元，须穷刺法，可以折郁扶运，补弱全真，泻盛蠲余，令除斯苦。 帝曰：愿卒闻之。 岐伯曰：升之不前，即有甚凶也。木欲升而天柱窒抑之，木欲发郁亦须待时，当刺足厥阴之井。火欲升而天蓬窒抑之，火欲发郁亦须待时…,本篇为遗篇，论运气升降不前、气交暴郁之预救刺法。当折郁扶运、补弱全真、泻盛蠲余。升之不前：木欲升天柱抑刺足厥阴井，火欲升天蓬抑刺包络荥，土欲升天冲抑刺足太阴俞，金欲升天英抑刺手太阴经，水欲升天芮抑刺足少阴合。降之不下各折其所胜。又论司天未迁正、左右间失守、人神失守及五疫相染之法，当取化源，太过取之不及资之。,,
q008,月经不调,modern,suwen_073,黄帝内经素问,本病论篇七十三,本病论篇七十三,黄帝问曰：天元九窒，余已知之。愿闻气交何名失守？ 岐伯曰：谓其上下升降，迁正退位，各有经论，上下各有不前，故名失守也。是故气交失易位，气交乃变，变易非常，即四时失序，万化不安，变民病也。 帝曰：升降不前，愿闻其故，气交有变，何以明知？ 岐伯曰：昭乎问哉！明乎道矣。气交有变，是为天地机，但欲降而不得降者，地窒刑之。又有五…,本篇亦遗篇，承《刺法》论气交失守之本。升降、迁正退位各有经论，升降不前故名失守，气交失易位则四时失序、万化不安、变生民病。次分论辰戌岁木升逢天柱、巳亥岁君火升窒天蓬、子午岁太阴升窒天冲、丑未岁少阳升窒天蓬等胜抑不前之由及其民病：清生风少肃杀于春则瘟疫早发咽干肢节痛，久郁则大风摧拉、卒中偏痹不仁。末论失守致邪客、久郁必发…,,
q008,月经不调,modern,suwen_016,黄帝内经素问,诊要经终论篇第十六,诊要经终论篇第十六,黄帝问曰：诊要何如。岐伯对曰：正月二月，天气始方，地气始发，人气在肝。三月四月，天气正方，地气定发，人气在脾（按《太素》为心）。五月六月，天气盛，地气高，人气在头（按《太素》为脾）。七月八月，阴气始杀，人气在肺（按《太素》为胃）。九月十月，阴气始冰，地气始闭，人气在心（按《太素》为肺）。十一月十二月，冰复，地气合，人气…,本篇论诊要、四时刺法及十二经脉终证。按十二月人气所在，分春秋冬夏所刺之分与俞，误刺则各生其病。刺胸腹必避五脏，中脏有死期。又详载太阳、少阳、阳明、少阴、太阴、厥阴十二经终绝之证：太阳戴眼反折瘛疭、少阳耳聋百节纵、阳明口目动作、少阴面黑齿长、太阴腹胀闭不得息、厥阴舌卷卵缩，为判死之候。,,
q008,月经不调,modern,panganshi_001,中医各家学说,医家,庞安时·著伤寒总病论倡寒温分治,"据《伤寒总病论》：""伤寒之病，本于冬月感寒，至春变为温病，至夏变为暑病""；又论温病、寒湿、天行时气之别，主张分寒温、察时气以施治，并注重将息、养生与食治。",庞安时，字安常，北宋蕲州蕲水（今湖北浠水）人，约生于庆历、卒于元符间（约1042—1099年），出身世医，自幼聪慧，折节读书，融会《内经》《难经》《伤寒论》而不泥古，与苏轼、黄庭坚等交游，行医江淮间，活人甚众，晚年以目疾致仕。他精研《伤寒论》，以数十年体会，于元符三年（1100年）撰成《伤寒总病论》六卷（原名《伤寒总病…,,
q008,月经不调,modern,shanghan_347,伤寒论,辨厥阴病脉证并治,不结胸腹濡脉虚复厥不可下（第347条）,伤寒五六日，不结胸，腹濡，脉虚，复厥者，不可下，此为亡血，下之死。,伤寒五六日，不结胸、腹濡（不硬满）、脉虚而又见厥冷，此为气血两虚、阴血亡失所致，非实邪内结。不可攻下，下之则更伤阴血，必致危殆。,,
q008,月经不调,modern,nanjing_030,难经,第三十难,第三十难,曰：营气之行，常与卫气相随不？  然：经言人受气于谷。谷入于胃，乃传于五脏六腑，五脏六腑皆受于气。其清者为营，浊者为卫，营行脉中，卫行脉外，营周不息，五十而复大会。阴阳相贯，如环之无端，故知营卫相随也。,本难论营卫生行。人受气于谷，清者为营行脉中、浊者为卫行脉外，营周不息五十而复大会，阴阳相贯如环无端。,,
q008,月经不调,modern,shanghan_010,伤寒论,辨太阳病脉证并治上,太阳病欲解时（第10条）,太阳病欲解时，从巳至未上。,本条论太阳病欲解时辰。太阳病欲解时从巳至未上（上午九时至下午三时）。巳未为日中阳气隆盛之时，太阳经气当旺，正胜邪却，故病易于此时向解，为六经欲解时之一。,,
q008,月经不调,modern,shanghan_004,伤寒论,辨太阳病脉证并治上,辨太阳病传与不传（第4条）,伤寒一日，太阳受之，脉若静者为不传；颇欲吐，若躁烦，脉数急者，为传也。,本条辨太阳病传变。伤寒一日太阳受之，脉若安静不躁，知邪不传；若颇欲吐、躁烦、脉数急，为邪气化热传变之候。脉静与躁烦、脉数急对举，示人以脉证合参判断病情传变，不可拘于日数。,,
q008,月经不调,modern,suwen_002,黄帝内经素问,四气调神大论篇第二,四气调神大论篇第二,春三月，此谓发陈。天地俱生，万物以荣，夜卧早起，广步于庭，被发缓形，以使志生，生而勿杀，予而勿夺，赏而勿罚，此春气之应，养生之道也；逆之则伤肝，夏为寒变，奉长者少。夏三月，此谓蕃秀。天地气交，万物华实，夜卧早起，无厌于日，使志无怒，使华英成秀，使气得泄，若所爱在外，此夏气之应，养长之道也；逆之则伤心，秋为痎疟，奉收者少…,本篇论顺应四时阴阳以调养神志。谓春三月养生、夏养长、秋养收、冬养藏，各有夜卧早起、情志起居之宜；逆春伤肝、逆夏伤心、逆秋伤肺、逆冬伤肾。强调四时阴阳为万物根本，圣人春夏养阳、秋冬养阴以从其根；并提出“圣人不治已病治未病”的预防思想，谓病成而后药之，犹渴而穿井、斗而铸锥，已晚。,,
q008,月经不调,modern,suwen_047,黄帝内经素问,奇病论篇四十七,奇病论篇四十七,黄帝问曰：人有重身，九月而瘖，此为何也？ 岐伯对曰：胞之络脉绝也。 帝曰：何以言之？ 岐伯曰：胞络者，系于肾，少阴之脉，贯肾、系舌本，故不能言。 曰：治之奈何？ 岐伯曰：无治也，当十月复。《刺法》曰：“无损不足，益有余，以成其疹，然后调之（《甲乙经》、《太素》无此四字，为全元起注文，误书于此，当删去）。”所谓，无损不足…,本篇论多种异于常候之奇病。妇人重身九月而瘖，为胞络绝系于肾，当十月复，无治。胁下满气逆二三岁者名息积，不妨食，不可灸刺，宜导引服药。髀股胻肿环脐痛名伏梁，不可动。尺脉数甚筋急见名疹筋。数岁头痛齿亦痛名厥逆，由犯大寒内至骨髓。口甘名脾瘅，数食肥美，已转为消渴，治之以兰除陈气；口苦名胆瘅，数谋虑不决胆虚气溢，治胆募俞。又论…,,
q008,月经不调,modern,nanjing_046,难经,第四十六难,第四十六难,曰：老人卧而不寐，少壮寐而不寤者，何也？  然：经言少壮者，血气盛，肌肉滑，气道通，营卫之行不失于常，故昼日精，夜不寤也。老人血气衰，肌肉不滑，营卫之道涩，故昼日不能精，夜不得寐也。故知老人不得寐也。,本难释老人不寐、少壮不寤之理。少壮血气盛、肌肉滑、气道通，营卫不失常故昼精夜不寤；老人血气衰、气道涩，故昼不精夜不寐。,,
q008,月经不调,modern,lingshu_071,灵枢经,邪客篇七十一,邪客篇七十一,黄帝问于伯高曰：夫邪气之客人也，或令人目不瞑、不卧出者，何气使然？ 伯高曰：五谷入于胃也，其糟粕津液宗气，分为三隧：故宗气积于胸中，出于喉咙，以贯心脉，而行呼吸焉；营气者，泌其津液，注之于脉，化以为血，以荣四末，内注五脏六腑，以应刻数焉；卫气者，出其悍气之慓疾，而先行于四末分肉皮肤之间，而不休者也，昼日行于阳，夜行于阴…,本篇论目不瞑不卧之因治及人应天地、八虚候脏。厥气客于五脏六腑，卫气独行于阳不得入阴，阳盛阴虚故目不瞑。治用半夏汤，以千里流水扬之万遍，炊苇薪，煮秫米、半夏，徐炊取一升半汁，日三稍益，新发者复杯即卧。又论人肢节应天地（头圆足方、两目应日月等）。详述手太阴、心主脉出入屈折。少阴独无俞，邪在心者皆在心包络。八虚（肘腋髀腘）以…,,
q009,痛经,modern,wuzhuyu_001,中国药典（2025年版）一部,温里药,吴茱萸,据《中国药典》2025 年版一部：吴茱萸为芸香科植物吴茱萸 Euodia rutaecarpa (Juss.) Benth.、石虎 Euodia rutaecarpa (Juss.) Benth. var. officinalis (Dode) Huang 或疏毛吴茱萸 Euodia rutaecarpa (Juss.…,**简明**：吴茱萸辛苦热有小毒，散寒止痛、降逆止呕、助阳止泻，善治**肝经寒逆**之巅顶头痛、寒疝腹痛、呕吐涎沫及五更泄泻。**详解**：厥阴头痛配人参、生姜（吴茱萸汤）；肝火犯胃呕吐吞酸配黄连（左金丸，取寒热并用）；五更泻配补骨脂、肉豆蔻（四神丸）；寒湿脚气配槟榔、木瓜。有小毒，用量 2～5g，不宜久服；阴虚有热者…,,
q009,痛经,modern,yuejingguoshao_001,《中医妇科学》规划教材（要点归纳）,妇科,月经过少·经量明显少于正常,月经过少是指月经量明显少于正常（不足 30ml），或经行时间不足两天，而周期基本正常者。病因多为精血亏少或瘀阻冲任血行不畅；辨证分肾虚、血虚、血瘀、痰湿等型。,月经过少辨证分虚实：虚者补肾养血，实者化瘀或化痰。育龄期经量进行性减少须排除宫腔粘连、卵巢功能减退等，宜就医。教材要点归纳，供参考；具体诊疗请遵医嘱。,,
q009,痛经,modern,guizhifulingwan_001,金匮要略,妇人妊娠病脉证并治第二十,桂枝茯苓丸方,（证三条 方八首） 师曰：妇人得平脉，阴脉小弱，其人渴，不能食，无寒热，名妊娠，桂枝汤主之（方见利中）。于法六十日当有此证，设有医治逆者，却一月，加吐下者，则绝之。 妇人宿有癥病，经断未及三月，而得漏下不止，胎动在脐上者，为症癥害。 妊娠六月动者，前三月经水利时，胎也 下血者，后断三月，衃也。所以血不止者，其癥不去故也…,桂枝茯苓丸主治瘀血留结胞宫之癥块、漏下不止、经行不畅，为妇科癥瘕、痛经常用方。桂枝温通血脉，茯苓渗利下行，丹皮、桃仁活血化瘀，芍药和血缓急。蜜丸缓图，渐消癥块。,,
q009,痛经,modern,tongjing_001,《中医妇科学》规划教材（要点归纳）,妇科,痛经·经期或经行前后小腹疼痛,"痛经是指妇女正值经期或经行前后，出现周期性小腹疼痛，或痛引腰骶，甚至剧痛晕厥者。病因多为气滞血瘀、寒凝胞中、湿热蕴结或气血肝肾亏虚，致胞宫气血运行不畅""不通则痛""或失养""不荣则痛""。辨证分气滞血瘀、寒凝血瘀、湿热蕴结、气血虚弱、肝肾亏损等型。",痛经辨证分虚实：实者经前或经期痛、拒按，治宜通；虚者经后痛、喜按，治宜养。疼痛剧烈、进行性加重者须排除子宫内膜异位症、盆腔炎等。教材要点归纳，供参考；具体诊疗请遵医嘱。,,
q009,痛经,modern,jingmaixunxingguilv_001,《中医基础理论》规划教材（要点归纳）,经络,经脉循行规律·阴阳表里上下交接流注次序,十二经脉循行有其规律：①有一定走向，手三阴从胸走手，手三阳从手走头，足三阳从头走足，足三阴从足走腹；②阴阳经脉在四肢交接，表里两经相互络属；③逐经相传形成流注次序，从肺经始，依次相传，复还于肺，如环无端。其分布规律为阳经行于肢外侧及头面，阴经行于肢内侧及胸腹。,"十二经脉循行规律可记为""走向—交接—流注""三件事：手三阴从胸走手、手三阳从手走头、足三阳从头走足、足三阴从足走腹；阴阳经在四肢交接；气血按固定次序逐经相传，循环不息。这是学习每一条具体经脉循行的总纲。学习时应熟记走向歌诀与流注次序，再落到各经具体路线。",,
q009,痛经,modern,wennv_001,中医诊断学,四诊,问妇女（经·带·胎·产）,妇女有经、带、胎、产之异，问诊须加问月经周期、量色质、带下、妊娠与产后情况。教材归纳：月经辨气血寒热，带下辨湿浊虚实，胎产察冲任损益。,月经：周期提前、量多色红多血热或气虚；周期延后、量少色淡多血虚或寒凝；经色紫黑有块多血瘀；经前或经期小腹刺痛拒按多气滞血瘀；经后小腹隐痛喜按多气血两虚。经行不畅、乳房胀痛多肝郁气滞。闭经与崩漏须详询诱因与病程。带下：带下色白量多清稀多脾虚或肾虚；带下色黄黏稠臭秽多湿热下注；赤白带下多肝经郁热或湿毒。妊娠：停经伴嗜酸择食…,,
q009,痛经,modern,shixiaosan_001,《方剂学》规划教材（要点归纳）,理血剂,失笑散·活血祛瘀散结止痛,"传统方歌：""失笑蒲黄五灵脂，等分为末醋和宜，心腹瘀痛经腹痛，散瘀止痛笑中医。""（《局方》方，据教材要点归纳：五灵脂、蒲黄各等分，为末每服二钱，醋或黄酒冲服。）",失笑散为活血祛瘀、散结止痛之轻剂，主治瘀血停滞之心腹剧痛、产后恶露不行、月经不调、少腹急痛。本方五灵脂易伤胃，脾胃虚弱者宜饭后服，孕妇忌用。本方为要点归纳，供参考；具体用药请遵医嘱。,,
q009,痛经,modern,nanjing_068,难经,第六十八难,第六十八难,曰：五脏六腑，皆有井、荥、俞、经、合，皆何所主？  然：经言所出为井，所流为荥，所注为俞，所行为经，所入为合。井主心下满，荥主身热，俞主体重节痛，经主喘咳寒热，合主逆气而泄。此五脏六腑井、荥、俞、经、合所主病也。,本难论五输穴所主病。所出为井主心下满，所流为荥主身热，所注为俞主体重节痛，所行为经主喘咳寒热，所入为合主逆气而泄。,,
q009,痛经,modern,liuweianjiaonang_001,《中国药典》一部/药品说明书（要点归纳）,消导/理气/中成药,六味安消胶囊·和胃健脾消积导滞活血止痛,据现行版《中国药典》一部与药品说明书要点归纳：本品由大黄、北寒水石、诃子、碱花、土木香、山柰等组成，具和胃健脾、消积导滞、活血止痛之功，用于胃痛胀满、消化不良、大便秘结、痛经。用法用量按说明书口服。,六味安消胶囊为和胃健脾、消积导滞类中成药，用于饮食积滞、消化不良、脘腹胀满及便秘。方含大黄泻下导滞，孕妇忌服，妇女月经期、哺乳期慎用；脾胃虚弱无积滞者不宜久服。服药期间宜清淡饮食；便秘日久、便血或腹痛剧烈者应及时就医。本条目为中成药，请按说明书或在医师指导下使用。,,
q009,痛经,modern,snb_wujiapi_001,神农本草经,中经,五加皮,五加皮，味辛，温。主心腹疝气，腹痛，益气疗躄，小儿不能行，疽创阴蚀。,五加皮辛苦温，祛风除湿、补益肝肾、强筋壮骨，主治风湿痹痛、筋骨痿软、小儿行迟及水肿脚气。本经主心腹疝气腹痛、疗躄、小儿不能行，取其祛风湿、补肝肾、强筋骨之功。,,
q009,痛经,modern,yuejihua_001,中国药典（2025年版）一部,活血化瘀药,月季花,据《中国药典》2025 年版一部：月季花为蔷薇科植物月季 Rosa chinensis Jacq. 的干燥花（药用部位：花）。性味甘，温；归肝经。功能与主治：活血调经，疏肝解郁；用于气滞血瘀，月经不调，痛经，胸腹胀痛。用法与用量：3～6g。注意：孕妇慎用。贮藏：置阴凉干燥处，防压、防蛀。,**简明**：月季花甘温，活血调经而疏肝解郁，为治月经不调、痛经与肝郁胀痛的常用药。。**详解**：月经不调、痛经配当归、川芎、香附；胸腹胀痛配柴胡、郁金；跌打损伤配苏木、乳香。**孕妇慎用**；脾胃虚弱者不宜多服。,,
q009,痛经,modern,snb_shaoyao_001,神农本草经,中经,芍药,芍药，味苦，平。主邪气腹痛，除血痹，破坚积、寒热疝瘕，止痛，利小便，益气。,芍药苦酸微寒，养血敛阴、柔肝止痛，为调经缓急、平肝止痛要药。本经主腹痛、血痹、疝瘕，取其养血和营、缓急止痛之功。,,
q009,痛经,modern,snb_huanglian_001,神农本草经,中经,黄连,黄连，味，寒。主热气，目痛眦伤泣出，明目，肠澼腹痛下利，妇人阴中肿痛。,黄连大苦大寒，清热燥湿、泻火解毒之力最盛，善清心胃实火，主治高热神昏、心烦不寐、湿热痞满泻痢及痈肿疮毒。本经主目痛、肠澼、阴肿，皆取其泻火解毒燥湿之功。,,
q009,痛经,modern,shanghan_307,伤寒论,辨少阴病脉证并治,少阴腹痛小便不利下利脓血桃花汤（第307条）,少阴病，二三日至四五日，腹痛，小便不利，下利不止便脓血者，桃花汤主之。,少阴病二三日至四五日，腹痛、小便不利、下利不止而便脓血，为虚寒滑脱、大肠不约，水气不行。仍以桃花汤温涩固脱，滑止住而便脓血清，小便亦通。,,
q009,痛经,modern,snb_xiongqiong_001,神农本草经,上经,芎䓖,芎䓖，味辛，温。主中风入脑头痛，寒痹筋挛缓急，金疮，妇人血闭无子。生川谷。,芎䓖即川芎，辛温，活血行气、祛风止痛，主治胸胁刺痛、跌扑肿痛、月经不调、经闭痛经及头痛、风湿痹痛。阴虚火旺者慎用。,,
q009,痛经,modern,dianjixueteng_001,中国药典（2025年版）一部,活血化瘀药,滇鸡血藤,据《中国药典》2025 年版一部：滇鸡血藤为木兰科植物内南五味子 Kadsura interior A. C. Smith 的干燥藤茎（药用部位：藤茎）。性味苦、甘，温；归肝、肾经。功能与主治：活血补血，调经止痛，舒筋活络；用于月经不调，痛经，经闭，风湿痹痛，肢体麻木。用法与用量：9～15g。贮藏：置通风干燥处。,**简明**：滇鸡血藤苦甘温，活血补血而调经止痛，为云南地区治血虚经闭、风湿麻木的常用药。。**详解**：月经不调、痛经配当归、川芎、香附；血虚经闭配熟地黄、白芍、丹参；风湿痹痛、肢体麻木配桑枝、鸡血藤。,,
q009,痛经,modern,wailing_001,针灸学,足阳明胃经,外陵,出《针灸甲乙经》。《针灸甲乙经》：外陵，在天枢下一寸。,外陵定位在下腹部，当脐中下1寸，前正中线旁开2寸。主治腹痛、疝气、痛经、泄泻等少腹及前阴病证。刺法：直刺1~1.5寸。,,
q009,痛经,modern,daxueteng_001,中国药典（2025年版）一部,清热药,大血藤,据《中国药典》2025 年版一部：大血藤为木通科植物大血藤 Sargentodoxa cuneata (Oliv.) Rehd. et Wils. 的干燥藤茎（药用部位：藤茎）。性味苦，平；归大肠、肝经。功能与主治：清热解毒，活血，祛风止痛；用于肠痈腹痛，热毒疮疡，经闭，痛经，跌扑损伤，风湿痹痛。用法与用量：9～15g…,**简明**：大血藤苦平，清热解毒、活血祛风止痛，为治**肠痈**要药（配败酱草、蒲公英），兼治经闭痛经、跌打痹痛。**详解**：肠痈腹痛配败酱草、牡丹皮、蒲公英（红藤煎）；痛经闭经配当归、川芎、桃仁；风湿痹痛配威灵仙、秦艽。孕妇慎用。,,
q009,痛经,modern,sanleng_001,中国药典（2025年版）一部,活血化瘀药,三棱,据《中国药典》2025 年版一部：三棱为黑三棱科植物黑三棱 Sparganium stoloniferum Buch.-Ham. 的干燥块茎（药用部位：块茎）。性味辛、苦，平；归肝、脾经。功能与主治：破血行气，消积止痛；用于癥瘕痞块，痛经，瘀血经闭，胸痹心痛，食积胀痛。用法与用量：5～10g。注意：孕妇禁用。贮藏：置通…,**简明**：三棱辛苦平，破血行气、消积止痛，**破血之力峻于莪术**，主治癥瘕痞块、瘀血经闭、胸痹心痛及食积胀痛。**详解**：癥瘕配莪术、丹参；经闭痛经配当归、红花；食积胀痛配青皮、麦芽。**孕妇禁用**，月经过多者忌用。,,
q009,痛经,modern,ganqi_huo_001,中医诊断学,辨证,肝气郁结证与肝火上炎证,肝实证类。据规划教材《中医诊断学》归纳：肝气郁结证以胸胁、乳房、少腹胀痛走窜不定、情志抑郁或易怒、喜太息、咽部异物感、月经不调、痛经、苔薄白、脉弦为要点；肝火上炎证以头胀痛、眩晕、面红目赤、口苦口干、急躁易怒、耳鸣如潮、甚则吐血衄血、便秘尿黄、舌红苔黄、脉弦数为要点。,肝气郁结治宜疏肝解郁；肝火上炎治宜清肝泻火。二者病位均在肝，常相因为病——气郁日久可化火。鉴别眼目：肝气郁结以胀痛走窜、情志抑郁、脉弦为主，无明显热象；肝火上炎以面红目赤、口苦、急躁、舌红苔黄脉弦数为主，为气郁化火之实热证。肝火上炎属火性上炎，须与肝阳上亢之上盛下虚相鉴别（见肝阳上亢条）。,,
q009,痛经,modern,wangbuliuxing_001,中国药典（2025年版）一部,活血化瘀药,王不留行,据《中国药典》2025 年版一部：王不留行为石竹科植物麦蓝菜 Vaccaria segetalis (Neck.) Garcke 的干燥成熟种子（药用部位：成熟种子）。性味苦，平；归肝、胃经。功能与主治：活血通经，下乳消肿，利尿通淋；用于经闭，痛经，乳汁不下，乳痈肿痛，热淋，血淋，石淋。用法与用量：5～10g。注意：孕…,**简明**：王不留行苦平，活血通经、下乳消肿、利尿通淋，**性走而不守**，为**下乳要药**，兼治经闭痛经、乳痈及诸淋。**详解**：乳汁不下配穿山甲（代用品）、通草（涌泉散）；乳痈配蒲公英、瓜蒌；血淋石淋配金钱草、海金沙。孕妇慎用。,,
q009,痛经,modern,jianghuang_001,中国药典（2025年版）一部,活血化瘀药,姜黄,据《中国药典》2025 年版一部：姜黄为姜科植物姜黄 Curcuma longa L. 的干燥根茎（药用部位：根茎）。性味辛、苦，温；归脾、肝经。功能与主治：破血行气，通经止痛；用于胸胁刺痛，胸痹心痛，痛经经闭，癥瘕，跌扑肿痛，风湿肩臂疼痛。用法与用量：3～10g。外用适量。注意：孕妇慎用。贮藏：置阴凉干燥处。,**简明**：姜黄辛苦温，破血行气、通经止痛，尤善治**风湿肩臂疼痛**（横行肢节），兼治胸胁刺痛、痛经经闭、癥瘕。**详解**：肩臂痹痛配羌活、防风（蠲痹汤）；胸胁刺痛配柴胡、郁金；痛经配当归、香附。孕妇慎用，血虚无瘀者忌用。,,
q009,痛经,modern,mabiancao_001,中国药典（2025年版）一部,清热药,马鞭草,据《中国药典》2025 年版一部：马鞭草为马鞭草科植物马鞭草 Verbena officinalis L. 的干燥地上部分（药用部位：地上部分）。性味苦，凉；归肝、脾经。功能与主治：活血散瘀，解毒，利水，退黄，截疟；用于癥瘕积聚，经闭痛经，疟疾，喉痹，痈肿，水肿，热淋，黄疸。用法与用量：5～10g。外用适量。贮藏：置干…,**简明**：马鞭草苦凉，活血散瘀、解毒利水、退黄截疟，主治癥瘕经闭、疟疾、喉痹痈肿及水肿黄疸。**详解**：血瘀经闭癥瘕配当归、丹参、莪术；水肿配茯苓、泽泻；黄疸配茵陈；疟疾配青蒿、常山。孕妇慎用。,,
q009,痛经,modern,shuidao_001,针灸学,足阳明胃经,水道,出《针灸甲乙经》。《针灸甲乙经》：水道，在大巨下三寸。,水道定位在下腹部，当脐中下3寸，前正中线旁开2寸。主治水肿、小便不利、疝气、痛经、不孕等水液及妇科前阴病证。刺法：直刺1~1.5寸。,,
q009,痛经,modern,duyiwei_001,中国药典（2025年版）一部,止血药,独一味,据《中国药典》2025 年版一部：独一味为唇形科植物独一味 Lamiophlomis rotata (Benth.) Kudo 的干燥地上部分（药用部位：地上部分）。性味苦、微辛，平；归肝、脾经。功能与主治：活血止血，祛风止痛；用于跌打损伤，外伤出血，风湿痹痛，痛经。用法与用量：3～6g，多入丸散或研末冲服。外用适量。…,**简明**：独一味苦微辛平，活血止血而祛风止痛，为藏药治跌打损伤、外伤出血的要药。。**详解**：跌打损伤、瘀肿疼痛配三七、乳香；外伤出血研末外敷；风湿痹痛配独活、威灵仙；痛经配当归、延胡索。孕妇慎用。,,
q009,痛经,modern,chongweizi_001,中国药典（2025年版）一部,活血化瘀药,茺蔚子,据《中国药典》2025 年版一部：茺蔚子为唇形科植物益母草 Leonurus japonicus Houtt. 的干燥成熟果实（药用部位：成熟果实）。性味辛、苦，微寒；归心包、肝经。功能与主治：活血调经，清肝明目；用于月经不调，经闭痛经，产后瘀滞腹痛，目赤翳障，头晕胀痛。用法与用量：5～10g。注意：瞳孔散大者慎用。贮…,**简明**：茺蔚子辛苦微寒，活血调经而清肝明目，为益母草之果实，兼能降肝火。。**详解**：月经不调、经闭痛经配当归、川芎、益母草；目赤翳障配菊花、决明子、青葙子；肝阳头晕胀痛配钩藤、夏枯草。**瞳孔散大者慎用**；孕妇慎用。,,
q009,痛经,modern,snb_ejiao_001,神农本草经,上经,阿胶,阿胶，味甘，平。主心腹内崩，劳极洒洒如疟状，腰腹痛，四肢酸疼，女子下血，安胎。久服，益气。一名傅致胶。生太平郡。,阿胶甘平，补血止血、滋阴润燥、安胎，主治血虚萎黄、眩晕心悸、吐血尿血、崩漏带下及妊娠胎漏。,,
q009,痛经,modern,yuzhizi_001,中国药典（2025年版）一部,理气药,预知子,据《中国药典》2025 年版一部：预知子为木通科植物木通 Akebia quinata (Thunb.) Decne.、三叶木通 Akebia trifoliata (Thunb.) Koidz. 或白木通 Akebia trifoliata (Thunb.) Koidz. var. australis (Diels)…,**简明**：预知子苦寒，疏肝理气而活血止痛、利尿杀虫，为治脘胁胀痛与经闭的常用药（八月札）。。**详解**：脘胁胀痛配柴胡、香附、郁金；经闭痛经配当归、川芎、红花；小便不利配车前子；虫积腹痛配槟榔。,,
q009,痛经,modern,aidicha_001,中国药典（2025年版）一部,化痰止咳平喘药,矮地茶,据《中国药典》2025 年版一部：矮地茶为紫金牛科植物紫金牛 Ardisia japonica (Thunb.) Blume 的干燥全株（药用部位：全株）。性味辛、微苦，平；归肺、肝经。功能与主治：化痰止咳，清利湿热，活血化瘀；用于新久咳嗽，喘促痰鸣，湿热黄疸，水肿，经闭痛经，风湿痹痛，跌打损伤。用法与用量：15～30…,**简明**：矮地茶辛微苦平，化痰止咳、清利湿热、活血化瘀，主治**新久咳嗽**（肺痨咳血）、湿热黄疸水肿及瘀血诸痛。**详解**：咳嗽配百部、紫菀；黄疸配茵陈、金钱草；经闭痛经配当归、川芎。,,
q009,痛经,modern,juanbai_001,中国药典（2025年版）一部,活血化瘀药,卷柏,据《中国药典》2025 年版一部：卷柏为卷柏科植物卷柏 Selaginella tamariscina (Beauv.) Spring 或垫状卷柏 Selaginella pulvinata (Hook. et Grev.) Maxim. 的干燥全草（药用部位：全草）。性味辛，平；归肝、心经。功能与主治：活血通经；炒炭…,**简明**：卷柏辛平，生用活血通经，炒炭化瘀止血，为治经闭癥瘕与出血的常用药。。**详解**：经闭痛经配当归、川芎、红花；癥瘕痞块配三棱、莪术；吐血崩漏、便血炒炭配白茅根、茜草。**孕妇慎用**。,,
q009,痛经,modern,snb_puhuang_001,神农本草经,中经,蒲黄,蒲黄，味甘，平。主心腹膀胱寒热，利小便，止血，消瘀血。,蒲黄甘平，止血化瘀、利尿，主治吐血衄血咯血、崩漏外伤出血、经闭痛经、胸腹刺痛及血淋涩痛。本经主心腹膀胱寒热、止血消瘀血，取其止血不留瘀、活血不伤正之功。,,
q009,痛经,modern,zhongzhu_001,针灸学,足少阴肾经,中注,出《针灸甲乙经》。,中注为足少阴肾经穴，定位在下腹部，脐中下1寸，前正中线旁开0.5寸。主治月经不调、痛经，小便淋沥，以及泄泻、痢疾、便秘等胃肠病证。刺法：直刺1～1.5寸；可灸。,,
q009,痛经,modern,chishao_001,中国药典（2025年版）一部,清热药,赤芍,据《中国药典》2025 年版一部：赤芍为毛茛科植物芍药 Paeonia lactiflora Pall. 或川赤芍 Paeonia veitchii Lynch 的干燥根（药用部位：根）。性味苦，微寒；归肝经。功能与主治：清热凉血，散瘀止痛；用于热入营血，温毒发斑，血热吐衄，目赤肿痛，肝郁胁痛，经闭痛经，癥瘕腹痛，跌扑…,**简明**：赤芍苦微寒，清热凉血、散瘀止痛，主治血热发斑吐衄、目赤肿痛、经闭癥瘕、跌打痈肿。**详解**：温毒发斑配水牛角、生地（犀角地黄汤）；血瘀经闭痛经配桃仁、红花、当归；痈肿疮疡配金银花、连翘；肝郁胁痛配柴胡、白芍。**反藜芦**；血虚经闭者忌用。,,
q009,痛经,modern,mudanpi_001,中国药典（2025年版）一部,清热药,牡丹皮,据《中国药典》2025 年版一部：牡丹皮为毛茛科植物牡丹 Paeonia suffruticosa Andr. 的干燥根皮（药用部位：根皮）。性味苦、辛，微寒；归心、肝、肾经。功能与主治：清热凉血，活血化瘀；用于热入营血，温毒发斑，血热吐衄，温邪伤阴，阴虚发热，夜热早凉，无汗骨蒸，经闭痛经，癥瘕积聚，跌扑伤痛，痈肿疮毒…,**简明**：牡丹皮苦辛微寒，清热凉血、活血化瘀，凉血而不留瘀、活血而不妄行，主治血热发斑吐衄、无汗骨蒸、经闭癥瘕及疮痈。**详解**：热入营血配水牛角、生地（犀角地黄汤）；阴虚夜热早凉配青蒿、鳖甲；血瘀经闭配桃仁、桂枝（桂枝茯苓丸）；痈肿配金银花、连翘。孕妇慎用，血虚有寒、月经过多者不宜。,,
q009,痛经,modern,qugu_001,针灸学,任脉,曲骨,出《针灸甲乙经》。,曲骨属任脉，定位在下腹部，前正中线上，耻骨联合上缘的中点处。主治小便不利、遗尿、遗精阳痿、月经不调、痛经、带下及阴湿。刺法：直刺0.5～1寸（排尿后针刺）；可灸。,,
q009,痛经,modern,snb_mudan_001,神农本草经,中经,牡丹,牡丹，味辛，寒。主寒热，中风瘈疭痉，惊痫邪气，除症坚瘀血留舍肠胃，安五脏，疗痈创。,牡丹皮苦辛微寒，清热凉血、活血化瘀，主治热入营血、温毒发斑、吐血衄血、经闭痛经、跌扑伤痛及痈肿疮毒。本经主中风瘈疭、症坚瘀血、痈创，取其清热凉血、活血散瘀之功。,,
q009,痛经,modern,snb_wangbuliuxing_001,神农本草经,下经,王不留行,王不留行，味苦，平。主金创，止血，逐痛，出刺，除风痹内寒。久服轻身，耐老，增寿。生山谷。,王不留行苦平，活血通经、下乳消肿、利尿通淋，主治瘀血经闭、痛经、产后乳汁不下、乳痈肿痛及淋证涩痛。其性走窜通利，孕妇及无瘀滞者忌用，月经过多者慎用，不宜久服。,,
q009,痛经,modern,snb_danggui_001,神农本草经,中经,当归,当归，味甘，温。主咳逆上气，温疟寒热，洗洗在皮肤中；妇人漏下绝子，诸恶创疡，金创。,当归甘辛温润，为补血活血、调经止痛之要药，凡血虚血瘀之月经不调、经闭痛经、跌打痈肿及肠燥便秘皆可用。本经所载主咳逆、漏下、金创，皆取其养血和血、扶正祛邪之功。,,
q009,痛经,modern,jixueteng_001,中国药典（2025年版）一部,活血化瘀药,鸡血藤,据《中国药典》2025 年版一部：鸡血藤为豆科植物密花豆 Spatholobus suberectus Dunn 的干燥藤茎（药用部位：藤茎）。性味苦、甘，温；归肝、肾经。功能与主治：活血补血，调经止痛，舒筋活络；用于月经不调，痛经，经闭，风湿痹痛，麻木瘫痪，血虚萎黄。用法与用量：9～15g。贮藏：置通风干燥处，防霉，…,**简明**：鸡血藤苦甘温，**活血补血**（活血而不伤血、补血而不滞血）、调经止痛、舒筋活络，主治月经不调痛经、风湿痹痛麻木及血虚萎黄。**详解**：血虚月经不调配熟地黄、当归；痹痛麻木配独活、威灵仙；血虚萎黄配黄芪、当归。可熬膏常服。,,
q009,痛经,modern,pianjianghuang_001,中国药典（2025年版）一部,活血化瘀药,片姜黄,据《中国药典》2025 年版一部：片姜黄为姜科植物温郁金 Curcuma wenyujin Y. H. Chen et C. Ling 的干燥根茎（药用部位：根茎）。性味辛、苦，温；归脾、肝经。功能与主治：破血行气，通经止痛；用于血瘀气滞，胸胁刺痛，经闭腹痛，风湿肩臂疼痛。用法与用量：3～9g。外用适量。注意：孕妇慎用…,**简明**：片姜黄辛苦温，破血行气而通经止痛，为治胸胁刺痛与肩臂痹痛的常用药。。**详解**：胸胁刺痛配柴胡、郁金、延胡索；经闭腹痛配当归、川芎、红花；风湿肩臂疼痛配羌活、桂枝。**孕妇慎用**。,,
q009,痛经,modern,zhongji_001,针灸学,任脉,中极,出《针灸甲乙经》。,中极为膀胱募穴、足三阴与任脉交会穴，定位在下腹部，前正中线上，脐中下4寸。主治遗尿、小便不利、遗精阳痿、月经不调、带下、痛经、不孕及疝气。刺法：直刺0.5～1寸；可灸。,,
q009,痛经,modern,qumai_001,中国药典（2025年版）一部,利水渗湿药,瞿麦,据《中国药典》2025 年版一部：瞿麦为石竹科植物瞿麦 Dianthus superbus L. 或石竹 Dianthus chinensis L. 的干燥地上部分（药用部位：地上部分）。性味苦，寒；归心、小肠经。功能与主治：利尿通淋，破血通经；用于热淋，血淋，石淋，小便不通，淋沥涩痛，经闭瘀阻。用法与用量：9～15g…,**简明**：瞿麦苦寒，利尿通淋、破血通经，主治热淋血淋石淋及瘀血经闭。**详解**：热淋配车前子、滑石（八正散）；血淋配小蓟、白茅根；经闭配当归、桃仁、红花。孕妇慎用，肾虚体弱者忌用。,,
q009,痛经,modern,qihai_001,针灸学,任脉,气海,出《针灸甲乙经》。,气海为肓之原、补气保健要穴，定位在下腹部，前正中线上，脐中下1.5寸。主治腹痛、泄泻、便秘、虚脱气喘、月经不调、痛经带下、遗精阳痿及中风脱证。刺法：直刺1～1.5寸；可灸。,,
q009,痛经,modern,snb_qicao_001,神农本草经,下经,蛴螬,蛴螬，味咸，微温。主恶血瘀血，痹气，破折血在胁下坚满痛，月闭，目中淫肤，青翳白膜。生河内平泽。,蛴螬（金龟子科昆虫幼虫）咸微温有小毒，破瘀通经、散结止痛，兼明目退翳，主治跌打损伤瘀血作痛、经闭癥瘕及目翳遮睛。其有小毒，须炒制入丸散，孕妇及无瘀血者忌用，不宜久服。,,
q009,痛经,modern,danguisinitang_001,伤寒论,辨厥阴病脉证并治,当归四逆汤方,手足厥寒，脉细欲绝者，当归四逆汤主之。 当归四逆汤方 当归三两（辛温） 桂枝三两（辛热） 芍药三两（酸寒） 细辛三两（辛热） 大枣二十五个（甘温） 通草二两（甘平） 甘草二两（炙，甘平）有七味，以水八升，煮取三升，去滓，温服一升，日三服。 若其人内有久寒者，宜当归四逆加吴茱萸生姜汤主之。,当归四逆汤主治血虚寒凝之手足厥寒、脉细欲绝。当归养血和血，桂枝、细辛温经散寒，芍药、甘草缓急止痛，通草通利血脉，大枣益气养血。此方温经散寒而重在养血，为治疗冻疮、痛经之常用方。,,
q009,痛经,modern,sumu_001,中国药典（2025年版）一部,活血化瘀药,苏木,据《中国药典》2025 年版一部：苏木为豆科植物苏木 Caesalpinia sappan L. 的干燥心材（药用部位：心材）。性味甘、咸，平；归心、肝、脾经。功能与主治：活血祛瘀，消肿止痛；用于跌打损伤，骨折筋伤，瘀滞肿痛，经闭痛经，产后瘀阻，胸腹刺痛，痈疽肿痛。用法与用量：3～9g。注意：孕妇慎用。贮藏：置干燥处。…,**简明**：苏木甘咸平，活血祛瘀、消肿止痛，为**伤科要药**，主治跌打骨折瘀肿、经闭痛经、产后瘀阻及心腹刺痛。**详解**：跌打瘀肿配乳香、没药、自然铜；痛经经闭配当归、川芎。孕妇慎用，血虚无瘀者忌用。,,
q009,痛经,modern,wulingzhi_001,中国药典（2025年版）一部,活血化瘀药,五灵脂,据《中国药典》2025 年版一部：五灵脂为鼯鼠科动物复齿鼯鼠 Trogopterus xanthipes Milne-Edwards 的干燥粪便（药用部位：干燥粪便）。性味苦、甘，温；归肝、脾经。功能与主治：活血化瘀，通脉止痛；用于胸痹心痛，脘腹胁肋刺痛，痛经经闭，产后瘀阻，跌扑肿痛。用法与用量：3～10g，包煎。注意…,**简明**：五灵脂苦甘温，活血化瘀、通脉止痛，主治心腹瘀痛、痛经经闭、产后瘀阻及跌扑肿痛。**详解**：瘀血心腹刺痛配蒲黄（失笑散）；痛经配当归、川芎。**入汤剂包煎**；**不宜与人参同用**（十九畏）；孕妇慎用。,,
q009,痛经,modern,guizhifulingwan_002,《中国药典》一部/药品说明书（要点归纳）,止咳/外妇儿/中成药,桂枝茯苓丸·活血消癥,据现行版《中国药典》一部与药品说明书要点归纳：本品由桂枝、茯苓、牡丹皮、赤芍、桃仁组成，具活血、消癥之功，用于妇人宿有癥块，或血瘀经闭，行经腹痛，产后恶露不尽。用法用量按说明书口服。,桂枝茯苓丸为古方（《金匮要略》）改制的活血消癥类妇科处方药，用于妇人癥块、血瘀经闭、产后恶露不尽。本方活血，孕妇禁用；经期及经后慎用；癥块性质不明者应先就医明确诊断。本条目为中成药，请按说明书或在医师指导下使用。,,
q009,痛经,modern,shenghuatang_001,《方剂学》规划教材（要点归纳）,理血剂,生化汤·化瘀生新温经止痛,"传统方歌：""生化汤宜产后尝，归芎桃草炮姜良，勿因小产轻尝试，恶露行时腹痛康。""（《傅青主女科》方，据教材要点归纳：当归约八钱、川芎约三钱、桃仁约十四枚、干姜炮黑五分、炙甘草五分，黄酒童便各半煎服。）",生化汤为产后常用方，主治产后血虚受寒、恶露不行之小腹冷痛。本方为产后瘀寒之常方，须在产后遵医嘱使用，血热瘀阻、产后出血过多者不宜。本方为要点归纳，供参考；具体用药请遵医嘱。,,
q009,痛经,modern,shidushui_001,《中国药典》一部/药品说明书（要点归纳）,止咳/外妇儿/中成药,十滴水·健胃祛暑,据现行版《中国药典》一部与药品说明书要点归纳：本品由樟脑、干姜、大黄、小茴香、肉桂、辣椒、桉油等制成酊剂，具健胃、祛暑之功，用于中暑引起的头晕、恶心、腹痛、胃肠不适。用法用量按说明书口服。,十滴水为祛暑健胃类中成药，用于夏日中暑之头晕、恶心、腹痛、胃肠不适。本品含樟脑、辣椒及酒精，孕妇忌服，婴幼儿禁用，驾驶员及高空作业者慎用；不宜超量久服。中暑出现高热、神昏、抽搐、脱水者为急症，应立即移至阴凉处并就医。本条目为中成药，请按说明书或在医师指导下使用。,,
q009,痛经,modern,wangbi_001,《中医诊断学》规划教材（要点归纳）,四诊,望鼻·鼻之色泽形态鼻涕,望鼻是观察鼻之色泽形态及鼻涕。鼻为肺之窍，属脾经。鼻端色赤为脾肺蕴热；鼻端色青为阴寒腹痛；鼻端晦暗枯槁为胃气已衰；鼻涕清稀为外感风寒；鼻涕黄稠为外感风热；鼻翼煽动为肺热喘促。,鼻为肺窍，鼻之色泽形态鼻涕反映肺与脾胃寒热。鼻翼煽动、鼻衄不止、鼻柱溃烂须就医。此为教材要点归纳，供参考；具体诊疗请遵医嘱，不引导自我诊断。,,
q009,痛经,modern,xiaohuixiang_001,中国药典（2025年版）一部,温里药,小茴香,据《中国药典》2025 年版一部：小茴香为伞形科植物茴香 Foeniculum vulgare Mill. 的干燥成熟果实（药用部位：成熟果实）。性味辛，温；归肝、肾、脾、胃经。功能与主治：散寒止痛，理气和胃；用于寒疝腹痛，睾丸偏坠，痛经，少腹冷痛，脘腹胀痛，食少吐泻。用法与用量：3～6g。外用适量。贮藏：置阴凉干燥处…,**简明**：小茴香辛温，散寒止痛、理气和胃，主治**寒疝腹痛**、睾丸偏坠、痛经及脘腹胀痛，亦作调味香辛料。**详解**：寒疝少腹痛配乌药、肉桂（暖肝煎）；痛经配当归、香附；胃寒脘痛配干姜、木香。阴虚火旺者慎用。,,
q009,痛经,modern,shanghan_172,伤寒论,辨太阳病脉证并治下,白虎加人参汤证治（第172条）,伤寒病，若吐、若下后，七八日不解，热结在里，表里俱热，时时恶风，大渴，舌上干燥而烦，欲饮水数升者，白虎加人参汤主之。 白虎加人参汤方 知母六两 石膏一斤（碎） 甘草二两（炙）人参二两 粳米六合 上五味，以水一斗，煮米熟，汤成去滓，温服一升，日三服。此方立夏后、立秋前乃可服，立秋后不可服。正月、二月、三月尚凛冷，亦不可与…,本条论述太阳病之脉证。症见恶风、呕、烦、腹痛、渴。治以白虎加人参汤（清热生津、益气除烦），药后观其进退。,,
q009,痛经,modern,changyong_001,《中医外科学》规划教材（要点归纳）,外科,肠痈·右下腹痛拒按伴发热恶心,肠痈是发生于肠道的痈肿，属急腹症，其特点是转移性右下腹痛，伴恶心呕吐、发热，右下腹局限性压痛或拒按。病因多为饮食不节、饱食后急剧奔走、寒温不适，致肠道气滞血瘀、湿热蕴结、热胜肉腐。辨证分瘀滞、湿热、热毒等型。,肠痈治疗瘀滞期行气活血，湿热期通腑泄热，热毒期解毒透脓。本病相当于急性阑尾炎，起病急、变化快，应及时就医，需手术者不可延误。教材要点归纳，供参考；具体诊疗请遵医嘱。,,
q009,痛经,modern,futong_001,中医内科学,脾胃系病证,腹痛,《素问·举痛论》：「寒气客于小肠，小肠不得成聚，故后泄腹痛矣。」又云「热气留于小肠，肠中痛，瘅热焦渴，则坚干不得出，故痛而闭不通矣」。《金匮要略》立寒疝、实痛、虚痛辨证论治大纲。（据规划教材《中医内科学·脾胃系病证·腹痛》归纳）,腹痛指胃脘以下、耻骨毛际以上部位发生疼痛为主症的病证，可伴腹胀、泄泻、便秘、恶心、纳差。病位在腹，涉及肝、胆、脾、肾、膀胱、大小肠及足三阴、足少阳、手足阳明、冲、任等经脉。基本病机为脏腑气机不利、气血运行不畅，或经脉失养，不通则痛或不荣则痛。辨证当分寒热虚实气血：寒邪内阻（良附丸合正气天香散散寒温里）、湿热壅滞（大承气…,,
q009,痛经,modern,anwanfu_001,《中医诊断学》规划教材（要点归纳）,四诊,按脘腹·脘腹软硬胀满压痛辨脏腑寒热虚实,按脘腹是用手触按患者脘腹部，通过探察其软硬、胀满、压痛及包块等变化以辨别脏腑寒热虚实的诊法。腹痛喜按多属虚，拒按多属实；腹满按之濡软多属虚满，按之硬痛多属实满；腹部包块固定不移多属血瘀（癥），聚散无常多属气滞（瘕）。,按脘腹以喜按拒按辨虚实、软硬辨胀满、包块聚散辨气血：喜按属虚、拒按属实，固定属血瘀、聚散属气滞。此为教材要点归纳，供参考；具体诊疗请遵医嘱，不引导自我诊断。,,
q009,痛经,modern,taidongbuan_001,《中医妇科学》规划教材（要点归纳）,妇科,胎动不安·妊娠期腰酸腹痛胎动下坠阴道少量出血,胎动不安是指妊娠期出现腰酸腹痛、胎动下坠、或阴道少量出血者，相当于西医先兆流产。病因多为肾虚、气血虚弱、血热、血瘀或外伤，致冲任损伤、胎元不固。辨证常见肾虚、气血虚弱、血热、血瘀等型。治法以安胎为主，补肾、益气、清热、固冲止血。,胎动不安属先兆流产范畴，治疗以安胎为大法。肾虚用寿胎丸，气血虚弱用胎元饮，血热用保阴煎。若出血增多、腹痛加剧、腰酸下坠明显，有发展为堕胎、小产之虞，须立即就医。本条目为教材要点归纳，供参考；具体诊疗请遵医嘱。,,
q009,痛经,modern,changyanningpian_001,《中国药典》一部/药品说明书（要点归纳）,消导/理气/中成药,肠炎宁片·清热利湿行气,据现行版《中国药典》一部与药品说明书要点归纳：本品由地锦草、金毛耳草、樟树根、香薷、枫香树叶等组成，具清热利湿、行气之功，用于大肠湿热所致泄泻，症见大便泄泻、腹痛腹胀；急慢性胃肠炎、腹泻、小儿消化不良见上述证候者。用法用量按说明书口服。,肠炎宁片为清热利湿止泻类中成药，用于大肠湿热之急慢性胃肠炎、腹泻腹痛。本品性偏寒凉，脾胃虚寒泄泻、寒湿痢者慎用。服药期间饮食宜清淡，忌烟酒辛辣油腻；腹泻伴高热、剧烈腹痛、脓血便或脱水者应及时就医。本条目为中成药，请按说明书或在医师指导下使用。,,
q009,痛经,modern,huluba_001,中国药典（2025年版）一部,补虚药,胡芦巴,据《中国药典》2025 年版一部：胡芦巴为豆科植物胡芦巴 Trigonella foenum-graecum L. 的干燥成熟种子（药用部位：成熟种子）。性味苦，温；归肾经。功能与主治：温肾助阳，散寒止痛；用于肾阳不足，阳痿遗精，腰膝冷痛，寒疝腹痛，寒湿脚气。用法与用量：5～10g。贮藏：置干燥处。,**简明**：胡芦巴苦温，温肾助阳而散寒止痛，为治肾虚腰冷、寒疝脚气的常用药。。**详解**：肾阳不足、阳痿遗精配淫羊藿、菟丝子；腰膝冷痛配杜仲、补骨脂；寒疝腹痛配小茴香、乌药；寒湿脚气配木瓜、吴茱萸。**阴虚火旺者忌用**。,,
q009,痛经,modern,bajiaohuixiang_001,中国药典（2025年版）一部,温里药,八角茴香,据《中国药典》2025 年版一部：八角茴香为木兰科植物八角茴香 Illicium verum Hook. f. 的干燥成熟果实（药用部位：成熟果实）。性味辛，温；归肝、肾、脾、胃经。功能与主治：温阳散寒，理气止痛；用于寒疝腹痛，肾虚腰痛，胃寒呕吐，脘腹冷痛。用法与用量：3～6g。贮藏：置阴凉干燥处。,**简明**：八角茴香辛温，温阳散寒而理气止痛，为治寒疝腹痛与胃寒呕吐的常用药。。**详解**：寒疝腹痛配小茴香、乌药；肾虚腰痛配杜仲、补骨脂；胃寒呕吐、脘腹冷痛配高良姜、丁香。**阴虚火旺者慎用**。,,
q009,痛经,modern,fujie_001,针灸学,足太阴脾经,腹结,出《针灸甲乙经》。,腹结属足太阴脾经，定位在下腹部，大横下1.3寸，距前正中线4寸。主治腹痛、泄泻、疝气。刺法：直刺1～1.5寸；可灸。,,
q009,痛经,modern,daheng_001,针灸学,足太阴脾经,大横,出《针灸甲乙经》。,大横属足太阴脾经，定位在腹中部，距脐中4寸。为调理肠胃要穴，主治腹胀、腹痛、泄泻、便秘。刺法：直刺1～1.5寸；可灸。,,
q009,痛经,modern,guanmen_001,针灸学,足阳明胃经,关门,出《针灸甲乙经》。《针灸甲乙经》：关门，在梁门下一寸。,关门定位在上腹部，当脐中上3寸，前正中线旁开2寸。主治腹胀、腹痛、肠鸣、泄泻、水肿等肠胃病证。刺法：直刺0.5~0.8寸。,,
q009,痛经,modern,shenque_001,针灸学,任脉,神阙,出《针灸甲乙经》。,神阙属任脉，定位在脐区，脐中央。主治腹痛、久泻脱肛、中风虚脱、水肿，为急救回阳要穴。刺法：禁刺；多用艾条或艾炷隔盐灸。,,
q009,痛经,modern,baojiwan_001,《中国药典》一部/药品说明书（要点归纳）,解表剂/中成药,保济丸·解表祛湿和中,据现行版《中国药典》一部与药品说明书要点归纳：本品由钩藤、菊花、蒺藜、厚朴、木香、苍术、天花粉、广藿香、葛根、化橘红、白芷、薄荷、茯苓、薏苡仁等组成，具解表、祛湿、和中之功，用于暑湿感冒，症见发热头痛、腹痛腹泻、恶心呕吐、肠胃不适，亦用于晕车晕船。用法用量按说明书口服。,保济丸为岭南常用解暑和中类中成药，用于暑湿感冒之发热头痛、腹痛吐泻、肠胃不适，亦可用于晕车晕船。服药期间忌烟、酒及辛辣生冷油腻，不宜同时服用滋补性中药；孕妇忌服，哺乳期妇女、儿童、年老体弱者应在医师指导下使用。本条目为中成药，请按说明书或在医师指导下使用。,,
q009,痛经,modern,fuai_001,针灸学,足太阴脾经,腹哀,出《针灸甲乙经》。,腹哀属足太阴脾经，定位在上腹部，当脐中上3寸，距前正中线4寸。主治消化不良、腹痛、便秘、泄泻。刺法：直刺1～1.5寸；可灸。,,
q009,痛经,modern,snb_baijiang_001,神农本草经,中经,败酱,败酱，味苦，平。主暴热火创赤气，疥瘙疽痔，马鞍热气。,败酱辛苦微寒，清热解毒、消痈排脓、祛瘀止痛，主治肠肺痈疮疡及产后瘀阻腹痛。本经主暴热火创、疥瘙疽痔，取其清热解毒消痈之功。,,
q009,痛经,modern,heshi_001,中国药典（2025年版）一部,驱虫药,鹤虱,据《中国药典》2025 年版一部：鹤虱为菊科植物天名精 Carpesium abrotanoides L. 的干燥成熟果实（药用部位：成熟果实）。性味苦、辛，平；有小毒；归脾、胃经。功能与主治：杀虫消积；用于蛔虫病，蛲虫病，绦虫病，虫积腹痛，小儿疳积。用法与用量：3～9g。贮藏：置阴凉干燥处。  **【古注】】 《本草…,**简明**：鹤虱苦辛平有小毒，杀虫消积，治蛔虫蛲虫绦虫及小儿疳积，多入复方。**详解**：虫积腹痛配槟榔、使君子（化虫丸）。有小毒，不宜过量久服。,,
q009,痛经,modern,fushe_001,针灸学,足太阴脾经,府舍,出《针灸甲乙经》。,府舍属足太阴脾经，定位在下腹部，当脐中下4寸，冲门上方0.7寸，距前正中线4寸。主治腹痛、疝气、积聚。刺法：直刺1～1.5寸；可灸。,,
q009,痛经,modern,shuifen_001,针灸学,任脉,水分,出《针灸甲乙经》。,水分为任脉穴，定位在上腹部，前正中线上，脐中上1寸。主治水肿、小便不利、腹痛泄泻及反胃吐食，善治水病。刺法：直刺1～1.5寸；可灸。,,
q009,痛经,modern,weidao_001,针灸学,足少阳胆经,维道,出《针灸甲乙经》。,维道为足少阳与带脉交会穴，定位在侧腹部，髂前上棘前下方，五枢前下0.5寸。主治腹痛、疝气、带下、阴挺及水肿。操作直刺1～1.5寸；可灸。,,
q009,痛经,modern,wushu_001,针灸学,足少阳胆经,五枢,出《针灸甲乙经》。,五枢为足少阳与带脉交会穴，定位在侧腹部，髂前上棘前方，横平脐下3寸处。主治腹痛、疝气、带下、便秘及腰胯痛。操作直刺1～1.5寸；可灸。,,
q009,痛经,modern,xiawan_001,针灸学,任脉,下脘,出《针灸甲乙经》。,下脘为足太阴与任脉交会穴，定位在上腹部，前正中线上，脐中上2寸。主治腹痛腹胀、呕吐泄泻、消化不良及痞块。刺法：直刺1～1.5寸；可灸。,,
q009,痛经,modern,nanjing_057,难经,第五十七难,第五十七难,曰：泄凡有几？皆有名不？  然：泄凡有五，其名不同。有胃泄，有脾泄，有大肠泄，有小肠泄，有大瘕泄，名曰后重。胃泄者，饮食不化，色黄。脾泄者、腹胀满，泄注，食即呕吐逆。大肠泄者，食已窘迫，大便色白，肠鸣切痛。小肠泄者，溲而便脓血，少腹痛。大瘕泄者，里急后重，数至圊而不能便，茎中痛。此五泄之要法也。,本难论五泄。胃泄饮食不化色黄，脾泄腹胀泄注食即呕逆，大肠泄食已窘迫肠鸣切痛，小肠泄溲便脓血少腹痛，大瘕泄里急后重数至圊不能便。,,
q009,痛经,modern,shanghan_097,伤寒论,辨太阳病脉证并治中,小建中汤证及小柴胡汤（第97条）,伤寒，阳脉涩，阴脉弦，法当腹中急痛者，先与小建中汤；不差者，与小柴胡汤主之。 小建中汤方 桂枝三两（去皮，味辛热） 甘草三两（炙，味甘平） 大枣十二枚（掰，味甘温） 芍药六两（味酸微寒） 生姜三两（切，味辛温） 胶饴一升（味甘温）右六味，以水七升，煮取三升，去滓，内胶饴，更上微火，消解，温服一升，日三服。呕家不可用建中…,本条论少阳兼里虚腹痛。伤寒阳脉涩、阴脉弦，法当腹中急痛者，先与小建中汤补虚缓急；不差者，与小柴胡汤主之。小建中汤温中健脾、和里缓急。,,
q009,痛经,modern,shangqu_001,针灸学,足少阴肾经,商曲,出《针灸甲乙经》。,商曲为足少阴肾经穴，定位在上腹部，脐中上2寸，前正中线旁开0.5寸。主治胃痛、腹痛、腹胀、泄泻、便秘等胃肠病证。刺法：直刺1～1.5寸；可灸。,,
q009,痛经,modern,baitouwengtang_001,伤寒论,辨厥阴病脉证并治,白头翁汤方,热利下重者，白头翁汤主之。 白头翁汤方 白头翁二两（苦寒） 黄连（苦寒） 黄柏（苦寒） 秦皮（苦寒）各三两右四味，以水七升，煮取二升，去滓，温服一升；不愈，更服一升。,白头翁汤主治热毒痢疾之下利脓血、腹痛、里急后重、肛门灼热、渴欲饮水。白头翁清热解毒、凉血止痢为君，黄连、黄柏清热燥湿解毒，秦皮清热收涩止痢。,,
q009,痛经,modern,snb_chixiaodou_001,神农本草经,中经,赤小豆,赤小豆，味甘酸，平。主下水，排痈肿脓血。,赤小豆甘酸平，利水消肿、解毒排脓，主治水肿胀满、脚气浮肿、黄疸尿赤风湿热痹及痈肿疮毒肠痈腹痛。本经主下水、排痈肿脓血，取其利水湿、排脓解毒之功。,,
q009,痛经,modern,huangshu_001,针灸学,足少阴肾经,肓俞,出《针灸甲乙经》。,肓俞为足少阴肾经穴，定位在腹中部，脐中旁开0.5寸。主治腹痛绕脐、腹胀、呕吐、便秘、泄泻等胃肠病证，以及疝气、月经不调。刺法：直刺1～1.5寸；可灸。,,
q009,痛经,modern,yuejingbing_001,《中医妇科学》规划教材（要点归纳）,妇科,月经病总论·月经失调类疾病概述,月经病是指月经的周期、经期、经量、经色、经质发生异常改变，或伴随月经周期出现明显不适症状的疾病。病因有情志内伤、外感六淫、多产房劳、先天禀赋不足等；病机为脏腑功能失常、气血失调、冲任二脉损伤。治疗以调经为大法，调理气血、补肾、疏肝、健脾，兼顾调冲任。,月经病辨证首辨经期、经量、经色、经质，再结合兼证与舌脉分虚实寒热。治疗原则：经前调气、经后调血、平时调脏腑。凡经量骤增、剧烈腹痛、异常出血者须及时就医。,,
q009,痛经,modern,meiguihua_001,中国药典（2025年版）一部,理气药,玫瑰花,据《中国药典》2025 年版一部：玫瑰花为蔷薇科植物玫瑰 Rosa rugosa Thunb. 的干燥花蕾（药用部位：花蕾）。性味甘、微苦，温；归肝、脾经。功能与主治：行气解郁，和血，止痛；用于肝胃气痛，食少呕恶，月经不调，经前乳房胀痛，跌扑伤痛。用法与用量：3～6g。贮藏：密闭，置阴凉干燥处。  **【古注】】 《本…,**简明**：玫瑰花甘微苦温，行气解郁、和血止痛，药性平和，主治肝胃气痛、食少呕恶、月经不调及经前乳胀。**详解**：肝胃气痛配香附、佛手；月经不调经前乳胀配当归、白芍、柴胡；跌打伤痛配乳香、没药。可代茶饮。,,
q009,痛经,modern,taiyinjingzheng_001,《中医诊断学》规划教材（要点归纳）,辨证,太阴经证·里虚寒腹满而吐,太阴经证是脾阳虚衰、寒湿内阻所致的里虚寒证候。以腹满而吐、食不下、自利、时腹自痛、口不渴为辨证要点。病机为中焦虚寒、运化失司、寒湿内盛，属三阴病之虚寒初起。,太阴经证以腹满、自利、时痛、口不渴为特征，属脾胃虚寒，治宜温中健脾，代表方理中汤。与阳明腑实之腹满硬痛拒按、大便秘结鉴别。此为教材要点归纳，供参考；具体诊疗请遵医嘱，不引导自我诊断。,,
q009,痛经,modern,wenjingdai_001,《中医诊断学》规划教材（要点归纳）,四诊,问经带·月经带下经期量色质辨冲任,问经带是询问妇女月经的周期、行经天数、经量经色经质及带下的量色气味，以辨冲任气血寒热虚实的诊法。月经先期量多色红多属血热；后期量少色淡多属血虚或血寒；经色紫暗有块多属血瘀；经前腹痛多属实、经后腹痛多属虚。带下量多色白多属脾虚湿盛，色黄臭秽多属湿热下注。,问经带以周期、量、色、质辨冲任气血：先期多血热、后期多血虚寒、有块多血瘀、腹痛辨虚实；带下色黄臭秽属湿热。此为教材要点归纳，供参考；具体诊疗请遵医嘱，不引导自我诊断。,,
q009,痛经,modern,xiangfu_001,中国药典（2025年版）一部,理气药,香附,据《中国药典》2025 年版一部：香附为莎草科植物莎草 Cyperus rotundus L. 的干燥根茎（药用部位：根茎）。性味辛、微苦、微甘，平；归肝、脾、三焦经。功能与主治：疏肝解郁，理气宽中，调经止痛；用于肝郁气滞，胸胁胀痛，疝气疼痛，乳房胀痛，脾胃气滞，脘腹痞闷，胀满疼痛，月经不调，经闭痛经。用法与用量：6～…,**简明**：香附辛微苦微甘平，疏肝解郁、理气宽中、调经止痛，为「气病之总司、女科之主帅」，主治肝郁胁痛、脘腹痞闷及月经不调痛经。**详解**：肝郁胁胀配柴胡、白芍（柴胡疏肝散）；胃寒脘痛配高良姜（良附丸）；痛经配当归、川芎、白芍；六郁配苍术、栀子（越鞠丸）。醋制偏入肝经止痛，酒制通行经络。,,
q009,痛经,modern,danshen_001,中国药典（2025年版）一部,活血化瘀药,丹参,据《中国药典》2025 年版一部：丹参为唇形科植物丹参 Salvia miltiorrhiza Bge. 的干燥根和根茎（药用部位：根和根茎）。性味苦，微寒；归心、肝经。功能与主治：活血祛瘀，通经止痛，清心除烦，凉血消痈；用于胸痹心痛，脘腹胁痛，癥瘕积聚，热痹疼痛，心烦不眠，月经不调，痛经经闭，疮疡肿痛。用法与用量：1…,**简明**：丹参苦微寒，活血祛瘀、通经止痛、清心除烦、凉血消痈，为**妇科调经与胸痹心痛**之要药（「一味丹参功同四物」）。**详解**：胸痹心痛配檀香、砂仁（丹参饮）；血瘀经闭配桃仁、红花；热入营血心烦配生地黄、玄参；疮疡配金银花、连翘。**反藜芦**；孕妇慎用，月经过多者忌用。,,
q009,痛经,modern,suwen_039,黄帝内经素问,举痛论篇第三十九,举痛论篇第三十九,黄帝问曰：余闻善言天者，必有验于人；善言古者，必有合于今；善言人者，必有厌于己。如此则道不惑而要数极，所谓明也。今余问于夫子，令言而可知，视而可见，扪而可得，令验于己而发蒙解惑，可得而闻乎？岐伯再拜稽首对曰：何道之问也？帝曰：愿闻人之五脏卒痛，何气使然？岐伯对曰：经脉流行不止，环周不休。寒气入经而稽迟，泣（涩的通假字，…,本篇论卒痛之因与九气为病。谓经脉流行不止，寒气入经稽迟、泣而不行，客于脉外则血少、客于脉中则气不通，故卒然而痛。详列十四种不同痛形及其客邪所舍、按之痛止与否之理。又举百病生于气：怒则气上、喜则气缓、悲则气消、恐则气下、寒则气收、炅则气泄、惊则气乱、劳则气耗、思则气结。,,
q009,痛经,modern,wentong_001,中医诊断学,四诊,问疼痛性质,疼痛总由「不通则痛」「不荣则痛」。教材以疼痛性质分虚实寒热：新病痛剧拒按多实，久病痛缓喜按多虚；得温则减多寒，遇热加重多热。,胀痛：痛而且胀，胀甚于痛，多为气滞，胸胁脘腹胀痛多属肝胃气滞。刺痛：痛如针刺、固定不移，多为血瘀。冷痛：痛有冷感、得温则减，多属寒证，常见于腰脊、脘腹、四肢关节。灼痛：痛有灼热感、得凉则舒，多属热证。重痛：痛且沉重、如物裹身，多属湿困，常见于头部、四肢。绞痛：痛势剧烈如刀绞，多因有形实邪阻闭气机（瘀血、蛔虫、结石）或寒…,,
q009,痛经,modern,shanghan_102,伤寒论,辨太阳病脉证并治中,调胃承气汤证过经谵语（第102条）,伤寒十三日不解，过经，谵语者，以有热也，当以汤下之。若小便利者，大便当硬，而反下利，脉调和者，知医以丸药下之，非其治也。若自下利者，脉当微厥，今反和者，此为内实也，调胃承气汤主之。,本条论过经谵语辨治。伤寒十三日不解，过经谵语者，以有热也，当以汤下之。若小便利者大便当硬而反下利、脉调和者，知医以丸药下之，非其治也。此为内实，调胃承气汤主之。,,
q009,痛经,modern,jingluoyingyong_001,《中医基础理论》规划教材（要点归纳）,经络,经络临床应用·阐释病理指导诊断指导治疗,经络学说在临床上应用主要有三方面：①阐释病理，外邪由表入里、脏腑病变相互传变，多以经络为途径；②指导诊断，根据症状出现部位判为何经病变（分经辨证、循经诊断）；③指导治疗，针灸循经取穴、药物归经引经报使，以及按摩、拔罐等均以经络为据。,"经络学说的临床价值在于：它既解释病邪如何传变（由皮毛、经络到脏腑），也指导医生""按部位辨何经""，再循经取穴或用引经药。如前额痛多属阳明经、偏头痛多属少阳经，即分经辨证。学习时应把经络循行路线与常见分经辨证、归经用药对应起来记。",,
q009,痛经,modern,snb_danshen_001,神农本草经,上经,丹参,丹参，味苦，微寒。主心腹邪气，肠鸣幽幽如走水，寒热积聚，破癥除瘕，止烦满，益气。一名郄蝉草。生川谷。,丹参苦微寒，活血祛瘀、通经止痛、清心除烦、凉血消痈，主治胸痹心痛、月经不调、癥瘕积聚、心烦不眠及疮疡肿痛。反藜芦。,,
q009,痛经,modern,shanghan_273,伤寒论,辨太阴病脉证并治,太阴病提纲（第273条）,太阴之为病，腹满而吐，食不下，自利益甚，时腹自痛。若下之，必胸下结硬。,本条为太阴病提纲。脾阳虚损、寒湿内盛，气机壅滞则腹满；胃气上逆则吐、食不下；脾失升清则自利益甚；寒湿气滞则时腹自痛。其证属虚属寒，法当温之；若误下则更伤脾阳，致胸下结硬。,,
q009,痛经,modern,suwen_056,黄帝内经素问,皮部论篇五十六,皮部论篇五十六,黄帝问曰：余闻皮有分部，脉有经纪，筋有结络，骨有度量，其所生病各异，别其分部，左右上下，阴阳所在，病之始终，愿闻其道。 岐伯对曰：欲知皮部以经脉为纪者，诸经皆然。 阳明之阳，名曰害蜚。上下同法，视其部中有浮络者，皆阳明之络也。其色多青则痛，多黑则痹，黄赤则热，多白则寒，五色皆见，则寒热也。络盛则入客于经，阳主外，阴主内…,本篇论皮部分属。欲知皮部以经脉为纪，十二经各有皮部：阳明名害蜚、少阳枢持、太阳关枢、少阴枢儒、心主害肩、太阴关蛰。视其部中浮络之色：青痛、黑痹、黄赤热、白寒、五色见为寒热，络盛则入客于经。百病始生必先皮毛，邪开腠理入络脉、传经、入腑；寒多筋挛骨痛，热多筋弛骨消。强调皮有分部，不治则生大病。,,
q009,痛经,modern,shanghan_532,伤寒论,伤寒例,尺寸俱沉细者（第532条）,尺寸俱沉细者，太阴受病也，当四五日发。以其脉布胃中，络于嗌，故腹满而嗌干。,本条论述伤寒例之脉证。症见腹满。当审其表里寒热、虚实传变而施治。,,
