query_id,query,query_form,candidate_id,book,chapter,section_title,原文片段,白话片段,relevance,notes
q051,下肢水肿，按之凹陷，小便不利，怎么治？,case,anjifu_001,《中医诊断学》规划教材（要点归纳）,四诊,按肌肤·肌肤寒热润燥肿胀辨阴阳汗出,按肌肤是用手触按患者肌肤，通过探察肌肤的寒热、润燥、肿胀及弹性等变化以辨别阴阳盛衰、邪正虚实、汗出有无的诊法。肌肤灼热多属阳证实热；肌肤清凉多属阳虚虚寒；皮肤润泽多津液未伤，干燥多津液不足或阴血亏虚；按之凹陷随手即起为气肿，凹陷不起为水肿。,按肌肤以寒热辨阴阳、润燥辨津液、肿胀辨气水：灼热属实热，清凉属虚寒，干燥属津伤，按之不起为水肿。此为教材要点归纳，供参考；具体诊疗请遵医嘱，不引导自我诊断。,3,AI预标注，待人工复核
q051,下肢水肿，按之凹陷，小便不利，怎么治？,case,shuizhong_002,中医临床诊疗指南/专家共识（要点归纳）,现代中医,水肿·辨证论治要点,据现行中医内科常见病诊疗指南：水肿以肺失通调、脾失转输、肾失开合、水液停聚为基本病机；辨证首分阳水与阴水，阳水多属实、阴水多属虚，治以发汗、利尿、攻逐、健脾、温肾等法。（要点归纳，非原文照录。）,水肿指体内水液潴留、泛溢肌肤，引起头面、眼睑、四肢甚至全身浮肿的病证。指南要点：主症为头面肢体浮肿、按之凹陷；辨证常见阳水（病势急、从头面先肿，如风水相搏，治宜宣肺利水）与阴水（病势缓、从下肢先肿，多脾肾阳虚，治宜健脾温肾利水）两大类，并须排查心、肾、肝、内分泌等原发病。调护上宜低盐饮食、起居有度、监测体重与尿量。本条…,3,AI预标注，待人工复核
q051,下肢水肿，按之凹陷，小便不利，怎么治？,case,shixie_001,《中医基础理论》规划教材（要点归纳）,病因病机,湿邪·湿为阴邪重浊黏滞趋下,湿邪为六淫之一，其性重浊、黏滞、趋下。致病特点：湿为阴邪，易阻遏气机、损伤阳气，困脾见脘闷纳呆；湿性重浊，见头身困重、四肢酸楚、分泌物秽浊；湿性黏滞，病程缠绵、症状黏滞；湿性趋下，多见带下、淋浊、下肢水肿等下部病证。,湿邪重浊黏滞、趋下、困脾阻气。临床见头身困重、脘闷纳呆、分泌物黏浊、病程缠绵、下部病证者，多属湿邪为患。本条为病因基础理论，不涉及具体诊疗。,3,AI预标注，待人工复核
q051,下肢水肿，按之凹陷，小便不利，怎么治？,case,yinlingquan_001,针灸学,足太阴脾经,阴陵泉,《灵枢·本输》：入于阴之陵泉，阴之陵泉，辅骨之下陷者之中也，伸而得之，为合。足太阴也。,阴陵泉为足太阴脾经合穴（水），定位在小腿内侧，胫骨内侧髁后下方凹陷处。为健脾利湿要穴，主治腹胀、泄泻、水肿、黄疸、小便不利或失禁，以及膝痛。刺法：直刺1～2寸；可灸。,3,AI预标注，待人工复核
q051,下肢水肿，按之凹陷，小便不利，怎么治？,case,tanyinbianzheng_001,《中医诊断学》规划教材（要点归纳）,辨证,痰饮辨证·痰饮停留不同部位证候各异,痰饮辨证是辨别痰饮停聚部位与性质。痰证：咳痰胸闷、眩晕、癫狂、瘰疬痰核、梅核气等；饮证：胃肠水声漉漉（痰饮）、肋间饱满（悬饮）、肢体浮肿（溢饮）、咳逆倚息不得卧（支饮）。,痰饮辨证须辨痰之性状（稀稠色量）与停留部位。咳血、胸腔积液、腹水、下肢水肿须就医。此为教材要点归纳，供参考；具体诊疗请遵医嘱，不引导自我诊断。,3,AI预标注，待人工复核
q051,下肢水肿，按之凹陷，小便不利，怎么治？,case,shanghan_059,伤寒论,辨太阳病脉证并治中,亡津液小便不利自愈（第59条）,大下之后，复发汗，小便不利者，亡津液故也，勿治之，得小便利，必自愈。,本条论汗下后亡津致小便不利。大下之后复发汗，小便不利者，亡津液故也，勿治之，得小便利必自愈。不可利小便，待津液恢复则便利。,3,AI预标注，待人工复核
q051,下肢水肿，按之凹陷，小便不利，怎么治？,case,snb_dongkuizi_001,神农本草经,上经,冬葵子,冬葵子，味甘，寒。主五脏六腑寒热羸瘦，五癃，利小便。久服，坚骨长肌肉，轻身。生川谷。,冬葵子甘凉，利水通淋、下乳、润肠，主治淋证水肿、小便不利、乳汁不行、乳房胀痛及肠燥便秘。孕妇慎用。,3,AI预标注，待人工复核
q051,下肢水肿，按之凹陷，小便不利，怎么治？,case,jiache_001,针灸学,足阳明胃经,颊车,出《针灸甲乙经》。《针灸甲乙经》：颊车，一名机关，在耳下曲颊端陷者中，开口有孔。,颊车定位在下颌角前上方一横指（中指），当闭口咬紧牙时咬肌隆起、放松时按之凹陷处。主治口歪、齿痛、颊肿、口噤不语、面肌痉挛等面颊口齿病证。刺法：直刺0.3~0.5寸，或平刺0.5~1寸向地仓方向透刺；可灸。,3,AI预标注，待人工复核
q051,下肢水肿，按之凹陷，小便不利，怎么治？,case,jinkuishenqiwan_001,《中国药典》一部/药品说明书（要点归纳）,补益剂/中成药,金匮肾气丸·温补肾阳化气行水,据现行版《中国药典》一部与药品说明书要点归纳：本品由地黄、山药、山茱萸、茯苓、泽泻、牡丹皮、桂枝、附子、牛膝、车前子组成，具温补肾阳、化气行水之功，用于肾虚水肿，腰膝酸重，小便不利，畏寒肢冷。用法用量按说明书口服。,金匮肾气丸为温补肾阳、化气行水代表中成药，用于肾虚水肿之腰膝酸重、小便不利。本方含附子、桂枝，性温热，阴虚火旺、孕妇忌服；服药期间忌房事、忌生冷。本条目为中成药，请按说明书或在医师指导下使用。,3,AI预标注，待人工复核
q051,下肢水肿，按之凹陷，小便不利，怎么治？,case,lougu_sp_001,针灸学,足太阴脾经,漏谷,出《针灸甲乙经》。,漏谷属足太阴脾经，定位在小腿内侧，内踝尖上6寸，胫骨内侧缘后际。主治腹胀、肠鸣、小便不利、遗精及下肢痿痹。刺法：直刺1～1.5寸；可灸。,3,AI预标注，待人工复核
q051,下肢水肿，按之凹陷，小便不利，怎么治？,case,shanghan_206,伤寒论,辨阳明病脉证并治,阳明病无汗（第206条）,阳明病无汗，小便不利，心中懊憹者，身必发黄。,本条论述阳明病之脉证。症见无汗、小便不利、发黄、懊憹。当审其表里寒热、虚实传变而施治。,3,AI预标注，待人工复核
q051,下肢水肿，按之凹陷，小便不利，怎么治？,case,shanghan_207,伤寒论,辨阳明病脉证并治,阳明病（第207条）,阳明病，被火，额上微汗出，小便不利者，必发黄。,本条论述阳明病之脉证。症见汗出、小便不利、发黄。当审其表里寒热、虚实传变而施治。,3,AI预标注，待人工复核
q051,下肢水肿，按之凹陷，小便不利，怎么治？,case,snb_zhuling_001,神农本草经,中经,猪苓,猪苓，味甘，平。主痎疟，利水道。,猪苓甘淡平，利水渗湿，主治小便不利、水肿胀满、泄泻、淋浊带下。本经主痎疟、利水道，取其淡渗利水之功，利水力强而不伤气。,3,AI预标注，待人工复核
q051,下肢水肿，按之凹陷，小便不利，怎么治？,case,hulu_001,《中药学》（清华社）· 药典外品种,利水渗湿药,葫芦,据清华社《中药学》：葫芦为葫芦科植物葫芦 Lagenaria siceraria (Molina) Standl. 的干燥成熟果壳（药用部位：成熟果壳）。性味甘，平；归肺、肾经。功能与主治：利水消肿；用于水肿，腹水，小便不利。用法与用量：15～30g。外用适量。贮藏：置干燥处。,**简明**：葫芦甘平，利水消肿，为治水肿腹水与小便不利的常用药。。**详解**：水肿腹水配茯苓皮、泽泻、大腹皮；小便不利配车前子、猪苓。,3,AI预标注，待人工复核
q051,下肢水肿，按之凹陷，小便不利，怎么治？,case,dongguapi_001,中国药典（2025年版）一部,化湿药,冬瓜皮,据《中国药典》2025 年版一部：冬瓜皮为葫芦科植物冬瓜 Benincasa hispida (Thunb.) Cogn. 的干燥外层果皮（药用部位：外层果皮）。性味甘，凉；归脾、小肠经。功能与主治：利尿消肿；用于水肿胀满，小便不利，暑热口渴。用法与用量：9～30g。贮藏：置干燥处。,**简明**：冬瓜皮甘凉，利尿消肿，为治水肿胀满、小便不利的常用药。。**详解**：水肿胀满配茯苓皮、泽泻、猪苓；暑热口渴配西瓜翠衣、荷叶。,3,AI预标注，待人工复核
q051,下肢水肿，按之凹陷，小便不利，怎么治？,case,shanghan_213,伤寒论,辨阳明病脉证并治,阳明病（第213条）,阳明病，面合色赤，不可攻之，必发热色黄，小便不利也。,本条论述阳明病之脉证。症见发热、小便不利。当审其表里寒热、虚实传变而施治。,3,AI预标注，待人工复核
q051,下肢水肿，按之凹陷，小便不利，怎么治？,case,fulingpi_001,中国药典（2025年版）一部,化湿药,茯苓皮,据《中国药典》2025 年版一部：茯苓皮为多孔菌科真菌茯苓 Poria cocos (Schw.) Wolf 菌核的干燥外皮（药用部位：菌核外皮）。性味甘、淡，平；归脾、肾、膀胱经。功能与主治：利水消肿；用于水肿，小便不利。用法与用量：15～30g。贮藏：置干燥处。,**简明**：茯苓皮甘淡平，专行皮肤水湿，利水消肿，为治全身水肿的常用药（五皮散主药）。。**详解**：全身水肿配生姜皮、大腹皮、桑白皮、陈皮（五皮散）；小便不利配泽泻、猪苓。,3,AI预标注，待人工复核
q051,下肢水肿，按之凹陷，小便不利，怎么治？,case,shuidao_001,针灸学,足阳明胃经,水道,出《针灸甲乙经》。《针灸甲乙经》：水道，在大巨下三寸。,水道定位在下腹部，当脐中下3寸，前正中线旁开2寸。主治水肿、小便不利、疝气、痛经、不孕等水液及妇科前阴病证。刺法：直刺1~1.5寸。,3,AI预标注，待人工复核
q051,下肢水肿，按之凹陷，小便不利，怎么治？,case,shuifen_001,针灸学,任脉,水分,出《针灸甲乙经》。,水分为任脉穴，定位在上腹部，前正中线上，脐中上1寸。主治水肿、小便不利、腹痛泄泻及反胃吐食，善治水病。刺法：直刺1～1.5寸；可灸。,3,AI预标注，待人工复核
q051,下肢水肿，按之凹陷，小便不利，怎么治？,case,snb_yiyu_001,神农本草经,下经,衣鱼,衣鱼，味咸，温。主妇人疝瘕，小便不利，小儿中风，项强背起，摩之。生平泽。,衣鱼（衣鱼科昆虫，俗称蠹鱼，生衣书中）咸温，利尿通淋、祛风止痉，古多研末摩涂或入丸散，主治小便不利、妇人疝瘕、小儿项强背反。今临床少用，须炮制后用，孕妇及无实邪者慎服，不宜久服。,3,AI预标注，待人工复核
q051,下肢水肿，按之凹陷，小便不利，怎么治？,case,shanghan_307,伤寒论,辨少阴病脉证并治,少阴腹痛小便不利下利脓血桃花汤（第307条）,少阴病，二三日至四五日，腹痛，小便不利，下利不止便脓血者，桃花汤主之。,少阴病二三日至四五日，腹痛、小便不利、下利不止而便脓血，为虚寒滑脱、大肠不约，水气不行。仍以桃花汤温涩固脱，滑止住而便脓血清，小便亦通。,3,AI预标注，待人工复核
q051,下肢水肿，按之凹陷，小便不利，怎么治？,case,snb_fangji_001,神农本草经,中经,防己,防己，味辛，平。主风寒温疟，热气诸痫，除邪，利大小便。,防己苦辛寒，祛风湿止痛、利水消肿，主治风湿痹痛、水肿脚气、小便不利及湿疹疮毒。本经主风寒温疟、利大小便，取其苦寒降泄、祛风湿利水之功。,3,AI预标注，待人工复核
q051,下肢水肿，按之凹陷，小便不利，怎么治？,case,jingmen_001,针灸学,足少阳胆经,京门,出《脉经》。,京门为肾之募穴，定位在侧腰部，章门后1.8寸，第12肋骨游离端下方。主治小便不利、水肿、腰痛、胁痛、腹胀及泄泻。操作斜刺0.5～0.8寸；可灸。,3,AI预标注，待人工复核
q051,下肢水肿，按之凹陷，小便不利，怎么治？,case,shanghan_252,伤寒论,辨阳明病脉证并治,大承气汤证治（第252条）,病人小便不利，大便乍难乍易，时有微热，喘冒不能卧者，有燥屎也，宜大承气汤。,本条论述阳明病之脉证。症见小便不利、喘、不能卧。治以大承气汤（峻下热结），药后观其进退。,3,AI预标注，待人工复核
q051,下肢水肿，按之凹陷，小便不利，怎么治？,case,lougu_001,《中药学》（清华社）· 药典外品种,利水渗湿药,蝼蛄,据清华社《中药学》：蝼蛄为蝼蛄科动物蝼蛄 Gryllotalpa africana Palisot et Beauvois 或华北蝼蛄 Gryllotalpa unispina Saussure 的干燥虫体（药用部位：虫体）。性味咸，寒；归膀胱、大肠、小肠经。功能与主治：利水消肿，通淋；用于水肿，腹水，小便不利，石淋，…,**简明**：蝼蛄咸寒，利水消肿而通淋，为治水肿腹水、尿闭石淋的峻利药。。**详解**：水肿腹水配大腹皮、茯苓皮；小便不利、石淋配车前子、金钱草；瘰疬研末外敷。**体虚及孕妇忌用**。,3,AI预标注，待人工复核
q051,下肢水肿，按之凹陷，小便不利，怎么治？,case,shanghan_160,伤寒论,辨太阳病脉证并治下,五苓散证治（第160条）,本以下之，故心下痞，与泻心汤；痞不解，其人渴而口燥烦，小便不利者，五苓散主之。,本条论述太阳病之脉证。症见烦、心下痞、渴、小便不利。治以五苓散（利水渗湿、温阳化气），药后观其进退。,3,AI预标注，待人工复核
q051,下肢水肿，按之凹陷，小便不利，怎么治？,case,ligou_001,针灸学,足厥阴肝经,蠡沟,出《针灸甲乙经》。,蠡沟为足厥阴肝经络穴，定位在小腿内侧，当足内踝尖上5寸，胫骨内侧面的中央。络穴别走足少阳，主治小便不利、遗尿、月经不调、带下及下肢痿痹。刺法：平刺0.5～0.8寸；可灸。,3,AI预标注，待人工复核
q051,下肢水肿，按之凹陷，小便不利，怎么治？,case,yumixu_001,《中药学》（清华社）· 药典外品种,利水渗湿药,玉米须,据清华社《中药学》：玉米须为禾本科植物玉蜀黍 Zea mays L. 的干燥花柱和柱头（药用部位：花柱和柱头）。性味甘，平；归膀胱、肝、胆经。功能与主治：利水消肿，利湿退黄；用于水肿，小便不利，湿热黄疸；现代亦用于高血压、糖尿病辅助治疗。用法与用量：15～30g。贮藏：置通风干燥处，防蛀。,**简明**：玉米须甘平，利水消肿而利湿退黄，药性平和，为治水肿淋证与黄疸的常用药。。**详解**：水肿、小便不利配茯苓皮、泽泻；湿热黄疸配茵陈、金钱草；高血压辅助配决明子、钩藤。,3,AI预标注，待人工复核
q051,下肢水肿，按之凹陷，小便不利，怎么治？,case,dafupi_001,中国药典（2025年版）一部,理气药,大腹皮,据《中国药典》2025 年版一部：大腹皮为棕榈科植物槟榔 Areca catechu L. 的干燥果皮（药用部位：果皮）。性味辛，微温；归脾、胃、大肠、小肠经。功能与主治：行气宽中，行水消肿；用于湿阻气滞，脘腹胀闷，大便不爽，水肿胀满，脚气浮肿，小便不利。用法与用量：5～10g。贮藏：置干燥处。,**简明**：大腹皮辛微温，行气宽中、行水消肿，主治湿阻气滞脘腹胀闷、大便不爽及水肿脚气。**详解**：脘腹胀满配木香、厚朴；水肿配茯苓皮、生姜皮（五皮散）；脚气配木瓜、槟榔。气虚体弱者慎用。,3,AI预标注，待人工复核
q051,下肢水肿，按之凹陷，小便不利，怎么治？,case,snb_tingli_001,神农本草经,下经,葶苈,葶苈，味辛，寒。主癥瘕积聚结气，饮食寒热，破坚逐邪，通利水道。生平泽。,葶苈子辛苦大寒，泻肺平喘、行水消肿，专泻肺中水饮痰火，主治痰涎壅肺、喘咳痰多、水肿悬饮、胸腹积水、小便不利。性峻泻，肺虚喘咳、脾虚肿满者慎服，不宜久服。,3,AI预标注，待人工复核
q051,下肢水肿，按之凹陷，小便不利，怎么治？,case,shanghan_125,伤寒论,辨太阳病脉证并治中,蓄血辨证抵当汤（第125条）,太阳病，身黄脉沉结，少腹硬，小便不利者，为无血也；小便自利，其人如狂者，血证谛也，抵当汤主之。,本条辨蓄血与无血。太阳病身黄、脉沉结、少腹硬、小便不利者，为无血（水停）；小便自利、其人如狂者，血证谛也，抵当汤主之。以小便利否辨蓄水蓄血。,3,AI预标注，待人工复核
q051,下肢水肿，按之凹陷，小便不利，怎么治？,case,shanghan_128,伤寒论,辨太阳病脉证并治中,抵当汤证治（第128条）,太阳病，身黄脉沉结，少腹硬，小便不利者，为无血也；小便自利，其人如狂者，血证谛也，抵当汤主之。,本条论述太阳病之脉证。症见脉沉、小便不利、如狂、身黄。治以抵当汤（破血逐瘀），药后观其进退。,3,AI预标注，待人工复核
q051,下肢水肿，按之凹陷，小便不利，怎么治？,case,zhibian_001,针灸学,足太阳膀胱经,秩边,出《针灸甲乙经》。,秩边定位在骶区，横平第4骶后孔，骶正中嵴旁开3寸，属足太阳膀胱经。长于疏调腰臀部经气，为治腰骶及下肢痿痹要穴，主治腰骶痛、下肢痿痹、痔疾、便秘、小便不利及阴痛。刺法：直刺1.5～2寸。,3,AI预标注，待人工复核
q051,下肢水肿，按之凹陷，小便不利，怎么治？,case,zhongfeng_001,针灸学,足厥阴肝经,中封,《灵枢·本输》：行于中封，中封，内踝之前一寸半，陷者之中，使逆则宛，使和则通，摇足而得之，为经。,中封为足厥阴肝经经穴（金），定位在足背侧，当足内踝前，商丘与解溪连线之间，胫骨前肌腱的内侧凹陷处。主治疝气、遗精、小便不利、腹胀、腹痛及内踝肿痛。刺法：直刺0.5～0.8寸；可灸。,3,AI预标注，待人工复核
q051,下肢水肿，按之凹陷，小便不利，怎么治？,case,shanghan_198,伤寒论,辨阳明病脉证并治,阳明病（第198条）,阳明病，若中寒，不能食，小便不利，手足濈然汗出，此欲作固瘕，必大便初硬后溏。所以然者，以胃中冷，水谷不别故也。,本条论述阳明病之脉证。症见汗出、小便不利、不能食。当审其表里寒热、虚实传变而施治。,3,AI预标注，待人工复核
q051,下肢水肿，按之凹陷，小便不利，怎么治？,case,shanghan_560,伤寒论,辨痉湿暍脉证,太阳病（第560条）,太阳病，关节疼痛而烦，脉沉而细（一作缓）者，此名湿痹（一云中湿）。湿痹之候，其人小便不利，大便反快，但当利其小便。,本条论述痉湿暍之脉证。症见脉沉、烦、小便不利。当审其表里寒热、虚实传变而施治。,3,AI预标注，待人工复核
q051,下肢水肿，按之凹陷，小便不利，怎么治？,case,dubi_001,针灸学,足阳明胃经,犊鼻,出《针灸甲乙经》。《针灸甲乙经》：犊鼻，在膝髌下，骨上，两筋间陷者中。,犊鼻定位在膝部，屈膝，当髌骨与髌韧带外侧凹陷中。主治膝肿痛、下肢痿痹、屈伸不利等膝部病证。刺法：向后内斜刺0.5~1寸。,0,AI预标注，待人工复核
q051,下肢水肿，按之凹陷，小便不利，怎么治？,case,jingui_014,金匮要略,水气病脉证并治第十四,水气病脉证并治第十四,（论七首 脉证五条 方八首） 师曰：病有风水、有皮水、有正水、有石水、有黄汗。风水，其脉自浮，外证骨节疼痛，恶风；皮水，其脉亦浮，外证胕肿，按之没指，不恶风，其腹如鼓，不渴，当发其汗；正水，其脉沉迟，外证自喘；石水，其脉自沉，外证腹满不喘；黄汗，其脉沉迟，身发热，胸满，四肢头面肿，久不愈，必致痈脓。 脉浮而洪，浮则为风…,本篇论水气病，分风水、皮水、正水、石水、黄汗五水，并辨血分、气分。治则：腰以下肿当利小便，腰以上肿当发汗。出越婢汤、防己茯苓汤、甘草麻黄汤、芪芍桂酒汤等方；黄汗与风水辨证为篇中重点。,0,AI预标注，待人工复核
q051,下肢水肿，按之凹陷，小便不利，怎么治？,case,pianli_001,针灸学,手阳明大肠经,偏历,《灵枢·经脉》：手阳明之别，名曰偏历，去腕三寸，别入太阴。,偏历为手阳明经络穴，别走手太阴肺经，定位在前臂，腕背侧远端横纹上3寸，阳溪与曲池连线上。主治耳鸣、耳聋、鼻衄、目赤等头面五官疾患，以及手臂酸痛、半身不遂；络穴能通调表里两经，又能清热利水治水肿、小便不利。直刺或斜刺0.5～0.8寸；可灸。,3,AI预标注，待人工复核
q051,下肢水肿，按之凹陷，小便不利，怎么治？,case,guifudihuangwan_001,《中国药典》一部/药品说明书（要点归纳）,补益剂/中成药,桂附地黄丸·温补肾阳,据现行版《中国药典》一部与药品说明书要点归纳：本品由肉桂、附子、熟地黄、山茱萸、山药、泽泻、牡丹皮、茯苓组成，具温补肾阳之功，用于肾阳不足，腰膝冷痛，肢冷尿频，小便不利或反多，痰饮喘咳。用法用量按说明书口服。,桂附地黄丸为金匮肾气丸类方，温补肾阳常用中成药，用于肾阳不足之腰膝冷痛、肢冷尿频。本方含附子，性温热，阴虚内热、感冒发热者不宜；孕妇忌服，服药期间忌生冷油腻。本条目为中成药，请按说明书或在医师指导下使用。,3,AI预标注，待人工复核
q051,下肢水肿，按之凹陷，小便不利，怎么治？,case,xueyutan_001,中国药典（2025年版）一部,止血药,血余炭,据《中国药典》2025 年版一部：血余炭为人发制成的炭化物（药用部位：人发炭）。性味苦，平；归肝、胃经。功能与主治：收敛止血，化瘀，利尿；用于吐血，咯血，衄血，血淋，尿血，便血，崩漏，外伤出血，小便不利。用法与用量：5～10g。外用适量。贮藏：置干燥处。  **【古注】】 《本草纲目》：血余炭乃补阴之品，能消瘀血，通关…,**简明**：血余炭苦平，收敛止血兼化瘀利尿，治诸出血（兼瘀者尤宜）及小便不利。**详解**：崩漏配棕榈炭、藕节；血淋尿血配小蓟、白茅根；外伤出血研末外敷。多研末冲服。,3,AI预标注，待人工复核
q051,下肢水肿，按之凹陷，小便不利，怎么治？,case,shuizhong_001,中医内科学,肾系病证,水肿,"水肿是体内水液潴留、泛溢肌肤，引起头面、眼睑、四肢、腹背甚至全身浮肿的病证。《素问·水热穴论》：""故其本在肾，其末在肺，皆积水也。""《素问·至真要大论》：""诸湿肿满，皆属于脾。""《金匮要略·水气病脉证并治》分风水、皮水、正水、石水，并提出""诸有水者，腰以下肿，当利小便；腰以上肿，当发汗乃愈""。教材分阳水、阴水论治。",水肿病位在肺脾肾，基本病机为肺失通调、脾失转输、肾失开阖，三脏功能失调，水液停聚泛滥。辨证首辨阳水与阴水：阳水发病急、肿从头面先起、属实属表；阴水发病缓、肿从下肢先起、属虚属里。分证论治：阳水风水相搏治以疏风清热、宣肺行水，方用越婢加术汤；湿毒浸淫治以宣肺解毒、利湿消肿，方用麻黄连翘赤小豆汤；水湿浸渍治以运脾化湿、通阳…,3,AI预标注，待人工复核
q051,下肢水肿，按之凹陷，小便不利，怎么治？,case,zhuling_001,中国药典（2025年版）一部,利水渗湿药,猪苓,据《中国药典》2025 年版一部：猪苓为多孔菌科真菌猪苓 Polyporus umbellatus (Pers.) Fries 的干燥菌核（药用部位：菌核）。性味甘、淡，平；归肾、膀胱经。功能与主治：利水渗湿；用于小便不利，水肿，泄泻，淋浊，带下。用法与用量：6～12g。贮藏：置通风干燥处。  **【古注】】 《本草纲…,**简明**：猪苓甘淡平，利水渗湿之力**强于茯苓**，专于利水，主治水肿、小便不利、泄泻淋浊，无健脾宁心之功。**详解**：水热互结小便不利配茯苓、泽泻、滑石（猪苓汤）；水肿配茯苓、泽泻（五苓散）。无水湿者忌用，以免伤阴。,3,AI预标注，待人工复核
q051,下肢水肿，按之凹陷，小便不利，怎么治？,case,shuiquan_001,针灸学,足少阴肾经,水泉,出《针灸甲乙经》。,水泉为足少阴肾经郄穴，定位在足内侧，内踝后下方，当太溪直下1寸，跟骨结节内侧凹陷中。主治月经不调、痛经、经闭、阴挺等妇科病证，小便不利，以及视物昏花。刺法：直刺0.3～0.5寸；可灸。,3,AI预标注，待人工复核
q051,下肢水肿，按之凹陷，小便不利，怎么治？,case,shanghan_562,伤寒论,辨痉湿暍脉证,湿家（第562条）,湿家，其人但头汗出，背强，欲得被，覆向火，若下之早，则哕，胸满，小便不利，舌上如胎者，以丹田有热，胸中有寒，渴欲得水而不能饮，则口燥烦也。,本条论述痉湿暍之脉证。症见汗出、烦、渴、小便不利、哕。当审其表里寒热、虚实传变而施治。,3,AI预标注，待人工复核
q051,下肢水肿，按之凹陷，小便不利，怎么治？,case,yiyiren_001,中国药典（2025年版）一部,利水渗湿药,薏苡仁,据《中国药典》2025 年版一部：薏苡仁为禾本科植物薏苡 Coix lacryma-jobi L. var. ma-yuen (Roman.) Stapf 的干燥成熟种仁（药用部位：成熟种仁）。性味甘、淡，凉；归脾、胃、肺经。功能与主治：利水渗湿，健脾止泻，除痹，排脓，解毒散结；用于水肿，脚气，小便不利，脾虚泄泻，湿痹…,**简明**：薏苡仁甘淡凉，利水渗湿、健脾止泻、除痹排脓、解毒散结，药食两用，力缓不峻（生用清热利湿排脓，炒用健脾止泻）。**详解**：脾虚泄泻配白术、山药（参苓白术散）；湿痹拘挛配防己、木瓜；肺痈配芦根、冬瓜仁（千金苇茎汤）；肠痈配附子、败酱草（薏苡附子败酱散）；赘疣单味煮食。孕妇慎用。,3,AI预标注，待人工复核
q051,下肢水肿，按之凹陷，小便不利，怎么治？,case,fangji_001,中国药典（2025年版）一部,祛风湿药,防己,据《中国药典》2025 年版一部：防己为防己科植物粉防己 Stephania tetrandra S. Moore 的干燥根（药用部位：根）。性味苦、辛，寒；归膀胱、肺经。功能与主治：祛风止痛，利水消肿；用于风湿痹痛，湿热身痛，水肿，小便不利，脚气肿痛。用法与用量：5～10g。贮藏：置干燥处，防霉，防蛀。  **【古注…,**简明**：防己苦辛寒，祛风止痛、利水消肿，主治**风湿热痹**（关节红肿热痛）及风水水肿。**详解**：风湿热痹配薏苡仁、滑石（宣痹汤）；风水水肿配黄芪、白术（防己黄芪汤）；脚气肿痛配槟榔、吴茱萸。苦寒伤胃，脾胃虚寒、阴虚及无湿热者慎用。,3,AI预标注，待人工复核
q051,下肢水肿，按之凹陷，小便不利，怎么治？,case,snb_shuiping_001,神农本草经,下经,水萍,水萍，味辛，寒。主暴热，身痒，下水气，胜酒，长须发，止消渴。生池泽。,水萍即今之浮萍，辛寒，发汗解表、透疹止痒、利水消肿，主治外感风热发热无汗、麻疹不透、风疹瘙痒及水肿尿少。其发汗之力较强，自汗、体虚及皮肤干燥者慎用，不宜久服过量。,3,AI预标注，待人工复核
q051,下肢水肿，按之凹陷，小便不利，怎么治？,case,shanghan_041,伤寒论,辨太阳病脉证并治中,小青龙汤已渴为欲解（第41条）,伤寒，心下有水气，咳而微喘，发热不渴。服汤已渴者，此寒去欲解也。小青龙汤主之。,本条承上辨小青龙汤证服后转归。伤寒心下有水气，咳而微喘、发热不渴者，小青龙汤主之。服汤已渴者，为寒饮去、阳气复、津液一时未布，乃病欲解之兆。,0,AI预标注，待人工复核
q051,下肢水肿，按之凹陷，小便不利，怎么治？,case,snb_zeqi_001,神农本草经,下经,泽漆,泽漆，味苦，微寒。主皮肤热，大腹水气，四肢面目浮肿，丈夫阴气不足。生川泽。,泽漆（大戟科泽漆全草，俗名猫儿眼睛草）苦微寒，利水消肿、化痰散结，兼解毒杀虫，主治大腹水肿、四肢面目浮肿、痰饮喘咳及瘰疬癣疮。其汁有刺激性，体虚及孕妇忌服，不宜过量久服。,3,AI预标注，待人工复核
q051,下肢水肿，按之凹陷，小便不利，怎么治？,case,maimendong_001,《方剂学》规划教材（要点归纳）,治燥剂,麦门冬汤·清养肺胃降逆下气,"《金匮要略·肺痿肺痈咳嗽上气病脉证治》：""大逆上气，咽喉不利，止逆下气者，麦门冬汤主之。""（据教材要点归纳：麦门冬约七升、半夏约一升、人参、甘草、粳米、大枣，水煎温服。）",麦门冬汤为清养肺胃、降逆下气之代表方，主治肺胃阴虚、气逆津伤之咳唾涎沫、气喘短气、咽喉不利、口干欲饮。方中半夏虽温，但与大量麦冬相伍则温而不燥，肺胃虚寒、咳逆清稀者不宜。本方为要点归纳，供参考；具体用药请遵医嘱。,0,AI预标注，待人工复核
q051,下肢水肿，按之凹陷，小便不利，怎么治？,case,xiongbi_001,中医内科学,心系病证,胸痹,《金匮要略·胸痹心痛短气病脉证治》：「胸痹之病，喘息咳唾，胸背痛，短气……瓜蒌薤白白酒汤主之。」又提出「阳微阴弦」病机纲领。（据规划教材《中医内科学·心系病证·胸痹》归纳）,胸痹以胸部闷痛、甚则胸痛彻背、短气、喘息不得卧为主症，病位在心，涉肝、脾、肾，病机为本虚标实——本虚为气、血、阴、阳亏虚，心脉失养；标实为血瘀、痰浊、气滞、寒凝，痹阻心脉。辨证首辨标本虚实之主次。常见证治——心血瘀阻（血府逐瘀汤活血化瘀）、气滞心胸（柴胡疏肝散疏肝理气）、痰浊闭阻（瓜蒌薤白半夏汤合涤痰汤通阳泄浊）、寒凝…,0,AI预标注，待人工复核
q051,下肢水肿，按之凹陷，小便不利，怎么治？,case,shanghan_316,伤寒论,辨少阴病脉证并治,少阴阳虚水气真武汤（第316条）,少阴病，二三日不已，至四五日，腹痛，小便不利，四肢沉重疼痛，自下利者，此为有水气，其人或咳，或小便利，或下利，或呕者，真武汤主之。 真武汤方 茯苓三两（甘平） 芍药三两（酸平） 生姜三两（切，辛温） 白术二两（甘温） 附子一枚（炮，去皮，破八片，辛热）右五味，以水八升，煮取三升，去滓，温服七合，日三服。(后加减法：若咳…,"少阴病至四五日，腹痛、小便不利、四肢沉重疼痛、自下利，为肾阳虚不能化水、水湿泛滥之""水气""证，或兼咳、呕等。真武汤温阳利水，术附温脾肾，苓芍姜利水敛阴，为少阴阳虚水泛主方。",3,AI预标注，待人工复核
q051,下肢水肿，按之凹陷，小便不利，怎么治？,case,shanghan_319,伤寒论,辨少阴病脉证并治,少阴下利咳呕渴心烦不得眠猪苓汤（第319条）,少阴病，下利六七日，咳而呕渴，心烦，不得眠者，猪苓汤主之。,少阴病下利六七日，咳而呕渴、心烦不得眠，为少阴热化、阴虚水热互结、水气上泛。猪苓汤滋阴清热利水，利水而不伤阴，滋阴而不恋邪，治阴虚水热互结证。,2,AI预标注，待人工复核
q051,下肢水肿，按之凹陷，小便不利，怎么治？,case,tiaoqiixue_001,《中医基础理论》规划教材（要点归纳）,治则治法,调理气血·气虚补气气滞理气血虚养血血瘀活血,调理气血，指纠正气血失常，恢复气血协调关系。气虚者补气，气滞者理气，气逆者降气；血虚者养血，血瘀者活血，出血者止血。气病及血、血病及气者，气血并调；气血关系失常者，气血双补或行气活血。,气血是人体生命活动的物质基础和动力，气血失常是基本病机。调理气血即补气、理气、养血、活血等法。本条为治则基础理论，不涉及具体诊疗。,0,AI预标注，待人工复核
q051,下肢水肿，按之凹陷，小便不利，怎么治？,case,xieliusanjiao_001,温热论,温热论,邪留三焦分消上下,再论气病有不传血分，而邪留三焦，亦如伤寒中少阳病也。彼则和解表里之半，此则分消上下之势，随证变法，如近时杏、朴、苓等类，或如温胆汤之走泄。因其仍在气分，犹可望其战汗之门户，转疟之机括。,温病邪在气分，有不传营血而留恋三焦者，病机近似伤寒少阳，然伤寒少阳以柴胡和解表里，温病夹湿留三焦则宜分消上下之势——用杏仁开上、厚朴畅中、茯苓渗下，或温胆汤之走泄，使三焦气机宣通、湿浊下行，冀其战汗透邪。此为湿温、暑湿流连气分的重要治法。,0,AI预标注，待人工复核
q051,下肢水肿，按之凹陷，小便不利，怎么治？,case,jingui_008,金匮要略,奔豚气病脉证治第八,奔豚气病脉证治第八,（论二首 方三首） 师曰：病有奔豚，有吐脓，有惊怖，有火邪，此四部病，皆从惊发得之。师曰：奔豚病，从少腹起，上冲咽喉，发作欲死，复还止，皆从惊恐得之。 奔豚气上冲胸，腹痛，往来寒热，奔豚汤主之。 奔豚汤方 甘草 芎穷 当归各二两 半夏四两 黄芩二两 生葛五两 芍药二两 生姜四两 甘李根白皮一升 右九味，以水二斗，煮取五…,本篇论奔豚气病。奔豚从少腹起上冲咽喉、发作欲死，多从惊恐或烧针发汗引发；肝气上冲偏热者主奔豚汤，心阳虚寒气上冲者主桂枝加桂汤，欲作奔豚（脐下悸）主苓桂甘枣汤。,0,AI预标注，待人工复核
q051,下肢水肿，按之凹陷，小便不利，怎么治？,case,shengjiangxiexintang_001,伤寒论,辨太阳病脉证并治下,生姜泻心汤方,伤寒汗出，解之后，胃中不和，心下痞硬，干噫，食臭，胁下有水气，腹中雷鸣下利者，生姜泻心汤主之。 生姜泻心汤方 生姜四两（切） 甘草三两（炙） 人参三两干姜一两 黄芩三两 半夏半升（洗） 黄连一两大枣十二枚（擘） 上八味，以水一斗，煮取六升，去滓，再煎取三升。温服一升，日三服。附子泻心汤，本云，加附子。半夏泻心汤，甘草泻…,生姜泻心汤即半夏泻心汤减干姜加生姜，重用生姜宣散水气、和胃止呕，主治水饮食滞之痞证，症见心下痞硬、干噫食臭、胁下有水气、腹中雷鸣下利。,0,AI预标注，待人工复核
q051,下肢水肿，按之凹陷，小便不利，怎么治？,case,xulingtai_002,洄溪医案,痰饮门,徐灵胎·悬饮攻逐案,某，胸胁胀满，咳唾引痛，水气上冲。灵胎辨为悬饮实证，水饮停聚胸胁，非攻逐不去，议用逐水之剂直捣巢穴，得下利而水去，中病即止。,此案辨悬饮水停胸胁为实证，主以攻逐水饮、中病即止。灵胎论饮分虚实，实证敢用峻逐，虚证又主温化，示人攻补须凭脉证，不可偏执一端。,0,AI预标注，待人工复核
q051,下肢水肿，按之凹陷，小便不利，怎么治？,case,jingui_009,金匮要略,胸痹心痛短气病脉证治第九,胸痹心痛短气病脉证治第九,（论一首 证一首 方十首） 师曰：夫脉当取太过不及，阳微阴弦，即胸痹而痛，所以然者，责其极虚也。今阳虚知在上焦，所以胸痹、心痛者，以其阴弦故也。 平人无寒热，短气不足以息者，实也。 胸痹之病，喘息咳唾，胸背痛，短气，寸口脉沉而迟，关上小紧数，栝蒌薤白白酒汤主之。 栝蒌薤白白酒汤方 栝蒌实一枚（捣） 薤白半斤 白酒七升 …,本篇论胸痹、心痛、短气。病机为阳微阴弦、上焦阳虚阴寒乘之，主以栝蒌薤白白酒汤通阳宣痹；心痛彻背偏寒盛者用乌头赤石脂丸；短气分饮阻（茯苓杏仁甘草汤）与气滞（橘枳姜汤）两型。,0,AI预标注，待人工复核
q051,下肢水肿，按之凹陷，小便不利，怎么治？,case,feiyong_001,中医内科学,肺系病证,肺痈,《金匮要略·肺痿肺痈咳嗽上气病脉证治》：「咳而胸满振寒，脉数，咽干不渴，时出浊唾腥臭，久久吐脓如米粥者，为肺痈。」又立「始萌可救，脓成则死」之辨，出苇茎汤、桔梗汤等方。（据规划教材《中医内科学·肺系病证·肺痈》归纳）,肺痈为风热邪毒壅滞肺脏，热伤肺络，肉腐血败而成脓疡之内痈，临床以骤起寒战高热、咳嗽胸痛、咯吐大量腥臭黄绿色浊痰，甚则脓血相兼为特征。辨证按病程分四期：初期（表证期，银翘散疏风清肺）；成痈期（寒战壮热、咳吐浊痰，千金苇茎汤合如金解毒散清热解毒、化瘀消痈）；溃脓期（咯吐大量脓血痰、腥臭异常，加味桔梗汤排脓解毒，为病情顺逆转…,0,AI预标注，待人工复核
q051,下肢水肿，按之凹陷，小便不利，怎么治？,case,zhenwutang_001,伤寒论,辨太阳病脉证并治中,真武汤方,太阳病发汗，汗出不解，其人仍发热，心下悸，头眩，身目闰 动，振振欲擗地者，真武汤主之。,真武汤主治脾肾阳虚、水气内停之证，症见小便不利、四肢沉重疼痛、肢体浮肿、腹痛下利、头眩心悸。附子温肾助阳为君，白术、茯苓健脾利水，生姜温散水气，芍药利小便、缓急止痛。,3,AI预标注，待人工复核
q051,下肢水肿，按之凹陷，小便不利，怎么治？,case,feizhang_001,中医内科学,肺系病证,肺胀,《灵枢·胀论》：「肺胀者，虚满而喘咳。」《金匮要略·肺痿肺痈咳嗽上气病脉证治》：「咳而上气，烦躁而喘，脉浮者，心下有水，小青龙加石膏汤主之。」对本病主症及水饮凌心射肺之变已有认识。（据规划教材《中医内科学·肺系病证·肺胀》归纳）,肺胀系多种慢性肺系疾患反复发作、迁延不愈，致肺脾肾三脏虚损、痰瘀潴留、肺气壅满不能敛降，临床以胸部膨满、胀闷如塞、喘咳上气、痰多烦躁为主症，甚则唇甲紫绀、肢体浮肿、心悸动、神昏谵语。辨证总属本虚标实：标实为痰浊、水饮、血瘀，本虚为肺肾气虚、阴阳并损。常见证治——痰浊壅肺（苏子降气汤合三子养亲汤化痰降气）、痰热郁肺（越婢…,1,AI预标注，待人工复核
q051,下肢水肿，按之凹陷，小便不利，怎么治？,case,shanghan_040,伤寒论,辨太阳病脉证并治中,小青龙汤证（第40条）,伤寒表不解，心下有水气，干呕发热而咳，或渴，或利，或噎，或小便不利，少腹满，或喘者，小青龙汤主之。 小青龙汤方 麻黄三两（去节，味甘温） 芍药三两（味酸微寒） 五味子半升（味酸温） 干姜三两（味辛热）甘草三两（炙，味甘平） 桂枝三两（去皮，味辛热）半夏半升（汤洗，味辛，微温） 细辛三两（味辛温）右八味，以水一斗，先煮麻…,本条论外寒内饮证。伤寒表不解，心下有水气，干呕发热而咳，或渴、或利、或噎、或小便不利少腹满、或喘者，小青龙汤主之。麻桂解表，干姜细辛半夏温化水饮，五味子芍药敛肺。,3,AI预标注，待人工复核
q051,下肢水肿，按之凹陷，小便不利，怎么治？,case,zhengjia_001,《中医妇科学》规划教材（要点归纳）,妇科,癥瘕·下腹结块伴有或胀或满或痛,癥瘕是指妇女下腹结块，伴有或胀、或痛、或满、或异常出血者。癥者有形可征、固定不移、痛有定处，属血病；瘕者聚散无常、推之可移、痛无定处，属气病。病因多为气滞、血瘀、痰湿、毒热，致气血壅结、痰瘀互阻胞宫。治法以理气、活血、化痰、散结为主。,癥瘕相当于妇科盆腔包块类疾病，临床分气滞、血瘀、痰湿等型。活血化瘀、化痰散结常用桂枝茯苓丸、香棱丸等。下腹包块须先行妇科检查与影像、排除恶性病变，再中医调治。本条目为教材要点归纳，供参考；具体诊疗请遵医嘱。,0,AI预标注，待人工复核
q051,下肢水肿，按之凹陷，小便不利，怎么治？,case,jingui_013,金匮要略,消渴小便不利淋病脉证并治第十三,消渴小便不利淋病脉证并治第十三,（脉证九条 方六首） 厥阴之为病，消渴，气上冲心，心中疼热，饥而不欲食，食即吐，下之不肯止。 寸口脉浮而迟，浮即为虚，迟即为劳；虚则卫气不足，劳则荣气竭。 趺阳脉浮而数，浮即为气，数即为消谷而大坚（一作紧）。气盛则溲数，溲数即坚，坚数相搏，即为消渴。 男子消渴，小便反多，以饮一斗，小便一斗，肾气丸主之（方见脚气中）。 …,本篇论消渴、小便不利、淋病。消渴有厥阴气上冲心及男子饮一溲一（肾气丸）两型；淋病以小便如粟状、小腹弦急为主；小便不利分水气（五苓散、栝蒌瞿麦丸）、湿热（蒲灰散、猪苓汤）等型。,3,AI预标注，待人工复核
q051,下肢水肿，按之凹陷，小便不利，怎么治？,case,feiwei_001,中医内科学,肺系病证,肺痿,《金匮要略·肺痿肺痈咳嗽上气病脉证治》：「热在上焦者，因咳为肺痿。」又云「肺痿吐涎沫而不咳者，其人不渴，必遗尿，小便数……此为肺中冷」，立虚热、虚寒辨证之雏型，并出麦门冬汤、甘草干姜汤等方。（据规划教材《中医内科学·肺系病证·肺痿》归纳）,肺痿是因肺脏虚损、津气大伤，肺叶失于濡养而痿弱不用的慢性虚损性疾患，临床以咳吐浊唾涎沫为特征。病位在肺，与脾、胃、肾密切相关，分虚热、虚寒两端。虚热证（麦门冬汤合清燥救肺汤滋阴清热、润肺生津）以咳吐浊唾涎沫、质黏稠、口干而渴、午后潮热为主；虚寒证（甘草干姜汤或生姜甘草汤温肺益气）以咯吐涎沫、清稀量多、不渴、眩晕、遗尿、…,0,AI预标注，待人工复核
q051,下肢水肿，按之凹陷，小便不利，怎么治？,case,shanghan_549,伤寒论,伤寒例,凡得时气病（第549条）,凡得时气病，至五六日，而渴欲饮水，饮不能多，不当与也，何者？以腹中热尚少，不能消之，便更与人作病也。至七八日，大渴，欲饮水者，犹当依证与之。与之常令不足，勿极意也。言能饮一斗，与五升。若饮而腹满，小便不利，若喘若哕。不可与之。忽然大汗出，是为自愈也。,本条论述伤寒例之脉证。症见汗出、腹满、渴、小便不利、喘。当审其表里寒热、虚实传变而施治。,3,AI预标注，待人工复核
q051,下肢水肿，按之凹陷，小便不利，怎么治？,case,qizhi_qini_001,中医诊断学,辨证,气滞证与气逆证,气病辨证之实证类。据规划教材《中医诊断学》归纳：气滞证以胀闷、疼痛（胀痛、窜痛）、症状随情绪而增减、嗳气或矢气后减轻、脉弦为辨证要点；气逆证为气机升降失常、当降反升，肺气上逆见咳嗽气喘，胃气上逆见呕吐、嗳气、呃逆，肝气上逆见头痛、眩晕、面红目赤甚则昏厥。,气滞证治宜行气；气逆证治宜降气。临证以胀闷窜痛、情志相关、脉弦为气滞辨证眼目，病位多在肝、脾胃、肺；气逆则辨何脏之气上逆——肺逆咳喘、胃逆呕恶、肝气上逆则头痛面赤。气滞与气逆常相因为病，气滞日久可化火、致血瘀；须与气虚之虚胀鉴别（见气虚气陷条）。,0,AI预标注，待人工复核
q051,下肢水肿，按之凹陷，小便不利，怎么治？,case,qixu_qixian_001,中医诊断学,辨证,气虚证与气陷证,气病辨证之虚证类。据规划教材《中医诊断学》归纳：气虚证以神疲乏力、少气懒言、气短、自汗、活动后诸症加重、面色淡白、舌淡苔白、脉虚无力为辨证要点；气陷证为气虚之进一步发展，在气虚基础上兼见头晕目眩、脘腹坠胀、便意频数、内脏下垂（胃下垂、脱肛、阴挺等）、舌淡苔白、脉弱。,气虚证治宜益气；气陷证治宜益气升提（升阳举陷）。临证以神疲、少气、自汗、活动加重、脉虚为气虚辨证眼目；气陷必以气虚为前提，更见坠胀与内脏下垂，病位多在脾（中气下陷）。二者均属虚证，须与气滞之实证胀闷相鉴别——气虚则胀而喜按、时作时止，气滞则胀而拒按、走窜不定。,0,AI预标注，待人工复核
q051,下肢水肿，按之凹陷，小便不利，怎么治？,case,snb_gouwen_001,神农本草经,下经,钩吻,钩吻，味辛，温。主金创，乳痓，中恶风，咳逆上气，水肿，杀鬼疰蛊毒。一名野葛。生山谷。,钩吻（马钱子科胡蔓藤，俗称断肠草）辛温有大毒，仅作外用杀虫拔毒，治疥癣、湿疹、瘰疬、跌打肿痛。其剧毒，误服可致呼吸麻痹致死，严禁内服，亦不可大面积久敷，必须严格凭医嘱外用。,3,AI预标注，待人工复核
q051,下肢水肿，按之凹陷，小便不利，怎么治？,case,maimendongtang_jieyao_001,方解（方论集要）,治燥剂·方解,麦门冬汤·润肺益胃降逆下气,本方出《金匮要略》肺痿肺痈咳嗽上气病脉证治：组成麦门冬七升，半夏一升，人参三两，甘草二两，粳米三合，大枣十二枚。方中麦门冬君，甘寒柔润，滋阴润肺、益胃生津；半夏臣，苦辛温，降逆下气、化痰涎，其性虽温燥，然在大量麦冬滋润之下，则燥性减而降逆之用存；人参、粳米、大枣佐，益气养胃、培土生金；甘草使，调和诸药。,麦门冬汤为润肺益胃、降逆下气之代表方，治肺胃阴虚、气火上逆之咳唾涎沫、气喘咽干。重用麦冬滋阴润肺为君，少佐半夏降逆化痰，润而不腻、降而不燥；人参、粳米、大枣培土生金，使胃津上输于肺。与清燥救肺汤相比：彼治温燥伤肺之实证，清燥润肺；此治肺胃阴虚之虚证，滋胃润肺。肺痿属虚寒者非宜。方解供学习参考；具体用药请遵医嘱。,0,AI预标注，待人工复核
q051,下肢水肿，按之凹陷，小便不利，怎么治？,case,yujiayan_003,寓意草,虚劳,喻嘉言辨秋燥伤肺治案,一人秋令发病，干咳无痰，咽干鼻燥，口渴舌干，右脉数大。嘉言诊曰：此秋燥伤肺，非风寒，亦非火。若误作风寒发散、作火热苦寒，愈燥其津。治宜清燥润肺，以桑叶、杏仁、沙参、麦冬、枇杷叶、梨皮甘凉濡润之属，数剂而燥咳平。（《寓意草》《医门法律》）,"秋令发病干咳无痰、咽干鼻燥、舌红右脉数大，喻嘉言辨为秋燥伤肺，戒表散与苦寒，主甘凉濡润之品清燥润肺，数剂燥平。其《秋燥论》补《内经》""秋伤于燥""之论，于燥气病机与治法阐发尤透。此案示人秋燥咳嗽不可混同风寒火热，当辨时令与津伤，治以清润。",0,AI预标注，待人工复核
q051,下肢水肿，按之凹陷，小便不利，怎么治？,case,zhenwutang_jieyao_001,方解（方论集要）,祛湿剂·方解,真武汤·温阳利水,本方出《伤寒论》太阳病篇：组成茯苓、芍药、生姜（切）各三两，白术二两，附子（炮，去皮）一枚。方中附子君，大辛大热，温肾助阳、化气行水；白术、茯苓臣，健脾燥湿、利水渗湿，崇土制水；生姜佐，温散水气；芍药佐，利小便、柔肝缓急、敛阴护阴，兼制附子燥烈之性。,真武汤为温阳利水之代表方，治脾肾阳虚、水饮内停之小便不利、肢体浮肿、腹痛下利。附子温肾助阳为君，术苓健脾利水，生姜温散水气，芍药敛阴护阴、兼制附燥。与实脾散相比：彼兼温脾阳、行气消胀，治阴水；此偏温肾阳，治阳虚水泛。本方温燥，阴虚者非宜。方解供学习参考；具体用药请遵医嘱。,3,AI预标注，待人工复核
q051,下肢水肿，按之凹陷，小便不利，怎么治？,case,shanghan_407,伤寒论,辨阴阳易差后劳复病脉证并治,牡蛎泽泻散证治（第407条）,大病差后，从腰以下有水气者，牡蛎泽泻散主之。 牡蛎泽泻散方 牡蛎（咸平，熬） 泽泻（咸寒） 栝蒌根（苦寒） 蜀漆（辛平，洗，去腥） 葶苈（苦寒，熬） 商陆根（熬，辛酸，咸平） 海藻（咸寒，洗去咸） 以上各等分右七味，异捣下筛为散，更入臼中治之，白饮和服方寸匕。小便利，止后服，日三服。,本条论述差后劳复之脉证。治以牡蛎泽泻散（逐水清热），药后观其进退。,0,AI预标注，待人工复核
q051,下肢水肿，按之凹陷，小便不利，怎么治？,case,xiangfu_001,中国药典（2025年版）一部,理气药,香附,据《中国药典》2025 年版一部：香附为莎草科植物莎草 Cyperus rotundus L. 的干燥根茎（药用部位：根茎）。性味辛、微苦、微甘，平；归肝、脾、三焦经。功能与主治：疏肝解郁，理气宽中，调经止痛；用于肝郁气滞，胸胁胀痛，疝气疼痛，乳房胀痛，脾胃气滞，脘腹痞闷，胀满疼痛，月经不调，经闭痛经。用法与用量：6～…,**简明**：香附辛微苦微甘平，疏肝解郁、理气宽中、调经止痛，为「气病之总司、女科之主帅」，主治肝郁胁痛、脘腹痞闷及月经不调痛经。**详解**：肝郁胁胀配柴胡、白芍（柴胡疏肝散）；胃寒脘痛配高良姜（良附丸）；痛经配当归、川芎、白芍；六郁配苍术、栀子（越鞠丸）。醋制偏入肝经止痛，酒制通行经络。,0,AI预标注，待人工复核
q051,下肢水肿，按之凹陷，小便不利，怎么治？,case,banxiexintang_jieyao_001,方解（方论集要）,和解剂·方解,半夏泻心汤·寒热平调消痞散结,本方出《伤寒论》：组成半夏、黄芩、干姜、人参、炙甘草、黄连、大枣。方中半夏君，散结除痞、降逆止呕；干姜臣，辛热温中散寒；黄芩、黄连臣，苦寒泄热开痞；人参、大枣佐，益气健脾；炙甘草使，调和诸药、补中。,"半夏泻心汤为寒热平调、消痞散结之代表，治寒热互结之心下痞满、呕利。半夏干姜辛开，芩连苦降，参草枣补正，为""辛开苦降""法代表。同类生姜泻心汤（水气偏盛）、甘草泻心汤（胃虚痞利俱甚）。本方辛温苦寒并用，纯虚无寒或纯热无寒者不宜。方解供学习参考；具体用药请遵医嘱。",0,AI预标注，待人工复核
q051,下肢水肿，按之凹陷，小便不利，怎么治？,case,suwen_034,黄帝内经素问,逆调论篇第三十四,逆调论篇第三十四,黄帝问曰：人身非常温也，非常热也，为之热而烦满者，何也？伯对曰：阴气少而阳气胜，故热而烦满也。帝曰：人身非衣寒也，中非有寒气也，寒从中生者何？岐伯曰：是人多痹气也。阳气少，阴气多，故身寒如从水中出。帝曰：人有四肢热，逢风寒如炙如火者，何也？岐伯曰：是人者，阴气虚，阳气盛。四肢者阳也，两阳相得而阴气虚少，少水不能灭盛火，…,本篇论阴阳逆调诸病。谓阴少而阳胜则热而烦满，阳少而阴多则身寒如从水中出；阴气虚、阳气盛则四肢热逢风如炙，当为肉烁；素肾气胜、太阳衰则寒至骨，病名骨痹、当挛节。又论肉苛由荣气虚、卫气实。末详不得卧而息有音为阳明之逆，胃不和则卧不安；卧则喘者水气客肾，肾主津液、主卧与喘。,0,AI预标注，待人工复核
q051,下肢水肿，按之凹陷，小便不利，怎么治？,case,lingshu_005,灵枢经,根结篇第五,根结篇第五,岐伯曰：天地相感，寒暖相移，阴阳之道，孰少孰多，阴道偶，阳道奇。发于春夏，阴气少，阳气多，阴阳不调，何补何泻？发于秋冬，阳气少而阴气多；阴气盛而阳气衰，故茎叶枯槁，湿雨下归，阴阳相移，何泻何补？奇邪离经，不可胜数，不知根结，五脏六腑，折关败枢，开合而走，阴阳大失，不可复取。九针之玄，要在终始；故能知终始，一言而毕，不知…,本篇论六经根结。太阳根至阴结命门、阳明根厉兑结颡大、少阳根窍阴结窗笼，三阳有开阖枢；太阴、少阴、厥阴亦各有根结与开阖枢，折则为病。又列十二经根溜注入及盛络当取之穴；论五十营脉候，以五十动不一代知五脏受气；辨布衣与大人刺法不同；明治当察形气病气之有余不足，急泻急补，阴阳俱不足不可刺。,0,AI预标注，待人工复核
q051,下肢水肿，按之凹陷，小便不利，怎么治？,case,xihongfu_001,针灸大成,卷之二,席弘赋,凡欲行针须审穴，要明补泻迎随诀，胸背左右不相同，呼吸阴阳男女别。  气刺两乳求太渊，未应之时泻列缺；列缺头痛及偏正，重泻太渊无不应。耳聋气痞听会针，迎香穴泻功如神。谁知天突治喉风，虚喘须寻三里中。手连肩脊痛难忍，合谷针时要太冲。曲池两手不如意，合谷下针宜仔细。心疼手颤少海间，若要除根觅阴市。但患伤寒两耳聋，金门听会疾如…,"本篇首重""行针须审穴、明补泻迎随""，继以大量病证列要穴配对主治：气病两乳取太渊、列缺；耳聋取听会、迎香；喉风取天突；肩脊痛取合谷、太冲；心痛手颤取少海、阴市；腰痛取委中、至阴、横骨；膝痛取阳陵泉、悬钟、二陵、三阴交；疝气取照海、阴交、曲泉、气海、关元；脱肛灸百会、鸠尾等。末段总括捻针补泻之法。为临床配穴经验之富者。",0,AI预标注，待人工复核
q051,下肢水肿，按之凹陷，小便不利，怎么治？,case,xiaoqinglongtang_001,伤寒论,辨太阳病脉证并治中,小青龙汤方,伤寒表不解，心下有水气，干呕发热而咳，或渴，或利，或噎，或小便不利，少腹满，或喘者，小青龙汤主之。 小青龙汤方 麻黄三两（去节，味甘温） 芍药三两（味酸微寒） 五味子半升（味酸温） 干姜三两（味辛热）甘草三两（炙，味甘平） 桂枝三两（去皮，味辛热）半夏半升（汤洗，味辛，微温） 细辛三两（味辛温）右八味，以水一斗，先煮麻…,小青龙汤主治外寒里饮证，症见恶寒发热、无汗、咳喘痰稀白、或兼干呕。方以麻黄、桂枝发汗解表，干姜、细辛、半夏温肺化饮，五味子敛肺止咳，芍药、甘草和营缓急，散中有收，开中有合。,3,AI预标注，待人工复核
q051,下肢水肿，按之凹陷，小便不利，怎么治？,case,shanghan_161,伤寒论,辨太阳病脉证并治下,生姜泻心汤证治（第161条）,伤寒汗出，解之后，胃中不和，心下痞硬，干噫，食臭，胁下有水气，腹中雷鸣下利者，生姜泻心汤主之。 生姜泻心汤方 生姜四两（切） 甘草三两（炙） 人参三两干姜一两 黄芩三两 半夏半升（洗） 黄连一两大枣十二枚（擘） 上八味，以水一斗，煮取六升，去滓，再煎取三升。温服一升，日三服。附子泻心汤，本云，加附子。半夏泻心汤，甘草泻…,本条论述太阳病之脉证。症见汗出、下利、心下痞、痞硬。治以生姜泻心汤（和胃消痞、散结除水），药后观其进退。,0,AI预标注，待人工复核
q051,下肢水肿，按之凹陷，小便不利，怎么治？,case,snb_fuling_001,神农本草经,上经,茯苓,茯苓，味甘，平。主胸胁逆气，忧恚惊邪恐悸，心下结痛，寒热烦满咳逆，口焦舌干，利小便。久服，安魂养神，不饥延年。一名茯菟。生山谷。,茯苓甘淡平，利水渗湿、健脾宁心，主治水肿尿少、痰饮眩悸、脾虚食少、便溏泄泻及心神不安、惊悸失眠。,3,AI预标注，待人工复核
q051,下肢水肿，按之凹陷，小便不利，怎么治？,case,shanghan_051,伤寒论,辨太阳病脉证并治中,脉浮宜麻黄汤（第51条）,脉浮者，病在表，可发汗，宜麻黄汤。,本条论脉浮可汗。脉浮者，病在表，可发汗，宜麻黄汤。脉浮主表，表实无汗者宜麻黄汤发汗。,0,AI预标注，待人工复核
q051,下肢水肿，按之凹陷，小便不利，怎么治？,case,shanghan_186,伤寒论,辨阳明病脉证并治,阳明之为病（第186条）,阳明之为病，胃家实也。,本条论述阳明病之脉证。当审其表里寒热、虚实传变而施治。,0,AI预标注，待人工复核
q051,下肢水肿，按之凹陷，小便不利，怎么治？,case,nanjing_051,难经,第五十一难,第五十一难,曰：病有欲得温者，有欲得寒者，有欲得见人者，有不欲得见人者，而各不同，病在何脏腑也？  然：病欲得寒，而欲见人者，病在腑也；病欲得温，而不欲见人者，病在脏也。何以言之？腑者阳也，阳病欲得寒，又欲见人；脏者，阴也，阴病欲得温，又欲闭户独处，恶闻人声。故以别知脏腑之病也。,本难以喜恶别脏腑病。病欲得寒欲见人者病在腑（阳），欲得温不欲见人者病在脏（阴）。,0,AI预标注，待人工复核
q051,下肢水肿，按之凹陷，小便不利，怎么治？,case,nanjing_052,难经,第五十二难,第五十二难,曰：脏腑发病，根本等不？  然：不等也。其不等奈何？然：脏病者，止而不移，其病不离其处：腑病者，仿佛贲响，上下行流，居处无常。故以此知脏腑根本不同也。,本难辨脏腑发病根本不同。脏病止而不移、不离其处，腑病仿佛贲响、上下流行、居处无常。,0,AI预标注，待人工复核
q051,下肢水肿，按之凹陷，小便不利，怎么治？,case,jinyeshichang_001,《中医基础理论》规划教材（要点归纳）,病因病机,津液失常·津液不足津液输布排泄障碍,津液失常，指津液不足或津液的输布、排泄障碍。津液不足，指津液亏少，脏腑形体官窍失其濡养，见口干、鼻燥、皮肤干燥等，甚则津伤化燥。津液输布排泄障碍，指津液不得正常布散与排泄，停聚体内，形成水湿、痰饮、水肿等病理产物。,津液失常分两类：一是津液本身不足（津伤、化燥），二是津液输布排泄障碍（停聚成水湿痰饮水肿）。前者多由热盛、汗吐下太过所致，后者多由肺脾肾功能失调所致。学习时应与津液代谢、痰饮两条互参。,3,AI预标注，待人工复核
q051,下肢水肿，按之凹陷，小便不利，怎么治？,case,snb_putao_001,神农本草经,上经,葡萄,葡萄，味甘，平。主筋骨湿痹，益气倍力，强志，令人肥健耐饥，忍风寒。久服，轻身不老延年。生山谷。,葡萄甘平，补气血、强筋骨、利小便，主治气血虚弱、肺虚咳嗽、心悸盗汗、风湿痹痛及水肿，为药食两用之品。,3,AI预标注，待人工复核
q051,下肢水肿，按之凹陷，小便不利，怎么治？,case,shanghan_299,伤寒论,辨少阴病脉证并治,少阴息高者死（第299条）,少阴病，六七日，息高者，死。,少阴病六七日，见呼吸气浮于上、息高不能归根。此为肾气下绝、真气上脱，肺失主宰、气逆不返，阴阳离决，故为死证。,0,AI预标注，待人工复核
q051,下肢水肿，按之凹陷，小便不利，怎么治？,case,shengyuge_001,针灸大成,卷之三,胜玉歌,胜玉歌兮不虚言，此是杨家真秘传。或针或灸依法语，补泻迎随随手捻。头痛眩晕百会好，心疼脾痛上脘先。后溪鸠尾及神门，治疗五痫立便痊。髀疼要针肩井穴，耳闭听会莫迟延。胃冷下脘却为良，眼痛须觅清冷渊。霍乱心疼吐痰涎，巨阙着艾便安然。脾疼背痛中渚泻，头风眼痛上星专。头项强急承浆保，牙腮疼紧大迎全。行间可治膝肿病，尺泽能医筋拘挛。…,"本篇杨氏自称""杨家真秘传""，以""胜玉""寓意胜过《玉龙歌》。以七言为体，逐证列要穴：头痛眩晕取百会、心痛脾痛取上脘、五痫取后溪鸠尾神门、耳闭取听会、霍乱取巨阙、中风口吐沫取人中颊车、疟疾取间使大杼、泄泻灸天枢、气病取气海、腿股痛取环跳风市阴市、脚气取复溜、疝气取大敦、遗精取心俞、黄疸取至阳、痔疾取长强、肾亏腰痛取肾俞。末…",0,AI预标注，待人工复核
q051,下肢水肿，按之凹陷，小便不利，怎么治？,case,haigeqiao_001,中国药典（2025年版）一部,化痰止咳平喘药,海蛤壳,据《中国药典》2025 年版一部：海蛤壳为帘蛤科动物文蛤 Meretrix meretrix Linnaeus 或青蛤 Cyclina sinensis Gmelin 的贝壳（药用部位：贝壳）。性味苦、咸，寒；归肺、胃、肾经。功能与主治：清热化痰，软坚散结，制酸止痛；外用收湿敛疮；用于痰火咳嗽，胸胁疼痛，痰中带血，瘰疬…,**简明**：海蛤壳苦咸寒，清热化痰、软坚散结、制酸止痛，主治痰火咳嗽、瘰疬瘿瘤及胃痛泛酸（煅用制酸），外治湿疹烫伤。**详解**：痰火咳嗽配青黛（黛蛤散）；胃酸配海螵蛸、瓦楞子。**先煎**，煅用制酸，生用清化。,0,AI预标注，待人工复核
q051,下肢水肿，按之凹陷，小便不利，怎么治？,case,nanjing_081,难经,第八十一难,第八十一难,曰：经言，无实实虚虚，损不足而益有余，是寸口脉耶？将病自有虚实耶？其损益奈何？  然：是病，非谓寸口脉也，谓病自有虚实也。假令肝实而肺虚，肝者木也，肺者金也，金木当更相平，当知金平木。假令肺实而肝虚，微少气，用针不补其肝，而反重实其肺，故曰实实虚虚，损不足而益有余。此者，中工之所害也。,本难诫实实虚虚之戒。非谓寸口脉，谓病自有虚实；当补不补、反重实其实，为损不足益有余，乃中工之害。,0,AI预标注，待人工复核
q051,下肢水肿，按之凹陷，小便不利，怎么治？,case,shanghan_091,伤寒论,辨太阳病脉证并治中,荣弱卫强宜桂枝汤（第91条）,太阳病，发热汗出者，此为荣弱卫强，故使汗出，欲救邪风者，宜桂枝汤。,本条重申营卫不和。太阳病发热汗出者，此为荣弱卫强，故使汗出，欲救邪风者，宜桂枝汤。,0,AI预标注，待人工复核
q051,下肢水肿，按之凹陷，小便不利，怎么治？,case,jicai_001,《中药学》（清华社）· 药典外品种,止血药,荠菜,据清华社《中药学》：荠菜为十字花科植物荠菜 Capsella bursa-pastoris (L.) Medic. 的干燥全草（药用部位：全草）。性味甘，凉；归肝、胃、膀胱经。功能与主治：凉血止血，清热利水；用于吐血，便血，崩漏，月经过多，水肿，泄泻。用法与用量：15～30g。外用适量。贮藏：置通风干燥处。,**简明**：荠菜甘凉，凉血止血而清热利水，为治血热出血与水肿泄泻的常用药。。**详解**：吐血便血、崩漏月经过多配白茅根、茜草、地榆；水肿配茯苓皮、泽泻；泄泻配山药、车前子。,3,AI预标注，待人工复核
q051,下肢水肿，按之凹陷，小便不利，怎么治？,case,shanghan_263,伤寒论,辨少阳病脉证并治,少阳病提纲（第263条）,少阳之为病，口苦、咽干、目眩也。,本条为少阳病提纲。少阳居半表半里，胆火内郁、三焦气机不利则口苦；热灼津液则咽干；胆火循经上扰空窍则目眩。凡见口苦、咽干、目眩三联，即为少阳病主证，法当和解，主小柴胡汤法。,0,AI预标注，待人工复核
q051,下肢水肿，按之凹陷，小便不利，怎么治？,case,shanghan_511,伤寒论,伤寒例,其伤于四时之气（第511条）,其伤于四时之气，皆能为病。,本条论述伤寒例之脉证。当审其表里寒热、虚实传变而施治。,0,AI预标注，待人工复核
q051,下肢水肿，按之凹陷，小便不利，怎么治？,case,dongkuiguo_001,中国药典（2025年版）一部,利水渗湿药,冬葵果,据《中国药典》2025 年版一部：冬葵果为锦葵科植物冬葵 Malva verticillata L. 的干燥成熟果实（药用部位：成熟果实）。性味甘、涩，凉；归膀胱、小肠经。功能与主治：清热利尿，消肿；用于热淋，石淋，水肿，尿闭，乳汁不通。用法与用量：3～9g。贮藏：置干燥处。,**简明**：冬葵果甘涩凉，清热利尿而消肿，为治热淋石淋、水肿尿闭的常用药。。**详解**：热淋石淋配车前子、瞿麦、海金沙；水肿尿闭配茯苓皮、泽泻；乳汁不通配穿山甲（代用品）、王不留行。,3,AI预标注，待人工复核
q051,下肢水肿，按之凹陷，小便不利，怎么治？,case,shanghan_295,伤寒论,辨少阴病脉证并治,少阴恶寒身蜷四逆不治（第295条）,少阴病，恶寒身蜷而利，手足逆冷者，不治。,少阴病恶寒身蜷而又下利、手足逆冷，为阳气衰微、阴寒独盛，纯阴无阳，脾肾之阳皆败。阳衰欲绝而无阳复之兆，故曰不治，示危候也。,1,AI预标注，待人工复核
q051,下肢水肿，按之凹陷，小便不利，怎么治？,case,shanghan_308,伤寒论,辨少阴病脉证并治,少阴下利便脓血可刺（第308条）,少阴病，下痢便脓血者，可刺。,少阴病下利便脓血者，除汤治外，亦可配合针刺以通经活络、调畅气血。示人针刺与药物可协同治少阴便脓血证。,0,AI预标注，待人工复核
q051,下肢水肿，按之凹陷，小便不利，怎么治？,case,xingmi_001,中国药典（2025年版）一部,清热药,菥蓂,据《中国药典》2025 年版一部：菥蓂为十字花科植物菥蓂 Thlaspi arvense L. 的干燥全草（药用部位：全草）。性味苦、甘，平；归肝、肾经。功能与主治：清热解毒，利水消肿；用于目赤肿痛，湿热泻痢，水肿。用法与用量：9～15g。外用适量。贮藏：置干燥处。,**简明**：菥蓂苦甘平，清热解毒而利水消肿，为治目赤肿痛与水肿泻痢的常用药。。**详解**：目赤肿痛配菊花、决明子；湿热泻痢配黄连、白头翁；水肿配茯苓皮、泽泻。,3,AI预标注，待人工复核
q051,下肢水肿，按之凹陷，小便不利，怎么治？,case,huangshukuihua_001,中国药典（2025年版）一部,清热药,黄蜀葵花,据《中国药典》2025 年版一部：黄蜀葵花为锦葵科植物黄蜀葵 Abelmoschus manihot (L.) Medic. 的干燥花冠（药用部位：花冠）。性味甘，寒；归膀胱、肾经。功能与主治：清利湿热，消肿解毒；用于湿热淋证，水肿，痈肿，烫伤。用法与用量：10～30g。外用适量。贮藏：置通风干燥处，防蛀。,**简明**：黄蜀葵花甘寒，清利湿热而消肿解毒，现代常用于肾病水肿、蛋白尿的治疗。。**详解**：湿热淋证、水肿配车前草、白茅根；肾病蛋白尿常制成黄葵胶囊用；痈肿烫伤可研末调敷。脾胃虚寒者慎用。,3,AI预标注，待人工复核
q051,下肢水肿，按之凹陷，小便不利，怎么治？,case,chushizi_001,中国药典（2025年版）一部,补虚药,楮实子,据《中国药典》2025 年版一部：楮实子为桑科植物构树 Broussonetia papyrifera (L.) Vent. 的干燥成熟果实（药用部位：成熟果实）。性味甘，寒；归肝、肾经。功能与主治：补肾清肝，明目，利尿；用于虚劳骨蒸，头晕目昏，目生翳膜，水肿胀满。用法与用量：6～12g。贮藏：置干燥处，防蛀。,**简明**：楮实子甘寒，补肾清肝而明目利尿，为治头晕目昏、虚劳水肿的常用药。。**详解**：虚劳骨蒸配地骨皮、生地黄；头晕目昏配枸杞子、菊花；目生翳膜配密蒙花、青葙子；水肿胀满配茯苓皮、泽泻。脾胃虚寒者慎用。,3,AI预标注，待人工复核
q051,下肢水肿，按之凹陷，小便不利，怎么治？,case,shanghan_002,伤寒论,辨太阳病脉证并治上,太阳中风证提纲（第2条）,太阳病，发热，汗出，恶风，脉缓者，名为中风。,本条为太阳中风提纲。太阳病见发热、汗出、恶风、脉浮缓者，名为中风。风邪外袭，卫强营弱，卫气浮盛于外故发热，营阴不能内守故汗出，风邪伤表故恶风，脉缓为营阴不足、卫气不共营气和调之象，主以桂枝汤解肌祛风。,0,AI预标注，待人工复核
q051,下肢水肿，按之凹陷，小便不利，怎么治？,case,shanghan_014,伤寒论,辨太阳病脉证并治上,桂枝汤主证（第14条）,太阳病，头痛发热，汗出恶风者，桂枝汤主之。,本条补述桂枝汤主证。太阳病头痛发热、汗出恶风者，桂枝汤主之。承上条重申桂枝汤证，凡见头痛发热汗出恶风之表虚证，即宜桂枝汤解肌，不必悉具。,0,AI预标注，待人工复核
q051,下肢水肿，按之凹陷，小便不利，怎么治？,case,nanjing_048,难经,第四十八难,第四十八难,曰：人有三虚三实，何谓也？  然：有脉之虚实，有病之虚实，有诊之虚实也。脉之虚实者，濡者为虚，牢者为实；病之虚实者，出者为虚，入者为实；言者为虚，不言者为实；缓者为虚，急者为实。诊之虚实者，痒者为虚，痛者为实；外痛内快，为外实内虚；内痛外快，为内实外虚，故曰虚实也。,本难论三虚三实。脉之虚实（濡虚牢实）、病之虚实（出虚入实、言虚言实、缓急）、诊之虚实（痒虚痛实、外痛内快等）。,0,AI预标注，待人工复核
q051,下肢水肿，按之凹陷，小便不利，怎么治？,case,kunbu_001,中国药典（2025年版）一部,化痰止咳平喘药,昆布,据《中国药典》2025 年版一部：昆布为海带科植物海带 Laminaria japonica Aresch. 或翅藻科植物昆布 Ecklonia kurome Okam. 的干燥叶状体（药用部位：叶状体）。性味咸，寒；归肝、胃、肾经。功能与主治：消痰软坚散结，利水消肿；用于瘿瘤，瘰疬，睾丸肿痛，痰饮水肿。用法与用量：6…,**简明**：昆布咸寒，消痰软坚散结、利水消肿，与海藻**相须为用**（软坚力胜），主治瘿瘤瘰疬、痰饮水肿。**详解**：瘿瘤配海藻、牡蛎；瘰疬配玄参、贝母。脾胃虚寒者慎用；含碘丰富，甲状腺功能亢进者须遵医嘱。,3,AI预标注，待人工复核
q051,下肢水肿，按之凹陷，小便不利，怎么治？,case,sanbaicao_001,中国药典（2025年版）一部,清热药,三白草,据《中国药典》2025 年版一部：三白草为三白草科植物三白草 Saururus chinensis (Lour.) Baill. 的干燥根茎或全草（药用部位：根茎或全草）。性味甘、辛，寒；归肺、膀胱经。功能与主治：清热解毒，利尿消肿；用于热淋，血淋，水肿，脚气，黄疸，带下，痈肿疮毒。用法与用量：15～30g。外用适量。…,**简明**：三白草甘辛寒，清热解毒而利尿消肿，为治热淋、水肿的常用药。。**详解**：热淋、血淋配车前草、瞿麦、白茅根；水肿、脚气配茯苓皮、泽泻；带下配黄柏、椿皮；痈肿疮毒可鲜品捣敷。脾虚便溏者慎用。,3,AI预标注，待人工复核
q051,下肢水肿，按之凹陷，小便不利，怎么治？,case,snb_huangqi_001,神农本草经,上经,黄芪,黄芪，味甘，微温。主痈疽久败疮，排脓止痛，大风癞疾，五痔鼠瘘，补虚，小儿百病。一名戴糁。生山谷。,黄芪甘微温，补气升阳、固表止汗、利水消肿、托毒生肌，主治气虚乏力、中气下陷、表虚自汗、气虚水肿及痈疽难溃。,3,AI预标注，待人工复核
q051,下肢水肿，按之凹陷，小便不利，怎么治？,case,gangbangui_001,中国药典（2025年版）一部,清热药,杠板归,据《中国药典》2025 年版一部：杠板归为蓼科植物杠板归 Polygonum perfoliatum L. 的干燥地上部分（药用部位：地上部分）。性味酸，微寒；归肺、膀胱经。功能与主治：清热解毒，利湿消肿；用于咽喉肿痛，肺热咳嗽，水肿，湿热泻痢，湿疹，蛇虫咬伤。用法与用量：15～30g。外用适量。贮藏：置干燥处。,**简明**：杠板归酸微寒，清热解毒而利湿消肿，为民间治毒蛇咬伤与湿疹水肿常用药。。**详解**：咽喉肿痛配板蓝根、射干；肺热咳嗽配桑白皮、黄芩；水肿、湿热泻痢配茯苓皮、车前草；湿疹、蛇虫咬伤可鲜品捣敷或煎水洗。,3,AI预标注，待人工复核
q051,下肢水肿，按之凹陷，小便不利，怎么治？,case,wangmu_001,《中医诊断学》规划教材（要点归纳）,四诊,望目·五轮学说及目部分属,望目是观察目部色泽形态以测脏腑盛衰。五轮学说：瞳仁属肾为水轮，黑睛属肝为风轮，两眦血络属心为血轮，白睛属肺为气轮，眼睑属脾为肉轮。目赤肿痛多属风热或肝火；目黄如橘属湿热黄疸；目窠浮肿为水肿；目睛下陷为津液耗伤；瞳孔缩小或散大为危候。,望目按五轮分属五脏，结合色泽形态判断脏腑寒热虚实。瞳孔异常、目睛斜视、视野缺损须就医。此为教材要点归纳，供参考；具体诊疗请遵医嘱，不引导自我诊断。,3,AI预标注，待人工复核
q051,下肢水肿，按之凹陷，小便不利，怎么治？,case,xiuchouqi_001,《中医诊断学》规划教材（要点归纳）,四诊,嗅气味·病室口气分泌物排泄物气味辨寒热,嗅气味是凭嗅觉嗅辨患者口气、体气及分泌物、排泄物、病室气味变化以辨别寒热虚实的诊法。一般气味酸腐臭秽者多属实热；无臭或微有腥气者多属虚寒。口气酸臭多属胃热或龋齿；病室有血腥气多为失血，有烂苹果味多属消渴重证，有尿臊味多属水肿晚期。,嗅气味以气味清浊、臭秽辨寒热：酸腐臭秽多实热，清腥无臭多虚寒；病室特殊气味提示危重证（失血、消渴、水肿晚期）。此为教材要点归纳，供参考；具体诊疗请遵医嘱，不引导自我诊断。,3,AI预标注，待人工复核
q051,下肢水肿，按之凹陷，小便不利，怎么治？,case,yazhicao_001,中国药典（2025年版）一部,清热药,鸭跖草,据《中国药典》2025 年版一部：鸭跖草为鸭跖草科植物鸭跖草 Commelina communis L. 的干燥地上部分（药用部位：地上部分）。性味甘、淡，寒；归肺、胃、小肠经。功能与主治：清热泻火，解毒利水；用于热病发热，咽喉肿痛，痈肿疔毒，热淋涩痛，水肿。用法与用量：15～30g。外用适量。贮藏：置干燥处。,**简明**：鸭跖草甘淡寒，清热泻火兼能利水，善治热病烦渴、热淋水肿。。**详解**：热病发热烦渴配芦根、石膏；咽喉肿痛配板蓝根、连翘；热淋涩痛配车前子、瞿麦；水肿配茯苓皮、泽泻。脾虚便溏者慎用。,3,AI预标注，待人工复核
q051,下肢水肿，按之凹陷，小便不利，怎么治？,case,snb_baizhu_001,神农本草经,上经,白术,术，味苦，温。主风寒湿痹，死肌，痉，疸，止汗，除热，消食。作煎饵。久服，轻身延年，不饥。一名山蓟。生山谷。,白术苦温，健脾益气、燥湿利水、止汗安胎，主治脾虚食少、腹胀泄泻、痰饮水肿及胎动不安。本经“术”兼指后世白术、苍术。,3,AI预标注，待人工复核
q051,下肢水肿，按之凹陷，小便不利，怎么治？,case,banzhilian_001,中国药典（2025年版）一部,清热药,半枝莲,据《中国药典》2025 年版一部：半枝莲为唇形科植物半枝莲 Scutellaria barbata D. Don 的干燥全草（药用部位：全草）。性味辛、苦，寒；归肺、肝、肾经。功能与主治：清热解毒，化瘀利尿；用于疔疮肿毒，咽喉肿痛，蛇虫咬伤，跌扑伤痛，水肿，黄疸。用法与用量：15～30g。外用适量。贮藏：置干燥处。,**简明**：半枝莲苦寒清解热毒，兼能化瘀利水，为治热毒疮肿与癌肿的常用要药。。**详解**：疔疮肿毒、咽喉肿痛配金银花、连翘、蒲公英；毒蛇咬伤配半边莲、白花蛇舌草；水肿、小便不利配茯苓、泽泻；现代用于多种肿瘤常配白花蛇舌草、薏苡仁。体虚者慎用，孕妇忌用。,3,AI预标注，待人工复核
q051,下肢水肿，按之凹陷，小便不利，怎么治？,case,dadouhuangjuan_001,中国药典（2025年版）一部,解表药,大豆黄卷,据《中国药典》2025 年版一部：大豆黄卷为豆科植物大豆 Glycine max (L.) Merr. 的成熟种子经发芽干燥的炮制加工品（药用部位：发芽制品）。性味甘，平；归脾、胃经。功能与主治：解表祛暑，清热利湿；用于暑湿感冒，发热汗少，胸闷脘痞，水肿胀满。用法与用量：9～15g。贮藏：置通风干燥处，防蛀。,**简明**：大豆黄卷甘平，解表祛暑而清热利湿，为治暑湿感冒、湿阻中焦的常用药。。**详解**：暑湿感冒配藿香、佩兰、苏叶；胸闷脘痞配厚朴、陈皮；水肿胀满配茯苓皮、泽泻。,3,AI预标注，待人工复核
q051,下肢水肿，按之凹陷，小便不利，怎么治？,case,shanghan_298,伤寒论,辨少阴病脉证并治,少阴四逆脉不至不烦而躁死（第298条）,少阴病，四逆恶寒而身蜷，脉不至，不烦而躁者，死。,少阴病四肢厥冷、恶寒身蜷，脉不至为阳气将绝；不烦而躁，为但阴无阳、脏气垂绝、神乱不安。真阳已败，故为死证。,0,AI预标注，待人工复核
q051,下肢水肿，按之凹陷，小便不利，怎么治？,case,guanmen_001,针灸学,足阳明胃经,关门,出《针灸甲乙经》。《针灸甲乙经》：关门，在梁门下一寸。,关门定位在上腹部，当脐中上3寸，前正中线旁开2寸。主治腹胀、腹痛、肠鸣、泄泻、水肿等肠胃病证。刺法：直刺0.5~0.8寸。,3,AI预标注，待人工复核
q051,下肢水肿，按之凹陷，小便不利，怎么治？,case,shenque_001,针灸学,任脉,神阙,出《针灸甲乙经》。,神阙属任脉，定位在脐区，脐中央。主治腹痛、久泻脱肛、中风虚脱、水肿，为急救回阳要穴。刺法：禁刺；多用艾条或艾炷隔盐灸。,3,AI预标注，待人工复核
q051,下肢水肿，按之凹陷，小便不利，怎么治？,case,sangzhi_001,中国药典（2025年版）一部,祛风湿药,桑枝,据《中国药典》2025 年版一部：桑枝为桑科植物桑 Morus alba L. 的干燥嫩枝（药用部位：嫩枝）。性味微苦，平；归肝经。功能与主治：祛风湿，利关节；用于风湿痹痛，肩臂、关节酸痛麻木。用法与用量：9～15g。贮藏：置干燥处。  **【古注】】 《本草纲目》：桑枝煎药，专治风湿臂痛及脚气水肿，能利关节，除风痒。,**简明**：桑枝微苦平，祛风湿、利关节，善治**上肢肩臂**风湿痹痛、麻木拘挛，兼利水治脚气。**详解**：风湿痹痛配桂枝、威灵仙（上肢痹痛尤宜）；肩周炎配羌活、姜黄；水肿脚气配茯苓、槟榔。药性平和，寒热痹证均可配用。,3,AI预标注，待人工复核
q051,下肢水肿，按之凹陷，小便不利，怎么治？,case,snb_mahuang_001,神农本草经,中经,麻黄,麻黄，味苦，温。主中风伤寒头痛，温疟，发表出汗，去邪热气，止咳逆上气，除寒热，破症坚积聚。,麻黄辛温发散，为发汗解表、宣肺平喘之要药，主治外感风寒表实无汗、咳嗽气喘及风水水肿。本经兼主症坚积聚，取其温通破滞之功。,3,AI预标注，待人工复核
q051,下肢水肿，按之凹陷，小便不利，怎么治？,case,snb_dadouhuangjuan_001,神农本草经,中经,大豆黄卷,大豆黄卷，味甘，平。主湿痹筋挛膝痛。,大豆黄卷甘平，解表祛暑、清热利湿，主治暑湿感冒、湿温初起、发热汗出胸闷不舒及水肿胀满筋挛膝痛。本经主湿痹筋挛膝痛，取其利湿舒筋之功。,3,AI预标注，待人工复核
q051,下肢水肿，按之凹陷，小便不利，怎么治？,case,weidao_001,针灸学,足少阳胆经,维道,出《针灸甲乙经》。,维道为足少阳与带脉交会穴，定位在侧腹部，髂前上棘前下方，五枢前下0.5寸。主治腹痛、疝气、带下、阴挺及水肿。操作直刺1～1.5寸；可灸。,3,AI预标注，待人工复核
q051,下肢水肿，按之凹陷，小便不利，怎么治？,case,snb_yuanhua_001,神农本草经,下经,芫花,芫花，味辛，温。主咳逆上气，喉鸣喘，咽肿，短气，蛊毒，鬼疟，疝瘕，痈肿，杀虫鱼。生川谷。,芫花辛温有毒，泻水逐饮，兼祛痰止咳、杀虫疗疮，善治胸胁停饮、咳喘胸满、水肿胀满及头疮顽癣。醋制减毒，孕妇体虚者忌用；反甘草，不宜久服过量。,3,AI预标注，待人工复核
q051,下肢水肿，按之凹陷，小便不利，怎么治？,case,snb_chixiaodou_001,神农本草经,中经,赤小豆,赤小豆，味甘酸，平。主下水，排痈肿脓血。,赤小豆甘酸平，利水消肿、解毒排脓，主治水肿胀满、脚气浮肿、黄疸尿赤风湿热痹及痈肿疮毒肠痈腹痛。本经主下水、排痈肿脓血，取其利水湿、排脓解毒之功。,3,AI预标注，待人工复核
q051,下肢水肿，按之凹陷，小便不利，怎么治？,case,shimen_001,针灸学,任脉,石门,出《针灸甲乙经》。,石门为三焦募穴，定位在下腹部，前正中线上，脐中下2寸。主治腹胀、水肿、泄泻肠鸣、奔豚气及遗精、闭经、带下。刺法：直刺1～1.5寸；可灸（古传妇女慎刺）。,3,AI预标注，待人工复核
q051,下肢水肿，按之凹陷，小便不利，怎么治？,case,snb_daji_001,神农本草经,下经,大戟,大戟，味苦，寒。主蛊毒，十二水，腹满急痛，积聚，中风，皮肤疼痛，吐逆。生川泽。,大戟苦寒有毒，泻水逐饮，兼消肿散结，善治水肿胀满、胸腹积水、痰饮积聚、痈肿瘰疬。其性峻烈，能损真气，孕妇及体虚者忌用；反甘草，不可同用，不宜久服。,3,AI预标注，待人工复核
q051,下肢水肿，按之凹陷，小便不利，怎么治？,case,aidicha_001,中国药典（2025年版）一部,化痰止咳平喘药,矮地茶,据《中国药典》2025 年版一部：矮地茶为紫金牛科植物紫金牛 Ardisia japonica (Thunb.) Blume 的干燥全株（药用部位：全株）。性味辛、微苦，平；归肺、肝经。功能与主治：化痰止咳，清利湿热，活血化瘀；用于新久咳嗽，喘促痰鸣，湿热黄疸，水肿，经闭痛经，风湿痹痛，跌打损伤。用法与用量：15～30…,**简明**：矮地茶辛微苦平，化痰止咳、清利湿热、活血化瘀，主治**新久咳嗽**（肺痨咳血）、湿热黄疸水肿及瘀血诸痛。**详解**：咳嗽配百部、紫菀；黄疸配茵陈、金钱草；经闭痛经配当归、川芎。,3,AI预标注，待人工复核
q051,下肢水肿，按之凹陷，小便不利，怎么治？,case,lingshu_057,灵枢经,水胀篇五十七,水胀篇五十七,黄帝问于岐伯曰：水与肤胀、鼓胀、肠覃、石瘕、石水，何以别之？ 岐伯曰：水始起也，目窠上微肿，如新卧起之状，其颈脉动，时咳，阴股间寒，足胫肿，腹乃大，其水已成矣。以手按其腹，随手而起，如裹水之状，此其候也。 黄帝曰：肤胀何以候之？ 岐伯曰：肤胀者，寒气客于皮肤之间，𪔣𪔣然不坚，腹大，身尽肿，皮厚，按其腹窅而不起，腹色不变…,本篇鉴别水胀、肤胀、鼓胀、肠覃、石瘕等胀病。水肿始起目窠上微肿、颈脉动、时咳、足胫肿、腹大，按腹随手而起如裹水。肤胀寒气客于皮肤，𪔣𪔣然不坚，按腹窅而不起、腹色不变。鼓胀腹胀身皆大、色苍黄、腹筋起。肠覃寒气客肠外，始如鸡卵、后如怀子，月事以时下。石瘕生于胞中，子门闭塞、恶血留止，月事不以时下，可导而下。治先泻血络后调其…,3,AI预标注，待人工复核
q051,下肢水肿，按之凹陷，小便不利，怎么治？,case,shanglu_001,中国药典（2025年版）一部,泻下药,商陆,据《中国药典》2025 年版一部：商陆为商陆科植物商陆 Phytolacca acinosa Roxb. 或垂序商陆 Phytolacca americana L. 的干燥根（药用部位：根）。性味苦，寒；有毒；归肺、脾、肾、大肠经。功能与主治：逐水消肿，通利二便，解毒散结；用于水肿胀满，二便不通；外治痈肿疮毒。用法与用…,**简明**：商陆苦寒有毒，逐水消肿、通利二便，主治水肿胀满、二便不通（外用解毒散结）。**详解**：水肿腹满配泽泻、茯苓皮（疏凿饮子）；疮痈肿毒煎汤外洗。**有毒**，3～9g，醋制减毒，不宜久服；孕妇禁用，脾虚水肿者忌用。,3,AI预标注，待人工复核
q051,下肢水肿，按之凹陷，小便不利，怎么治？,case,shanghan_127,伤寒论,辨太阳病脉证并治中,小便利与不利辨水停（第127条）,太阳病，小便利者，以饮水多，必心下悸。小便少者，必苦里急也。,本条以小便利否辨水停。太阳病，小便利者，以饮水多，必心下悸；小便少者，必苦里急也。蓄水轻浅在中焦则悸，深在下焦则里急。,0,AI预标注，待人工复核
q051,下肢水肿，按之凹陷，小便不利，怎么治？,case,chixiaodou_001,中国药典（2025年版）一部,利水渗湿药,赤小豆,据《中国药典》2025 年版一部：赤小豆为豆科植物赤小豆 Vigna umbellata Ohwi et Ohashi 或赤豆 Vigna angularis Ohwi et Ohashi 的干燥成熟种子（药用部位：成熟种子）。性味甘、酸，平；归心、小肠经。功能与主治：利水消肿，解毒排脓；用于水肿胀满，脚气浮肿，黄疸尿…,**简明**：赤小豆甘酸平，利水消肿、解毒排脓，主治水肿脚气、黄疸尿赤及痈肿肠痈，可作食疗。**详解**：水肿配茯苓、薏苡仁；湿热黄疸配茵陈；痈肿疮毒研末外敷（芙蓉叶配用）；肠痈配薏苡仁、败酱草。瘦人及阴虚者不宜久服。,3,AI预标注，待人工复核
q051,下肢水肿，按之凹陷，小便不利，怎么治？,case,zexie_001,中国药典（2025年版）一部,利水渗湿药,泽泻,据《中国药典》2025 年版一部：泽泻为泽泻科植物泽泻 Alisma orientale (Sam.) Juzep. 的干燥块茎（药用部位：块茎）。性味甘，寒；归肾、膀胱经。功能与主治：利水渗湿，泄热，化浊降脂；用于小便不利，水肿胀满，泄泻尿少，痰饮眩晕，热淋涩痛，高脂血症。用法与用量：6～10g。贮藏：置干燥处，防霉…,**简明**：泽泻甘寒，利水渗湿、泄热、化浊降脂，利水之力强于茯苓且能泄下焦湿热与肾经虚火。**详解**：水肿小便不利配茯苓、猪苓（五苓散）；痰饮眩晕配白术（泽泻汤）；阴虚火旺配熟地黄、山茱萸（六味地黄丸中泻火）；高脂血症配决明子、山楂。肾虚滑精者慎用。,3,AI预标注，待人工复核
q051,下肢水肿，按之凹陷，小便不利，怎么治？,case,shipisan_001,《方剂学》规划教材（要点归纳）,祛湿剂,实脾散·温阳健脾行气利水治阴水,"传统方歌：""实脾苓术与木瓜，甘草木香大腹加，草果附姜兼厚朴，虚寒阴水效堪夸。""（《重订严氏济生方》方，据教材要点归纳：厚朴、白术、木瓜、木香、草果仁、大腹子、附子、白茯苓、干姜、甘草，加生姜、大枣，各约常用量，水煎服。）",实脾散为温化水湿、温阳健脾代表方，主治脾肾阳虚之阴水，症见身半以下肿甚、手足不温、口中不渴、胸腹胀满、大便溏薄、苔白腻、脉沉弦而迟。功能温阳健脾、行气利水，为治阴水（虚寒水肿）常用方，温阳与行气利水并行。使用注意：本方温阳健脾，阳水（阳水实证、湿热壅盛）非宜；水肿伴喘促、心衰、肾衰者当结合现代医学诊治。本方为要点归纳，…,3,AI预标注，待人工复核
q051,下肢水肿，按之凹陷，小便不利，怎么治？,case,fuling_001,中国药典（2025年版）一部,利水渗湿药,茯苓,据《中国药典》2025 年版一部：茯苓为多孔菌科真菌茯苓 Poria cocos (Schw.) Wolf 的干燥菌核（药用部位：菌核）。性味甘、淡，平；归心、肺、脾、肾经。功能与主治：利水渗湿，健脾，宁心；用于水肿尿少，痰饮眩悸，脾虚食少，便溏泄泻，心神不安，惊悸失眠。茯苓皮利水消肿；茯神宁心安神。用法与用量：10～…,**简明**：茯苓甘淡平，利水渗湿、健脾、宁心，药性平和（四时神药），主治水肿痰饮、脾虚泄泻、心悸失眠，利水不伤正。**详解**：水湿内停水肿配猪苓、泽泻（五苓散）；痰饮眩悸配桂枝、白术（苓桂术甘汤）；脾虚便溏配白术、山药（参苓白术散）；心悸失眠配酸枣仁、远志（归脾汤）。茯苓皮偏利水消肿，茯神偏宁心安神。,3,AI预标注，待人工复核
q051,下肢水肿，按之凹陷，小便不利，怎么治？,case,snb_shuizhi_001,神农本草经,下经,水蛭,水蛭，味咸，平。主逐恶血瘀血，月闭，破血瘕积聚，无子，利水道。生池泽。,水蛭咸苦平有毒，破血逐瘀、通经消癥，力峻效捷，主治瘀血经闭、癥瘕积聚、跌打损伤及中风偏瘫。其破血之力甚猛，孕妇、体虚无瘀及出血倾向者忌用，须滑石炒炙减毒入丸散，不宜久服。,2,AI预标注，待人工复核
q051,下肢水肿，按之凹陷，小便不利，怎么治？,case,zeqi_001,《中药学》（清华社）· 药典外品种,利水渗湿药,泽漆,据清华社《中药学》：泽漆为大戟科植物泽漆 Euphorbia helioscopia L. 的干燥全草（药用部位：全草）。性味辛、苦，微寒；有毒；归肺、脾、肾经。功能与主治：利水消肿，化痰散结，杀虫；用于水肿，腹水，痰饮喘咳，瘰疬，癣疮。用法与用量：5～10g。外用适量。注意：本品有毒，孕妇禁用；不宜过量。贮藏：置通风…,**简明**：泽漆辛苦微寒有毒，利水消肿而化痰散结，为治水肿腹水与瘰疬痰核的常用药。。**详解**：水肿腹水配茯苓、泽泻、大腹皮；痰饮喘咳配半夏、葶苈子；瘰疬配夏枯草、猫爪草；癣疮煎水外洗。**有毒**，孕妇禁用，不宜过量久服。,3,AI预标注，待人工复核
q051,下肢水肿，按之凹陷，小便不利，怎么治？,case,suwen_061,黄帝内经素问,水热穴论篇六十一,水热穴论篇六十一,黄帝问曰：少阴何以主肾？肾何以主水？ 岐伯对曰：肾者，至阴也。至阴者，盛水也。肺者，太阴也。少阴者，冬脉也。故其本在肾，其末在肺，皆积水也。 帝曰：肾何以能聚水而生病？ 岐伯曰：肾者，胃之关也，关门不利，故聚水而从其类也。上下溢于皮肤，故为胕肿。胕肿者，聚水而生病也。 帝曰：诸水皆生于肾乎？ 岐伯曰：肾者牝脏也。地气上…,本篇论水病与热病之腧穴及四时刺法。问少阴何以主肾、肾何以主水，答肾至阴盛水，肺太阴，其本在肾其末在肺，皆积水。肾为胃关，关门不利故聚水为胕肿。勇而劳甚肾汗出逢风，客玄府皮里，本之于肾名曰风水。水俞五十七穴皆积阴所聚、水所从出入。又论春取络脉分肉、夏取盛经分腠、秋取经俞、冬取井荥之故。末明治热病五十九俞之分部：头上五行越…,0,AI预标注，待人工复核
q051,下肢水肿，按之凹陷，小便不利，怎么治？,case,lingshu_036,灵枢经,五癃津液别篇第三十六,五癃津液别篇第三十六,黄帝问于岐伯曰：水谷入于口，输于肠胃，其液别为五：天寒衣薄，则为溺与气；天热衣厚则为汗；悲哀气并则为泣；中热胃缓则为唾。邪气内逆，则气为之闭塞而不行，不行则为水胀。余知其然也，不知其何由生，愿闻其道。 岐伯曰：水谷皆入于口，其味有五，各注其海。津液各走其道，故三焦出气，以温肌肉，充皮肤，为其津，其流而不行者为液。 天暑…,本篇论水谷入胃其液别为五。天寒衣薄则为溺与气，天热衣厚则为汗，悲哀气并则为泣，中热胃缓则为唾，邪气内逆气闭不行则为水胀。三焦出气温肌肉充皮肤为津，流而不行者为液。天暑腠理开汗出、天寒腠理闭水下膀胱为溺；悲哀心系急肺举故泣出；中热胃缓故唾出；津液和合为膏内渗骨空补益脑髓；阴阳不和则液溢下泄、腰背痛胫酸；气道不通三焦不泻则…,0,AI预标注，待人工复核
q051,下肢水肿，按之凹陷，小便不利，怎么治？,case,qi_001,《中医基础理论》规划教材（要点归纳）,气血津液,气·构成人体和维持生命活动的精微物质,气是构成人体和维持人体生命活动的、具有很强活力的精微物质。气的生成源于先天之精、水谷之精气和自然界清气；气的生理功能包括推动、温煦、防御、固摄、气化与营养作用。人体之气依其生成、分布和功能不同，分为元气、宗气、营气、卫气等。,气在中医学中既是物质概念，又是功能概括。它推动血液运行、温煦脏腑肌表、防御外邪、固摄津液精血并主持气化代谢。临床所见气虚、气滞、气逆等都以气的功能失常为基本病机。,0,AI预标注，待人工复核
q051,下肢水肿，按之凹陷，小便不利，怎么治？,case,shuigou_001,针灸学,督脉,水沟,出《针灸甲乙经》。,水沟（人中）为督脉、手足阳明之会，急救要穴。在面部，人中沟上1/3与中1/3交点处。主治昏迷、晕厥、中风、中暑、休克、呼吸衰竭、急性腰扭伤、口眼㖞斜、面肿、牙关紧闭、癫狂痫。刺法：向上斜刺0.3～0.5寸，或用指甲掐按；不灸。,0,AI预标注，待人工复核
q051,下肢水肿，按之凹陷，小便不利，怎么治？,case,qiying_001,《中医外科学》规划教材（要点归纳）,外科,气瘿·颈部弥漫性肿胀随喜怒消长,气瘿是瘿病的一种，其特点是颈部漫肿，边缘不清，皮色如常，按之柔软不痛，随喜怒消长，好发于山区、高原地带，与水土及情志有关，相当于单纯性甲状腺肿。病因多为肝郁气滞、冲任失调、水土不宜。,气瘿治疗以疏肝解郁、化痰软坚为主，常用四海舒郁丸。同时注意改善水源、补充碘质。甲状腺肿大压迫气管或合并结节者应就医。教材要点归纳，供参考；具体诊疗请遵医嘱。,0,AI预标注，待人工复核
q051,下肢水肿，按之凹陷，小便不利，怎么治？,case,shuidou_001,《中医儿科学》规划教材（要点归纳）,儿科,水痘·小儿出疹性传染病丘疹疱疹并见,水痘是由水痘时邪引起的出疹性传染病，以发热、皮肤分批出现斑疹、丘疹、疱疹、结痂为特征，同一时期丘疹、疱疹、结痂并见，躯干部较多。辨证常见邪伤肺卫、邪炽气营等型。治法以疏风清热、解毒利湿、清热凉营为主。,水痘传染性强，须隔离至疱疹全部结痂。中医邪伤肺卫用银翘散疏风清热，邪炽气营用清胃解毒汤。保持皮肤清洁、避免搔抓继发感染。高热、疱疹密集化脓、神昏须及时就医。本条目为教材要点归纳，供参考；具体诊疗请遵医嘱。,0,AI预标注，待人工复核
q051,下肢水肿，按之凹陷，小便不利，怎么治？,case,shanghan_074,伤寒论,辨太阳病脉证并治中,水逆证五苓散（第74条）,中风发热，六七日不解而烦，有表里证，渴欲饮水，水入则吐者，名曰水逆。五苓散主之。,本条论水逆证。中风发热六七日不解而烦、有表里证、渴欲饮水、水入则吐者，名曰水逆，五苓散主之。水停下焦、气化不行，饮入即吐。,2,AI预标注，待人工复核
q051,下肢水肿，按之凹陷，小便不利，怎么治？,case,shanghan_172,伤寒论,辨太阳病脉证并治下,白虎加人参汤证治（第172条）,伤寒病，若吐、若下后，七八日不解，热结在里，表里俱热，时时恶风，大渴，舌上干燥而烦，欲饮水数升者，白虎加人参汤主之。 白虎加人参汤方 知母六两 石膏一斤（碎） 甘草二两（炙）人参二两 粳米六合 上五味，以水一斗，煮米熟，汤成去滓，温服一升，日三服。此方立夏后、立秋前乃可服，立秋后不可服。正月、二月、三月尚凛冷，亦不可与…,本条论述太阳病之脉证。症见恶风、呕、烦、腹痛、渴。治以白虎加人参汤（清热生津、益气除烦），药后观其进退。,0,AI预标注，待人工复核
q051,下肢水肿，按之凹陷，小便不利，怎么治？,case,shanghan_028,伤寒论,辨太阳病脉证并治上,桂枝去桂加茯苓白术汤证（第28条）,服桂枝汤，或下之，仍头项强痛，翕翕发热，无汗，心下满，微痛，小便不利者，桂枝汤去桂，加茯苓白术汤主之。 桂枝去桂加茯苓白术汤方 芍药三两甘草二两(炙)生姜(切)白术 茯苓各三两大枣十二枚(擘) 上六味，以水八升，煮取三升，去滓，温服一升，小便利则愈。本云桂枝汤，今去桂枝，加茯苓，白术。,本条论水停心下证。服桂枝汤或下之，仍头项强痛、翕翕发热、无汗、心下满微痛、小便不利者，为水饮内停、经脉不畅，桂枝去桂加茯苓白术汤主之，去桂枝之走表，加苓术健脾利水。,3,AI预标注，待人工复核
q051,下肢水肿，按之凹陷，小便不利，怎么治？,case,liqi_001,《中医基础理论》规划教材（要点归纳）,病因病机,疠气·戾气瘟疫强烈传染性外感病邪,疠气，又称戾气、疫毒、疫疠之气，是一类具有强烈传染性的外感病邪。其致病特点：发病急骤、病情危重；传染性强、易于流行；一气一病、症状相似；多从口鼻而入，或由饮食、接触传染。疠气与时令、环境、饮食、预防及社会因素相关。,"疠气是中医对烈性传染病病因的概括，比六淫更强调传染性与流行性。吴又可《温疫论》首倡""戾气""学说，突破了""百病皆生于六气""的传统认识。本条为病因基础理论，不涉及具体诊疗。",0,AI预标注，待人工复核
q052,耳鸣耳聋，腰膝酸软，怎么治？,case,liuweidihuangwan_002,《中国药典》一部/药品说明书（要点归纳）,补益剂/中成药,六味地黄丸·滋阴补肾,据现行版《中国药典》一部与药品说明书要点归纳：本品由熟地黄、山茱萸、山药、泽泻、牡丹皮、茯苓组成，具滋阴补肾之功，用于肾阴亏损，症见头晕耳鸣、腰膝酸软、骨蒸潮热、盗汗遗精、消渴。用法用量按说明书。,六味地黄丸为滋阴补肾基础中成药，用于肾阴亏虚之腰酸耳鸣潮热盗汗。脾虚便溏者慎用；感冒发热期间不宜服用。本条目为中成药，请按说明书或在医师指导下使用。,3,AI预标注，待人工复核
q052,耳鸣耳聋，腰膝酸软，怎么治？,case,laoshangbianzheng_001,《中医诊断学》规划教材（要点归纳）,辨证,劳伤辨证·劳力劳神房劳过度所致证候,劳伤辨证是辨别过度劳累所致证候。劳力过度则耗气，见神疲乏力、少气懒言、气喘汗出；劳神过度则耗伤心血、损伤心脾，见心悸失眠、纳呆健忘；房劳过度则耗伤肾精，见腰膝酸软、头晕耳鸣、遗精早泄、月经不调。,劳伤辨证须辨过劳性质与所伤脏腑。慢性消耗、持续神疲、性功能障碍须就医。此为教材要点归纳，供参考；具体诊疗请遵医嘱，不引导自我诊断。,3,AI预标注，待人工复核
q052,耳鸣耳聋，腰膝酸软，怎么治？,case,snb_tusizi_001,神农本草经,上经,菟丝子,菟丝子，味辛，平。主续绝伤，补不足，益气力，肥健，汁去面皯。久服，明目轻身延年。一名菟芦。生川泽。,菟丝子辛甘平，补肾益精、养肝明目、固精缩尿、安胎、止泻，主治阳痿遗精、遗尿尿频、腰膝酸软、目昏耳鸣及胎动不安。,3,AI预标注，待人工复核
q052,耳鸣耳聋，腰膝酸软，怎么治？,case,shenshu_001,针灸学,足太阳膀胱经,肾俞,出《针灸甲乙经》。《灵枢·背腧》：十四焦之间，肾腧当其处。,肾俞为肾之背俞穴，为肾气输注于背部的腧穴。定位在脊柱区，第2腰椎棘突下，后正中线旁开1.5寸。主治头晕、耳鸣、耳聋等肾精不足证，腰膝酸痛，遗精、阳痿、不育等生殖泌尿病证，月经不调、带下等妇科病，以及水肿、小便不利。刺法：直刺0.5～1寸；可灸。,1,AI预标注，待人工复核
q052,耳鸣耳聋，腰膝酸软，怎么治？,case,longdanxieganwan_001,《中国药典》一部/药品说明书（要点归纳）,清热剂/中成药,龙胆泻肝丸（水丸）·清肝胆实火利肝经湿热,据现行版《中国药典》一部与药品说明书要点归纳：本品由龙胆草、黄芩、栀子、泽泻、木通、车前子、当归、地黄、柴胡、甘草等组成，具清肝胆、利湿热之功，用于肝胆湿热所致头晕目赤、耳鸣耳聋、耳肿疼痛、胁痛口苦、尿赤涩痛、湿热带下。用法用量按说明书口服。,龙胆泻肝丸为常用清肝胆实火、利湿热类中成药，用于肝胆实火或湿热下注证。本方苦寒败胃，不宜久服；脾胃虚寒、孕妇及年老体虚者慎用；对本品过敏者禁用。本条目为中成药，请按说明书或在医师指导下使用。,3,AI预标注，待人工复核
q052,耳鸣耳聋，腰膝酸软，怎么治？,case,lurong_001,中国药典（2025年版）一部,补虚药,鹿茸,据《中国药典》2025 年版一部：鹿茸为鹿科动物梅花鹿 Cervus nippon Temminck 或马鹿 Cervus elaphus Linnaeus 的雄鹿未骨化密生茸毛的幼角（药用部位：幼角）。性味甘、咸，温；归肾、肝经。功能与主治：壮肾阳，益精血，强筋骨，调冲任，托疮毒；用于肾阳不足，精血亏虚，阳痿滑精，宫…,**简明**：鹿茸甘咸温，壮肾阳、益精血、强筋骨、调冲任、托疮毒，为**峻补元阳精血**之品，主治肾阳虚衰阳痿宫冷、精血亏虚羸瘦、筋骨痿软及崩漏阴疽。**详解**：肾阳不足配熟地黄、山茱萸（右归丸）；气血两虚配人参、黄芪（十全大补汤）。**研末冲服（1～2g），宜从小量渐加**；阴虚阳亢、血热者禁用。,1,AI预标注，待人工复核
q052,耳鸣耳聋，腰膝酸软，怎么治？,case,tusizi_001,中国药典（2025年版）一部,补虚药,菟丝子,据《中国药典》2025 年版一部：菟丝子为旋花科植物菟丝子 Cuscuta chinensis Lam. 的干燥成熟种子（药用部位：成熟种子）。性味辛、甘，平；归肝、肾、脾经。功能与主治：补益肝肾，固精缩尿，安胎，明目，止泻；用于阳痿遗精，尿有余沥，遗尿尿频，腰膝酸软，目昏耳鸣，肾虚胎漏，胎动不安，脾肾虚泻。用法与用量…,**简明**：菟丝子辛甘平，补益肝肾、固精缩尿、安胎明目止泻（**平补阴阳、不燥不腻**），主治阳痿遗精、尿频、腰膝酸软、目昏、胎动不安及脾肾虚泻。**详解**：阳痿遗精配枸杞子、覆盆子（五子衍宗丸）；胎动不安配续断、桑寄生（寿胎丸）；脾肾虚泻配补骨脂、山药。阴虚火旺、大便燥结者慎用。,3,AI预标注，待人工复核
q052,耳鸣耳聋，腰膝酸软，怎么治？,case,snb_huma_001,神农本草经,上经,胡麻,胡麻，味甘，平。主伤中虚羸，补五内，益气力，长肌肉，填髓脑。久服，轻身不老。一名巨胜。生川泽。,胡麻即黑芝麻，甘平，补肝肾、益精血、润肠燥，主治精血亏虚、头晕眼花、耳鸣耳聋、须发早白及肠燥便秘。,3,AI预标注，待人工复核
q052,耳鸣耳聋，腰膝酸软，怎么治？,case,snb_longdan_001,神农本草经,上经,龙胆,龙胆，味苦涩。主骨间寒热，惊痫邪气，续绝伤，定五脏，杀蛊毒。久服，益智不忘，轻身耐老。一名陵游。生山谷。,龙胆苦寒，清热燥湿、泻肝胆火，主治湿热黄疸、阴肿阴痒、带下、强中、湿疹瘙痒及肝火目赤、耳鸣耳聋、惊风抽搐。,3,AI预标注，待人工复核
q052,耳鸣耳聋，腰膝酸软，怎么治？,case,ganyang_feng_001,中医诊断学,辨证,肝阳上亢、肝风内动与肝胆湿热证,肝证类。据规划教材《中医诊断学》归纳：肝阳上亢证以眩晕耳鸣、头目胀痛、面赤、急躁易怒、腰膝酸软、头重脚轻、舌红少津、脉弦有力或弦细数为要点（本虚标实）；肝风内动证以眩晕欲仆、抽搐、震颤、麻木、口眼歪斜、半身不遂为要点（含肝阳化风、热极生风、阴虚动风、血虚生风）；肝胆湿热证以胁肋胀痛、口苦纳呆、呕恶、身目发黄、阴囊湿疹或…,"肝阳上亢治宜平肝潜阳（滋水涵木）；肝风内动据其因治以息风（凉肝息风、滋阴息风、养血息风）；肝胆湿热治宜清利肝胆湿热。肝阳上亢以""上盛下虚""为眼目——面赤头胀在上而腰膝酸软在下，属本虚标实；肝风内动以动摇、抽搐、眩晕仆倒为眼目；肝胆湿热以胁痛口苦加苔黄腻、湿热下注（阴囊、带下）为眼目。肝阳化风为肝阳上亢之进一步发展，须防…",3,AI预标注，待人工复核
q052,耳鸣耳聋，腰膝酸软，怎么治？,case,nvzhenzi_001,中国药典（2025年版）一部,补虚药,女贞子,据《中国药典》2025 年版一部：女贞子为木犀科植物女贞 Ligustrum lucidum Ait. 的干燥成熟果实（药用部位：成熟果实）。性味甘、苦，凉；归肝、肾经。功能与主治：滋补肝肾，明目乌发；用于眩晕耳鸣，腰膝酸软，须发早白，目暗不明，内热消渴，骨蒸潮热。用法与用量：6～12g。贮藏：置干燥处。  **【古注…,**简明**：女贞子甘苦凉，滋补肝肾、明目乌发（**补而不腻、兼清虚热**），主治眩晕耳鸣、腰膝酸软、须发早白、目暗不明及骨蒸潮热。**详解**：须发早白配墨旱莲（二至丸）；目暗不明配枸杞子、菊花；阴虚潮热配地骨皮、生地黄。脾胃虚寒泄泻者慎用。,3,AI预标注，待人工复核
q052,耳鸣耳聋，腰膝酸软，怎么治？,case,heizhima_001,中国药典（2025年版）一部,补虚药,黑芝麻,据《中国药典》2025 年版一部：黑芝麻为脂麻科植物脂麻 Sesamum indicum L. 的干燥成熟种子（药用部位：成熟种子）。性味甘，平；归肝、肾、大肠经。功能与主治：补肝肾，益精血，润肠燥；用于头晕眼花，耳鸣耳聋，须发早白，病后脱发，肠燥便秘。用法与用量：9～15g。贮藏：置通风干燥处，防蛀。,**简明**：黑芝麻甘平，补肝肾而益精血、润肠燥，为治须发早白、肠燥便秘的常用药。。**详解**：头晕眼花、须发早白配桑叶、何首乌（桑麻丸）；病后脱发配熟地黄、女贞子；肠燥便秘配火麻仁、柏子仁。**脾虚便溏者慎用**。,3,AI预标注，待人工复核
q052,耳鸣耳聋，腰膝酸软，怎么治？,case,snb_gouqizi_001,神农本草经,上经,枸杞子,枸杞，味甘，寒。主五内邪气，热中消渴，周痹。久服，坚筋骨，轻身不老。一名杞根，一名地骨，一名枸忌，一名地辅。生川泽。,本经枸杞兼指根实，后世枸杞子甘平，滋补肝肾、益精明目，主治肝肾阴虚、腰膝酸软、头晕目眩、视力减退。,3,AI预标注，待人工复核
q052,耳鸣耳聋，腰膝酸软，怎么治？,case,snb_sangjisheng_001,神农本草经,上经,桑上寄生,桑上寄生，味苦，平。主腰痛，小儿背强，痈肿，安胎，充肌肤，坚发齿，长须眉。其实明目，轻身通神。寄木上。,桑寄生苦甘平，补肝肾、强筋骨、祛风湿、安胎元，主治风湿痹痛、腰膝酸软、崩漏经多及妊娠漏血胎动不安。,3,AI预标注，待人工复核
q052,耳鸣耳聋，腰膝酸软，怎么治？,case,snb_xuduan_001,神农本草经,上经,续断,续断，味苦，微温。主伤寒，补不足，金疮痈伤，折跌续筋骨，妇人乳难。久服，益气力。一名龙豆，一名属折。生山谷。,续断苦辛微温，补肝肾、强筋骨、续折伤、止崩漏，主治肝肾不足之腰膝酸软、风湿痹痛、跌扑折伤及胎漏崩漏。,3,AI预标注，待人工复核
q052,耳鸣耳聋，腰膝酸软，怎么治？,case,mohanlian_001,中国药典（2025年版）一部,补虚药,墨旱莲,据《中国药典》2025 年版一部：墨旱莲为菊科植物鳢肠 Eclipta prostrata L. 的干燥地上部分（药用部位：地上部分）。性味甘、酸，寒；归肝、肾经。功能与主治：滋补肝肾，凉血止血；用于肝肾阴虚，眩晕耳鸣，腰膝酸软，须发早白，吐血，衄血，尿血，血痢，崩漏下血，外伤出血。用法与用量：6～12g。外用鲜品适量…,**简明**：墨旱莲甘酸寒，滋补肝肾、凉血止血（**补阴而兼止血**），主治肝肾阴虚眩晕耳鸣、须发早白及血热吐衄尿血崩漏。**详解**：须发早白配女贞子（二至丸）；血热出血配生地黄、侧柏叶；外伤出血鲜品捣敷。脾胃虚寒者慎用。,3,AI预标注，待人工复核
q052,耳鸣耳聋，腰膝酸软，怎么治？,case,snb_roucongrong_001,神农本草经,上经,肉苁蓉,肉苁蓉，味甘，微温。主五劳七伤，补中，除茎中寒热痛，养五脏，强阴，益精气，多子，妇人癥瘕。久服，轻身。生山谷。,肉苁蓉甘咸温，补肾阳、益精血、润肠通便，主治肾阳不足、精血亏虚之阳痿不孕、腰膝酸软、筋骨无力及肠燥便秘。,3,AI预标注，待人工复核
q052,耳鸣耳聋，腰膝酸软，怎么治？,case,xinrenshuohuoj_001,《中医基础理论》规划教材（要点归纳）,藏象,心肾水火既济·心肾相交水火互济,"心位居上，属火；肾位居下，属水。正常生理状态下，心阳下温肾阳，使肾水不寒；肾阴上济心阴，使心火不亢，心肾两脏上下升降、相互协调，称为""心肾相交""，又称""水火既济""。若心火不降、肾水不升，则心肾不交，可见失眠、心悸、腰膝酸软等。","心肾相交（水火既济）是五脏关系中最常讲的一对：心火下降温肾水，肾水上升滋心火，上下交通则阴阳调和。这一理论把心（火、神）与肾（水、精）联系起来，解释睡眠、神志与生殖之精的协调。临床上心肾不交多见失眠多梦、心悸健忘与腰酸，治以交通心肾。学习时应把它与""肝肾同源""""脾肾互济""等脏腑关系并记。",3,AI预标注，待人工复核
q052,耳鸣耳聋，腰膝酸软，怎么治？,case,tianyou_001,针灸学,手少阳三焦经,天牖,出《针灸甲乙经》。,天牖属手少阳三焦经，定位在颈部，横平下颌角，胸锁乳突肌的后缘凹陷中。主治头痛、目痛、耳鸣耳聋、瘰疬及项强。刺法：直刺0.5～1寸；可灸。,3,AI预标注，待人工复核
q052,耳鸣耳聋，腰膝酸软，怎么治？,case,shen_pangguang_001,中医诊断学,辨证,肾阳虚、肾阴虚、肾精不足与膀胱湿热证,肾与膀胱辨证。据规划教材《中医诊断学》归纳：肾阳虚证以腰膝酸软冷痛、畏寒肢冷（下肢尤甚）、面色㿠白或黧黑、阳痿宫寒、夜尿多、五更泄泻、舌淡胖苔白、脉沉细无力（尺脉尤弱）为要点；肾阴虚证以腰膝酸痛、眩晕耳鸣、失眠多梦、潮热盗汗、五心烦热、咽干、遗精经少、舌红少苔、脉细数为要点；肾精不足证以小儿发育迟缓、智力低下，成人生殖…,肾阳虚治宜温补肾阳；肾阴虚治宜滋补肾阴；肾精不足治宜补益肾精；膀胱湿热治宜清热利湿通淋。肾虚三证均以腰膝酸软为主症：兼畏寒肢冷、五更泻为肾阳虚；兼潮热盗汗、舌红少苔为肾阴虚；兼发育生殖功能低下、早衰健忘为肾精不足。膀胱湿热为下焦实证，以尿频尿急尿痛、苔黄腻为眼目，与肾虚之久病虚证迥别。,3,AI预标注，待人工复核
q052,耳鸣耳聋，腰膝酸软，怎么治？,case,zhangjingyue_001,景岳全书,传忠录,张景岳用大剂熟地温补治虚损案,"一虚损人，羸瘦少气，腰膝酸软，脉来虚细。景岳诊曰：此真阴下竭，非苦寒伐伤所宜，亦非峻补纯阳可治。当专培真阴，以左归丸、大补元煎之属，重用地黄、枸杞、山萸、胶、龟之属滋填精血，久服阴长阳固，形气渐充。人以其善用熟地，至有""张熟地""之目。（《景岳全书》）","患者虚损羸瘦、腰膝酸软、脉虚细，张景岳辨为真阴亏损，反对苦寒伤阴与峻刚助火，主大剂熟地、枸杞、山萸、龟鹿二胶滋填精血，佐以阳中求阴，久服形气渐充。景岳善用熟地，时人目为""张熟地""。此案为温补学派（养阴一派）代表，示人虚损真阴不足当甘润滋填，阴阳互济。",3,AI预标注，待人工复核
q052,耳鸣耳聋，腰膝酸软，怎么治？,case,liuweidihuang_001,《方剂学》规划教材（要点归纳）,补益剂,六味地黄丸·三补三泻滋补肝肾,"传统方歌：""六味地黄益肾肝，茱薯丹泽地苓专，更加知柏成八味，阴虚火旺自可煎。""（《小儿药证直诀》方，据教材要点归纳：熟地黄约八钱、山茱萸约四钱、山药约四钱、泽泻、牡丹皮、茯苓各约三钱，为末蜜丸温水送下。）",六味地黄丸为补阴基础方，主治肾阴虚证，症见腰膝酸软、头晕耳鸣、盗汗遗精、骨蒸潮热、手足心热。本方钱乙由崔氏八味丸减桂、附化裁，专为小儿肾怯失音设，后世推广为肝肾阴虚要方。脾虚便溏、痰湿内盛者慎用。本方为要点归纳，供参考；具体用药请遵医嘱。,3,AI预标注，待人工复核
q052,耳鸣耳聋，腰膝酸软，怎么治？,case,ermen_001,针灸学,手少阳三焦经,耳门,出《针灸甲乙经》。,耳门属手少阳三焦经，定位在耳区，耳屏上切迹与下颌骨髁状突之间的凹陷中（张口取穴）。主治耳鸣耳聋、聤耳及齿痛。刺法：微张口，直刺0.5～1寸；可灸。,3,AI预标注，待人工复核
q052,耳鸣耳聋，腰膝酸软，怎么治？,case,shudihuang_001,中国药典（2025年版）一部,补虚药,熟地黄,据《中国药典》2025 年版一部：熟地黄为玄参科植物地黄 Rehmannia glutinosa Libosch. 的块根的炮制加工品（药用部位：块根炮制品）。性味甘，微温；归肝、肾经。功能与主治：补血滋阴，益精填髓；用于血虚萎黄，心悸怔忡，月经不调，崩漏下血，肝肾阴虚，腰膝酸软，骨蒸潮热，盗汗遗精，内热消渴，眩晕耳鸣…,**简明**：熟地黄甘微温，补血滋阴、益精填髓，为**滋阴补血之要药**（「大补五脏真阴」），主治血虚萎黄、月经不调、肝肾阴虚之腰膝酸软、潮热盗汗、眩晕耳鸣及须发早白。**详解**：血虚配当归、白芍（四物汤）；肝肾阴虚配山茱萸、山药（六味地黄丸）；精血亏虚配枸杞子、菟丝子（左归丸）。**滋腻碍胃**，脾虚湿滞、腹胀便溏…,3,AI预标注，待人工复核
q052,耳鸣耳聋，腰膝酸软，怎么治？,case,cishi_001,中国药典（2025年版）一部,安神药,磁石,据《中国药典》2025 年版一部：磁石为氧化物类矿物尖晶石族磁铁矿，主含四氧化三铁（Fe3O4）（药用部位：矿物）。性味咸，寒；归肝、心、肾经。功能与主治：镇惊安神，平肝潜阳，聪耳明目，纳气平喘；用于惊悸失眠，头晕目眩，视物昏花，耳鸣耳聋，肾虚气喘。用法与用量：9～30g，先煎。贮藏：置干燥处。  **【古注】】 《神…,**简明**：磁石咸寒，镇惊安神、平肝潜阳、聪耳明目、纳气平喘（**重镇潜降、益肾**），主治心悸失眠、头晕目眩、耳鸣耳聋及肾虚喘促。**详解**：心悸失眠配朱砂、神曲（磁朱丸）；肝阳眩晕配石决明、牡蛎；肾虚耳鸣配熟地黄、山茱萸；肾不纳气配五味子、沉香。**入汤剂先煎**；脾胃虚弱者慎用。,3,AI预标注，待人工复核
q052,耳鸣耳聋，腰膝酸软，怎么治？,case,luxi_001,针灸学,手少阳三焦经,颅息,出《针灸甲乙经》。,颅息属手少阳三焦经，定位在头部，当角孙至翳风沿耳轮连线的上、中1/3交点处。主治头痛、耳鸣耳聋、小儿惊痫及呕吐涎沫。刺法：平刺0.3～0.5寸；可灸。,3,AI预标注，待人工复核
q052,耳鸣耳聋，腰膝酸软，怎么治？,case,huangoushen_001,《中药学》（清华社）· 药典外品种,补虚药,黄狗肾,据清华社《中药学》：黄狗肾为犬科动物犬 Canis familiaris L. 的干燥雄性外生殖器（药用部位：雄性外生殖器）。性味咸，温；归肾经。功能与主治：补肾壮阳；用于阳痿，腰膝酸软，畏寒肢冷。用法与用量：3～9g，研粉吞服或入丸散 1～2g。注意：阴虚火旺者忌用。贮藏：置阴凉干燥处，防蛀。,**简明**：黄狗肾咸温，补肾壮阳，为治阳痿腰酸的传统动物药。。**详解**：阳痿配淫羊藿、菟丝子、肉苁蓉；腰膝酸软配杜仲、续断、巴戟天。**阴虚火旺者忌用**。,3,AI预标注，待人工复核
q052,耳鸣耳聋，腰膝酸软，怎么治？,case,huizong_001,针灸学,手少阳三焦经,会宗,出《针灸甲乙经》。,会宗为手少阳三焦经郄穴，定位在前臂后区，腕背侧远端横纹上3寸，支沟尺侧，当尺骨桡侧缘。主治耳鸣耳聋、癫痫、上肢痹痛及喘满。刺法：直刺0.5～1寸；可灸。,3,AI预标注，待人工复核
q052,耳鸣耳聋，腰膝酸软，怎么治？,case,jiaxi_001,针灸学,足少阳胆经,侠溪,《灵枢·本输》：胆……流于侠溪，侠溪者，足小指次指二歧骨间也，为荥。,侠溪为足少阳胆经荥穴，定位在足背外侧，第4、5趾间，趾蹼缘后方赤白肉际处。主治头痛眩晕、目赤痛、耳鸣耳聋、颊肿、胸胁痛及乳痈。操作直刺0.3～0.5寸；可灸。,3,AI预标注，待人工复核
q052,耳鸣耳聋，腰膝酸软，怎么治？,case,tinghui_001,针灸学,足少阳胆经,听会,出《针灸甲乙经》。,听会定位在面部，耳屏间切迹前方，下颌骨髁突后缘，张口呈凹陷处。为耳病要穴，主治耳鸣、耳聋、聤耳流脓，以及齿痛、口眼㖞斜、腮颊肿痛。操作张口直刺0.5寸；灸3壮。,0,AI预标注，待人工复核
q052,耳鸣耳聋，腰膝酸软，怎么治？,case,xiongcane_001,《中药学》（清华社）· 药典外品种,补虚药,雄蚕蛾,据清华社《中药学》：雄蚕蛾为蚕蛾科昆虫家蚕 Bombyx mori L. 的雄性成虫（药用部位：雄性成虫）。性味咸，温；归肝、肾经。功能与主治：补肝益肾，壮阳涩精；用于阳痿遗精，腰膝酸软，尿频。用法与用量：3～6g，研末冲服或入丸散。注意：阴虚火旺者忌用。贮藏：置通风干燥处，防蛀。,**简明**：雄蚕蛾咸温，补肝益肾而壮阳涩精，为治阳痿遗精与尿频的常用药。。**详解**：阳痿遗精配菟丝子、枸杞子、覆盆子；腰膝酸软配杜仲、牛膝；尿频配桑螵蛸、益智仁。**阴虚火旺者忌用**。,3,AI预标注，待人工复核
q052,耳鸣耳聋，腰膝酸软，怎么治？,case,gusuibu_001,中国药典（2025年版）一部,活血化瘀药,骨碎补,据《中国药典》2025 年版一部：骨碎补为水龙骨科植物槲蕨 Drynaria fortunei (Kunze) J. Sm. 的干燥根茎（药用部位：根茎）。性味苦，温；归肾、肝经。功能与主治：疗伤止痛，补肾强骨；用于跌扑闪挫，筋骨折伤，肾虚腰痛，筋骨痿软，耳鸣耳聋，牙齿松动；外治斑秃。用法与用量：3～9g。外用适量，研…,**简明**：骨碎补苦温，疗伤止痛、补肾强骨，为**伤科接骨**与**肾虚骨痿**之要药（「入骨补碎」），兼治耳鸣牙松、斑秃（外擦）。**详解**：跌打骨折配苏木、自然铜；肾虚腰痛配杜仲、续断；耳鸣牙松配熟地黄、山茱萸。阴虚内热者慎用。,3,AI预标注，待人工复核
q052,耳鸣耳聋，腰膝酸软，怎么治？,case,shangguan_001,针灸学,足少阳胆经,上关,《灵枢·刺节真邪》：刺上关者，呿不能欠。,上关别名客主人，为手足少阳、足阳明交会穴，定位在耳前，下关直上，颧弓上缘凹陷处。主治偏头痛、耳鸣耳聋、聤耳、齿痛、口眼㖞斜及惊痫瘛疭。操作直刺0.5寸，不宜深刺；可灸。,3,AI预标注，待人工复核
q052,耳鸣耳聋，腰膝酸软，怎么治？,case,tianchuang_001,针灸学,手太阳小肠经,天窗,出《针灸甲乙经》。,天窗定位在颈部，横平喉结，胸锁乳突肌后缘。主治耳鸣、耳聋等耳疾，咽喉肿痛、暴喑、口噤等咽喉口疾，颈项强痛、颊肿等局部病证；并治癫狂。直刺0.5～0.8寸；避开颈动脉；可灸。,0,AI预标注，待人工复核
q052,耳鸣耳聋，腰膝酸软，怎么治？,case,wujibaifengwan_001,《中国药典》一部/药品说明书（要点归纳）,补益剂/中成药,乌鸡白凤丸·补气养血调经止带,据现行版《中国药典》一部与药品说明书要点归纳：本品由乌鸡（去毛爪肠）、鹿角胶、鳖甲（制）、牡蛎（煅）、桑螵蛸、人参、黄芪、当归、白芍、熟地黄、川芎、丹参、香附（醋制）、天冬、山药、芡实（炒）、甘草等组成，具补气养血、调经止带之功，用于气血两虚，症见身体瘦弱、腰膝酸软、月经不调、崩漏带下。用法用量按说明书口服。,乌鸡白凤丸为补气养血、调经止带经典妇科中成药，用于气血两虚之月经不调、崩漏带下、体虚腰酸。本方补养，实证、湿热内蕴、感冒发热者不宜；孕妇应在医师指导下使用。月经异常伴腹痛剧烈、出血量多或带下异味者应就医。本条目为中成药，请按说明书或在医师指导下使用。,3,AI预标注，待人工复核
q052,耳鸣耳聋，腰膝酸软，怎么治？,case,touqiaoyin_001,针灸学,足少阳胆经,头窍阴,出《针灸甲乙经》。,头窍阴为足少阳、足太阳交会穴，定位在头部，耳后乳突后上方，当天冲与完骨弧形连线的中1/3与下1/3交点处。主治头痛、耳鸣耳聋、耳痛及眩晕。操作平刺0.5～0.8寸；可灸。,3,AI预标注，待人工复核
q052,耳鸣耳聋，腰膝酸软，怎么治？,case,zhiheshouwu_001,中国药典（2025年版）一部,补虚药,制何首乌,据《中国药典》2025 年版一部：制何首乌系何首乌的炮制加工品，为蓼科植物何首乌 Polygonum multiflorum Thunb. 的干燥块根经黑豆汁拌蒸（或炖）至内外均呈棕褐色而得（药用部位：炮制品）。生首乌偏于解毒消痈、截疟通便；经黑豆汁制后则转为补肝肾、益精血之品。性味苦、甘、涩，微温；归肝、心、肾经。功…,**简明**：制何首乌系何首乌黑豆汁蒸制品，苦甘涩微温，补肝肾、益精血、乌须发、强筋骨、化浊降脂，为**滋补肝肾、乌须黑发**之要药。**详解**：精血亏虚、须发早白配枸杞子、菟丝子、当归（七宝美髯丹）；腰膝酸软配桑寄生、杜仲；高脂血症配决明子、山楂。**制用补益、生用解毒润肠**；须注意其肝损伤风险，不宜长期超量服用…,3,AI预标注，待人工复核
q052,耳鸣耳聋，腰膝酸软，怎么治？,case,shichangpu_001,中国药典（2025年版）一部,开窍药,石菖蒲,据《中国药典》2025 年版一部：石菖蒲为天南星科植物石菖蒲 Acorus tatarinowii Schott 的干燥根茎（药用部位：根茎）。性味辛、苦，温；归心、胃经。功能与主治：开窍豁痰，醒神益智，化湿开胃；用于神昏癫痫，健忘失眠，耳鸣耳聋，脘痞不饥，噤口下痢。用法与用量：3～10g。外用适量。贮藏：置干燥处，防…,**简明**：石菖蒲辛苦温，开窍豁痰、醒神益智、化湿开胃，为治**痰蒙清窍**之神昏癫痫、健忘耳鸣之要药，兼化湿开胃（噤口痢）。**详解**：痰蒙神昏配郁金、胆南星（菖蒲郁金汤）；健忘失眠配远志、茯苓（安神定志丸）；湿阻脘痞配陈皮、厚朴。阴虚阳亢、烦躁汗多者慎用。,3,AI预标注，待人工复核
q052,耳鸣耳聋，腰膝酸软，怎么治？,case,hetaoren_001,中国药典（2025年版）一部,补虚药,核桃仁,据《中国药典》2025 年版一部：核桃仁为胡桃科植物胡桃 Juglans regia L. 的干燥成熟种子（药用部位：成熟种子）。性味甘，温；归肾、肺、大肠经。功能与主治：补肾，温肺，润肠；用于肾阳不足，腰膝酸软，阳痿遗精，虚寒喘嗽，肠燥便秘。用法与用量：6～9g。贮藏：置阴凉干燥处，防蛀。  **【古注】】 《本草纲…,**简明**：核桃仁甘温，补肾温肺、润肠，主治肾虚腰膝酸软、阳痿遗精、虚寒喘嗽及肠燥便秘。**详解**：肾虚腰痛配补骨脂、杜仲（青娥丸）；虚寒喘嗽配人参、生姜（人参胡桃汤）；肠燥便秘单味嚼服。阴虚火旺、痰火喘咳者慎用。,3,AI预标注，待人工复核
q052,耳鸣耳聋，腰膝酸软，怎么治？,case,xixiancao_001,中国药典（2025年版）一部,祛风湿药,豨莶草,据《中国药典》2025 年版一部：豨莶草为菊科植物豨莶 Siegesbeckia orientalis L.、腺梗豨莶 Siegesbeckia pubescens Makino 或毛梗豨莶 Siegesbeckia glabrescens Makino 的干燥地上部分（药用部位：地上部分）。性味辛、苦，寒；归肝、肾经…,**简明**：豨莶草辛苦寒，祛风湿、利关节、解毒，主治风湿痹痛、四肢麻痹、半身不遂及风疹湿疮，现代用于高血压。**详解**：风湿痹痛配威灵仙、防己；中风半身不遂酒蒸制用配当归、川芎；湿疮瘙痒煎汤外洗。制用（酒蒸）补肝肾，生用清利。,1,AI预标注，待人工复核
q052,耳鸣耳聋，腰膝酸软，怎么治？,case,erminglong_001,《中医耳鼻咽喉科学》规划教材（要点归纳）,五官,耳鸣耳聋,耳鸣指自觉耳内鸣响；耳聋指听力减退或丧失。二者常同时并见。实证多由风热侵袭、肝火上扰、痰火郁结；虚证多由肾精亏损、脾胃虚弱。辨证分风热侵袭、肝火上扰、痰火郁结、肾精亏损、脾胃虚弱等型。,耳鸣耳聋辨证分虚实：新病多实，久病多虚；耳鸣声大、按之不减为实，声细、按之可减为虚。突发耳聋、听力骤降者须尽早就医，警惕听神经瘤、药物性耳聋。教材要点归纳，供参考；具体诊疗请遵医嘱。,3,AI预标注，待人工复核
q052,耳鸣耳聋，腰膝酸软，怎么治？,case,wushanyinyanghuo_001,中国药典（2025年版）一部,补虚药,巫山淫羊藿,据《中国药典》2025 年版一部：巫山淫羊藿为小檗科植物巫山淫羊藿 Epimedium wushanense T. S. Ying 的干燥叶（药用部位：叶）。性味辛、甘，温；归肾、肝经。功能与主治：补肾阳，强筋骨，祛风湿；用于肾阳虚衰，阳痿遗精，腰膝酸软，筋骨痿软，风湿痹痛。用法与用量：3～9g。贮藏：置通风干燥处。,**简明**：巫山淫羊藿辛甘温，补肾阳而强筋骨、祛风湿，为治阳痿遗精、腰膝酸软的常用药。。**详解**：肾阳虚衰、阳痿遗精配肉苁蓉、菟丝子、巴戟天；腰膝酸软、筋骨痿软配杜仲、牛膝；风湿痹痛配威灵仙、独活。**阴虚火旺者忌用**。,3,AI预标注，待人工复核
q052,耳鸣耳聋，腰膝酸软，怎么治？,case,duzhongye_001,中国药典（2025年版）一部,补虚药,杜仲叶,据《中国药典》2025 年版一部：杜仲叶为杜仲科植物杜仲 Eucommia ulmoides Oliv. 的干燥叶（药用部位：叶）。性味微辛，温；归肝、肾经。功能与主治：补肝肾，强筋骨；用于肝肾不足，头晕目眩，腰膝酸痛，筋骨痿软。用法与用量：10～15g。贮藏：置干燥处。,**简明**：杜仲叶微辛温，补肝肾而强筋骨，功似杜仲皮，为治腰膝酸软的常用药。。**详解**：肝肾不足、腰膝酸痛配杜仲、续断、牛膝；筋骨痿软配桑寄生、狗脊；现代用于高血压辅助治疗。,3,AI预标注，待人工复核
q052,耳鸣耳聋，腰膝酸软，怎么治？,case,pianli_001,针灸学,手阳明大肠经,偏历,《灵枢·经脉》：手阳明之别，名曰偏历，去腕三寸，别入太阴。,偏历为手阳明经络穴，别走手太阴肺经，定位在前臂，腕背侧远端横纹上3寸，阳溪与曲池连线上。主治耳鸣、耳聋、鼻衄、目赤等头面五官疾患，以及手臂酸痛、半身不遂；络穴能通调表里两经，又能清热利水治水肿、小便不利。直刺或斜刺0.5～0.8寸；可灸。,0,AI预标注，待人工复核
q052,耳鸣耳聋，腰膝酸软，怎么治？,case,tianshanxuelian_001,中国药典（2025年版）一部,补虚药,天山雪莲,据《中国药典》2025 年版一部：天山雪莲为菊科植物天山雪莲 Saussurea involucrata (Kar. et Kir.) Sch.-Bip. 的干燥全草（药用部位：全草）。性味微苦，温；归肾、肝经。功能与主治：温肾助阳，祛风除湿，调经止血；用于肾阳不足，腰膝酸软，风湿痹痛，月经不调，宫冷不孕。用法与用量：…,**简明**：天山雪莲微苦温，温肾助阳而祛风除湿、调经止血，为新疆维药治肾虚腰膝酸软与寒痹的常用药。。**详解**：肾阳不足、腰膝酸软配杜仲、淫羊藿；风湿痹痛配独活、桑寄生；月经不调、宫冷不孕配当归、艾叶。**孕妇忌用**；阴虚火旺者慎用。,3,AI预标注，待人工复核
q052,耳鸣耳聋，腰膝酸软，怎么治？,case,ciwujia_001,中国药典（2025年版）一部,补虚药,刺五加,据《中国药典》2025 年版一部：刺五加为五加科植物刺五加 Acanthopanax senticosus (Rupr. et Maxim.) Harms 的干燥根和根茎（药用部位：根和根茎）。性味辛、微苦，温；归脾、肾、心经。功能与主治：益气健脾，补肾安神；用于脾肺气虚，体虚乏力，食欲不振，肺肾两虚，久咳虚喘，肾虚腰…,**简明**：刺五加辛微苦温，益气健脾而补肾安神，为治脾虚乏力、失眠健忘的常用药。。**详解**：脾虚乏力、食欲不振配黄芪、白术；腰膝酸软配杜仲、牛膝；失眠多梦配酸枣仁、茯神。阴虚火旺者慎用。,3,AI预标注，待人工复核
q052,耳鸣耳聋，腰膝酸软，怎么治？,case,shanzhuyu_001,中国药典（2025年版）一部,收涩药,山茱萸,据《中国药典》2025 年版一部：山茱萸为山茱萸科植物山茱萸 Cornus officinalis Sieb. et Zucc. 的干燥成熟果肉（药用部位：成熟果肉）。性味酸、涩，微温；归肝、肾经。功能与主治：补益肝肾，收涩固脱；用于眩晕耳鸣，腰膝酸痛，阳痿遗精，遗尿尿频，崩漏带下，大汗虚脱，内热消渴。用法与用量：6～…,**简明**：山茱萸酸涩微温，补益肝肾、收涩固脱（**补敛并施，救脱要药**），主治肝肾亏虚之眩晕耳鸣、腰膝酸痛、阳痿遗精、尿频及大汗亡阳虚脱。**详解**：肝肾阴虚配熟地黄、山药（六味地黄丸）；大汗虚脱配人参、附子（来复汤）；崩漏配黄芪、白术（固冲汤）。**急救固脱可重用至 20～30g**；素有湿热、小便淋涩者慎用…,2,AI预标注，待人工复核
q052,耳鸣耳聋，腰膝酸软，怎么治？,case,roucongrong_001,中国药典（2025年版）一部,补虚药,肉苁蓉,据《中国药典》2025 年版一部：肉苁蓉为列当科植物肉苁蓉 Cistanche deserticola Y. C. Ma 或管花肉苁蓉 Cistanche tubulosa (Schrenk) Wight 的干燥带鳞叶的肉质茎（药用部位：肉质茎）。性味甘、咸，温；归肾、大肠经。功能与主治：补肾阳，益精血，润肠通便；用于…,**简明**：肉苁蓉甘咸温，补肾阳、益精血、润肠通便（**温而不燥、补而不峻、滋而不腻**），主治阳痿不孕、腰膝酸软及虚人肠燥便秘。**详解**：肾阳虚配巴戟天、淫羊藿；精血亏虚腰膝配熟地黄、枸杞子；老年虚秘配当归、牛膝（济川煎）。阴虚火旺及便溏泄泻者忌用。,3,AI预标注，待人工复核
q052,耳鸣耳聋，腰膝酸软，怎么治？,case,huangjing_001,中国药典（2025年版）一部,补虚药,黄精,据《中国药典》2025 年版一部：黄精为百合科植物滇黄精 Polygonatum kingianum Coll. et Hemsl.、黄精 Polygonatum sibiricum Red. 或多花黄精 Polygonatum cyrtonema Hua 的干燥根茎（药用部位：根茎）。性味甘，平；归脾、肺、肾经。功能…,**简明**：黄精甘平，补气养阴、健脾润肺益肾（**平补气阴三脏、药食两用**），主治脾虚乏力、肺虚燥咳、精血不足腰膝酸软及消渴。**详解**：脾胃气虚配党参、白术；肺燥咳嗽配沙参、麦冬；肾精亏虚配枸杞子、熟地黄。**滋腻**，脾虚湿滞、痰湿内盛者慎用。,3,AI预标注，待人工复核
q052,耳鸣耳聋，腰膝酸软，怎么治？,case,yetianshi_002,临证指南医案,肝风门,叶天士·肝阳内风案,某，年逾四句，烦劳太过，阳气过动，肝风内震，耳鸣头眩，肢节皆震，脉左数。先生谓身中阳气，动极化风，非发散可解，非沉寒可除，当以酸甘化阴、滋液熄风。,"此案提出""阳化内风""纲领，辨烦劳伤阴、肝阳化风上扰，主以滋液熄风、甘酸化阴、介类潜阳，反对发散攻逐。实为叶氏治肝风、眩晕、中风一派的心法，对后世平肝熄风治法影响深远。",0,AI预标注，待人工复核
q052,耳鸣耳聋，腰膝酸软，怎么治？,case,daixiabing_001,《中医妇科学》规划教材（要点归纳）,妇科,带下病·带下量多色质气味异常,带下病是指带下量明显增多，色、质、气味发生异常，或伴全身、局部症状者。病因多为湿邪影响任带二脉，任脉不固、带脉失约；辨证分脾虚、肾虚、湿热下注、湿毒蕴结等型。,带下病辨证分虚实：脾虚者色白或淡黄、质稀，治宜健脾升阳除湿；肾虚者色白清冷，治宜温肾培元；湿热湿毒者色黄或赤、质稠臭秽，治宜清热利湿解毒。带下量多、色异常伴瘙痒、血性带者须就医。教材要点归纳，供参考；具体诊疗请遵医嘱。,1,AI预标注，待人工复核
q052,耳鸣耳聋，腰膝酸软，怎么治？,case,benglou_001,《中医妇科学》规划教材（要点归纳）,妇科,崩漏·经血非时暴下不止或淋漓不尽,"崩漏是指经血非时而下，暴下不止为""崩""，淋漓不尽为""漏""，二者常相互转化。病因多为脾虚统摄无权、肾虚封藏失司、血热扰冲、瘀阻血不归经。治疗遵从""塞流、澄源、复旧""三法。",崩漏为月经病重证，治疗急则塞流止血，缓则澄源求因，善后复旧调理。出血量多势急者须立即就医，警惕贫血、子宫内膜病变等。教材要点归纳，供参考；具体诊疗请遵医嘱。,1,AI预标注，待人工复核
q052,耳鸣耳聋，腰膝酸软，怎么治？,case,yuejingxianhouwudingqi_001,《中医妇科学》规划教材（要点归纳）,妇科,月经先后无定期·月经提前或延后无定期,"月经先后无定期是指月经周期或提前或延后七天以上，连续三个周期以上者，又称""经水先后无定期""""月经期""。病因多为肝郁疏泄失司或肾虚封藏失职；辨证分肝郁、肾虚等型。",月经先后无定期以肝郁、肾虚为主。肝郁者经量或多或少、胸胁胀闷，治宜疏肝理气；肾虚者经量少、色淡黯、腰骶酸痛，治宜补肾调经。教材要点归纳，供参考；具体诊疗请遵医嘱。,2,AI预标注，待人工复核
q052,耳鸣耳聋，腰膝酸软，怎么治？,case,yuejingguoshao_001,《中医妇科学》规划教材（要点归纳）,妇科,月经过少·经量明显少于正常,月经过少是指月经量明显少于正常（不足 30ml），或经行时间不足两天，而周期基本正常者。病因多为精血亏少或瘀阻冲任血行不畅；辨证分肾虚、血虚、血瘀、痰湿等型。,月经过少辨证分虚实：虚者补肾养血，实者化瘀或化痰。育龄期经量进行性减少须排除宫腔粘连、卵巢功能减退等，宜就医。教材要点归纳，供参考；具体诊疗请遵医嘱。,2,AI预标注，待人工复核
q052,耳鸣耳聋，腰膝酸软，怎么治？,case,yuejinghouqi_001,《中医妇科学》规划教材（要点归纳）,妇科,月经后期·月经延后七天以上,"月经后期是指月经周期延后七天以上，甚至四五十日一行，连续两个周期以上者，又称""月经延后""""经迟""。病因多为精血不足或邪气阻滞、冲任不畅；辨证分肾虚、血虚、血寒、气滞、痰湿等型。",月经后期辨证分虚实：虚者经色淡、质稀、量少，治宜补血温肾；实者经色黯、有块、小腹胀，治宜理气散寒。育龄期月经延后须排除妊娠。教材要点归纳，供参考；具体诊疗请遵医嘱。,1,AI预标注，待人工复核
q052,耳鸣耳聋，腰膝酸软，怎么治？,case,shaoyinjingzheng_001,《中医诊断学》规划教材（要点归纳）,辨证,少阴经证·心肾虚寒或阴虚火旺,少阴经证是心肾虚衰、全身阴阳衰减的危重证候，分寒化、热化两端。寒化证以无热恶寒、但欲寐、四肢厥冷、下利清谷为要点；热化证以心烦不得卧、口燥咽干、舌红少苔为要点。病位在心肾。,"少阴经证以""脉微细、但欲寐""为提纲，寒化治宜回阳救逆（四逆汤），热化治宜滋阴降火（黄连阿胶汤）。四肢厥冷、下利清谷属危重，须及时救治。此为教材要点归纳，供参考；具体诊疗请遵医嘱，不引导自我诊断。",1,AI预标注，待人工复核
q052,耳鸣耳聋，腰膝酸软，怎么治？,case,jinkuishenqiwan_001,《中国药典》一部/药品说明书（要点归纳）,补益剂/中成药,金匮肾气丸·温补肾阳化气行水,据现行版《中国药典》一部与药品说明书要点归纳：本品由地黄、山药、山茱萸、茯苓、泽泻、牡丹皮、桂枝、附子、牛膝、车前子组成，具温补肾阳、化气行水之功，用于肾虚水肿，腰膝酸重，小便不利，畏寒肢冷。用法用量按说明书口服。,金匮肾气丸为温补肾阳、化气行水代表中成药，用于肾虚水肿之腰膝酸重、小便不利。本方含附子、桂枝，性温热，阴虚火旺、孕妇忌服；服药期间忌房事、忌生冷。本条目为中成药，请按说明书或在医师指导下使用。,2,AI预标注，待人工复核
q052,耳鸣耳聋，腰膝酸软，怎么治？,case,qijudihuangwan_001,《中国药典》一部/药品说明书（要点归纳）,补益剂/中成药,杞菊地黄丸·滋肾养肝,据现行版《中国药典》一部与药品说明书要点归纳：本品由枸杞子、菊花、熟地黄、山茱萸、山药、泽泻、牡丹皮、茯苓组成，具滋肾养肝之功，用于肝肾阴亏，眩晕耳鸣，目涩畏光，视物昏花，迎风流泪。用法用量按说明书口服。,杞菊地黄丸为六味地黄丸加枸杞子、菊花的滋肾养肝类中成药，用于肝肾阴虚之眩晕耳鸣、目涩畏光、视物昏花。本方滋腻，脾虚便溏者慎用；感冒发热期间停服。本条目为中成药，请按说明书或在医师指导下使用。,2,AI预标注，待人工复核
q052,耳鸣耳聋，腰膝酸软，怎么治？,case,zhibaidihuangwan_002,《中国药典》一部/药品说明书（要点归纳）,补益剂/中成药,知柏地黄丸·滋阴降火,据现行版《中国药典》一部与药品说明书要点归纳：本品由熟地黄、山茱萸、山药、泽泻、牡丹皮、茯苓、知母、黄柏组成，具滋阴降火之功，用于阴虚火旺，潮热盗汗，口干咽痛，耳鸣遗精，小便短赤。用法用量按说明书口服。,知柏地黄丸为六味地黄丸加知母、黄柏的滋阴降火类中成药，用于阴虚火旺之潮热盗汗、口干咽痛、耳鸣遗精。本方滋腻兼苦寒，脾虚便溏、阳虚畏寒者不宜；感冒发热期间停服。本条目为中成药，请按说明书或在医师指导下使用。,2,AI预标注，待人工复核
q052,耳鸣耳聋，腰膝酸软，怎么治？,case,yinting_001,《中医妇科学》规划教材（要点归纳）,妇科,阴挺·子宫下移甚至脱出阴道口外,阴挺是指子宫从正常位置沿阴道下降，甚至脱出阴道口外，伴小腹下坠、尿频或排尿困难者，相当于西医子宫脱垂。病因多为分娩损伤、产后过劳、年老肾虚，致气虚下陷或肾气不固、胞络损伤。辨证常见气虚下陷、肾气不固等型。,阴挺即子宫脱垂，临床见小腹下坠、阴道有物脱出。中医分气虚下陷（补中益气汤）、肾气不固（大补元煎）论治，配合提肛锻炼、避免久站久劳、必要时子宫托或手术。脱出不能回纳、破溃感染须及时就医。本条目为教材要点归纳，供参考；具体诊疗请遵医嘱。,1,AI预标注，待人工复核
q052,耳鸣耳聋，腰膝酸软，怎么治？,case,daodou_001,中国药典（2025年版）一部,理气药,刀豆,据《中国药典》2025 年版一部：刀豆为豆科植物刀豆 Canavalia gladiata (Jacq.) DC. 的干燥成熟种子（药用部位：成熟种子）。性味甘，温；归胃、肾经。功能与主治：温中降逆，下气止呃；用于虚寒呃逆，呕吐，肾虚腰痛。用法与用量：9～15g。贮藏：置通风干燥处，防蛀。,**简明**：刀豆甘温，温中降逆而下气止呃，为治虚寒呃逆、呕吐的常用药。。**详解**：虚寒呃逆配丁香、柿蒂；呕吐配半夏、生姜；肾虚腰痛配杜仲、补骨脂。,1,AI预标注，待人工复核
q052,耳鸣耳聋，腰膝酸软，怎么治？,case,taidongbuan_001,《中医妇科学》规划教材（要点归纳）,妇科,胎动不安·妊娠期腰酸腹痛胎动下坠阴道少量出血,胎动不安是指妊娠期出现腰酸腹痛、胎动下坠、或阴道少量出血者，相当于西医先兆流产。病因多为肾虚、气血虚弱、血热、血瘀或外伤，致冲任损伤、胎元不固。辨证常见肾虚、气血虚弱、血热、血瘀等型。治法以安胎为主，补肾、益气、清热、固冲止血。,胎动不安属先兆流产范畴，治疗以安胎为大法。肾虚用寿胎丸，气血虚弱用胎元饮，血热用保阴煎。若出血增多、腹痛加剧、腰酸下坠明显，有发展为堕胎、小产之虞，须立即就医。本条目为教材要点归纳，供参考；具体诊疗请遵医嘱。,2,AI预标注，待人工复核
q052,耳鸣耳聋，腰膝酸软，怎么治？,case,bajiaohuixiang_001,中国药典（2025年版）一部,温里药,八角茴香,据《中国药典》2025 年版一部：八角茴香为木兰科植物八角茴香 Illicium verum Hook. f. 的干燥成熟果实（药用部位：成熟果实）。性味辛，温；归肝、肾、脾、胃经。功能与主治：温阳散寒，理气止痛；用于寒疝腹痛，肾虚腰痛，胃寒呕吐，脘腹冷痛。用法与用量：3～6g。贮藏：置阴凉干燥处。,**简明**：八角茴香辛温，温阳散寒而理气止痛，为治寒疝腹痛与胃寒呕吐的常用药。。**详解**：寒疝腹痛配小茴香、乌药；肾虚腰痛配杜仲、补骨脂；胃寒呕吐、脘腹冷痛配高良姜、丁香。**阴虚火旺者慎用**。,1,AI预标注，待人工复核
q052,耳鸣耳聋，腰膝酸软，怎么治？,case,heizhongcaozi_001,中国药典（2025年版）一部,补虚药,黑种草子,据《中国药典》2025 年版一部：黑种草子为毛茛科植物瘤果黑种草 Nigella glandulifera Freyn et Sint. 的干燥成熟种子（药用部位：成熟种子）。性味辛、微苦，温；归肾、肝经。功能与主治：温肾祛风，散寒止痛；用于肾虚腰痛，风寒湿痹，脘腹冷痛。用法与用量：3～6g。外用适量。贮藏：置干燥处。,**简明**：黑种草子辛微苦温，温肾祛风而散寒止痛，为维药治肾虚腰痛、寒痹的常用药。。**详解**：肾虚腰痛配杜仲、续断；风寒湿痹配独活、威灵仙；脘腹冷痛配高良姜、香附。**阴虚火旺者慎用**。,1,AI预标注，待人工复核
q052,耳鸣耳聋，腰膝酸软，怎么治？,case,wangchuyachi_001,《中医诊断学》规划教材（要点归纳）,四诊,望唇齿龈·口唇牙齿牙龈望诊,望唇齿龈是观察口唇、牙齿、牙龈的色泽形态。唇为脾之外候：唇色淡白为血虚；唇色红赤为热；口唇糜烂为脾胃积热；口唇青黑为寒极痛极。齿为骨之余，属肾：牙齿干燥为热盛伤津；牙齿松动为肾虚。龈为胃之络：牙龈红肿为胃火；牙龈萎缩为肾虚或胃阴不足。,唇齿龈分属脾、肾、胃，望之可测脏腑寒热虚实。牙关紧闭、齿衄不止、牙龈溃烂须就医。此为教材要点归纳，供参考；具体诊疗请遵医嘱，不引导自我诊断。,1,AI预标注，待人工复核
q052,耳鸣耳聋，腰膝酸软，怎么治？,case,shayuanyi_001,中国药典（2025年版）一部,补虚药,沙苑子,据《中国药典》2025 年版一部：沙苑子为豆科植物扁茎黄芪 Astragalus complanatus R. Br. 的干燥成熟种子（药用部位：成熟种子）。性味甘，温；归肝、肾经。功能与主治：补肾助阳，固精缩尿，养肝明目；用于肾虚腰痛，遗精早泄，遗尿尿频，白浊带下，目暗昏花。用法与用量：9～15g。贮藏：置通风干燥处…,**简明**：沙苑子甘温，补肾助阳、固精缩尿、养肝明目，主治肾虚腰痛、遗精早泄、尿频带下及目暗昏花。**详解**：遗精配芡实、莲须（金锁固精丸类）；目暗配枸杞子、女贞子；腰痛配杜仲、续断。阴虚火旺、阳强易举者慎用。,2,AI预标注，待人工复核
q052,耳鸣耳聋，腰膝酸软，怎么治？,case,buyunzheng_001,《中医妇科学》规划教材（要点归纳）,妇科,不孕症·婚后未避孕同居2年以上未受孕,不孕症是指育龄妇女婚后未避孕、配偶生殖功能正常、同居2年以上而未受孕者；或曾孕育而后未避孕连续2年以上未再孕者。病因多为肾虚、肝气郁结、瘀阻胞宫、痰湿内阻，致冲任气血失调。辨证常见肾虚、肝郁、瘀阻、痰湿等型。治法以调经助孕为主，补肾、疏肝、活血、化痰。,不孕症中医以调经为助孕关键。肾虚用毓麟珠，肝郁用开郁种玉汤，瘀阻胞宫用少腹逐瘀汤，痰湿用苍附导痰丸。不孕原因复杂，须男女双方共同检查、明确病因，再配合中医调经助孕。本条目为教材要点归纳，供参考；具体诊疗请遵医嘱。,2,AI预标注，待人工复核
q052,耳鸣耳聋，腰膝酸软，怎么治？,case,snb_shuyu_001,神农本草经,上经,薯蓣,薯蓣，味甘，温。主伤中，补虚羸，除寒热邪气，补中益气力，长肌肉。久服，耳目聪明，轻身不饥，延年。一名山芋。生山谷。,薯蓣（山药）甘平温，补脾养胃、生津益肺、补肾涩精，为药食两用之品，主治脾虚食少、肺虚喘咳、肾虚遗精带下。,2,AI预标注，待人工复核
q052,耳鸣耳聋，腰膝酸软，怎么治？,case,yizhi_001,中国药典（2025年版）一部,补虚药,益智,据《中国药典》2025 年版一部：益智为姜科植物益智 Alpinia oxyphylla Miq. 的干燥成熟果实（药用部位：成熟果实）。性味辛，温；归脾、肾经。功能与主治：暖肾固精缩尿，温脾止泻摄唾；用于肾虚遗尿，小便频数，遗精白浊，脾寒泄泻，腹中冷痛，口多唾涎。用法与用量：3～10g。贮藏：置阴凉干燥处。,**简明**：益智辛温，暖肾固精缩尿而温脾止泻摄唾，为治遗尿泄泻、涎多冷痛的常用药。。**详解**：肾虚遗尿、小便频数配乌药、山药（缩泉丸）；遗精配金樱子、芡实；脾寒泄泻配白术、干姜；口多唾涎配党参、白术。**阴虚火旺者忌用**。,1,AI预标注，待人工复核
q052,耳鸣耳聋，腰膝酸软，怎么治？,case,ganqi_huo_001,中医诊断学,辨证,肝气郁结证与肝火上炎证,肝实证类。据规划教材《中医诊断学》归纳：肝气郁结证以胸胁、乳房、少腹胀痛走窜不定、情志抑郁或易怒、喜太息、咽部异物感、月经不调、痛经、苔薄白、脉弦为要点；肝火上炎证以头胀痛、眩晕、面红目赤、口苦口干、急躁易怒、耳鸣如潮、甚则吐血衄血、便秘尿黄、舌红苔黄、脉弦数为要点。,肝气郁结治宜疏肝解郁；肝火上炎治宜清肝泻火。二者病位均在肝，常相因为病——气郁日久可化火。鉴别眼目：肝气郁结以胀痛走窜、情志抑郁、脉弦为主，无明显热象；肝火上炎以面红目赤、口苦、急躁、舌红苔黄脉弦数为主，为气郁化火之实热证。肝火上炎属火性上炎，须与肝阳上亢之上盛下虚相鉴别（见肝阳上亢条）。,0,AI预标注，待人工复核
q052,耳鸣耳聋，腰膝酸软，怎么治？,case,mudingxiang_001,中国药典（2025年版）一部,温里药,母丁香,据《中国药典》2025 年版一部：母丁香为桃金娘科植物丁香 Eugenia caryophyllata Thunb. 的干燥成熟果实（药用部位：成熟果实）。性味辛，温；归脾、胃、肺、肾经。功能与主治：温中降逆，散寒止痛，温肾助阳；用于胃寒呕逆，脘腹冷痛，寒疝腹痛，肾虚阳痿。用法与用量：1～3g，内服或研末外敷。注意：不…,**简明**：母丁香辛温，温中降逆而散寒止痛，为公丁香之果实，治胃寒呕逆常用。。**详解**：胃寒呕逆配柿蒂、生姜；脘腹冷痛配高良姜、肉桂；寒疝腹痛配小茴香；肾虚阳痿配淫羊藿。**畏郁金（十九畏）**，不宜同用；热证忌用。,1,AI预标注，待人工复核
q052,耳鸣耳聋，腰膝酸软，怎么治？,case,shanzhaye_001,中国药典（2025年版）一部,消食药,山楂叶,据《中国药典》2025 年版一部：山楂叶为蔷薇科植物山里红 Crataegus pinnatifida Bge. var. major N. E. Br. 或山楂 Crataegus pinnatifida Bge. 的干燥叶（药用部位：叶）。性味酸，平；归肝、心经。功能与主治：活血化瘀，理气通脉，化浊降脂；用于气滞血…,**简明**：山楂叶酸平，活血化瘀而理气通脉、化浊降脂，为治胸痹心痛与高脂血症的常用药。。**详解**：胸痹心痛配丹参、川芎；胸闷憋气配瓜蒌、薤白；高脂血症配决明子、荷叶。,0,AI预标注，待人工复核
q052,耳鸣耳聋，腰膝酸软，怎么治？,case,gouqizi_001,中国药典（2025年版）一部,补虚药,枸杞子,据《中国药典》2025 年版一部：枸杞子为茄科植物宁夏枸杞 Lycium barbarum L. 的干燥成熟果实（药用部位：成熟果实）。性味甘，平；归肝、肾经。功能与主治：滋补肝肾，益精明目；用于虚劳精亏，腰膝酸痛，眩晕耳鸣，阳痿遗精，内热消渴，血虚萎黄，目昏不明。用法与用量：6～12g。贮藏：置阴凉干燥处，防闷热，防…,**简明**：枸杞子甘平，滋补肝肾、益精明目（**平补肝肾阴阳**），主治肝肾阴虚之腰膝酸痛、眩晕耳鸣、阳痿遗精、消渴及目昏不明。**详解**：肝肾阴虚眩晕目暗配菊花、熟地黄（杞菊地黄丸）；遗精配菟丝子、覆盆子（五子衍宗丸）。**药食两用**，可嚼服泡茶；脾虚便溏者慎用。,1,AI预标注，待人工复核
q052,耳鸣耳聋，腰膝酸软，怎么治？,case,huanglianshangqingwan_001,《中国药典》一部/药品说明书（要点归纳）,清热剂/中成药,黄连上清丸·散风清热泻火止痛,据现行版《中国药典》一部与药品说明书要点归纳：本品由黄连、黄芩、黄柏、石膏、栀子、酒大黄、连翘、荆芥穗、防风、白芷、菊花、薄荷、桔梗、川芎、旋覆花、甘草等组成，具散风清热、泻火止痛之功，用于风热上攻、肺胃热盛所致头晕目眩、暴发火眼、牙齿疼痛、口舌生疮、咽喉肿痛、耳痛耳鸣、大便秘结。用法用量按说明书口服。,黄连上清丸为常用散风清热、泻火止痛类中成药，用于风热上攻、肺胃热盛之上部诸火证。方含大黄、黄芩、黄连、黄柏苦寒泻下，脾胃虚寒者、孕妇忌服，服药期间忌食辛辣油腻；服药后大便次数增多者应减量或停服。本条目为中成药，请按说明书或在医师指导下使用。,0,AI预标注，待人工复核
q052,耳鸣耳聋，腰膝酸软，怎么治？,case,duzhong_001,中国药典（2025年版）一部,补虚药,杜仲,据《中国药典》2025 年版一部：杜仲为杜仲科植物杜仲 Eucommia ulmoides Oliv. 的干燥树皮（药用部位：树皮）。性味甘，温；归肝、肾经。功能与主治：补肝肾，强筋骨，安胎；用于肾虚腰痛，筋骨无力，妊娠漏血，胎动不安，高血压。用法与用量：6～10g。贮藏：置通风干燥处。  **【古注】】 《神农本草经…,**简明**：杜仲甘温，补肝肾、强筋骨、安胎，为**治肾虚腰痛之要药**，兼治筋骨痿软、胎动不安及高血压（肾虚型）。**详解**：肾虚腰痛配续断、补骨脂；痹证腰膝配独活、桑寄生（独活寄生汤）；胎动不安配续断、菟丝子；肾虚高血压配牛膝、桑寄生。**炒断丝用效佳**；阴虚火旺者慎用。,1,AI预标注，待人工复核
q052,耳鸣耳聋，腰膝酸软，怎么治？,case,luoque_001,针灸学,足太阳膀胱经,络却,出《针灸甲乙经》。《针灸甲乙经》：络却，一名强阳，一名脑盖，在通天后一寸五分。,络却为足太阳膀胱经穴，定位在头部，前发际正中直上5.5寸，旁开1.5寸。主治头晕、目视不明、耳鸣、癫狂痫。刺法：平刺0.3～0.5寸；可灸。,0,AI预标注，待人工复核
q052,耳鸣耳聋，腰膝酸软，怎么治？,case,niuhuangshangqingwan_001,《中国药典》一部/药品说明书（要点归纳）,清热剂/中成药,牛黄上清丸·清热泻火散风止痛,据现行版《中国药典》一部与药品说明书要点归纳：本品由人工牛黄、薄荷、菊花、荆芥穗、白芷、川芎、栀子、黄连、黄柏、黄芩、大黄、连翘、赤芍、当归、地黄、桔梗、石膏、冰片、甘草等组成，具清热泻火、散风止痛之功，用于热毒内盛、风火上攻所致头痛眩晕、目赤耳鸣、咽喉肿痛、口舌生疮、牙龈肿痛、大便燥结。用法用量按说明书口服。,牛黄上清丸为常用清热泻火、散风止痛类中成药，较黄连上清丸多人工牛黄、冰片，清热解毒力更强，用于风火上攻之头面五官诸火证。方含大黄等苦寒泻下之品，孕妇慎用，脾胃虚寒、体虚便溏者不宜；不宜久服。本条目为中成药，请按说明书或在医师指导下使用。,0,AI预标注，待人工复核
q052,耳鸣耳聋，腰膝酸软，怎么治？,case,qumai_001,中国药典（2025年版）一部,利水渗湿药,瞿麦,据《中国药典》2025 年版一部：瞿麦为石竹科植物瞿麦 Dianthus superbus L. 或石竹 Dianthus chinensis L. 的干燥地上部分（药用部位：地上部分）。性味苦，寒；归心、小肠经。功能与主治：利尿通淋，破血通经；用于热淋，血淋，石淋，小便不通，淋沥涩痛，经闭瘀阻。用法与用量：9～15g…,**简明**：瞿麦苦寒，利尿通淋、破血通经，主治热淋血淋石淋及瘀血经闭。**详解**：热淋配车前子、滑石（八正散）；血淋配小蓟、白茅根；经闭配当归、桃仁、红花。孕妇慎用，肾虚体弱者忌用。,1,AI预标注，待人工复核
q052,耳鸣耳聋，腰膝酸软，怎么治？,case,zheshi_001,中国药典（2025年版）一部,平肝息风药,赭石,据《中国药典》2025 年版一部：赭石为氧化物类矿物刚玉族赤铁矿，主含三氧化二铁（Fe₂O₃）（药用部位：矿石）。采挖后，除去杂石。性味苦，寒；归肝、心、肺、胃经。功能与主治：平肝潜阳，重镇降逆，凉血止血；用于眩晕耳鸣，呕吐，噫气，呃逆，喘息，吐血，衄血，崩漏下血。用法与用量：9～30g，先煎。注意：孕妇慎用。贮藏：置…,**简明**：赭石苦寒，平肝潜阳而重镇降逆、凉血止血，为治眩晕呕吐与血热出血的常用药。。**详解**：肝阳上亢眩晕耳鸣配牛膝、牡蛎、白芍；呕吐呃逆配旋覆花、半夏（旋覆代赭汤）；吐血衄血、崩漏配白茅根、茜草。**孕妇慎用**；生用先煎。,0,AI预标注，待人工复核
q052,耳鸣耳聋，腰膝酸软，怎么治？,case,jiuxiangchong_001,中国药典（2025年版）一部,理气药,九香虫,据《中国药典》2025 年版一部：九香虫为蝽科昆虫九香虫 Aspongopus chinensis Dallas 的干燥体（药用部位：虫体）。性味咸，温；归肝、脾、肾经。功能与主治：理气止痛，温中助阳；用于胃寒胀痛，肝胃气痛，肾虚阳痿，腰膝酸痛。用法与用量：3～9g。贮藏：置木箱内衬以油纸，防潮、防蛀。  **【古注】…,**简明**：九香虫咸温，理气止痛、温中助阳，主治肝胃气痛、胃寒胀痛及肾虚阳痿、腰膝酸痛。**详解**：肝胃气痛配香附、延胡索；肾虚阳痿配淫羊藿、巴戟天。阴虚阳亢者慎用。,1,AI预标注，待人工复核
q052,耳鸣耳聋，腰膝酸软，怎么治？,case,sangshen_001,中国药典（2025年版）一部,补虚药,桑椹,据《中国药典》2025 年版一部：桑椹为桑科植物桑 Morus alba L. 的干燥果穗（药用部位：果穗）。性味甘、酸，寒；归心、肝、肾经。功能与主治：滋阴补血，生津润燥；用于肝肾阴虚，眩晕耳鸣，心悸失眠，须发早白，津伤口渴，内热消渴，肠燥便秘。用法与用量：9～15g。贮藏：置通风干燥处，防蛀。  **【古注】】 《…,**简明**：桑椹甘酸寒，滋阴补血、生津润燥（**滋阴补血生津**），主治肝肾阴虚眩晕失眠、须发早白、津伤口渴及肠燥便秘。**详解**：阴血亏虚配何首乌、女贞子（首乌延寿丹）；津伤便秘配生地黄、麦冬。**药食两用**；脾胃虚寒便溏者慎用。,1,AI预标注，待人工复核
q052,耳鸣耳聋，腰膝酸软，怎么治？,case,naokong_001,针灸学,足少阳胆经,脑空,出《针灸甲乙经》。,脑空为足少阳、阳维脉交会穴，定位在头部，枕外隆凸外侧，横平脑户（督脉），头正中线旁2.25寸。主治头痛项强、眩晕、耳鸣目痛及惊悸。操作平刺0.5～0.8寸；可灸。,0,AI预标注，待人工复核
q052,耳鸣耳聋，腰膝酸软，怎么治？,case,diwuhui_001,针灸学,足少阳胆经,地五会,出《针灸甲乙经》。,地五会定位在足背外侧，第4跖趾关节后方，第4、5跖骨之间，小趾伸肌腱内侧缘。主治目赤痛、耳鸣、乳痈、腋下肿及足跗肿痛。操作直刺0.3～0.5寸；不宜灸。,0,AI预标注，待人工复核
q052,耳鸣耳聋，腰膝酸软，怎么治？,case,mianbixie_001,中国药典（2025年版）一部,利水渗湿药,绵萆薢,"据《中国药典》2025 年版一部：绵萆薢为薯蓣科植物绵萆薢 Dioscorea spongiosa J. Q. Xi, M. Mizuno et W. L. Zhao 的干燥根茎（药用部位：根茎）。性味苦，平；归肾、胃经。功能与主治：利湿去浊，祛风通痹；用于膏淋，白浊，白带过多，风湿痹痛，关节不利，腰膝疼痛。用法与用量…",**简明**：绵萆薢苦平，利湿去浊、祛风通痹，功效与粉萆薢相近（祛风胜湿之力略胜），主治膏淋白浊、带下及风湿痹痛。**详解**：膏淋白浊配益智仁、石菖蒲；风湿痹痛配独活、秦艽。肾虚阴亏者慎用。,1,AI预标注，待人工复核
q052,耳鸣耳聋，腰膝酸软，怎么治？,case,erheliao_001,针灸学,手少阳三焦经,耳和髎,出《针灸甲乙经》。,耳和髎属手少阳三焦经，定位在头部，鬓发后缘，耳廓根的前方，颞浅动脉的后缘。主治头重痛、耳鸣、牙关拘急及口歪。刺法：避开动脉，斜刺或平刺0.3～0.5寸；可灸。,0,AI预标注，待人工复核
q052,耳鸣耳聋，腰膝酸软，怎么治？,case,gejie_001,中国药典（2025年版）一部,化痰止咳平喘药,蛤蚧,据《中国药典》2025 年版一部：蛤蚧为壁虎科动物蛤蚧 Gekko gecko Linnaeus 的干燥体（药用部位：干燥体）。性味咸，平；归肺、肾经。功能与主治：补肺益肾，纳气定喘，助阳益精；用于肺肾两虚，虚喘气促，劳嗽咳血，肾虚阳痿，遗精。用法与用量：3～6g，多入丸散或酒剂。注意：风寒或实热喘咳忌用。贮藏：用木箱…,**简明**：蛤蚧咸平，补肺益肾、纳气定喘、助阳益精，为治**肺肾两虚虚喘劳嗽**之要药（「补肺止渴、定喘止咳」）。**详解**：肺肾虚喘配人参、杏仁（人参蛤蚧散）；肾虚阳痿遗精配淫羊藿、巴戟天。**多入丸散或酒剂**；风寒实热喘咳忌用。,1,AI预标注，待人工复核
q052,耳鸣耳聋，腰膝酸软，怎么治？,case,xuanli_001,针灸学,足少阳胆经,悬厘,出《针灸甲乙经》。,悬厘为手足少阳、阳明交会穴，定位在头部鬓发上，当头维与曲鬓弧形连线的上3/4与下1/4交点处。主治偏头痛、面肿、目外眦痛、耳鸣及齿痛。操作平刺0.5～0.8寸；可灸。,0,AI预标注，待人工复核
q052,耳鸣耳聋，腰膝酸软，怎么治？,case,shanghan_281,伤寒论,辨少阴病脉证并治,少阴病提纲（第281条）,少阴之为病，脉微细，但欲寐也。,本条为少阴病提纲。少阴阳气虚衰，鼓动无力则脉微细；神气失养、精神萎靡则但欲寐。凡脉微细、但欲寐，即为心肾虚衰、表里俱虚之少阴病主证，须急顾元阳真阴。,1,AI预标注，待人工复核
q052,耳鸣耳聋，腰膝酸软，怎么治？,case,yemen_001,针灸学,手少阳三焦经,液门,《灵枢·本输》：溜于液门，液门，小指次指之间也，为荥。,液门为手少阳三焦经荥穴（五行属水），定位在手背部，当第4、5指间，指蹼缘后方赤白肉际处。主治头痛、目赤、耳鸣耳聋、咽喉肿痛、疟疾及手背手臂痛。刺法：直刺0.3～0.5寸；可灸。,3,AI预标注，待人工复核
q052,耳鸣耳聋，腰膝酸软，怎么治？,case,fubai_001,针灸学,足少阳胆经,浮白,出《针灸甲乙经》。,浮白为足少阳、足太阳交会穴，定位在头部，耳后乳突后上方，当天冲与完骨弧形连线的上1/3与中1/3交点处。主治头痛、耳鸣耳聋、目痛及瘿气瘰疬。操作平刺0.5～0.8寸；可灸。,3,AI预标注，待人工复核
q052,耳鸣耳聋，腰膝酸软，怎么治？,case,xiaguan_001,针灸学,足阳明胃经,下关,出《针灸甲乙经》。《针灸甲乙经》：下关，在客主人下，耳前动脉下空下廉，合口有孔，张口即闭。,下关为足阳明、少阳之会，定位在耳屏前，下颌骨髁状突前方，当颧弓与下颌切迹所成凹陷中，合口有孔、张口即闭。主治耳鸣、耳聋、聤耳、齿痛、口歪、面痛等耳齿面颊病证。刺法：直刺0.5~1寸。,0,AI预标注，待人工复核
q052,耳鸣耳聋，腰膝酸软，怎么治？,case,daizheshi_001,中国药典（2025年版）一部,平肝息风药,代赭石,据《中国药典》2025 年版一部：代赭石为氧化物类矿物刚玉族赤铁矿，主含三氧化二铁（Fe2O3）（药用部位：矿物）。性味苦，寒；归肝、心、肺、胃经。功能与主治：平肝潜阳，重镇降逆，凉血止血；用于头晕目眩，耳鸣，呕吐，呃逆，噫气，喘息，吐血，衄血，崩漏下血。用法与用量：9～30g，先煎。注意：孕妇慎用。贮藏：置干燥处。 …,**简明**：代赭石苦寒，平肝潜阳、重镇降逆、凉血止血（**重镇降逆、引血下行**），主治肝阳眩晕耳鸣、呕吐噫气喘息及血热吐衄崩漏。**详解**：噫气呕逆配旋覆花、半夏（旋覆代赭汤）；肝阳上亢配牛膝、牡蛎（镇肝熄风汤）；血热吐衄配白茅根、藕节。**先煎**；孕妇慎用，虚寒证忌用。,0,AI预标注，待人工复核
q052,耳鸣耳聋，腰膝酸软，怎么治？,case,fupenzi_001,中国药典（2025年版）一部,收涩药,覆盆子,据《中国药典》2025 年版一部：覆盆子为蔷薇科植物华东覆盆子 Rubus chingii Hu 的干燥果实（药用部位：果实）。性味甘、酸，温；归肝、肾、膀胱经。功能与主治：益肾固精缩尿，养肝明目；用于遗精滑精，遗尿尿频，阳痿早泄，目暗昏花。用法与用量：6～12g。贮藏：置干燥处。,**简明**：覆盆子甘酸温，益肾固精缩尿、养肝明目（**补而兼涩**），主治遗精滑精、遗尿尿频、阳痿早泄及目暗昏花。**详解**：遗精尿频配菟丝子、枸杞子（五子衍宗丸）；目暗配枸杞子、菊花。肾虚有火、小便短涩者慎用。,1,AI预标注，待人工复核
q052,耳鸣耳聋，腰膝酸软，怎么治？,case,yizhiren_001,中国药典（2025年版）一部,补虚药,益智仁,据《中国药典》2025 年版一部：益智仁为姜科植物益智 Alpinia oxyphylla Miq. 的干燥成熟果实（药用部位：成熟果实）。性味辛，温；归脾、肾经。功能与主治：暖肾固精缩尿，温脾止泻摄唾；用于肾虚遗尿，小便频数，遗精白浊，脾寒泄泻，腹中冷痛，口多唾涎。用法与用量：3～10g。贮藏：置阴凉干燥处。  **…,**简明**：益智仁辛温，暖肾固精缩尿、温脾止泻摄唾（**脾肾双补**），主治肾虚遗尿尿频、遗精及脾寒泄泻、口多涎唾。**详解**：遗尿配乌药、山药（缩泉丸）；脾寒泄泻配白术、干姜。阴虚火旺者忌用。,1,AI预标注，待人工复核
q052,耳鸣耳聋，腰膝酸软，怎么治？,case,gouji_001,中国药典（2025年版）一部,祛风湿药,狗脊,据《中国药典》2025 年版一部：狗脊为蚌壳蕨科植物金毛狗脊 Cibotium barometz (L.) J. Sm. 的干燥根茎（药用部位：根茎）。性味苦、甘，温；归肝、肾经。功能与主治：祛风湿，补肝肾，强腰膝；用于风湿痹痛，腰膝酸软，下肢无力。用法与用量：6～12g。贮藏：置通风干燥处，防潮。  **【古注】】 …,**简明**：狗脊苦甘温，祛风湿、补肝肾、强腰膝，主治风湿痹痛兼肝肾亏虚之腰膝酸软（老人腰痛尤宜）。**详解**：腰痛膝软配杜仲、续断、牛膝；肾虚尿频带下配菟丝子、芡实。肾虚有热、小便不利或短涩黄赤者慎用。,3,AI预标注，待人工复核
q052,耳鸣耳聋，腰膝酸软，怎么治？,case,huluba_001,中国药典（2025年版）一部,补虚药,胡芦巴,据《中国药典》2025 年版一部：胡芦巴为豆科植物胡芦巴 Trigonella foenum-graecum L. 的干燥成熟种子（药用部位：成熟种子）。性味苦，温；归肾经。功能与主治：温肾助阳，散寒止痛；用于肾阳不足，阳痿遗精，腰膝冷痛，寒疝腹痛，寒湿脚气。用法与用量：5～10g。贮藏：置干燥处。,**简明**：胡芦巴苦温，温肾助阳而散寒止痛，为治肾虚腰冷、寒疝脚气的常用药。。**详解**：肾阳不足、阳痿遗精配淫羊藿、菟丝子；腰膝冷痛配杜仲、补骨脂；寒疝腹痛配小茴香、乌药；寒湿脚气配木瓜、吴茱萸。**阴虚火旺者忌用**。,1,AI预标注，待人工复核
q052,耳鸣耳聋，腰膝酸软，怎么治？,case,ziheche_001,中国药典（2025年版）一部,补虚药,紫河车,据《中国药典》2025 年版一部：紫河车为健康人的干燥胎盘（药用部位：人胎盘）。性味甘、咸，温；归心、肺、肾经。功能与主治：温肾补精，益气养血；用于虚劳羸瘦，骨蒸盗汗，咳嗽气喘，食少气短，阳痿遗精，不孕少乳。用法与用量：2～3g，研末吞服。注意：阴虚火旺者不宜单独应用。贮藏：置干燥处，防蛀。  **【古注】】 《本草纲…,**简明**：紫河车甘咸温，温肾补精、益气养血（**血肉有情之品、峻补精血**），主治虚劳羸瘦、骨蒸盗汗、咳喘气短、阳痿不孕及乳少。**详解**：虚劳羸瘦配人参、黄芪；肺肾虚喘配蛤蚧、五味子。**研末吞服（2～3g）**；阴虚火旺者不宜单独应用。,1,AI预标注，待人工复核
q052,耳鸣耳聋，腰膝酸软，怎么治？,case,dongchongxiacao_001,中国药典（2025年版）一部,补虚药,冬虫夏草,据《中国药典》2025 年版一部：冬虫夏草为麦角菌科真菌冬虫夏草菌 Cordyceps sinensis (BerK.) Sacc. 寄生在蝙蝠蛾科昆虫幼虫上的子座和幼虫尸体的干燥复合体（药用部位：子座和虫体复合体）。性味甘，平；归肺、肾经。功能与主治：补肾益肺，止血化痰；用于肾虚精亏，阳痿遗精，腰膝酸痛，久咳虚喘，劳…,**简明**：冬虫夏草甘平，补肾益肺、止血化痰，为**肺肾双补之滋补佳品**，主治肾虚阳痿遗精、腰膝酸痛、久咳虚喘及劳嗽痰血。**详解**：肺肾虚喘配蛤蚧、人参；虚劳咳血配川贝母、百合。**煎汤或炖服（3～9g）**；有表邪者慎用。,2,AI预标注，待人工复核
q052,耳鸣耳聋，腰膝酸软，怎么治？,case,bajitian_001,中国药典（2025年版）一部,补虚药,巴戟天,据《中国药典》2025 年版一部：巴戟天为茜草科植物巴戟天 Morinda officinalis How 的干燥根（药用部位：根）。性味甘、辛，微温；归肾、肝经。功能与主治：补肾阳，强筋骨，祛风湿；用于阳痿不举，宫冷不孕，小便频数，腰膝酸软，风湿痹痛，筋骨痿软。用法与用量：3～10g。贮藏：置通风干燥处，防霉，防蛀。…,**简明**：巴戟天甘辛微温，补肾阳、强筋骨、祛风湿（**温而不燥、补阳兼祛风湿**），主治阳痿宫冷、腰膝酸软、风湿痹痛及筋骨痿软。**详解**：肾阳虚配淫羊藿、肉苁蓉；肾虚腰膝配杜仲、续断；风湿痹痛配独活、牛膝。阴虚火旺者忌用。,3,AI预标注，待人工复核
q052,耳鸣耳聋，腰膝酸软，怎么治？,case,shenqiwan_001,金匮要略,血痹虚劳病脉证并治第六,肾气丸方,（论一首 脉证九条 方九首） 问曰：血痹病从何得之？师曰：夫尊荣人，骨弱肌肤盛，重因疲劳汗出，卧不时动摇，加被微风，遂得之。但以脉自微涩，在寸口、关上小紧，宜针引阳气，令脉和，紧去则愈。 血痹，阴阳俱微，寸口关上微，尺中小紧，外证身体不仁，如风痹状，黄芪桂枝五物汤主之。 黄芪桂枝五物汤方 黄芪三两 芍药三两 桂枝三两 …,肾气丸（金匮肾气丸）为补肾助阳之祖方，主治肾阳不足之腰痛脚软、小便不利或反多、畏寒肢冷。方中重用干地黄滋阴补肾，薯蓣、山茱萸补肝脾，少量桂枝、附子温肾助阳（阴中求阳），泽泻、茯苓、丹皮利水泻浊。,2,AI预标注，待人工复核
q052,耳鸣耳聋，腰膝酸软，怎么治？,case,shen_001,《中医基础理论》规划教材（要点归纳）,藏象,肾·主藏精主水主纳气,"肾为五脏之一，主要生理功能：主藏精，藏先天之精与后天之精，主生长发育生殖；主水，调节全身水液代谢；主纳气，摄纳肺吸入之气，助肺呼吸深度。肾在体合骨，生髓充脑，其华在发，开窍于耳及二阴，在液为唾，与膀胱相表里。肾为""先天之本""。",肾居下焦，为先天之本，藏精、主水、纳气，关系到生长发育、生殖、水液代谢与呼吸深度。临床见腰膝酸软、发育迟缓、生殖功能减退、水肿、气喘等多从肾论治。本条为基础理论，不涉及具体诊疗。,3,AI预标注，待人工复核
q052,耳鸣耳聋，腰膝酸软，怎么治？,case,xulao_001,中医内科学,气血津液病证,虚劳,"虚劳又称虚损，是以脏腑功能衰退、气血阴阳亏损、日久不复为主要病机，以形神衰败、身体羸瘦、久虚不复等为主要临床表现的多种慢性虚弱证候的总称。《素问·通评虚实论》：""邪气盛则实，精气夺则虚。""《金匮要略·血痹虚劳病脉证并治》立虚劳专篇，提出""虚劳里急，悸，衄，腹中痛，梦失精，四肢酸疼……小建中汤主之""等治法方药。教材以气、…",虚劳病位在五脏，尤以脾肾为主，基本病机为脏腑气血阴阳亏虚。辨证应以气、血、阴、阳为纲，五脏虚候为目。分证论治：气虚——肺气虚治以补益肺气，方用补肺汤；心气虚治以补益心气，方用七福饮；脾气虚治以健脾益气，方用加味四君子汤。血虚——心血虚治以养血安神，方用养心汤；肝血虚治以补血养肝，方用四物汤。阴虚——肺阴虚治以养阴润肺，…,1,AI预标注，待人工复核
q052,耳鸣耳聋，腰膝酸软，怎么治？,case,wanger_001,《中医诊断学》规划教材（要点归纳）,四诊,望耳·耳轮色泽形态,望耳是观察耳轮色泽形态及耳内病变。耳轮肉厚红润为肾气充足；耳轮瘦薄干枯为肾精亏虚；耳轮红肿为肝胆湿热或热毒上攻；耳轮甲错为瘀血；耳背红络伴耳根发凉多为麻疹先兆；耳内流脓为脓耳。,耳为肾之窍，耳轮形态色泽反映肾精盛衰。耳内流脓、听力下降、耳后肿毒须就医。此为教材要点归纳，供参考；具体诊疗请遵医嘱，不引导自我诊断。,1,AI预标注，待人工复核
q052,耳鸣耳聋，腰膝酸软，怎么治？,case,mingtiangu_001,中医养生（古籍要义归纳）,导引功法,鸣天鼓·掩耳叩脑古法醒脑,"据养生类书载：""鸣天鼓法：两手掌心掩耳，指置于脑后，以第二指压中指上，用力弹击脑后枕骨下，闻'咚咚'声如击鼓，左右各二十四通。""（出《颐身集》《内功图说》等所载导引法。）","鸣天鼓是中医传统以掩耳、弹击脑后为主要动作的养生功法。其法多取端坐，两手掌心紧按两侧耳门（掩耳），十指自然张开贴附后脑，以食指叠于中指之上，顺势滑下用力弹击后枕骨下方，耳中可闻""咚咚""之声，状如击鼓，左右各作若干次，常为二十四通或数次。古法认为此法有清脑醒神、使人耳目清爽的养生意味，多在静坐、读书或疲劳困倦之时短时行之…",0,AI预标注，待人工复核
q052,耳鸣耳聋，腰膝酸软，怎么治？,case,shanghan_061,伤寒论,辨太阳病脉证并治中,干姜附子汤证（第61条）,下之后，复发汗，昼日烦躁，不得眠，夜而安静，不呕不渴，无表证，脉沉微，身无大热者，干姜附子汤主之。 干姜附子汤方 干姜一两（味辛热） 附子一枚（生用，去皮，破八片，味辛热）右二味，以水三升，煮取一升，去滓，顿服。,本条论肾阳虚烦躁。下之后复发汗，昼日烦躁不得眠、夜而安静、不呕不渴、无表证、脉沉微、身无大热者，干姜附子汤主之。干姜附子辛热回阳，急复肾阳。,1,AI预标注，待人工复核
q052,耳鸣耳聋，腰膝酸软，怎么治？,case,chushizi_001,中国药典（2025年版）一部,补虚药,楮实子,据《中国药典》2025 年版一部：楮实子为桑科植物构树 Broussonetia papyrifera (L.) Vent. 的干燥成熟果实（药用部位：成熟果实）。性味甘，寒；归肝、肾经。功能与主治：补肾清肝，明目，利尿；用于虚劳骨蒸，头晕目昏，目生翳膜，水肿胀满。用法与用量：6～12g。贮藏：置干燥处，防蛀。,**简明**：楮实子甘寒，补肾清肝而明目利尿，为治头晕目昏、虚劳水肿的常用药。。**详解**：虚劳骨蒸配地骨皮、生地黄；头晕目昏配枸杞子、菊花；目生翳膜配密蒙花、青葙子；水肿胀满配茯苓皮、泽泻。脾胃虚寒者慎用。,2,AI预标注，待人工复核
q052,耳鸣耳聋，腰膝酸软，怎么治？,case,tingshengyinlun_001,《中医诊断学》规划教材（要点归纳）,四诊,听声音总论·发声高低清浊强弱,听声音是听患者发声、语言、呼吸、呕吐、咳嗽等声响以辨病证。语声高亢洪亮、多言而躁动为实证、热证；语声低微无力、少言而沉静为虚证、寒证。声重（鼻塞声重）为外感；音哑或失音，新病多实证（金实不鸣），久病多虚证（金破不鸣）。,听声音以高低、清浊、强弱辨虚实寒热。音哑、失音、呼吸喘促须就医。此为教材要点归纳，供参考；具体诊疗请遵医嘱，不引导自我诊断。,0,AI预标注，待人工复核
q052,耳鸣耳聋，腰膝酸软，怎么治？,case,qiannianjian_001,中国药典（2025年版）一部,祛风湿药,千年健,据《中国药典》2025 年版一部：千年健为天南星科植物千年健 Homalomena occulta (Lour.) Schott 的干燥根茎（药用部位：根茎）。性味苦、辛，温；归肝、肾经。功能与主治：祛风湿，壮筋骨；用于风寒湿痹，腰膝冷痛，拘挛麻木，筋骨痿软。用法与用量：5～10g。贮藏：置阴凉干燥处。,**简明**：千年健苦辛温，祛风湿、壮筋骨，主治风寒湿痹、腰膝冷痛、筋骨痿软（老人痹痛尤宜）。**详解**：风寒湿痹配独活、桑寄生、牛膝；腰膝痿软配杜仲、续断。阴虚内热者慎用。,1,AI预标注，待人工复核
q052,耳鸣耳聋，腰膝酸软，怎么治？,case,niuxi_001,中国药典（2025年版）一部,活血化瘀药,牛膝,据《中国药典》2025 年版一部：牛膝为苋科植物牛膝 Achyranthes bidentata Bl. 的干燥根（药用部位：根）。性味苦、甘、酸，平；归肝、肾经。功能与主治：逐瘀通经，补肝肾，强筋骨，利尿通淋，引血下行；用于经闭，痛经，腰膝酸痛，筋骨无力，淋证，水肿，头痛，眩晕，牙痛，口疮，吐血，衄血。用法与用量：5…,**简明**：牛膝苦甘酸平，逐瘀通经、补肝肾强筋骨、利尿通淋、**引血引火下行**，主治瘀血经闭、腰膝酸软、淋证水肿及头痛眩晕、牙痛口疮（上炎之火）。**详解**：痹证腰膝配独活、桑寄生（独活寄生汤）；胃火上炎齿痛配石膏、知母（玉女煎）；瘀血经闭配桃仁、红花；引火下行配代赭石、牡蛎。生用活血引血下行，酒制补肝肾。孕妇慎…,3,AI预标注，待人工复核
q052,耳鸣耳聋，腰膝酸软，怎么治？,case,xulao_002,中医临床诊疗指南/专家共识（要点归纳）,现代中医,虚劳·辨证论治要点,"据现行中医内科常见病诊疗指南：虚劳以脏腑气血阴阳亏损、久虚不复为基本病机，病势缓、病程长；辨证以气、血、阴、阳为纲，分别补益，治以""虚则补之""为基本原则。（要点归纳，非原文照录。）",虚劳是多种慢性虚弱性疾病的总称，以脏腑功能衰退、气血阴阳亏虚、日久不复为特征。指南要点：主症为神疲体倦、形色憔悴、气血阴阳亏虚诸象；辨证以气虚（补益肺气、健脾益气）、血虚（养血安神）、阴虚（滋阴清热）、阳虚（温补肾阳）为纲，又须辨五脏所属、气血阴阳互损，总以补益气血阴阳为法。调护上宜起居有常、饮食有节、劳逸结合、调畅情…,2,AI预标注，待人工复核
q052,耳鸣耳聋，腰膝酸软，怎么治？,case,jingui_006,金匮要略,血痹虚劳病脉证并治第六,血痹虚劳病脉证并治第六,（论一首 脉证九条 方九首） 问曰：血痹病从何得之？师曰：夫尊荣人，骨弱肌肤盛，重因疲劳汗出，卧不时动摇，加被微风，遂得之。但以脉自微涩，在寸口、关上小紧，宜针引阳气，令脉和，紧去则愈。 血痹，阴阳俱微，寸口关上微，尺中小紧，外证身体不仁，如风痹状，黄芪桂枝五物汤主之。 黄芪桂枝五物汤方 黄芪三两 芍药三两 桂枝三两 …,本篇论血痹与虚劳。血痹因尊荣人骨弱汗出、加被微风，主黄芪桂枝五物汤；虚劳涵盖失精、里急腰痛、虚烦不得眠、干血等证，出小建中、肾气丸、薯蓣丸、酸枣仁汤、大黄蟅虫丸等名方，补虚与化瘀并行。,1,AI预标注，待人工复核
q052,耳鸣耳聋，腰膝酸软，怎么治？,case,suwen_053,黄帝内经素问,刺志论篇五十三,刺志论篇五十三,黄帝问曰：愿闻虚实之要。 岐伯对曰：气实形实，气虚形虚，此其常也，反此者病。谷盛气盛，谷虚气虚，此其常也，反此者病。脉实血实，脉虚血虚，此其常也，反此者病。 帝曰：如何而反？ 岐伯曰：气盛身寒，此谓反也。气虚身热，此谓反也。（读注：此二句，各本多只有后一句。《甲乙经》二句并作：“气盛身寒，气虚身热。”明•马莳增补为二句…,本篇论虚实之常与反。气实形实、气虚形虚，谷盛气盛、谷虚气虚，脉实血实、脉虚血虚，此其常也，反此者病。所谓反者：气盛身寒、气虚身热，谷入多而气少、谷不入而气多，脉盛血少、脉少血多。并释其故：气盛身寒得之伤寒，气虚身热得之伤暑；谷多气少为脱血湿居下，谷少气多为邪在胃及肺；脉小血多为饮中热，脉大血少为脉有风气水浆不入。末言实…,0,AI预标注，待人工复核
q052,耳鸣耳聋，腰膝酸软，怎么治？,case,mugua_001,中国药典（2025年版）一部,祛风湿药,木瓜,据《中国药典》2025 年版一部：木瓜为蔷薇科植物贴梗海棠 Chaenomeles speciosa (Sweet) Nakai 的干燥近成熟果实（药用部位：近成熟果实）。性味酸，温；归肝、脾经。功能与主治：舒筋活络，和胃化湿；用于湿痹拘挛，腰膝关节酸重疼痛，吐泻转筋，脚气水肿。用法与用量：6～9g。贮藏：置阴凉干燥处…,**简明**：木瓜酸温，舒筋活络、和胃化湿，为治**筋脉拘挛、吐泻转筋**要药，兼治湿痹脚气。**详解**：风湿痹痛、筋脉拘挛配牛膝、白芍、威灵仙；吐泻转筋配吴茱萸、半夏；脚气肿痛配槟榔、紫苏（鸡鸣散）。胃酸过多者慎用；不可多食，损齿伤骨。,0,AI预标注，待人工复核
q052,耳鸣耳聋，腰膝酸软，怎么治？,case,shangyao_001,中国药典（2025年版）一部,补虚药,山药,据《中国药典》2025 年版一部：山药为薯蓣科植物薯蓣 Dioscorea opposita Thunb. 的干燥根茎（药用部位：根茎）。性味甘，平；归脾、肺、肾经。功能与主治：补脾养胃，生津益肺，补肾涩精；用于脾虚食少，久泻不止，肺虚喘咳，肾虚遗精，带下，尿频，虚热消渴。用法与用量：15～30g。麸炒山药补脾健胃。贮…,**简明**：山药甘平，补脾养胃、生津益肺、补肾涩精（**平补脾肺肾三脏、药食两用**），主治脾虚泄泻、肺虚喘咳、肾虚遗精带下及消渴。**详解**：脾虚泄泻配白术、茯苓（参苓白术散）；肾虚遗精配熟地黄、山茱萸（六味地黄丸）；消渴配黄芪、天花粉（玉液汤）。**麸炒健脾力佳**；湿盛中满、有实邪者慎用。,2,AI预标注，待人工复核
q052,耳鸣耳聋，腰膝酸软，怎么治？,case,nonger_001,《中医耳鼻咽喉科学》规划教材（要点归纳）,五官,脓耳·急慢性化脓性中耳炎,脓耳指鼓膜穿孔、耳内流脓、听力下降的耳病，分急性与慢性。多由风热外袭、肝胆火盛、脾虚湿困或肾元亏损引起。急性者多属实证，慢性者多属虚中夹实。辨证分风热外袭、肝胆火盛、脾虚湿困、肾元亏损等型。,脓耳须保持耳道清洁、引流脓液。急性肝胆火盛者治宜清肝泻火；慢性脾虚湿困者健脾渗湿。高热、剧烈头痛、呕吐、面瘫者警惕耳源性并发症，须立即就医。教材要点归纳，供参考；具体诊疗请遵医嘱。,1,AI预标注，待人工复核
q052,耳鸣耳聋，腰膝酸软，怎么治？,case,buguzhi_001,中国药典（2025年版）一部,补虚药,补骨脂,据《中国药典》2025 年版一部：补骨脂为豆科植物补骨脂 Psoralea corylifolia L. 的干燥成熟果实（药用部位：成熟果实）。性味辛、苦，温；归肾、脾经。功能与主治：温肾助阳，纳气平喘，温脾止泻；用于肾阳不足，阳痿遗精，遗尿尿频，腰膝冷痛，肾虚作喘，五更泄泻；外用消风祛斑，治白癜风。用法与用量：6～1…,**简明**：补骨脂辛苦温，温肾助阳、纳气平喘、温脾止泻（**补命门火而温脾**），主治阳痿遗精、五更泄泻、肾虚喘促及腰膝冷痛，外用治白癜风。**详解**：五更泻配肉豆蔻、吴茱萸（四神丸）；肾虚腰痛配杜仲、核桃仁（青娥丸）；肾虚喘配蛤蚧、五味子。阴虚火旺者忌用。,1,AI预标注，待人工复核
q052,耳鸣耳聋，腰膝酸软，怎么治？,case,snb_niuxi_001,神农本草经,上经,牛膝,牛膝，味苦，酸。主寒湿痿痹，四肢拘挛，膝痛不可屈伸，逐血气，伤热火烂，堕胎。久服，轻身耐老。一名百倍。生川谷。,牛膝苦酸平，逐瘀通经、补肝肾、强筋骨、引血下行，主治经闭癥瘕、腰膝酸痛、筋骨无力及吐血衄血、口舌生疮。孕妇慎用。,1,AI预标注，待人工复核
q052,耳鸣耳聋，腰膝酸软，怎么治？,case,nanjing_048,难经,第四十八难,第四十八难,曰：人有三虚三实，何谓也？  然：有脉之虚实，有病之虚实，有诊之虚实也。脉之虚实者，濡者为虚，牢者为实；病之虚实者，出者为虚，入者为实；言者为虚，不言者为实；缓者为虚，急者为实。诊之虚实者，痒者为虚，痛者为实；外痛内快，为外实内虚；内痛外快，为内实外虚，故曰虚实也。,本难论三虚三实。脉之虚实（濡虚牢实）、病之虚实（出虚入实、言虚言实、缓急）、诊之虚实（痒虚痛实、外痛内快等）。,0,AI预标注，待人工复核
q052,耳鸣耳聋，腰膝酸软，怎么治？,case,tiandong_001,中国药典（2025年版）一部,补虚药,天冬,据《中国药典》2025 年版一部：天冬为百合科植物天冬 Asparagus cochinchinensis (Lour.) Merr. 的干燥块根（药用部位：块根）。性味甘、苦，寒；归肺、肾经。功能与主治：养阴润燥，清肺生津；用于肺燥干咳，顿咳痰黏，劳嗽咳血，腰膝酸痛，骨蒸潮热，内热消渴，热病津伤，咽干口渴，肠燥便秘。…,**简明**：天冬甘苦寒，养阴润燥、清肺生津（**清肺滋肾、润燥力强于麦冬**），主治肺燥干咳劳嗽、骨蒸潮热、内热消渴及肠燥便秘。**详解**：肺肾阴虚配麦冬（二冬膏）；心肾不交失眠配生地黄、人参（天王补心丹）。脾虚便溏、外感风寒者忌用。,2,AI预标注，待人工复核
q052,耳鸣耳聋，腰膝酸软，怎么治？,case,erxueyadou_001,中医临床诊疗指南/专家共识（要点归纳）,现代中医,耳穴压豆·适宜技术操作要点,据《中医适宜技术操作规范·耳穴压豆》要点：将王不留行籽或磁珠贴压于耳廓相应耳穴上，用手按压使局部酸胀灼热，借耳穴与脏腑经络相应之理调治诸疾。（要点归纳，非原文照录。）,耳穴压豆（又称耳穴压丸）是常用中医适宜技术，操作要点：先探查敏感点，以王不留行籽贴压于耳廓相应穴位（如失眠取神门、心、皮质下），每日按压 3—5 次、每次数分钟，3—5 日更换一次。适用于失眠、便秘、戒断综合征、痛证等辅助调理。耳廓皮肤炎症、冻伤者不宜贴压。本条目为要点归纳，供参考；具体诊疗请遵医嘱。,0,AI预标注，待人工复核
q052,耳鸣耳聋，腰膝酸软，怎么治？,case,zhenwutang_001,伤寒论,辨太阳病脉证并治中,真武汤方,太阳病发汗，汗出不解，其人仍发热，心下悸，头眩，身目闰 动，振振欲擗地者，真武汤主之。,真武汤主治脾肾阳虚、水气内停之证，症见小便不利、四肢沉重疼痛、肢体浮肿、腹痛下利、头眩心悸。附子温肾助阳为君，白术、茯苓健脾利水，生姜温散水气，芍药利小便、缓急止痛。,1,AI预标注，待人工复核
q052,耳鸣耳聋，腰膝酸软，怎么治？,case,sangpiaoxiaosan_jieyao_001,方解（方论集要）,固涩剂·方解,桑螵蛸散·调补心肾固精止遗,本方出《本草衍义》：组成桑螵蛸、远志、石菖蒲、龙骨、人参、茯神、当归、龟甲（醋炙）各一两。方中桑螵蛸君，甘咸平，补肾固精、止遗缩尿；龟甲臣，滋阴补肾；龙骨臣，镇心安神、涩精止遗，与桑螵蛸相配，固精止遗；人参、茯神佐，益气宁心；当归佐，养血补心；石菖蒲、远志使，交通心肾、开窍安神，使心神得宁、肾气得固。,桑螵蛸散为调补心肾、固精止遗之代表方，治心肾两虚之尿频遗尿、遗精滑泄、心神恍惚健忘。桑螵蛸、龙骨固精涩尿，龟甲滋阴补肾，参神益气宁心，菖蒲、远志交通心肾，补涩兼施、心肾同调。与缩泉丸相比：缩泉丸专于温肾祛寒、缩尿止遗，治下焦虚寒之小便频数；此兼调补心肾，治心肾两虚之恍惚遗尿。下焦湿热之尿频涩痛者非宜。方解供学习参考；具…,2,AI预标注，待人工复核
q052,耳鸣耳聋，腰膝酸软，怎么治？,case,lingshu_028,灵枢经,口问篇第二十八,口问篇第二十八,黄帝闲居，辟左右而问于岐伯曰：余已闻九针之经，论阴阳逆顺，六经已毕，愿得口问。 岐伯避席再拜曰：善乎哉问也！此先师之所口传也。 黄帝曰：愿闻口传。 岐伯答曰：夫百病之始生也，皆生于风雨寒暑，阴阳喜怒，饮食居处，大惊卒恐。则血气分离，阴阳破败，经络厥绝，脉道不通，阴阳相逆，卫气稽留，经脉虚空，血气不次，乃失其常。论不在经…,本篇为先师口传之论，论百病始生于风雨寒暑、阴阳喜怒、饮食居处、大惊卒恐，致血气分离、经络厥绝。次以问答详论欠、哕、唏、振寒、噫、嚏、亸、泣涕出、太息、涎下、耳鸣、自啮舌十二邪之病机与取穴；末总论邪之所在皆为不足：上气不足则脑不满耳鸣头倾目眩，中气不足则溲便变肠鸣，下气不足则痿厥心悗，分经补之。,0,AI预标注，待人工复核
q052,耳鸣耳聋，腰膝酸软，怎么治？,case,qubin_001,针灸学,足少阳胆经,曲鬓,出《针灸甲乙经》。,曲鬓为足少阳、足太阳交会穴，定位在头部，耳前鬓角发际后缘垂线与耳尖水平线交点处。主治偏头痛、颔颊肿、齿痛、目赤肿痛及牙关紧闭。操作平刺0.5～0.8寸；可灸。,0,AI预标注，待人工复核
q052,耳鸣耳聋，腰膝酸软，怎么治？,case,tinggong_001,针灸学,手太阳小肠经,听宫,《灵枢·刺节真邪》：刺此者，必于日中，刺其听宫，中其眸子，声闻于耳，此其输也。,听宫为手太阳经与手足少阳经交会穴，定位在面部，耳屏正中与下颌骨髁状突之间的凹陷中，张口取穴。为耳疾要穴，善治耳鸣、耳聋、聤耳等耳疾；并治齿痛、癫狂痫。张口，直刺1～1.5寸；可灸。,0,AI预标注，待人工复核
q052,耳鸣耳聋，腰膝酸软，怎么治？,case,shanghan_075,伤寒论,辨太阳病脉证并治中,重发汗致耳聋（第75条）,未持脉时，病人手叉自冒心，师因教试令咳而不咳者，此必两耳聋无闻也。所以然者，以重发汗，虚故如此。,本条论重发汗致耳聋。未持脉时病人手叉自冒心，师令咳而不咳者，此必两耳聋无闻也。以重发汗虚故如此。示人发汗不可过。,0,AI预标注，待人工复核
q052,耳鸣耳聋，腰膝酸软，怎么治？,case,lingshu_069,灵枢经,忧患无言篇六十九,忧患无言篇六十九,黄帝问于少师曰：人之卒然忧恚，而言无音者，何道之塞？何气出行，使音不彰？愿闻其方。 少师答曰：咽喉者，水谷之道也。喉咙者，气之所以上下者也。会厌者，声音之户也。口唇者，声音之扇也。舌者，声音之机也。悬壅垂者，声音之关者。颃颡者，分气之所泄也。横骨者，神气所使，主发舌者也。故人之鼻洞涕出不收者，颃颡不开，分气失也。是故厌…,本篇论卒然忧恚而言无音之理。咽喉为水谷之道，喉咙为气上下之道，会厌为声音之户，口唇为声音之扇，舌为声音之机，悬壅垂为声音之关，颃颡为分气所泄，横骨主发舌。厌小而薄则发气疾、开阖利；厌大而厚则开阖难、气出迟故重言。卒然无音者，寒气客于会厌，厌不能发不能下、开阖不致故无音。治当两泻足少阴血脉，取天突。,0,AI预标注，待人工复核
q052,耳鸣耳聋，腰膝酸软，怎么治？,case,mabo_001,中国药典（2025年版）一部,清热药,马勃,据《中国药典》2025 年版一部：马勃为灰色科真菌脱皮马勃 Lasiosphaera fenzlii Reichb.、大马勃 Calvatia gigantea (Batsch ex Pers.) Lloyd 或紫色马勃 Calvatia lilacina (Mont. et Berk.) Lloyd 的干燥子实体（药…,**简明**：马勃辛平，清肺利咽、解毒止血，主治风热咽痛音哑、咳嗽及外伤出血（外敷止血）。**详解**：咽喉肿痛配牛蒡子、玄参、连翘；失音配蝉蜕、桔梗；外伤出血研末外敷。风寒劳嗽失音者忌用。,0,AI预标注，待人工复核
q052,耳鸣耳聋，腰膝酸软，怎么治？,case,yulongge_001,针灸大成,卷之三,玉龙歌,扁鹊授我玉龙歌，玉龙一试绝沉疴，玉龙之歌真罕得，流传千载无差讹。我今歌此玉龙诀，玉龙一百二十穴，医者行针殊妙绝，但恐时人自差别。补泻分明指下施，金针一刺显明医，伛者立伸偻者起，从此名扬天下知。  中风不语最难医，发际顶门穴要知，更向百会明补泻，即时苏醒免灾危。鼻流清涕名鼻渊，先泻后补疾可痊，若是头风并眼痛，上星穴内刺无…,"本篇托名""扁鹊授玉龙歌""，实杨氏家传，列玉龙一百二十穴，以七言歌诀逐证列穴、明补泻。自中风不语、头风鼻渊、口眼喎斜、耳聋目赤，至腰腿诸痛、脚气鹤膝、痔漏哮喘、痫疟瘾疹、妇人带下、伤寒过经等，每一病证系一至数穴，兼及针刺浅深、补先后、艾灸壮数与禁针之戒。歌括详尽，为临床按证索穴之大型歌诀，影响深远。",0,AI预标注，待人工复核
q052,耳鸣耳聋，腰膝酸软，怎么治？,case,hanyan_001,针灸学,足少阳胆经,颔厌,出《针灸甲乙经》。,颔厌为足少阳、足阳明、手少阳交会穴，定位在头部鬓发上，当头维与曲鬓弧形连线的上1/4与下3/4交点处。主治偏头痛、眩晕、目外眦痛、齿痛、耳鸣及惊痫。操作平刺0.5～0.8寸；可灸。,0,AI预标注，待人工复核
q053,目赤肿痛，迎风流泪，如何选穴？,case,tongziliao_001,针灸学,足少阳胆经,瞳子髎,出《针灸甲乙经》。,瞳子髎为手太阳、手少阳、足少阳三脉交会穴，定位在面部，目外眦旁0.5寸，眶外侧缘凹陷处。主治头面五官疾患，如头痛、目赤肿痛、迎风流泪、青盲远视不明及口眼㖞斜。操作沿皮平刺0.3～0.5寸，或用三棱针点刺出血；禁灸。,3,AI预标注，待人工复核
q053,目赤肿痛，迎风流泪，如何选穴？,case,chengqi_001,针灸学,足阳明胃经,承泣,出《针灸甲乙经》。《针灸甲乙经》：承泣，在目下七分，直目瞳子。,承泣为足阳明、阳跷、任脉之会，定位在面部，目正视时瞳孔直下，眼球与眶下缘之间。主治目赤肿痛、迎风流泪、夜盲、眼睑瞤动、口眼歪斜等目疾及面口病证。刺法：嘱患者闭目，押手轻推眼球向外侧固定，刺手沿眶下缘缓慢直刺0.5~1寸，不宜提插捻转，出针按压以防眶内出血；禁灸。,3,AI预标注，待人工复核
q053,目赤肿痛，迎风流泪，如何选穴？,case,touwei_001,针灸学,足阳明胃经,头维,出《针灸甲乙经》。《针灸甲乙经》：头维，在额角发际，挟本神两旁各一寸五分。,头维为足阳明、足少阳之会，定位在头侧部，当额角发际上0.5寸，头正中线旁4.5寸。主治头痛、目眩、目痛、迎风流泪、眼睑瞤动等头目病证。刺法：平刺0.5~1寸；本穴禁灸。,3,AI预标注，待人工复核
q053,目赤肿痛，迎风流泪，如何选穴？,case,muzei_001,中国药典（2025年版）一部,解表药,木贼,据《中国药典》2025 年版一部：木贼为木贼科植物木贼 Equisetum hiemale L. 的干燥地上部分（药用部位：地上部分）。性味甘、苦，平；归肺、肝经。功能与主治：疏散风热，明目退翳；用于风热目赤，迎风流泪，目生云翳。用法与用量：3～9g。贮藏：置干燥处。,**简明**：木贼甘苦平，疏散风热、明目退翳，主治风热目赤、迎风流泪、目生云翳。**详解**：目赤翳障配菊花、蝉蜕、谷精草；迎风流泪配苍术、防风；兼有疏散表邪之功，可与薄荷、桑叶同用治风热感冒目疾。,3,AI预标注，待人工复核
q053,目赤肿痛，迎风流泪，如何选穴？,case,leiliuzheng_001,《中医眼科学》规划教材（要点归纳）,五官,流泪症·泪液不循常道而溢出,流泪症指泪液不循常道而溢出睑弦之外的眼病，分迎风流泪与无时泪下。多由肝血不足、泪窍不密，或气血不足、肝肾两虚，或肝经湿热、泪窍阻塞引起。辨证分肝血不足、气血不足、肝经湿热等型。,流泪症须区分冷泪与热泪：热泪伴目赤肿痛多属外感；冷泪多属虚。泪道阻塞者需专科冲洗或手术。流泪伴脓性分泌物、泪囊部红肿者须就医。教材要点归纳，供参考；具体诊疗请遵医嘱。,3,AI预标注，待人工复核
q053,目赤肿痛，迎风流泪，如何选穴？,case,jingming_001,针灸学,足太阳膀胱经,睛明,出《针灸甲乙经》。《针灸甲乙经》：睛明，一名目内眦，在目内眦外。,睛明为足太阳膀胱经起始穴，系手太阳小肠经、足太阳膀胱经、足阳明胃经、阴蹻脉、阳蹻脉五脉交会穴，定位在面部，目内眦内上方眶内侧壁凹陷中。主治一切目疾，包括目赤肿痛、迎风流泪、目视不明、近视、夜盲、色盲、白内障、视网膜炎等；亦治急性腰扭伤。刺法：嘱患者闭目，医者左手轻推眼球向外侧固定，右手缓慢进针，紧靠眶缘直刺0.5～1寸…,3,AI预标注，待人工复核
q053,目赤肿痛，迎风流泪，如何选穴？,case,qijudihuangwan_001,《中国药典》一部/药品说明书（要点归纳）,补益剂/中成药,杞菊地黄丸·滋肾养肝,据现行版《中国药典》一部与药品说明书要点归纳：本品由枸杞子、菊花、熟地黄、山茱萸、山药、泽泻、牡丹皮、茯苓组成，具滋肾养肝之功，用于肝肾阴亏，眩晕耳鸣，目涩畏光，视物昏花，迎风流泪。用法用量按说明书口服。,杞菊地黄丸为六味地黄丸加枸杞子、菊花的滋肾养肝类中成药，用于肝肾阴虚之眩晕耳鸣、目涩畏光、视物昏花。本方滋腻，脾虚便溏者慎用；感冒发热期间停服。本条目为中成药，请按说明书或在医师指导下使用。,3,AI预标注，待人工复核
q053,目赤肿痛，迎风流泪，如何选穴？,case,ruiren_001,中国药典（2025年版）一部,清热药,蕤仁,据《中国药典》2025 年版一部：蕤仁为蔷薇科植物单花扁核木 Prinsepia uniflora Batal. 或齿叶扁核木 Prinsepia uniflora Batal. var. serrata Rehd. 的干燥成熟果核（药用部位：成熟果核）。性味甘，凉；归肝、心经。功能与主治：疏风散热，养肝明目；用于目赤…,**简明**：蕤仁甘凉，疏风散热而养肝明目，为治目赤肿痛、眼睑赤烂与目昏的常用药。。**详解**：风热目赤肿痛配菊花、桑叶、决明子；眼睑赤烂可研末点眼或煎水洗；肝肾不足目昏配枸杞子、菟丝子。,3,AI预标注，待人工复核
q053,目赤肿痛，迎风流泪，如何选穴？,case,niuhuangjiedupian_001,《中国药典》一部/药品说明书（要点归纳）,清热剂/中成药,牛黄解毒片·清热解毒,据现行版《中国药典》一部与药品说明书要点归纳：本品由人工牛黄、雄黄、石膏、大黄、黄芩、桔梗、冰片、甘草等组成，具清热解毒之功，用于火热内盛，症见咽喉肿痛、牙龈肿痛、口舌生疮、目赤肿痛。用法用量按说明书。,牛黄解毒片为常用清热泻火解毒类中成药，用于实火上炎之咽痛口疮。含雄黄（砷化合物），不宜长期或过量服用，孕妇禁用，婴幼儿慎用；身体不适应就医。本条目为中成药，请按说明书或在医师指导下使用。,3,AI预标注，待人工复核
q053,目赤肿痛，迎风流泪，如何选穴？,case,snb_ruihe_001,神农本草经,上经,蕤核,蕤核，味甘，温。主心腹邪结气，明目，目赤痛伤泪出。久服，轻身益气，不饥。生川谷。,蕤核（蕤仁）甘微寒，养肝明目、疏风散热，主治目赤肿痛、目暗羞明、眦烂泪出，为眼科常用药。,3,AI预标注，待人工复核
q053,目赤肿痛，迎风流泪，如何选穴？,case,sanhuangpian_001,《中国药典》一部/药品说明书（要点归纳）,清热剂/中成药,三黄片·清热解毒泻火通便,据现行版《中国药典》一部与药品说明书要点归纳：本品由大黄、盐酸小檗碱、黄芩浸膏等组成，具清热解毒、泻火通便之功，用于三焦热盛所致目赤肿痛、口鼻生疮、咽喉肿痛、牙龈出血、心烦口渴、尿黄便秘。用法用量按说明书口服。,三黄片为常用清热解毒、泻火通便类中成药，用于三焦实热证。本品含大黄与小檗碱，孕妇忌用，溶血性贫血患者及葡萄糖-6-磷酸脱氢酶缺乏者禁用；服药后大便次数增多、便溏者应减量；不宜与含鞣质中药同用。本条目为中成药，请按说明书或在医师指导下使用。,3,AI预标注，待人工复核
q053,目赤肿痛，迎风流泪，如何选穴？,case,snb_juemingzi_001,神农本草经,上经,决明子,决明子，味咸，平。主青盲，目淫肤赤白膜，眼赤痛泪出。久服，益精光，轻身。生川泽。,决明子甘苦咸微寒，清热明目、润肠通便，主治目赤肿痛、羞明多泪、目暗不明及头痛眩晕、肠燥便秘。,3,AI预标注，待人工复核
q053,目赤肿痛，迎风流泪，如何选穴？,case,wangmu_001,《中医诊断学》规划教材（要点归纳）,四诊,望目·五轮学说及目部分属,望目是观察目部色泽形态以测脏腑盛衰。五轮学说：瞳仁属肾为水轮，黑睛属肝为风轮，两眦血络属心为血轮，白睛属肺为气轮，眼睑属脾为肉轮。目赤肿痛多属风热或肝火；目黄如橘属湿热黄疸；目窠浮肿为水肿；目睛下陷为津液耗伤；瞳孔缩小或散大为危候。,望目按五轮分属五脏，结合色泽形态判断脏腑寒热虚实。瞳孔异常、目睛斜视、视野缺损须就医。此为教材要点归纳，供参考；具体诊疗请遵医嘱，不引导自我诊断。,3,AI预标注，待人工复核
q053,目赤肿痛，迎风流泪，如何选穴？,case,xingmi_001,中国药典（2025年版）一部,清热药,菥蓂,据《中国药典》2025 年版一部：菥蓂为十字花科植物菥蓂 Thlaspi arvense L. 的干燥全草（药用部位：全草）。性味苦、甘，平；归肝、肾经。功能与主治：清热解毒，利水消肿；用于目赤肿痛，湿热泻痢，水肿。用法与用量：9～15g。外用适量。贮藏：置干燥处。,**简明**：菥蓂苦甘平，清热解毒而利水消肿，为治目赤肿痛与水肿泻痢的常用药。。**详解**：目赤肿痛配菊花、决明子；湿热泻痢配黄连、白头翁；水肿配茯苓皮、泽泻。,3,AI预标注，待人工复核
q053,目赤肿痛，迎风流泪，如何选穴？,case,shanyangjiao_001,《中药学》（清华社）· 药典外品种,平肝息风药,山羊角,据清华社《中药学》：山羊角为牛科动物山羊 Capra hircus L. 的角（药用部位：角）。性味咸，寒；归肝经。功能与主治：平肝息风，清肝明目，凉血解毒；用于肝阳上亢，头痛眩晕，惊痫抽搐，目赤肿痛，温热发斑。用法与用量：10～15g，镑片先煎；磨粉或锉末冲服 1～1.5g。贮藏：置干燥处。,**简明**：山羊角咸寒，平肝息风而清肝明目，为羚羊角之常用代用品，治肝阳眩晕与惊痫。。**详解**：肝阳上亢、头痛眩晕配钩藤、菊花、石决明；惊痫抽搐配天麻、全蝎；目赤肿痛配决明子、夏枯草。**脾胃虚寒者慎用**。,3,AI预标注，待人工复核
q053,目赤肿痛，迎风流泪，如何选穴？,case,xiakucao_001,中国药典（2025年版）一部,清热药,夏枯草,据《中国药典》2025 年版一部：夏枯草为唇形科植物夏枯草 Prunella vulgaris L. 的干燥果穗（药用部位：果穗）。性味辛、苦，寒；归肝、胆经。功能与主治：清肝泻火，明目，散结消肿；用于目赤肿痛，目珠夜痛，头痛眩晕，瘰疬，瘿瘤，乳痈肿痛。用法与用量：9～15g。贮藏：置干燥处。,**简明**：夏枯草辛苦寒，清肝泻火、明目、散结消肿，主治目赤肿痛（目珠夜痛尤宜）、头痛眩晕、瘰疬瘿瘤。**详解**：肝火目赤配菊花、决明子；目珠夜痛配香附、甘草；瘰疬瘿瘤配牡蛎、浙贝母（软坚散结）；乳痈配蒲公英、瓜蒌。脾胃虚寒者慎用。,3,AI预标注，待人工复核
q053,目赤肿痛，迎风流泪，如何选穴？,case,sankezhen_001,中国药典（2025年版）一部,清热药,三颗针,据《中国药典》2025 年版一部：三颗针为小檗科植物拟猪刺 Berberis soulieana Schneid. 等同属数种植物的干燥根（药用部位：根）。性味苦，寒；归肝、胃、大肠经。功能与主治：清热燥湿，泻火解毒；用于湿热泻痢，黄疸，目赤肿痛，痈肿疮毒。用法与用量：9～15g。外用适量。贮藏：置干燥处。,**简明**：三颗针苦寒，清热燥湿解毒，含小檗碱，功似黄连而力稍逊，为清热泻痢常用药。。**详解**：湿热泻痢配黄连、白头翁；黄疸配茵陈、栀子；目赤肿痛配菊花、夏枯草；痈肿疮毒配蒲公英、紫花地丁。脾胃虚寒者慎用。,3,AI预标注，待人工复核
q053,目赤肿痛，迎风流泪，如何选穴？,case,sizhukong_001,针灸学,手少阳三焦经,丝竹空,出《针灸甲乙经》。,丝竹空属手少阳三焦经，定位在面部，眉梢凹陷处（目外眦旁）。主治头痛、目眩、目赤肿痛、眼睑瞤动及癫狂痫。刺法：平刺0.5～1寸；不宜灸。,3,AI预标注，待人工复核
q053,目赤肿痛，迎风流泪，如何选穴？,case,jiaosun_001,针灸学,手少阳三焦经,角孙,出《针灸甲乙经》。,角孙属手少阳三焦经，定位在头部，折耳廓向前，当耳尖正对发际处。主治耳部肿痛、目赤肿痛、齿痛、项强及颊肿。刺法：平刺0.3～0.5寸；可灸。,3,AI预标注，待人工复核
q053,目赤肿痛，迎风流泪，如何选穴？,case,mimenghua_001,中国药典（2025年版）一部,清热药,密蒙花,据《中国药典》2025 年版一部：密蒙花为马钱科植物密蒙花 Buddleja officinalis Maxim. 的干燥花蕾和花序（药用部位：花蕾和花序）。性味甘，微寒；归肝经。功能与主治：清热泻火，养肝明目，退翳；用于目赤肿痛，多泪羞明，目生翳膜，肝虚目暗，视物昏花。用法与用量：3～9g。贮藏：置通风干燥处，防潮。,**简明**：密蒙花甘微寒，清热养肝、明目退翳，主治肝火目赤、羞明多泪、目生翳膜及肝虚目暗。**详解**：肝火目赤配菊花、决明子；肝虚目暗配枸杞子、沙苑子；翳膜遮睛配谷精草、蝉蜕。虚实目疾皆可用之。,3,AI预标注，待人工复核
q053,目赤肿痛，迎风流泪，如何选穴？,case,yejuhua_001,中国药典（2025年版）一部,清热药,野菊花,据《中国药典》2025 年版一部：野菊花为菊科植物野菊 Chrysanthemum indicum L. 的干燥头状花序（药用部位：头状花序）。性味苦、辛，微寒；归肝、心经。功能与主治：清热解毒，泻火平肝；用于疔疮痈肿，目赤肿痛，头痛眩晕。用法与用量：9～15g。外用适量，煎汤外洗或制膏外涂。贮藏：置阴凉干燥处，防潮，…,**简明**：野菊花苦辛微寒，清热解毒、泻火平肝，清热解毒之力胜于菊花，主治疔疮痈肿、目赤肿痛、头痛眩晕。**详解**：疮痈肿毒配金银花、蒲公英；肝火目赤眩晕配菊花、夏枯草；高血压眩晕可单用代茶。脾胃虚寒者慎用。,3,AI预标注，待人工复核
q053,目赤肿痛，迎风流泪，如何选穴？,case,zihuadiding_001,中国药典（2025年版）一部,清热药,紫花地丁,据《中国药典》2025 年版一部：紫花地丁为堇菜科植物紫花地丁 Viola yedoensis Makino 的干燥全草（药用部位：全草）。性味苦、辛，寒；归心、肝经。功能与主治：清热解毒，凉血消肿；用于疔疮肿毒，痈疽发背，丹毒，乳痈，肠痈，目赤肿痛，毒蛇咬伤。用法与用量：15～30g。外用鲜品适量，捣烂敷患处。贮藏：…,**简明**：紫花地丁苦辛寒，清热解毒、凉血消肿，为治**疔疮肿毒**要药，亦可解蛇毒。**详解**：疔疮痈肿配金银花、蒲公英、野菊花（五味消毒饮）；丹毒配牡丹皮、赤芍；毒蛇咬伤鲜品捣敷并内服。体质虚寒者慎用。,3,AI预标注，待人工复核
q053,目赤肿痛，迎风流泪，如何选穴？,case,qianliguang_001,中国药典（2025年版）一部,清热药,千里光,据《中国药典》2025 年版一部：千里光为菊科植物千里光 Senecio scandens Buch.-Ham. 的干燥地上部分（药用部位：地上部分）。性味苦，寒；归肺、肝、大肠经。功能与主治：清热解毒，明目，利湿；用于痈肿疮毒，感冒发热，目赤肿痛，泄泻痢疾，皮肤湿疹。用法与用量：15～30g。外用适量，煎水熏洗。贮藏…,**简明**：千里光苦寒，清热解毒、明目利湿，主治痈肿疮毒、目赤翳障、湿疹及湿热泻痢（民间谚称「一世不生疮」）。**详解**：疮痈肿毒配蒲公英、金银花；目赤肿痛配菊花、决明子；湿疹疥癣煎水外洗；泻痢配黄连、白头翁。脾胃虚寒者慎用。,3,AI预标注，待人工复核
q053,目赤肿痛，迎风流泪，如何选穴？,case,shenting_001,针灸学,督脉,神庭,出《针灸甲乙经》。,神庭为督脉、足太阳、足阳明之会。在头部，前发际正中直上0.5寸。主治头痛、眩晕、目赤肿痛、鼻渊鼻衄、癫狂痫、失眠惊悸。刺法：平刺0.5～0.8寸；可灸。,3,AI预标注，待人工复核
q053,目赤肿痛，迎风流泪，如何选穴？,case,muchuang_001,针灸学,足少阳胆经,目窗,出《针灸甲乙经》。,目窗为足少阳、阳维脉交会穴，定位在头部，前发际上1.5寸，头正中线旁2.25寸。主治头痛、目赤肿痛、青盲、近视及鼻塞。操作平刺0.5～0.8寸；可灸。,3,AI预标注，待人工复核
q053,目赤肿痛，迎风流泪，如何选穴？,case,xuanlu_001,针灸学,足少阳胆经,悬颅,出《针灸甲乙经》。,悬颅为手足少阳、阳明交会穴，定位在头部鬓发上，当头维与曲鬓弧形连线的中点处。主治偏头痛、面肿、目赤肿痛及齿痛。操作平刺0.5～0.8寸；可灸。,3,AI预标注，待人工复核
q053,目赤肿痛，迎风流泪，如何选穴？,case,gujingcao_001,中国药典（2025年版）一部,清热药,谷精草,据《中国药典》2025 年版一部：谷精草为谷精草科植物谷精草 Eriocaulon buergerianum Koern. 的干燥带花茎的头状花序（药用部位：带花茎的头状花序）。性味辛、甘，平；归肝、肺经。功能与主治：疏散风热，明目退翳；用于风热目赤，肿痛羞明，眼生翳膜，风热头痛，齿痛。用法与用量：5～10g。贮藏：置…,**简明**：谷精草辛甘平，疏散风热、明目退翳，主治风热目赤肿痛、目生翳膜及风热头痛齿痛。**详解**：目赤翳障配菊花、决明子、木贼；风热头痛配薄荷、蔓荆子；齿痛咽痛配牛蒡子、连翘。凡目疾属风热者皆宜。,3,AI预标注，待人工复核
q053,目赤肿痛，迎风流泪，如何选穴？,case,snb_xiakucao_001,神农本草经,下经,夏枯草,夏枯草，味苦，辛寒。主寒热，瘰疬鼠瘘，头疮，破癥，散瘿结气，脚肿湿痹。生川谷。,夏枯草苦辛寒，清肝泻火、散结消肿、明目，主治肝郁化火之目赤肿痛、头痛眩晕、瘰疬瘿瘤及乳痈肿痛。其性寒凉，脾胃虚弱者慎服，不宜大量久服以免伤胃。,3,AI预标注，待人工复核
q053,目赤肿痛，迎风流泪，如何选穴？,case,juhua_001,中国药典（2025年版）一部,解表药,菊花,据《中国药典》2025 年版一部：菊花为菊科植物菊 Chrysanthemum morifolium Ramat. 的干燥头状花序（药用部位：头状花序）。性味甘、苦，微寒；归肺、肝经。功能与主治：疏散风热，平抑肝阳，清肝明目，清热解毒；用于风热感冒，头痛眩晕，目赤肿痛，眼目昏花，疮痈肿毒。用法与用量：5～10g。贮藏：…,**简明**：菊花甘苦微寒，疏散风热、平肝明目、清热解毒，主治风热感冒、肝阳眩晕、目赤肿痛及疮毒。**详解**：风热感冒配桑叶、连翘（桑菊饮）；肝阳上亢头晕目眩配石决明、钩藤；肝肾阴虚目暗配枸杞子、熟地黄（杞菊地黄丸）；疮痈肿毒配金银花、蒲公英。疏散风热多用黄菊花，平肝明目多用白菊花。,3,AI预标注，待人工复核
q053,目赤肿痛，迎风流泪，如何选穴？,case,snb_zhizi_001,神农本草经,中经,栀子,栀子，味，寒。主五内邪气，胃中热气，面赤酒疱皶鼻，白癞赤癞疮疡。,栀子苦寒，泻火除烦、清热利湿、凉血解毒，主治热病心烦、湿热黄疸、血淋涩痛及血热吐衄、目赤肿痛。本经主五内邪气、胃中热气、疮疡，取其清泻三焦火热之功。,3,AI预标注，待人工复核
q053,目赤肿痛，迎风流泪，如何选穴？,case,snb_qinpi_001,神农本草经,中经,秦皮,秦皮，味苦，微寒。主风寒湿痹，洗洗寒气，除热，目中青翳白膜。,秦皮苦涩寒，清热燥湿、收涩止痢止带、清肝明目，主治湿热泻痢、赤白带下及肝热目赤肿痛目翳。本经主风寒湿痹、目中青翳白膜，取其清热涩肠、清肝明目之功。,3,AI预标注，待人工复核
q053,目赤肿痛，迎风流泪，如何选穴？,case,daqingyan_001,中国药典（2025年版）一部,清热药,大青盐,据《中国药典》2025 年版一部：大青盐为卤化物类石盐族湖盐结晶体，主含氯化钠（NaCl），自盐湖中采挖后除去杂质、干燥（药用部位：矿物结晶）。性味咸，寒；归心、肾、膀胱经。功能与主治：泻热，凉血，明目，润燥；用于吐血，尿血，牙龈舌出血，目赤肿痛，风眼烂弦，牙痛。用法与用量：1.5～4.5g；或入丸散。外用适量，研末揩…,**简明**：大青盐咸寒沉降，入心、肾、膀胱经，泻热、凉血、明目而润燥，为眼科、口齿科外用要药。**详解**：目赤肿痛、风眼烂弦可水化洗目或研末外点；牙痛、牙龈舌出血研末揩齿或含漱；血热吐衄尿血入丸散内服。体虽寒而味咸走血分，**不宜久服多服**，水肿、肾病及高血压者慎用。,3,AI预标注，待人工复核
q053,目赤肿痛，迎风流泪，如何选穴？,case,yangchi_001,针灸学,手少阳三焦经,阳池,《灵枢·本输》：过于阳池，阳池，在腕上陷者之中也，为原。,阳池为手少阳三焦经原穴，定位在腕后区，腕背横纹中，指总伸肌腱尺侧缘凹陷中。主治目赤肿痛、耳聋、咽喉肿痛、腕臂痛，以及消渴、疟疾。刺法：直刺0.3～0.5寸；可灸。,3,AI预标注，待人工复核
q053,目赤肿痛，迎风流泪，如何选穴？,case,qubin_001,针灸学,足少阳胆经,曲鬓,出《针灸甲乙经》。,曲鬓为足少阳、足太阳交会穴，定位在头部，耳前鬓角发际后缘垂线与耳尖水平线交点处。主治偏头痛、颔颊肿、齿痛、目赤肿痛及牙关紧闭。操作平刺0.5～0.8寸；可灸。,3,AI预标注，待人工复核
q053,目赤肿痛，迎风流泪，如何选穴？,case,yangbai_001,针灸学,足少阳胆经,阳白,出《针灸甲乙经》。,阳白为足少阳、阳维脉交会穴，定位在前额部，瞳孔直上，眉上1寸。主治头痛、目眩、目赤肿痛、外眦疼痛、雀目及眼睑瞤动，为前额及目疾常用要穴。操作平刺0.5～0.8寸；可灸。,3,AI预标注，待人工复核
q053,目赤肿痛，迎风流泪，如何选穴？,case,luganshi_001,中国药典（2025年版）一部,拔毒化腐生肌药,炉甘石,据《中国药典》2025 年版一部：炉甘石为碳酸盐类矿物菱锌矿，主含碳酸锌（药用部位：矿石）。性味甘，平；归肝、脾经。功能与主治：解毒明目退翳，收湿止痒敛疮；用于目赤肿痛，眼缘赤烂，翳膜胬肉，溃疡不敛，脓水淋漓，湿疮瘙痒。用法与用量：外用适量，研末撒布或调敷；水飞点眼，洗眼。注意：不作内服。贮藏：置干燥处。  **【古注…,**简明**：炉甘石甘平，解毒明目退翳、收湿止痒敛疮（**眼科外用要药**），主治目赤肿痛、翳膜胬肉及溃疡不敛、湿疮瘙痒。**详解**：目赤翳障配硼砂、冰片水飞点眼；湿疮溃疡配黄柏、煅石膏研末外撒。**只供外用，不作内服**。,3,AI预标注，待人工复核
q053,目赤肿痛，迎风流泪，如何选穴？,case,gonglaomu_001,中国药典（2025年版）一部,清热药,功劳木,据《中国药典》2025 年版一部：功劳木为小檗科植物阔叶十大功劳 Mahonia bealei (Fort.) Carr. 或细叶十大功劳 Mahonia fortunei (Lindl.) Fedde 的干燥茎（药用部位：茎）。性味苦，寒；归肺、肝、大肠经。功能与主治：清热燥湿，泻火解毒；用于湿热泻痢，黄疸尿赤，目赤…,**简明**：功劳木苦寒，清热燥湿、泻火解毒，功类黄连黄柏而力缓，主治湿热泻痢、黄疸目赤、胃火牙痛及疮疡湿疹。**详解**：湿热泻痢配黄连、秦皮；黄疸配茵陈、栀子；目赤配菊花、夏枯草；湿疹湿疮煎水外洗。脾胃虚寒者慎用。,1,AI预标注，待人工复核
q053,目赤肿痛，迎风流泪，如何选穴？,case,zuqiaoyin_001,针灸学,足少阳胆经,足窍阴,《灵枢·本输》：胆出于窍阴，窍阴者，足小指次指之端也，为井金。,足窍阴为足少阳胆经井穴（井金），定位在足第4趾末节外侧，距趾甲角0.1寸。主治偏头痛、目赤肿痛、耳聋、咽喉肿痛、失眠、胁痛及热病。操作直刺0.1寸，或用三棱针点刺出血；可灸。,3,AI预标注，待人工复核
q053,目赤肿痛，迎风流泪，如何选穴？,case,zhizi_001,中国药典（2025年版）一部,清热药,栀子,据《中国药典》2025 年版一部：栀子为茜草科植物栀子 Gardenia jasminoides Ellis 的干燥成熟果实（药用部位：成熟果实）。性味苦，寒；归心、肺、三焦经。功能与主治：泻火除烦，清热利湿，凉血解毒，外用消肿止痛；用于热病心烦，湿热黄疸，淋证涩痛，血热吐衄，目赤肿痛，火毒疮疡，外治扭挫伤痛。焦栀子凉…,**简明**：栀子苦寒，泻火除烦、清热利湿、凉血解毒，善清三焦之火，主治热病心烦、湿热黄疸、血热吐衄。**详解**：热病虚烦不寐配淡豆豉（栀子豉汤）；湿热黄疸配茵陈、大黄（茵陈蒿汤）；三焦火盛配黄芩、黄连、黄柏（黄连解毒汤）；焦栀子凉血止血力强。脾虚便溏者慎用。,3,AI预标注，待人工复核
q053,目赤肿痛，迎风流泪，如何选穴？,case,chishao_001,中国药典（2025年版）一部,清热药,赤芍,据《中国药典》2025 年版一部：赤芍为毛茛科植物芍药 Paeonia lactiflora Pall. 或川赤芍 Paeonia veitchii Lynch 的干燥根（药用部位：根）。性味苦，微寒；归肝经。功能与主治：清热凉血，散瘀止痛；用于热入营血，温毒发斑，血热吐衄，目赤肿痛，肝郁胁痛，经闭痛经，癥瘕腹痛，跌扑…,**简明**：赤芍苦微寒，清热凉血、散瘀止痛，主治血热发斑吐衄、目赤肿痛、经闭癥瘕、跌打痈肿。**详解**：温毒发斑配水牛角、生地（犀角地黄汤）；血瘀经闭痛经配桃仁、红花、当归；痈肿疮疡配金银花、连翘；肝郁胁痛配柴胡、白芍。**反藜芦**；血虚经闭者忌用。,3,AI预标注，待人工复核
q053,目赤肿痛，迎风流泪，如何选穴？,case,snb_qingxiang_001,神农本草经,下经,青葙,青葙，味苦，微寒。主邪气，皮肤中热，风瘙身痒，杀三虫。子名草决明，疗唇口青。生平谷。,青葙子苦寒，清肝泻火、明目退翳，兼杀虫止痒，主治肝火上炎之目赤肿痛、目生翳膜、视物昏花及皮肤风热瘙痒。其有扩散瞳孔之弊，瞳孔散大及青光眼患者忌用，脾胃虚寒者慎用，不宜久服。,3,AI预标注，待人工复核
q053,目赤肿痛，迎风流泪，如何选穴？,case,snb_bailian_001,神农本草经,下经,白蔹,白蔹，味苦，平。主痈肿疽疮，散结气，止痛除热，目中赤，小儿惊痫温疟，女子阴中肿痛。一名菟核。生山谷。,白蔹苦辛微寒，清热解毒、消痈散结、生肌止痛，为治痈肿疮毒要药，主治疮痈肿毒、烧烫伤、瘰疬、目赤肿痛及妇女阴中肿痛。反乌头类（川乌、草乌、附子），脾胃虚寒及无实火者慎服，孕妇慎用，不宜久服。,3,AI预标注，待人工复核
q053,目赤肿痛，迎风流泪，如何选穴？,case,cuanzhu_001,针灸学,足太阳膀胱经,攒竹,出《针灸甲乙经》。《针灸甲乙经》：攒竹，一名员柱，一名始光，一名光明，在眉头陷者中。,攒竹为足太阳膀胱经穴，定位在面部，眉头凹陷中，额切迹处。主治头痛、眉棱骨痛、目眩、目视不明、目赤肿痛、眼睑瞤动、面瘫、面痛，亦治呃逆。刺法：可向眉中或眼眶内缘平刺或斜刺0.3～0.5寸；禁灸。,3,AI预标注，待人工复核
q053,目赤肿痛，迎风流泪，如何选穴？,case,cheqianzi_001,中国药典（2025年版）一部,利水渗湿药,车前子,据《中国药典》2025 年版一部：车前子为车前科植物车前 Plantago asiatica L. 或平车前 Plantago depressa Willd. 的干燥成熟种子（药用部位：成熟种子）。性味甘，寒；归肝、肾、肺、小肠经。功能与主治：清热利尿通淋，渗湿止泻，明目，祛痰；用于热淋涩痛，水肿胀满，暑湿泄泻，目赤肿…,**简明**：车前子甘寒，清热利尿通淋、渗湿止泻、明目祛痰，为治**热淋**要药，兼治暑湿泄泻、目疾痰咳。**详解**：热淋涩痛配木通、滑石、萹蓄（八正散）；暑湿水泻配白术、茯苓（利小便实大便）；目赤肿痛配菊花、决明子；痰热咳嗽配瓜蒌、黄芩。**入汤剂宜包煎**；肾虚滑精者慎用。,3,AI预标注，待人工复核
q053,目赤肿痛，迎风流泪，如何选穴？,case,snb_manjingshi_001,神农本草经,上经,蔓荆实,蔓荆实，味苦，微寒。主筋骨间寒热，湿痹拘挛，明目坚齿，利九窍，去白虫。久服，轻身耐老。小荆实亦等。生山川。,蔓荆实（蔓荆子）辛苦微寒，疏散风热、清利头目，主治风热感冒头痛、齿龈肿痛、目赤多泪及头晕目眩。,1,AI预标注，待人工复核
q053,目赤肿痛，迎风流泪，如何选穴？,case,huangteng_001,中国药典（2025年版）一部,清热药,黄藤,据《中国药典》2025 年版一部：黄藤为防己科植物黄藤 Fibraurea recisa Pierre 的干燥藤茎（药用部位：藤茎）。性味苦，寒；归肺、心、大肠经。功能与主治：清热解毒，泻火通便；用于咽喉肿痛，目赤，痢疾，便秘，疮疡。用法与用量：30～60g。外用适量。贮藏：置干燥处。,**简明**：黄藤苦寒，清热解毒而泻火通便，为治咽喉肿痛、便秘痢疾的常用药。。**详解**：咽喉肿痛配射干、板蓝根；目赤配菊花、决明子；痢疾配黄连、白头翁；便秘配大黄。脾胃虚寒者慎用。,1,AI预标注，待人工复核
q053,目赤肿痛，迎风流泪，如何选穴？,case,honghualongdan_001,中国药典（2025年版）一部,清热药,红花龙胆,据《中国药典》2025 年版一部：红花龙胆为龙胆科植物红花龙胆 Gentiana rhodantha Franch. ex Hemsl. 的干燥全草（药用部位：全草）。性味苦，寒；归肝、肺经。功能与主治：清热利湿，凉血解毒；用于湿热黄疸，肺热咳嗽，咽喉肿痛，目赤。用法与用量：9～15g。外用适量。贮藏：置干燥处。,**简明**：红花龙胆苦寒，清热利湿而凉血解毒，功似龙胆草，为治湿热黄疸常用。。**详解**：湿热黄疸配茵陈、栀子；肺热咳嗽配黄芩、桑白皮；咽喉肿痛配板蓝根、射干；目赤配菊花、夏枯草。脾胃虚寒者慎用。,1,AI预标注，待人工复核
q053,目赤肿痛，迎风流泪，如何选穴？,case,zhudanfen_001,中国药典（2025年版）一部,化痰止咳平喘药,猪胆粉,据《中国药典》2025 年版一部：猪胆粉为猪科动物猪 Sus scrofa domestica Brisson 胆汁的干燥品（药用部位：胆汁加工品）。性味苦，寒；归肺、肝、胆经。功能与主治：清热润燥，化痰止咳，解毒；用于肺热咳嗽，百日咳，黄疸，痢疾，目赤，咽喉肿痛。用法与用量：0.3～0.6g，多入丸散或胶囊用。外用适…,**简明**：猪胆粉苦寒，清热润燥而化痰止咳、解毒，为治肺热咳喘与黄疸的常用药。。**详解**：肺热咳嗽配黄芩、瓜蒌；百日咳配百部、白前；黄疸配茵陈、栀子；咽喉肿痛配射干。**脾胃虚寒者慎用**。,1,AI预标注，待人工复核
q053,目赤肿痛，迎风流泪，如何选穴？,case,manjingzi_001,中国药典（2025年版）一部,解表药,蔓荆子,据《中国药典》2025 年版一部：蔓荆子为马鞭草科植物单叶蔓荆 Vitex trifolia L. var. simplicifolia Cham. 或蔓荆 Vitex trifolia L. 的干燥成熟果实（药用部位：成熟果实）。性味辛、苦，微寒；归膀胱、肝、胃经。功能与主治：疏散风热，清利头目；用于风热感冒头痛，齿…,**简明**：蔓荆子辛苦微寒，疏散风热、清利头目，善治风热头痛、目赤多泪、目暗不明。**详解**：风热头痛配菊花、薄荷、川芎；目赤多泪配桑叶、菊花、决明子；湿痹拘挛亦可配防风、秦艽。血虚有火之头痛目眩慎用。,1,AI预标注，待人工复核
q053,目赤肿痛，迎风流泪，如何选穴？,case,niuhuangshangqingwan_001,《中国药典》一部/药品说明书（要点归纳）,清热剂/中成药,牛黄上清丸·清热泻火散风止痛,据现行版《中国药典》一部与药品说明书要点归纳：本品由人工牛黄、薄荷、菊花、荆芥穗、白芷、川芎、栀子、黄连、黄柏、黄芩、大黄、连翘、赤芍、当归、地黄、桔梗、石膏、冰片、甘草等组成，具清热泻火、散风止痛之功，用于热毒内盛、风火上攻所致头痛眩晕、目赤耳鸣、咽喉肿痛、口舌生疮、牙龈肿痛、大便燥结。用法用量按说明书口服。,牛黄上清丸为常用清热泻火、散风止痛类中成药，较黄连上清丸多人工牛黄、冰片，清热解毒力更强，用于风火上攻之头面五官诸火证。方含大黄等苦寒泻下之品，孕妇慎用，脾胃虚寒、体虚便溏者不宜；不宜久服。本条目为中成药，请按说明书或在医师指导下使用。,1,AI预标注，待人工复核
q053,目赤肿痛，迎风流泪，如何选穴？,case,pengsha_001,《中药学》（清华社）· 药典外品种,攻毒杀虫止痒药,硼砂,据清华社《中药学》：硼砂为硼酸盐类矿物硼砂族硼砂经精制而成的结晶（药用部位：加工品）。性味甘、咸，凉；归肺、胃经。功能与主治：外用清热解毒，内服清肺化痰；用于咽喉肿痛，口疮，目赤翳障；内服治痰热咳嗽。用法与用量：外用适量，研极细末撒敷或调敷。内服 1.5～3g，入丸散。注意：内服不宜过量。贮藏：置阴凉干燥处，密闭。,**简明**：硼砂甘咸凉，外用清热解毒（喉口目疾要药，冰硼散主药），内服清肺化痰。。**详解**：咽喉肿痛、口疮配冰片、玄明粉（冰硼散）吹敷；目赤翳障配黄连、炉甘石点眼；痰热咳嗽内服配贝母、瓜蒌。**内服不宜过量**。,1,AI预标注，待人工复核
q053,目赤肿痛，迎风流泪，如何选穴？,case,jingluoyingyong_001,《中医基础理论》规划教材（要点归纳）,经络,经络临床应用·阐释病理指导诊断指导治疗,经络学说在临床上应用主要有三方面：①阐释病理，外邪由表入里、脏腑病变相互传变，多以经络为途径；②指导诊断，根据症状出现部位判为何经病变（分经辨证、循经诊断）；③指导治疗，针灸循经取穴、药物归经引经报使，以及按摩、拔罐等均以经络为据。,"经络学说的临床价值在于：它既解释病邪如何传变（由皮毛、经络到脏腑），也指导医生""按部位辨何经""，再循经取穴或用引经药。如前额痛多属阳明经、偏头痛多属少阳经，即分经辨证。学习时应把经络循行路线与常见分经辨证、归经用药对应起来记。",0,AI预标注，待人工复核
q053,目赤肿痛，迎风流泪，如何选穴？,case,yemen_001,针灸学,手少阳三焦经,液门,《灵枢·本输》：溜于液门，液门，小指次指之间也，为荥。,液门为手少阳三焦经荥穴（五行属水），定位在手背部，当第4、5指间，指蹼缘后方赤白肉际处。主治头痛、目赤、耳鸣耳聋、咽喉肿痛、疟疾及手背手臂痛。刺法：直刺0.3～0.5寸；可灸。,1,AI预标注，待人工复核
q053,目赤肿痛，迎风流泪，如何选穴？,case,zhongzhu_te_001,针灸学,手少阳三焦经,中渚,《灵枢·本输》：注于中渚，中渚，本节之后陷者中也，为输。,中渚为手少阳三焦经输穴（五行属木），定位在手背部，环指本节（掌指关节）后方，第4、5掌骨间凹陷处。主治头痛、目赤、耳鸣耳聋、咽喉肿痛、热病，以及手指不能屈伸、肩背肘臂酸痛。刺法：直刺0.3～0.5寸；可灸。,1,AI预标注，待人工复核
q053,目赤肿痛，迎风流泪，如何选穴？,case,fengchi_001,针灸学,足少阳胆经,风池,出《灵枢·热病》。,风池为足少阳、阳维脉交会穴，定位在项部，枕骨之下，横平风府，胸锁乳突肌与斜方肌上端之间凹陷处。为祛风要穴，主治头痛眩晕、感冒鼻塞、目赤肿痛、中风及颈项强痛，亦为防治感冒、明目益聪常用穴。操作向鼻尖方向斜刺0.8～1.2寸；可灸。,3,AI预标注，待人工复核
q053,目赤肿痛，迎风流泪，如何选穴？,case,fangji_001,中国药典（2025年版）一部,祛风湿药,防己,据《中国药典》2025 年版一部：防己为防己科植物粉防己 Stephania tetrandra S. Moore 的干燥根（药用部位：根）。性味苦、辛，寒；归膀胱、肺经。功能与主治：祛风止痛，利水消肿；用于风湿痹痛，湿热身痛，水肿，小便不利，脚气肿痛。用法与用量：5～10g。贮藏：置干燥处，防霉，防蛀。  **【古注…,**简明**：防己苦辛寒，祛风止痛、利水消肿，主治**风湿热痹**（关节红肿热痛）及风水水肿。**详解**：风湿热痹配薏苡仁、滑石（宣痹汤）；风水水肿配黄芪、白术（防己黄芪汤）；脚气肿痛配槟榔、吴茱萸。苦寒伤胃，脾胃虚寒、阴虚及无湿热者慎用。,0,AI预标注，待人工复核
q053,目赤肿痛，迎风流泪，如何选穴？,case,pianli_001,针灸学,手阳明大肠经,偏历,《灵枢·经脉》：手阳明之别，名曰偏历，去腕三寸，别入太阴。,偏历为手阳明经络穴，别走手太阴肺经，定位在前臂，腕背侧远端横纹上3寸，阳溪与曲池连线上。主治耳鸣、耳聋、鼻衄、目赤等头面五官疾患，以及手臂酸痛、半身不遂；络穴能通调表里两经，又能清热利水治水肿、小便不利。直刺或斜刺0.5～0.8寸；可灸。,1,AI预标注，待人工复核
q053,目赤肿痛，迎风流泪，如何选穴？,case,baizhengfu_001,针灸大成,卷之二,百症赋,百症俞穴，再三用心。囟会连于玉枕，头风疗以金针。悬颅、颔厌之中，偏头痛止；强间、丰隆之际，头痛难禁。  原夫面肿虚浮，须仗水沟、前顶；耳聋气闭，全凭听会、翳风。面上虫行有验，迎香可取；耳中蝉噪有声，听会堪攻。  目眩兮，支正、飞扬；目黄兮，阳纲、胆俞。攀睛攻少泽、肝俞之所，泪出刺临泣、头维之处。目中漠漠，即寻攒竹、三间…,"本篇汇辑前贤对症配穴经验，以骈偶句式，逐证列二穴相伍主治：头面五官（囟会、玉枕治头风，听会、翳风治耳聋，迎香治面痒等）、神志（厉兑、隐白治梦魇，上脘、神门治发狂）、脏腑（建里、内关治胸苦闷，章门、不容治胸胁支满）、肢体（后溪、环跳治腿疼，阳陵、曲池治半身不遂）、妇人（地机、血海调经，交信、合阳治漏血）等，末以""先究其病…",1,AI预标注，待人工复核
q053,目赤肿痛，迎风流泪，如何选穴？,case,lianquan_001,针灸学,任脉,廉泉,出《针灸甲乙经》。,廉泉为任脉与阴维脉交会穴，定位在颈前区，喉结上方，舌骨上缘凹陷中，前正中线上。主治舌下肿痛、舌强不语、暴喑、吞咽困难及口舌生疮。刺法：向舌根方向斜刺0.5～0.8寸；可灸。,0,AI预标注，待人工复核
q053,目赤肿痛，迎风流泪，如何选穴？,case,baizhi_001,中国药典（2025年版）一部,解表药,白芷,据《中国药典》2025 年版一部：白芷为伞形科植物白芷 Angelica dahurica (Fisch. ex Hoffm.) Benth. et Hook. f. 或杭白芷 Angelica dahurica (Fisch. ex Hoffm.) Benth. et Hook. f. var. formosana …,**简明**：白芷辛温，解表散寒、祛风止痛、宣通鼻窍、燥湿止带、消肿排脓，善治阳明经头面诸痛（前额、眉棱骨痛）与鼻渊。**详解**：风寒头痛配川芎、羌活；眉棱骨痛、牙痛配石膏；鼻渊鼻塞配苍耳子、辛夷（苍耳子散）；带下寒湿配白术、山药，湿热配黄柏、车前子；疮疡肿痛配金银花、皂角刺。辛香温燥，阴虚血热者忌服。,0,AI预标注，待人工复核
q053,目赤肿痛，迎风流泪，如何选穴？,case,bingpian_001,中国药典（2025年版）一部,开窍药,冰片,据《中国药典》2025 年版一部：冰片为龙脑香科植物龙脑香 Dryobalanops aromatica Gaertn. f. 树脂加工品或龙脑香树的树干、树枝切碎，经蒸馏冷却而得的结晶（合成龙脑）（药用部位：树脂加工品或合成品）。性味辛、苦，微寒；归心、脾、肺经。功能与主治：开窍醒神，清热止痛；用于热病神昏，惊厥，中…,**简明**：冰片辛苦微寒，开窍醒神、清热止痛（**清热开窍、外用消肿止痛**），主治热病神昏、胸痹心痛及目赤口疮咽痛、疮疡（外用）。**详解**：热闭神昏配麝香、牛黄（安宫牛黄丸）；咽喉口疮配硼砂、朱砂（冰硼散）；目赤肿痛研粉点眼。**入丸散（0.15～0.3g），不入煎剂**；孕妇慎用。,3,AI预标注，待人工复核
q053,目赤肿痛，迎风流泪，如何选穴？,case,fengfu_001,针灸学,督脉,风府,《灵枢·本输》：颈中央之脉，督脉也，名曰风府。,风府为督脉、阳维之会，祛风要穴。在颈后区，枕外隆凸直下，两侧斜方肌之间凹陷中（后发际正中直上1寸）。主治中风、癫狂痫、癔病、头痛眩晕、颈项强痛、咽喉肿痛、失音、目痛鼻衄。刺法：伏案正坐位，头微前倾，项肌放松，向下颌方向缓慢刺入0.5～1寸；针尖切忌向上朝枕骨大孔方向深刺，以免伤及延髓，忌提插捻转；禁灸。,1,AI预标注，待人工复核
q053,目赤肿痛，迎风流泪，如何选穴？,case,snb_chixiaodou_001,神农本草经,中经,赤小豆,赤小豆，味甘酸，平。主下水，排痈肿脓血。,赤小豆甘酸平，利水消肿、解毒排脓，主治水肿胀满、脚气浮肿、黄疸尿赤风湿热痹及痈肿疮毒肠痈腹痛。本经主下水、排痈肿脓血，取其利水湿、排脓解毒之功。,0,AI预标注，待人工复核
q053,目赤肿痛，迎风流泪，如何选穴？,case,qingmazi_001,中国药典（2025年版）一部,清热药,苘麻子,据《中国药典》2025 年版一部：苘麻子为锦葵科植物苘麻 Abutilon theophrasti Medic. 的干燥成熟种子（药用部位：成熟种子）。性味苦，平；归大肠、肝经。功能与主治：清热利湿，解毒退翳；用于赤白痢疾，目翳，痈肿。用法与用量：3～9g。外用适量。贮藏：置阴凉干燥处。,**简明**：苘麻子苦平，清热利湿而解毒退翳，为治赤白痢疾与目翳的常用药。。**详解**：赤白痢疾配黄连、白头翁；目生翳膜配菊花、木贼、密蒙花；痈肿可捣敷。,1,AI预标注，待人工复核
q053,目赤肿痛，迎风流泪，如何选穴？,case,shijueming_001,中国药典（2025年版）一部,平肝息风药,石决明,据《中国药典》2025 年版一部：石决明为鲍科动物杂色鲍 Haliotis diversicolor Reeve、皱纹盘鲍 Haliotis discus hannai Ino、羊鲍 Haliotis ovina Gmelin、澳洲鲍 Haliotis ruber (Leach)、耳鲍 Haliotis asinina…,**简明**：石决明咸寒，平肝潜阳、清肝明目（**凉肝镇肝**），主治肝阳上亢之头痛眩晕及肝热目赤翳障、青盲雀目。**详解**：肝阳眩晕配天麻、钩藤（天麻钩藤饮）；目赤翳障配菊花、决明子。**先煎**；脾胃虚寒者慎用。,1,AI预标注，待人工复核
q054,足三里有哪些作用？,case,ertongtiaoyang_001,中医临床诊疗指南/专家共识（要点归纳）,现代中医,儿童中医调养·护养脾胃要点,"据儿童中医健康管理及小儿适宜技术规范：小儿""脾常不足、肺常不足""，调养以护养脾胃、固护卫表为要，常用小儿推拿（如补脾经、摩腹、揉足三里）等温和外治，配合乳食、起居调护。（要点归纳，非原文照录。）","儿童中医调养针对""脏腑娇嫩、形气未充""的生理特点，以护养脾胃、增强体质、预防反复感冒与消化不良为目标。调养要点：一、饮食有节、乳食易消化，忌偏食、过饱、贪凉零食，所谓""若要小儿安，常带三分饥与寒""；二、起居有常、多户外活动、按时预防接种；三、可在专业人员指导下使用小儿推拿、捏脊、摩腹、揉足三里等温和手法保健；四、手法轻…",2,AI预标注，待人工复核
q054,足三里有哪些作用？,case,shanghan_350,伤寒论,辨厥阴病脉证并治,脉滑而厥里有热白虎汤主之（第350条）,伤寒脉滑而厥者，里有热也，白虎汤主之。,伤寒脉滑而手足厥冷，为里热炽盛、阳郁不达之热厥。脉滑主里热，与寒厥之脉微欲绝不同。治以白虎汤辛寒清热，里热清则阳气外达而厥自回。,0,AI预标注，待人工复核
q054,足三里有哪些作用？,case,shanghan_359,伤寒论,辨厥阴病脉证并治,白虎汤证治（第359条）,伤寒脉滑而厥者，里有热也，白虎汤主之。,本条论述厥阴病之脉证。症见脉滑、厥。治以白虎汤（清热生津），药后观其进退。,0,AI预标注，待人工复核
q054,足三里有哪些作用？,case,huiyangjiuzhenge_001,针灸大成,卷之三,回阳九针歌,哑门劳宫三阴交，涌泉太溪中脘接，环跳三里合谷并，此是回阳九针穴。,"本篇列九穴之名，称""回阳九针""。哑门、劳宫、涌泉开窍醒神；三阴交、太溪滋阴济阳；中脘、足三里温补中气；环跳、合谷通阳宣痹。九穴合用，标本兼顾，用于阳气欲脱、肢冷汗出、不省人事之急救，为针灸回阳救逆之要诀。",3,AI预标注，待人工复核
q054,足三里有哪些作用？,case,zusanli_001,针灸学,足阳明胃经,足三里,《灵枢·本输》：胃出于厉兑……入于下陵，下陵，膝下三寸，胻骨外三里也，为合。  四总穴歌：肚腹三里留，腰背委中求，头项寻列缺，面口合谷收。,足三里为足阳明胃经合穴、胃之下合穴，定位在小腿前外侧，犊鼻下3寸，距胫骨前缘一横指。主治胃肠诸疾（胃痛、呕吐、腹胀、泄泻、便秘）、下肢痿痹及虚劳羸瘦，又是强壮保健要穴，「肚腹三里留」言其善治腹部病证；常灸可扶正培元。,3,AI预标注，待人工复核
q054,足三里有哪些作用？,case,sizongxuege_001,针灸大成,卷之三,四总穴歌,肚腹三里留，腰背委中求，头项寻列缺，面口合谷收。,"本篇仅二十字，以四穴总括四大部位病证：足三里统治肚腹诸疾，委中统治腰背部之病，列缺统治头项疾患，合谷统治面口诸症。开""循经远取、分部总取""之法，为后世四总穴、马丹阳天星十二穴等要穴歌诀之滥觞，临床至今奉为取穴圭臬。",3,AI预标注，待人工复核
q054,足三里有哪些作用？,case,xiahexue_001,针灸大成,经络腧穴/刺法歌括,下合穴歌,胃合三里上巨虚，大肠合于上廉居，小肠合于下巨虚，膀胱委中三焦委阳，胆合阳陵泉穴是，六腑下合要端的。,"此歌括六腑之下合穴：胃合足三里、大肠合上巨虚、小肠合下巨虚、三焦合委阳、膀胱合委中、胆合阳陵泉。""合治内腑""言六腑病证均可取下肢相应下合穴治疗，如胃病取足三里、肠病取上巨虚/下巨虚、膀胱病取委中，为腑病选穴之重要纲领。",3,AI预标注，待人工复核
q054,足三里有哪些作用？,case,xingzhenzhiyaoge_001,针灸大成,卷之三,行针指要歌,或针风，先向风府百会中。或针水，水分侠脐上边取。或针结，针着大肠泄水穴。或针劳，须向膏肓及百劳。或针虚，气海丹田委中奇。或针气，膻中一穴分明记。或针嗽，肺俞风门须用灸。或针痰，先针中脘三里间。或针吐，中脘气海膻中补；翻胃吐食一般医，针中有妙少人知。,"本篇以""或针某""九问句式，将常见病证各系一至三要穴：风取风府、百会；水取水分；结（积聚）取大肠俞；劳取膏肓、百劳；虚取气海、丹田、委中；气取膻中；嗽取肺俞、风门；痰取中脘、足三里；吐取中脘、气海、膻中。语约而用宏，实为辨证取穴之纲领，便于记诵临床按证索穴。",3,AI预标注，待人工复核
q054,足三里有哪些作用？,case,xinbao_001,《中医基础理论》规划教材（要点归纳）,藏象,心包·心外围护组织代心受邪,心包，又称心包络、膻中，是心外围的包膜，有保护心、代心行事、代心受邪的作用。外感热病中，邪入心包多出现神昏、谵语等神志症状。手厥阴心包经与手少阳三焦经相表里。,"心包为心之外围，代心受邪。温病学""热入心包""证即指邪陷心包、神昏谵语，治以清心开窍。理解心包概念，有助于把握心主神明与温病传变的关系。本条为基础理论，不涉及具体诊疗。",0,AI预标注，待人工复核
q054,足三里有哪些作用？,case,shanghan_461,伤寒论,平脉法,假令病人云（第461条）,假令病人云，腹内卒痛，病人自坐。师到，脉之，浮而大者，知其差也。何以知之？若里有病者，脉当沉而细，今脉浮大，故知愈也。,本条论述脉诊之脉证。症见脉浮。当审其表里寒热、虚实传变而施治。,0,AI预标注，待人工复核
q054,足三里有哪些作用？,case,madanyang12xue_001,针灸大成,卷之三,马丹阳天星十二穴治杂病歌,三里内庭穴，曲池合谷接，委中配承山，太冲昆仑穴，环跳与阳陵，通里并列缺。合担用法担，合截用法截，三百六十穴，不出十二诀。治病如神灵，浑如汤泼雪，北斗降真机，金锁教开彻，至人可传授，匪人莫浪说。  其一：三里膝眼下，三寸两筋间。能通心腹胀，善治胃中寒，肠鸣并泄泻，腿肿膝胻酸，伤寒羸瘦损，气蛊及诸般。年过三旬后，针灸眼便宽…,"本篇先总列十二要穴（足三里、内庭、曲池、合谷、委中、承山、太冲、昆仑、环跳、阳陵泉、通里、列缺），倡""担截""取穴法；再逐穴分述定位、主治与针灸分寸。十二穴多为五输穴、原络穴及下肢要穴，统治内、外、妇、儿诸般杂病，""治病如神灵，浑如汤泼雪""。为历代临床最常用的要穴歌诀之一，与《四总穴歌》一脉相承而更广。",3,AI预标注，待人工复核
q054,足三里有哪些作用？,case,xin_001,《中医基础理论》规划教材（要点归纳）,藏象,心·主血脉主神明,心为五脏之一，主要生理功能为主血脉与主神明。心主血脉，指心气推动血液在脉中运行，营养全身；心主神明，指心有主宰人体生命活动及精神意识思维的作用。心在体合脉，其华在面，开窍于舌，在液为汗，与小肠相表里。,心在藏象学说中居主导地位，既主血液循环，又主精神意识。前者与现代医学循环系统相近，后者则将精神活动归属于心，是中医整体观的体现。临床见心悸、失眠、舌赤等多从心论治。,0,AI预标注，待人工复核
q054,足三里有哪些作用？,case,baihutang_002,伤寒论,辨太阳病脉证并治下,白虎汤方,伤寒脉浮滑，此表有热、里有寒，白虎汤主之。 白虎汤方 知母六两（味苦寒） 石膏一斤（碎，味甘寒）甘草二两（甘温） 粳米六合（味甘平）右四味，以水一斗，煮米熟，汤成，去滓，温服一升，日三服。,白虎汤为清气分热之代表方，主治阳明气分热盛之四大证：身大热、汗大出、口大渴、脉洪大。石膏辛甘大寒清阳明气分之热为君，知母苦寒质润助石膏清热生津，粳米、甘草益胃护津、防寒凉伤中。,1,AI预标注，待人工复核
q054,足三里有哪些作用？,case,shanghan_180,伤寒论,辨太阳病脉证并治下,白虎汤证治（第180条）,伤寒脉浮滑，此表有热、里有寒，白虎汤主之。 白虎汤方 知母六两（味苦寒） 石膏一斤（碎，味甘寒）甘草二两（甘温） 粳米六合（味甘平）右四味，以水一斗，煮米熟，汤成，去滓，温服一升，日三服。,本条论述太阳病之脉证。症见脉浮。治以白虎汤（清热生津），药后观其进退。,0,AI预标注，待人工复核
q054,足三里有哪些作用？,case,yinyangjiaogan_001,《中医基础理论》规划教材（要点归纳）,阴阳五行,阴阳交感·阴阳二气相互感应交合,"阴阳交感，指阴阳二气在运动中相互感应、交合，即相互发生作用。阴阳交感是宇宙万物生成与变化的根源，天地阴阳二气交感，才有万物化生；人体阴阳二气协调交感，才有正常生命活动。《素问·天元纪大论》谓""在天为气，在地成形，形气相感而化生万物矣""。","阴阳交感是阴阳学说中万物化生的根源性概念。天地、男女、气血、表里之间，无不通过阴阳交感而维持生命活动。交感失常，则万物不生、机体失调。理解交感概念，有助于把握中医""天人相应""与人体生命活动的整体观。本条为基础理论，不涉及具体诊疗。",0,AI预标注，待人工复核
q054,足三里有哪些作用？,case,qingxiangzi_001,中国药典（2025年版）一部,清热药,青葙子,据《中国药典》2025 年版一部：青葙子为苋科植物青葙 Celosia argentea L. 的干燥成熟种子（药用部位：成熟种子）。性味苦，微寒；归肝经。功能与主治：清肝泻火，明目退翳；用于肝热目赤，眼生翳膜，视物昏花，肝火眩晕。用法与用量：9～15g。注意：本品有扩散瞳孔作用，青光眼患者禁用。贮藏：置干燥处。,**简明**：青葙子苦微寒，清肝泻火、明目退翳，主治肝热目赤、翳膜遮睛、视物昏花及肝火眩晕。**详解**：肝火目赤配决明子、菊花；翳障配谷精草、木贼；眩晕配夏枯草、钩藤。**有扩瞳作用，青光眼患者禁用**；肝肾阴虚之目疾慎用。,0,AI预标注，待人工复核
q054,足三里有哪些作用？,case,shanghan_038,伤寒论,辨太阳病脉证并治中,大青龙汤证及禁忌（第38条）,太阳中风，脉浮紧、发热、恶寒、身疼痛、不汗出而烦躁者，大青龙汤主之；若脉微弱、汗出、恶风者，不可服之，服之则厥逆、筋惕肉瞤，此为逆也。 大青龙汤方 麻黄六两（去节，味甘温） 桂枝二两（去皮，味辛热） 甘草二两（炙，味甘平） 杏仁四十个（去皮尖，味苦，甘温） 生姜三两（切，味辛温） 大枣十二枚（掰，味甘温） 石膏如鸡子大…,本条论大青龙汤证及禁忌。太阳中风脉浮紧、发热恶寒、身疼痛、不汗出而烦躁者，为外寒束表、里有郁热，大青龙汤主之；若脉微弱、汗出恶风者，为表里俱虚，不可服，服之则厥逆、筋惕肉瞤，此为逆。,0,AI预标注，待人工复核
q054,足三里有哪些作用？,case,shangjuxu_001,针灸学,足阳明胃经,上巨虚,《灵枢·本输》：复下三里三寸，为巨虚上廉。大肠属上。,上巨虚为大肠之下合穴，定位在小腿前外侧，当犊鼻下6寸，距胫骨前缘一横指。下合穴主治六腑病证，合治内腑，善治大肠诸疾：肠鸣、腹痛、泄泻、便秘、肠痈，兼治下肢痿痹、脚气。刺法：直刺1~1.5寸。,2,AI预标注，待人工复核
q054,足三里有哪些作用？,case,tianhuafen_001,中国药典（2025年版）一部,清热药,天花粉,据《中国药典》2025 年版一部：天花粉为葫芦科植物栝楼 Trichosanthes kirilowii Maxim. 或双边栝楼 Trichosanthes rosthornii Harms 的干燥根（药用部位：根）。性味甘、微苦，微寒；归肺、胃经。功能与主治：清热泻火，生津止渴，消肿排脓；用于热病烦渴，肺热燥咳，内…,**简明**：天花粉甘微苦微寒，清热生津、消肿排脓，主治热病口渴、消渴、肺热燥咳及疮疡肿毒。**详解**：津伤口渴配芦根、麦冬；消渴配葛根、山药；疮疡初起配金银花、白芷、皂角刺（仙方活命饮）；肺热燥咳配沙参、麦冬。**反乌头类药**，孕妇禁用（本品含天花粉蛋白有中期引产作用）。,2,AI预标注，待人工复核
q054,足三里有哪些作用？,case,heiban_001,《中医皮肤性病学》规划教材（要点归纳）,皮肤,黧黑斑·面部黄褐斑,黧黑斑是指面部出现大小不一、形状不规则的黄褐色斑片，对称分布，无自觉症状，日晒后加重。病机多与肝郁气滞、脾土亏虚、肾水不足有关，气血不能上荣于面所致。辨证分肝郁气滞、脾虚、肾阴不足三型。,黧黑斑即黄褐斑，多见于育龄女性，与日晒、情志、内分泌相关。治疗以内调脏腑气血为主，外注意防晒。病程较长，需坚持调理，不承诺速效。,0,AI预标注，待人工复核
q054,足三里有哪些作用？,case,tuina_001,中医临床诊疗指南/专家共识（要点归纳）,现代中医,推拿·适宜技术操作要点,据《中医适宜技术操作规范·推拿》要点：以医者双手运用推、拿、按、摩、滚、揉、捏、点等手法作用于患者体表经络穴位，具疏通经络、理筋整复、行气活血之功。（要点归纳，非原文照录。）,推拿是常用中医适宜技术，操作要点：依病情选部位、选手法，以持久、有力、均匀、柔和、深透为原则，力度循序渐进，避免暴力蛮干。适用于颈肩腰腿痛、急性腰扭伤、落枕、软组织劳损及小儿推拿调理。禁忌包括骨折、脱位、肿瘤、结核、严重心脑血管病及皮肤破损部位。本条目为要点归纳，供参考；具体诊疗请遵医嘱。,0,AI预标注，待人工复核
q054,足三里有哪些作用？,case,shanghan_449,伤寒论,辨脉法,脉阴阳俱紧（第449条）,脉阴阳俱紧，至于吐利，其脉独不解，紧去人安，此为欲解。若脉迟至六七日，不欲食，此为晚发，水停故也，为未解；食自可者，为欲解，病六七日，手足三部脉皆至，大烦而口噤不能言，其躁扰者，必欲解也。若脉和，其人大烦，目重，睑内际黄者，此为欲解也。,本条论述脉诊之脉证。症见脉迟、烦、欲食。当审其表里寒热、虚实传变而施治。,0,AI预标注，待人工复核
q054,足三里有哪些作用？,case,xueweitie_001,中医临床诊疗指南/专家共识（要点归纳）,现代中医,穴位贴敷·适宜技术操作要点,据《中医适宜技术操作规范·穴位贴敷》要点：将中药研末调成糊状或制成膏药，贴敷于特定腧穴，借药物与穴位双重作用透皮吸收，常见三伏贴、三九贴等，用于冬病夏治。（要点归纳，非原文照录。）,"穴位贴敷是常用中医适宜技术，操作要点：依证选穴（如咳喘常取肺俞、定喘、风门），贴敷时长数小时至一日不等，以局部皮肤微赤、微痒为度，避免起泡破溃。适用于慢性咳喘、反复感冒、痹证、脾胃虚寒等，三伏贴即""冬病夏治""代表。皮肤过敏、破溃、孕妇及婴幼儿须慎用。本条目为要点归纳，供参考；具体诊疗请遵医嘱。",0,AI预标注，待人工复核
q054,足三里有哪些作用？,case,yingqi_001,《中医基础理论》规划教材（要点归纳）,气血津液,营气·行于脉中化生营养,"营气，是行于脉中、具有营养作用的气，又称荣气。营气由水谷精气中的精专部分化生，行于脉内，循经脉上下营运全身，化生血液并营养周身。营气与血关系密切，可分而不可离，故常""营血""并称。",营气行于脉中，化生血液、营养全身，与血同行。营气与卫气相对，营主内守属阴，卫主卫外属阳。理解营气，有助于把握血的生成与营卫关系。本条为基础理论，不涉及具体诊疗。,0,AI预标注，待人工复核
q054,足三里有哪些作用？,case,shierjingmai_001,《中医基础理论》规划教材（要点归纳）,经络,十二经脉·气血主要通道,十二经脉，是手三阴、手三阳、足三阴、足三阳经脉的总称，是气血运行的主要通道。其循行走向有固定规律：手三阴从胸走手，手三阳从手走头，足三阳从头走足，足三阴从足走腹胸。十二经脉与十二脏腑相络属，阴经属脏络腑，阳经属腑络脏，相互衔接如环无端。,十二经脉是经络系统的主体，每经分属一脏或一腑，阴阳表里相配，如环无端运行气血。它是针灸、推拿、归经用药的理论基础。理解其循行规律，有助于掌握全身气血通路与病理传变。本条为基础理论，不涉及具体诊疗。,0,AI预标注，待人工复核
q054,足三里有哪些作用？,case,weiqi_001,《中医基础理论》规划教材（要点归纳）,气血津液,卫气·行于脉外温分肉肥腠理司开合,卫气，是行于脉外、具有保卫作用的气。卫气由水谷精气中的慓悍滑利部分化生，行于脉外，遍布全身。其功能：温养脏腑肌肉，润泽腠理，司汗孔开合，护卫肌表、防御外邪入侵。卫气与营气相对，营在内属阴，卫在外属阳。,"卫气行于脉外，主温分肉、肥腠理、司开合、卫外防御。卫气充则肌表固密、不易感邪；卫气虚则自汗、易感外邪。理解卫气，有助于把握中医""固表""""御风""理论。本条为基础理论，不涉及具体诊疗。",0,AI预标注，待人工复核
q054,足三里有哪些作用？,case,jinyedaixie_001,《中医基础理论》规划教材（要点归纳）,气血津液,津液代谢·脾运化肺通调肾气化三焦决渎,津液的生成、输布和排泄，是多个脏腑协同的复杂过程：脾主运化，将津液上输于肺；肺主宣发肃降、通调水道，将津液布散全身并下输膀胱；肾主气化，升清降浊，主宰水液；三焦为水液运行的道路。其中肾的气化作用贯穿始终，最为关键。,"津液代谢可概括为""胃受纳、脾转输、肺通调、肾气化、三焦为道""：水饮入胃后经脾运化上输于肺，再经肺的通调下输膀胱，肾的气化主宰全过程，三焦为水道。任一环节失常都可致水湿、痰饮、水肿。学习时应把这条水液代谢链与肾、肺、脾三脏及三焦联系起来记。",0,AI预标注，待人工复核
q054,足三里有哪些作用？,case,qi_001,《中医基础理论》规划教材（要点归纳）,气血津液,气·构成人体和维持生命活动的精微物质,气是构成人体和维持人体生命活动的、具有很强活力的精微物质。气的生成源于先天之精、水谷之精气和自然界清气；气的生理功能包括推动、温煦、防御、固摄、气化与营养作用。人体之气依其生成、分布和功能不同，分为元气、宗气、营气、卫气等。,气在中医学中既是物质概念，又是功能概括。它推动血液运行、温煦脏腑肌表、防御外邪、固摄津液精血并主持气化代谢。临床所见气虚、气滞、气逆等都以气的功能失常为基本病机。,0,AI预标注，待人工复核
q054,足三里有哪些作用？,case,shaoshang_002,《中医外科学》规划教材（要点归纳）,外科,烧伤·沸水火焰等致局部皮肤损伤,烧伤是指因火焰、沸水、热油、蒸汽、化学物质、电流等作用于人体而引起的损伤。按深浅分Ⅰ度、浅Ⅱ度、深Ⅱ度、Ⅲ度。病因病机为火毒炽盛、伤津耗液，重则火毒内陷、阴伤阳脱。治法以清热解毒、养津护阴为主，重证须补液抗休克。,烧伤临床按面积与深度分级，Ⅰ度红斑灼痛、Ⅱ度起水疱剧痛、Ⅲ度焦痂。小面积可外治（清创、涂药、保护创面）并内服药清热解毒；大面积烧伤易津脱、休克、感染，须立即送医补液抢救。本条目为教材要点归纳，供参考；具体诊疗请遵医嘱。,0,AI预标注，待人工复核
q054,足三里有哪些作用？,case,nanjing_023,难经,第二十三难,第二十三难,曰：手足三阴三阳，脉之度数，可晓以不？  然：手三阳之脉，从手至头，长五尺，五六合三丈。手三阴之脉，从手至胸中，长三尺五寸，三六一丈八尺，五六三尺，合二丈一尺。足三阳之脉，从足至头，长八尺，六八四丈八尺。足三阴之脉，从足至胸，长六尺五寸，六六三丈六尺，五六三尺，合三丈九尺。人两足跷脉，从足至目，长七尺五寸，二七一丈四尺…,本难计十二经及奇经长度与流注次序。手足三阴三阳及跷督任脉共十六丈二尺；经脉始从中焦，依次注十二经，别络十五如环无端，朝于寸口人迎。,0,AI预标注，待人工复核
q054,足三里有哪些作用？,case,xueyunxing_001,《中医基础理论》规划教材（要点归纳）,气血津液,血的运行·心主血肺朝百脉肝藏血脾统血,血在脉中循环运行，是多个脏腑协同作用的结果：心主血脉，为血行的基本动力；肺朝百脉，肺主气，助心行血；肝主疏泄、藏血，调节血量、防止出血；脾主统血，使血不溢于脉外。此外，气的推动与固摄、寒热温凉的影响也与血行密切相关。,"血的运行不是单一脏腑的事：心推动、肺助行、肝调节与藏血、脾统摄，四者共同维持血行脉中而不妄行。其中气为血帅，气的推动与固摄是血行的关键。故血瘀、出血等病变常从调气、养心脾、疏肝入手。学习时应把血的运行与""气为血之帅""对照理解。",0,AI预标注，待人工复核
q054,足三里有哪些作用？,case,pangguang_001,《中医基础理论》规划教材（要点归纳）,藏象,膀胱·贮存排泄尿液,膀胱为六腑之一，主要生理功能为贮存和排泄尿液。人体津液代谢后的水液，经肾的气化而下输膀胱，经气化作用生成尿液，适时排出体外。膀胱的贮尿与排尿功能，依赖于肾的气化与固摄作用。膀胱与肾通过足太阳膀胱经与足少阴肾经相互络属，构成表里关系。,"膀胱主贮尿排尿，与现代医学膀胱功能相近。但中医强调这一过程靠""气化""，而气化之本在肾，故小便异常多从肾与膀胱论治。膀胱与肾相表里，临床尿频、遗尿、癃闭等常肾与膀胱同调。学习时应理解膀胱气化与肾气化的从属关系，不可把膀胱孤立看待。",0,AI预标注，待人工复核
q054,足三里有哪些作用？,case,qijingbamai_001,《中医基础理论》规划教材（要点归纳）,经络,奇经八脉·任督冲带阴阳跷维,"奇经八脉，指任脉、督脉、冲脉、带脉、阴跷脉、阳跷脉、阴维脉、阳维脉八条经脉。其不直属脏腑，无表里配合，故曰""奇经""。奇经八脉纵横于十二经脉之间，具有密切十二经脉、调节气血盛衰的作用。任脉行于腹正中，总任一身阴经；督脉行于背正中，总督一身阳经；冲脉为""十二经之海""""血海""；带脉环腰一周，约束诸经。","奇经八脉不直属脏腑，起联系、调节十二经脉的作用。其中任督二脉在后世尤为重要，与十二经合称""十四经""，是针灸临床常用经脉。理解奇经八脉，有助于把握整体气血调节与妇科、神志病证。本条为基础理论，不涉及具体诊疗。",0,AI预标注，待人工复核
q054,足三里有哪些作用？,case,zhongji_001,针灸学,任脉,中极,出《针灸甲乙经》。,中极为膀胱募穴、足三阴与任脉交会穴，定位在下腹部，前正中线上，脐中下4寸。主治遗尿、小便不利、遗精阳痿、月经不调、带下、痛经、不孕及疝气。刺法：直刺0.5～1寸；可灸。,0,AI预标注，待人工复核
q054,足三里有哪些作用？,case,jinye_001,《中医基础理论》规划教材（要点归纳）,气血津液,津液·体内正常水液总称清稀为津稠厚为液,津液，是体内一切正常水液的总称，包括各脏腑形体官窍的内在液体及其分泌物，是构成人体和维持生命活动的基本物质之一。津与液同中有异：津清稀、流动性大，布于体表皮肤肌肉孔窍，滋润周身；液稠厚、流动性小，灌注于骨节、脏腑、脑、髓，起濡养作用。二者可相互转化，常并称津液。,津液是人体一切正常水液的总称，主要起滋润濡养作用，并能化生血液、调节阴阳平衡。津与液一轻清一稠厚、一偏表一偏里，但常互称。津液代谢失常可见水肿、痰饮、口渴等。学习时应与津液代谢（脾肺肾三焦）一条互参，理解其生成输布排泄的全过程。,0,AI预标注，待人工复核
q054,足三里有哪些作用？,case,xue_001,《中医基础理论》规划教材（要点归纳）,气血津液,血·循行脉中营养滋润全身的红色液态物质,血，即血液，是循行于脉中、富有营养和滋润作用的红色液态物质，是构成人体和维持人体生命活动的基本物质之一。血主要由营气和津液所组成，其生理功能为：①濡养滋润全身脏腑组织；②是神志活动的主要物质基础。血在脉中循行，内至脏腑，外达皮肉筋骨。,血在中医中既是物质概念，又主濡养与养神。血充足则面色红润、视听灵敏、活动自如；血虚则面色萎黄、头晕眼花、失眠多梦。血的生成、运行与心、脾、肝、肾密切相关（详见血的生成与运行各条）。学习时应把血的功能与气血关系、脏腑配属联系起来理解。,0,AI预标注，待人工复核
q054,足三里有哪些作用？,case,dazhui_001,针灸学,督脉,大椎,出《素问·气府论》。,大椎为督脉、手足三阳经之会，诸阳之会，解表退热要穴。在脊柱区，第7颈椎棘突下凹陷中，后正中线上。主治外感发热、热病、疟疾、咳嗽气喘、骨蒸盗汗、癫痫、项强、风疹痤疮。刺法：斜刺0.5～1寸；可灸。,0,AI预标注，待人工复核
q054,足三里有哪些作用？,case,guanyuan_001,针灸学,任脉,关元,出《针灸甲乙经》。,关元为小肠募穴、足三阴与任脉交会穴，定位在下腹部，前正中线上，脐中下3寸。为培元保健要穴，主治中风脱证、虚劳羸瘦、遗精阳痿、遗尿尿频、月经不调、痛经、带下崩漏、阴挺及疝气。刺法：直刺1～1.5寸；可灸。,2,AI预标注，待人工复核
q054,足三里有哪些作用？,case,shousanli_001,针灸学,手阳明大肠经,手三里,出《针灸甲乙经》。,手三里定位在前臂，肘横纹下2寸，阳溪与曲池连线上。主治肩臂痛麻、上肢不遂、手臂挛急等上肢病证，为上肢麻痛要穴；又能调理肠腑，治腹痛、泄泻；并治齿痛、颊肿等头面疾患。直刺1～1.5寸；可灸。,1,AI预标注，待人工复核
q054,足三里有哪些作用？,case,shiwuluomai_001,《中医基础理论》规划教材（要点归纳）,经络,十五络脉·经脉别络与脾之大络,十五络脉，指十二经脉在四肢部各别出一络，加上躯干部位的任脉络（鸠尾）、督脉络（长强）、脾之大络（大包），共十五络脉。络脉从经脉别出后，进一步密布全身为浮络、孙络。络脉加强了表里两经在体表的联系，并输布气血于全身。,十五络脉是经脉别出的较大分支，进一步分化为浮络、孙络，密布全身。络脉在沟通表里、渗灌气血方面起重要作用。理解络脉层次，有助于把握经络系统由经到络、由浅入深的结构。本条为基础理论，不涉及具体诊疗。,0,AI预标注，待人工复核
q054,足三里有哪些作用？,case,zongqi_001,《中医基础理论》规划教材（要点归纳）,气血津液,宗气·积于胸上走息道贯心脉,"宗气，是积于胸中的气，又称大气。宗气由肺吸入的自然界清气与脾胃运化的水谷精气相结合而成，聚于胸中""气海""（膻中）。宗气功能：上走息道，推动呼吸、语言、声音；贯心脉，推动心血运行。",宗气积于胸中，关系到呼吸、语言、声音与血行。宗气充则呼吸调匀、语言清晰、血行有力；宗气虚则呼吸气短、语声低怯、血行无力。理解宗气，有助于把握肺与心在气血运行中的协同作用。本条为基础理论，不涉及具体诊疗。,0,AI预标注，待人工复核
q054,足三里有哪些作用？,case,jingmaixunxingguilv_001,《中医基础理论》规划教材（要点归纳）,经络,经脉循行规律·阴阳表里上下交接流注次序,十二经脉循行有其规律：①有一定走向，手三阴从胸走手，手三阳从手走头，足三阳从头走足，足三阴从足走腹；②阴阳经脉在四肢交接，表里两经相互络属；③逐经相传形成流注次序，从肺经始，依次相传，复还于肺，如环无端。其分布规律为阳经行于肢外侧及头面，阴经行于肢内侧及胸腹。,"十二经脉循行规律可记为""走向—交接—流注""三件事：手三阴从胸走手、手三阳从手走头、足三阳从头走足、足三阴从足走腹；阴阳经在四肢交接；气血按固定次序逐经相传，循环不息。这是学习每一条具体经脉循行的总纲。学习时应熟记走向歌诀与流注次序，再落到各经具体路线。",0,AI预标注，待人工复核
q054,足三里有哪些作用？,case,roufufa_001,中医养生（古籍要义归纳）,导引功法,揉腹法·摩腹绕脐古法养生,"据《内功图说》《遵生八笺》等载：""摩腹法：两手相摩热，以掌心绕脐周徐转摩运，或顺或逆，缓而均匀。""《诸病源候论》于每候之末亦附以摩腹、导引等将息之法。",揉腹法又称摩腹法，是中医传统以手摩运腹部的养生方法。其法多取仰卧或直立位，先搓热两手掌心，再以掌心贴附脐腹，绕脐周顺时针、逆时针徐缓揉转，力度轻柔均匀、呼吸自然，每次数十圈至百圈，常于睡前或晨起行之。古法认为腹为脏腑之所居，摩腹绕脐有帮助腹部放松、促进局部舒适、助益脾胃运化的养生意义，属居家易行的自我按摩法。作为传统养…,0,AI预标注，待人工复核
q054,足三里有哪些作用？,case,shanzha_001,中国药典（2025年版）一部,消食药,山楂,据《中国药典》2025 年版一部：山楂为蔷薇科植物山里红 Crataegus pinnatifida Bge. var. major N. E. Br. 或山楂 Crataegus pinnatifida Bge. 的干燥成熟果实（药用部位：成熟果实）。性味酸、甘，微温；归脾、胃、肝经。功能与主治：消食健胃，行气散瘀，…,**简明**：山楂酸甘微温，消食健胃（善消**肉食积滞**）、行气散瘀、化浊降脂，主治肉积脘胀、泻痢腹痛、瘀血经闭及高脂血症。**详解**：肉食积滞配莱菔子、神曲（保和丸）；瘀血经闭配当归、川芎；胸痹高脂配丹参、决明子。生用活血化瘀，焦用消食导滞。胃酸过多、胃溃疡者慎用，孕妇忌多食。,0,AI预标注，待人工复核
q054,足三里有哪些作用？,case,mingtiangu_001,中医养生（古籍要义归纳）,导引功法,鸣天鼓·掩耳叩脑古法醒脑,"据养生类书载：""鸣天鼓法：两手掌心掩耳，指置于脑后，以第二指压中指上，用力弹击脑后枕骨下，闻'咚咚'声如击鼓，左右各二十四通。""（出《颐身集》《内功图说》等所载导引法。）","鸣天鼓是中医传统以掩耳、弹击脑后为主要动作的养生功法。其法多取端坐，两手掌心紧按两侧耳门（掩耳），十指自然张开贴附后脑，以食指叠于中指之上，顺势滑下用力弹击后枕骨下方，耳中可闻""咚咚""之声，状如击鼓，左右各作若干次，常为二十四通或数次。古法认为此法有清脑醒神、使人耳目清爽的养生意味，多在静坐、读书或疲劳困倦之时短时行之…",0,AI预标注，待人工复核
q054,足三里有哪些作用？,case,momianyuyan_001,中医养生（古籍要义归纳）,导引功法,摩面浴眼·干洗脸熨目古法,"据养生类书载：""浴面法：摩掌令热，以手摩面，自额至颏，上下揩摩，状如洗面，不计遍数。""又有熨目法：""以两手相摩极热，温熨两眼，三至五过。""（出《诸病源候论》《遵生八笺》等所载将息法。）","摩面浴眼是中医传统面部与眼部自我按摩养生法，俗称""干洗脸""，包括浴面与熨目两个环节。其法多取端坐或直立，先两手掌快速相摩至温热，再以掌心贴附面部，自额、眉、鼻、颊至下颌上下揩摩，状如洗面，反复十余次；随后以温热掌心轻覆双眼（熨目），温熨数次后放松双目。古法认为此法可使面部气血和畅、双目得温而舒适，属日常养眼、舒展面部的…",0,AI预标注，待人工复核
q054,足三里有哪些作用？,case,tunatiaoxi_001,中医养生（古籍要义归纳）,导引功法,吐纳调息·吐故纳新腹式呼吸,"《庄子·刻意》：""吹呴呼吸，吐故纳新。""《素问·上古天真论》亦谓""呼吸精气，独立守神""。古法以此为吐纳调息之祖，要求徐缓、匀细、深长，渐以腹式呼吸代之胸式。","吐纳调息是中医传统以调节呼吸为核心的静功养生法，其名源于《庄子》""吐故纳新""。其法多取端坐或平卧，全身放松，先自然呼吸数次，继而渐使呼吸徐缓、匀细、深长，由浅入深地过渡到腹式呼吸——吸气时腹部轻轻鼓起、呼气时腹部缓缓回收，气沉小腹，意守放松，每次十分钟左右，不计较呼吸次数。古法认为吐纳可排出胸中浊气、吸入清气，使心神安…",0,AI预标注，待人工复核
q054,足三里有哪些作用？,case,jingluogongneng_001,《中医基础理论》规划教材（要点归纳）,经络,经络生理功能·沟通联系运行气血感应传导调节功能,"经络的主要生理功能可概括为四方面：①沟通联系，将人体五脏六腑、四肢百骸、五官九窍联络成统一整体；②运行气血，濡养全身，""经脉者，所以行血气而营阴阳""；③感应传导，接受和传导针灸、按摩等刺激；④调节机能，通过经气运行调节人体机能活动，使之协调平衡。","经络的生理功能可归纳为""联系—运行—感应—调节""四大作用：它像网络把人体各部分连成整体，运行气血营养全身，传递刺激信号，并对机体机能起调节作用。这是针灸、按摩、气功得以取效的理论基础。学习时应把这四大功能与经络系统组成（经脉、络脉、经别、经筋、皮部）结合理解。",0,AI预标注，待人工复核
q054,足三里有哪些作用？,case,zhanzhuang_001,中医养生（古籍要义归纳）,导引功法,站桩功·静立式桩功凝神松静,"据传统桩法与《内功图说》一类载述：""立身如树之有桩，头正身直，含胸拔背，松肩沉肘，屈膝松胯，两手如抱球状，静立不移。""（式多为抱球桩，旧称""三体式""""浑元桩""等。）","站桩功是中医传统以静立姿式、抱球凝神为主要形式的静功养生法。其法多取自然站立，双足与肩同宽，双膝微屈，头正颈直、含胸拔背，松肩沉肘，两臂在胸前如环抱一大气球，手指自然张开，全身肌肉放松、呼吸自然、目光虚灵，每次静站十数分钟，由短渐长。古法认为站桩""外静内动""，外形静定而肢体筋骨、气息意念皆在松静中自然调摄，是武术与养生…",0,AI预标注，待人工复核
q054,足三里有哪些作用？,case,dianzufa_001,中医养生（古籍要义归纳）,导引功法,踮足法·提踵踮足引气血下行,"据养生类书所载将息、导引之法，多有""足尖着地、渐提足跟""或""足指下点、足跟起落""之节；八段锦末节""背后七颠百病消""亦属提踵颠足一类。（出《诸病源候论》《遵生八笺》等。）",踮足法又称提踵、踮脚，是中医传统以足跟起落为主要动作的简易导引养生法。其法多取直立、双足与肩同宽，两手自然下垂或叉腰，吸气时缓缓提起足跟、以足尖支撑身体，稍停后呼气时足跟轻落地面，如此反复起落数十次，节奏与呼吸相合。古法认为提踵踮足有引气下行、活动下肢、使周身松静相兼的养生意味，因不需场地、动作简易，常穿插于久坐、久立…,1,AI预标注，待人工复核
q054,足三里有哪些作用？,case,yinqiaosan_001,温病条辨,上焦篇,银翘散（辛凉平剂）,太阴风温、温热、温疫、冬温，初起恶风寒者，桂枝汤主之；但热不恶寒而渴者，辛凉平剂银翘散主之。温毒、温疫者，……银翘散主之。  银翘散方： 连翘一两 银花一两 苦桔梗六钱 薄荷六钱 竹叶四钱 生甘草五钱 芥穗四钱 淡豆豉五钱 牛蒡子六钱。 上共杵为散，每服六钱，鲜苇根汤煎，香气大出，即取服，勿过煎。,"本条论温病初起的分治：初起恶风寒者，邪尚在表，可用桂枝汤；但热不恶寒而口渴者，邪已化热入肺卫，主以辛凉平剂银翘散。方以银花、连翘清热解毒、辛凉透表为君，薄荷、芥穗、豆豉、牛蒡疏风散热利咽，桔梗、竹叶、苇根清热生津，甘草护胃。为温病""辛凉解表""第一方，属辛凉平剂，作用介于桑菊饮（轻剂）与白虎汤（重剂）之间。",0,AI预标注，待人工复核
q054,足三里有哪些作用？,case,shanghan_386,伤寒论,辨厥阴病脉证并治,呕家有痈脓者（第386条）,呕家有痈脓者，不可治，呕脓尽自愈。,本条论述厥阴病之脉证。症见呕、痈脓。当审其表里寒热、虚实传变而施治。,0,AI预标注，待人工复核
q054,足三里有哪些作用？,case,zuwuli_001,针灸学,足厥阴肝经,足五里,出《针灸甲乙经》。,足五里属足厥阴肝经，定位在大腿内侧，当气冲直下3寸，大腿根部，耻骨结节的下方，长收肌的外缘。主治少腹痛、小便不利、阴挺、睾丸肿痛、嗜卧。刺法：直刺1～1.5寸；可灸。,0,AI预标注，待人工复核
q054,足三里有哪些作用？,case,sanyinjiao_001,针灸学,足太阴脾经,三阴交,出《针灸甲乙经》。,三阴交为足太阴、厥阴、少阴三阴经交会穴，定位在小腿内侧，内踝尖上3寸，胫骨内侧缘后际。主治肠鸣腹胀、泄泻等脾胃病证，月经不调、带下、阴挺、不孕、遗精、阳痿、遗尿等妇科及前阴病证，兼治失眠、下肢痿痹。为妇科及泌尿生殖要穴。刺法：直刺1～1.5寸；孕妇禁针；可灸。,1,AI预标注，待人工复核
q054,足三里有哪些作用？,case,yongquan_001,针灸学,足少阴肾经,涌泉,《灵枢·本输》：肾出于涌泉，涌泉者，足心也，为井木。  《针灸大成》：足底心是涌泉。,涌泉为足少阴肾经井穴（木），定位在足底，屈足卷趾时足心最凹陷中，约当足底第2、3趾蹼缘与足跟连线的前1/3与后2/3交点凹陷中。主治昏厥、中暑、小儿惊风、癫狂痫等急症及神志病证，头痛、眩晕、失眠等头面病证，咯血、咽喉肿痛等肺系病证，以及大便难、小便不利、奔豚气、足心热。刺法：直刺0.5～1寸；可灸。,0,AI预标注，待人工复核
q054,足三里有哪些作用？,case,zutonggu_001,针灸学,足太阳膀胱经,足通谷,《灵枢·本输》：膀胱……溜于通谷，通谷，本节之前外侧也，为荥。,足通谷定位在足趾，第5跖趾关节远端，赤白肉际处，为足太阳膀胱经荥穴（水）。长于清头泄热、宁神定志，主治头痛、项强、目眩、鼻衄及癫狂。刺法：直刺0.2～0.3寸。,0,AI预标注，待人工复核
q054,足三里有哪些作用？,case,xingjian_001,针灸学,足厥阴肝经,行间,《灵枢·本输》：溜于行间，行间，足大指间也，为荥。,行间为足厥阴肝经荥穴（火），定位在足背侧，当第1、2趾间，趾蹼缘后方赤白肉际处。荥主身热，善清肝泻火，主治头痛、目眩、目赤肿痛、口喎、胁痛等肝阳上亢、肝火上炎之证，以及疝气、崩漏、遗尿、中风、癫痫。刺法：直刺0.5～0.8寸；可灸。,0,AI预标注，待人工复核
q054,足三里有哪些作用？,case,dadu_001,针灸学,足太阴脾经,大都,《灵枢·本输》：溜于大都，大都，本节之后下陷者之中也，为荥。,大都为足太阴脾经荥穴（火），定位在足内侧缘，足大趾本节（第1跖趾关节）前下方赤白肉际凹陷处。主治腹胀、胃痛、呕吐、泄泻、便秘等脾胃病证，及热病无汗。刺法：直刺0.3～0.5寸；可灸。,0,AI预标注，待人工复核
q054,足三里有哪些作用？,case,jiexi_001,针灸学,足阳明胃经,解溪,《灵枢·本输》：行于解溪，解溪，上冲阳一寸半陷者中也，为经。,解溪为足阳明胃经经穴（五输穴之经穴，属火），定位在足背与小腿交界处的横纹中央凹陷中，当拇长伸肌腱与趾长伸肌腱之间。主治下肢痿痹、足踝肿痛、踝关节病，以及头痛眩晕、癫狂、腹胀等。刺法：直刺0.5~1寸。,2,AI预标注，待人工复核
q054,足三里有哪些作用？,case,neiting_001,针灸学,足阳明胃经,内庭,《灵枢·本输》：溜于内庭，内庭，次外指间，为荥。,内庭为足阳明胃经荥穴（五输穴之荥穴，属水），荥主身热，善清胃热。定位在足背，当第2、3趾间，趾蹼缘后方赤白肉际处。主治胃火上炎之齿痛、咽喉肿痛、口歪鼻衄，以及胃痛吐酸、腹胀泄泻、痢疾、热病等胃热病证。刺法：直刺或斜刺0.3~0.5寸。,2,AI预标注，待人工复核
q054,足三里有哪些作用？,case,rangu_001,针灸学,足少阴肾经,然谷,《灵枢·本输》：溜于然谷，然谷，然骨之下者也，为荥。,然谷为足少阴肾经荥穴（火），定位在足内侧，足舟骨粗隆下方，赤白肉际处。主治月经不调、阴挺、阴痒、白浊等妇科病证，遗精、阳痿、小便不利等泌尿生殖系疾患，咯血、咽喉肿痛等肺系热证，以及消渴、小儿脐风、口噤。刺法：直刺0.5～1寸；可灸。,0,AI预标注，待人工复核
q054,足三里有哪些作用？,case,zulinqi_001,针灸学,足少阳胆经,足临泣,《灵枢·本输》：胆……注于临泣，临泣，上行一寸半，外陷者中也，为输。,足临泣为足少阳胆经输穴，八脉交会穴、通于带脉，定位在足背外侧，第4跖趾关节后方，小趾伸肌腱外侧凹陷处。主治头痛目眩、目外眦痛、乳痈、瘰疬、胁肋痛、疟疾及足跗疼痛。操作直刺0.3～0.5寸；可灸。,0,AI预标注，待人工复核
q054,足三里有哪些作用？,case,diwuhui_001,针灸学,足少阳胆经,地五会,出《针灸甲乙经》。,地五会定位在足背外侧，第4跖趾关节后方，第4、5跖骨之间，小趾伸肌腱内侧缘。主治目赤痛、耳鸣、乳痈、腋下肿及足跗肿痛。操作直刺0.3～0.5寸；不宜灸。,0,AI预标注，待人工复核
q054,足三里有哪些作用？,case,zuqiaoyin_001,针灸学,足少阳胆经,足窍阴,《灵枢·本输》：胆出于窍阴，窍阴者，足小指次指之端也，为井金。,足窍阴为足少阳胆经井穴（井金），定位在足第4趾末节外侧，距趾甲角0.1寸。主治偏头痛、目赤肿痛、耳聋、咽喉肿痛、失眠、胁痛及热病。操作直刺0.1寸，或用三棱针点刺出血；可灸。,0,AI预标注，待人工复核
q054,足三里有哪些作用？,case,dazhong_001,针灸学,足少阴肾经,大钟,《灵枢·经脉》：足少阴之别，名曰大钟，当踝后绕跟，别走太阳；其别者，并经上走于心包下，外贯腰脊。,大钟为足少阴肾经络穴，定位在足内侧，内踝后下方，当跟腱附着部的内侧前方凹陷中。主治癃闭、遗尿、便秘等二便不利病证，痴呆、嗜卧等神志病证，咯血、气喘，月经不调，以及腰脊强痛、足跟痛。刺法：直刺0.3～0.5寸；可灸。,0,AI预标注，待人工复核
q054,足三里有哪些作用？,case,taixi_001,针灸学,足少阴肾经,太溪,《灵枢·本输》：注于太溪，太溪，内踝之后，跟骨之上陷者中也，为输。  《灵枢·九针十二原》：阴中之太阴，肾也，其原出于太溪，太溪二。,太溪为足少阴肾经输穴、原穴，定位在足内侧，内踝尖与跟腱之间的凹陷中。主治头痛、目眩、失眠、健忘、遗精、阳痿等肾虚证，咽喉肿痛、齿痛、耳鸣、耳聋等阴虚性五官病证，咳嗽、气喘、咯血、胸痛等肺系疾患，消渴、小便频数、便秘、月经不调，以及腰脊痛、下肢厥冷、内踝肿痛。刺法：直刺0.5～0.8寸；可灸。,1,AI预标注，待人工复核
q054,足三里有哪些作用？,case,zhongdu_001,针灸学,足厥阴肝经,中都,出《针灸甲乙经》。,中都为足厥阴肝经郄穴，定位在小腿内侧，当足内踝尖上7寸，胫骨内侧面的中央。郄穴善治血证与急性痛证，主治腹痛、泄泻、疝气、恶露不尽。刺法：平刺0.5～0.8寸；可灸。,0,AI预标注，待人工复核
q054,足三里有哪些作用？,case,shuigou_001,针灸学,督脉,水沟,出《针灸甲乙经》。,水沟（人中）为督脉、手足阳明之会，急救要穴。在面部，人中沟上1/3与中1/3交点处。主治昏迷、晕厥、中风、中暑、休克、呼吸衰竭、急性腰扭伤、口眼㖞斜、面肿、牙关紧闭、癫狂痫。刺法：向上斜刺0.3～0.5寸，或用指甲掐按；不灸。,1,AI预标注，待人工复核
