query_id,query,query_form,candidate_id,book,chapter,section_title,原文片段,白话片段,relevance,notes
q044,胃痛反复发作，饥饿时加重，用什么方？,case,kouchuang_001,《中医口腔科学》规划教材（要点归纳）,五官,口疮·口腔黏膜溃疡疼痛口腔溃疡,口疮是指口腔黏膜发生表浅溃疡、灼热疼痛、反复发作的口腔疾病，即复发性口腔溃疡。病机多为心脾积热上炎、阴虚火旺上灼口舌，或脾肾阳虚、口舌失养，或气血两虚、创面难复。,口疮即复发性口腔溃疡，以口腔黏膜溃疡灼痛为主。心脾积热用凉膈散，阴虚火旺用知柏地黄丸，脾肾阳虚用附子理中汤，配合局部敷药。若溃疡大而深、长期不愈、基底变硬须及时就医排除病变。本条目为教材要点归纳，供参考；具体诊疗请遵医嘱。,0,AI预标注，待人工复核
q044,胃痛反复发作，饥饿时加重，用什么方？,case,xiaochuan_001,《中医儿科学》规划教材（要点归纳）,儿科,哮喘·反复发作性痰鸣气喘,哮喘是小儿时期常见的肺系疾患，以发作性喉间痰鸣、气促、呼气延长、反复发作、难予根除为特征。病因多为宿痰内伏、感受外邪诱发。辨证分发作期（寒性、热性、外寒内热）与缓解期（肺、脾、肾三脏虚损）。,哮喘治疗发作期攻邪（温肺或清肺化痰平喘），缓解期扶正（健脾补肺益肾）。哮喘持续状态、呼吸困难、口唇紫绀者须立即就医。教材要点归纳，供参考；具体诊疗请遵医嘱。,0,AI预标注，待人工复核
q044,胃痛反复发作，饥饿时加重，用什么方？,case,biqiu_001,《中医耳鼻咽喉科学》规划教材（要点归纳）,五官,鼻鼽·阵发性鼻痒喷嚏流清涕过敏性鼻炎,鼻鼽是指阵发性和反复发作的鼻痒、喷嚏、流清涕、鼻塞为特征的鼻病，即西医学变应性鼻炎（过敏性鼻炎）。病机多为肺气虚寒、脾气虚弱、肾阳不足，卫表不固、腠理疏松，风寒异气乘虚侵袭；或肺经伏热上炎鼻窍。,鼻鼽即过敏性鼻炎，以阵发鼻痒、喷嚏、清涕为主。中医分肺气虚寒（温肺止流丹、玉屏风散）、脾气虚（补中益气汤）等论治，配合避过敏源、针灸、穴位贴敷。反复发作、伴哮喘者须规范诊治。本条目为教材要点归纳，供参考；具体诊疗请遵医嘱。,2,AI预标注，待人工复核
q044,胃痛反复发作，饥饿时加重，用什么方？,case,shichuang_001,《中医皮肤性病学》规划教材（要点归纳）,皮肤,湿疮·湿疹,湿疮是一种皮损多形、瘙痒、渗液、对称分布、反复发作的过敏性炎症性皮肤病，相当于西医湿疹。病因多为禀赋不耐、风湿热邪客于肌肤。辨证分湿热浸淫、脾虚湿蕴、血虚风燥等型。外治根据皮损选择湿敷、软膏、油剂等。,湿疮辨证分急性多湿热、亚急性多脾虚湿蕴、慢性多血虚风燥。治疗内外合治，避免搔抓、热水烫洗、辛辣鱼腥。皮损泛发、渗液明显、继发感染者须就医。教材要点归纳，供参考；具体诊疗请遵医嘱。,0,AI预标注，待人工复核
q044,胃痛反复发作，饥饿时加重，用什么方？,case,xiaoerxianzheng_001,《中医儿科学》规划教材（要点归纳）,儿科,小儿痫证·小儿发作性神昏抽搐反复发作,小儿痫证是小儿时期常见的发作性神志异常疾病，以突然神昏、昏仆、两眼上视、四肢抽搐、口吐涎沫、喉中痰鸣、反复发作、醒后如常为特征。病因多为先天禀赋、惊恐、痰浊、瘀血、惊风后遗等，致肝风夹痰上扰、心神被蒙。辨证常见惊痫、风痫、痰痫、瘀血痫等型。,小儿痫证相当于癫痫，须明确病因、规范诊治，不可仅恃中药。中医分惊痫、风痫、痰痫等，发作期息风定痫、涤痰开窍，缓解期健脾化痰固本。频繁发作、持续抽搐不缓解者须立即送医。本条目为教材要点归纳，供参考；具体诊疗请遵医嘱。,0,AI预标注，待人工复核
q044,胃痛反复发作，饥饿时加重，用什么方？,case,zhenyan_001,《中医眼科学》规划教材（要点归纳）,五官,针眼·眼睑边生小结麦粒肿,针眼是指眼睑边缘生小疖，形如麦粒，赤肿疼痛，易成脓溃破的眼病，即西医学麦粒肿。病位在睑弦，病机为风热客睑或脾胃热毒上攻，睑弦气血壅滞。辨证分风热客睑、脾胃热毒、脾虚湿热三型。外治初起可冷敷，成脓后切开排脓，切忌挤压。,针眼即麦粒肿，初起眼睑局部红肿硬结，数日后成脓。治疗内外合治，外敷与内服清热散结。切忌挤压，以防扩散致眼睑蜂窝织炎或颅内感染。反复发作、红肿范围扩大者须及时就医。,0,AI预标注，待人工复核
q044,胃痛反复发作，饥饿时加重，用什么方？,case,jingjianqichuxue_001,《中医妇科学》规划教材（要点归纳）,妇科,经间期出血·氤氲期周期性少量出血,经间期出血是指氤氲期（排卵期）出现周期性少量阴道出血者。病因多为肾阴虚、湿热或血瘀，致氤氲期阳气内动、阴络易伤。辨证分肾阴虚、湿热、血瘀等型。,经间期出血多发生于月经中期，量少、持续短。肾阴虚者治宜滋肾养阴；湿热者清利湿热；血瘀者化瘀止血。反复发作者须排除宫颈病变、息肉等。教材要点归纳，供参考；具体诊疗请遵医嘱。,0,AI预标注，待人工复核
q044,胃痛反复发作，饥饿时加重，用什么方？,case,weitong_002,中医临床诊疗指南/专家共识（要点归纳）,现代中医,胃痛·辨证论治要点,据现行中医内科常见病诊疗指南：胃痛以胃气失和、气机不利、不通则痛为基本病机，辨证常见寒邪客胃、饮食伤胃、肝气犯胃、脾胃虚寒等型，治以理气和胃止痛为总则，审虚实寒热而调之。（要点归纳，非原文照录。）,胃痛（胃脘痛）以上腹近心窝处胃脘部疼痛为主症，常伴嗳气、反酸、胀满、纳差，指南要点：辨证分寒邪客胃（温胃散寒、理气止痛）、饮食伤胃（消食导滞、和胃止痛）、肝气犯胃（疏肝解郁、理气止痛）、脾胃虚寒（温中健脾、和胃止痛）等型。临证须结合胃镜、幽门螺杆菌等现代检查，配合规律饮食、忌生冷辛辣、调情志等调护。本条目为要点归纳，供…,3,AI预标注，待人工复核
q044,胃痛反复发作，饥饿时加重，用什么方？,case,yuxuebianzheng_001,《中医诊断学》规划教材（要点归纳）,辨证,瘀血辨证·瘀阻不同部位证候各异,瘀血辨证是辨别瘀血停留部位与性质。临床表现：刺痛固定不移、拒按、夜间加重；或体表青紫肿块、腹内癥积；或出血反复、色紫黑夹血块；面色黧黑、口唇爪甲青紫；舌紫暗或有瘀斑、脉涩。,瘀血辨证以刺痛、肿块、紫绀、瘀斑、脉涩为要点。内脏出血、剧烈胸痛、偏瘫须立即就医。此为教材要点归纳，供参考；具体诊疗请遵医嘱，不引导自我诊断。,0,AI预标注，待人工复核
q044,胃痛反复发作，饥饿时加重，用什么方？,case,dandu_001,《中医外科学》规划教材（要点归纳）,外科,丹毒·皮肤突然发红色如涂丹,丹毒是皮肤突然发红、色如涂丹的急性感染性疾病，其特点是病起突然，恶寒发热，局部皮肤忽然变赤，色如丹涂脂染，焮热肿胀，边界清楚，迅速扩大，数日内可逐渐痊愈，但易复发。多发于头面、小腿。辨证分风热毒蕴、肝脾湿火、湿热毒蕴、胎火蕴毒等型。,丹毒治疗以凉血清热、解毒化瘀为主，发于头面者普济消毒饮，发于胁下者柴胡清肝汤，发于下肢者五神汤、萆薢渗湿汤。下肢反复发作者宜抬高患肢、治疗足癣。高热不退、皮损迅速扩大者应就医。教材要点归纳，供参考；具体诊疗请遵医嘱。,0,AI预标注，待人工复核
q044,胃痛反复发作，饥饿时加重，用什么方？,case,roudoukou_001,中国药典（2025年版）一部,收涩药,肉豆蔻,据《中国药典》2025 年版一部：肉豆蔻为肉豆蔻科植物肉豆蔻 Myristica fragrans Houtt. 的干燥种仁（药用部位：种仁）。性味辛，温；归脾、胃、大肠经。功能与主治：温中行气，涩肠止泻；用于脾胃虚寒，久泻不止，脘腹胀痛，食少呕吐。用法与用量：3～10g。注意：不宜超量使用。贮藏：置阴凉干燥处，防蛀。,**简明**：肉豆蔻辛温，温中行气、涩肠止泻（**温脾肾而涩肠**），主治脾肾虚寒之久泻不止及脘腹胀痛、食少呕吐。**详解**：五更泄泻配补骨脂、吴茱萸（四神丸）；虚寒久泻配诃子、罂粟壳（真人养脏汤）。**煨用止泻力佳**；湿热泻痢者忌用；过量致中毒。,1,AI预标注，待人工复核
q044,胃痛反复发作，饥饿时加重，用什么方？,case,guanhuangbai_001,中国药典（2025年版）一部,清热药,关黄柏,据《中国药典》2025 年版一部：关黄柏为芸香科植物黄檗 Phellodendron amurense Rupr. 的干燥树皮（药用部位：树皮）。性味苦，寒；归肾、膀胱经。功能与主治：清热燥湿，泻火除蒸，解毒疗疮；用于湿热泻痢，黄疸，带下，热淋，脚气，痿躄，骨蒸劳热，盗汗，遗精，疮疡肿毒，湿疹瘙痒。用法与用量：3～12…,**简明**：关黄柏苦寒沉降，善清下焦湿热，兼退虚热，为治湿热泻痢、带下、热淋及阴虚火旺之要药。。**详解**：湿热泻痢配黄连、白头翁；湿热黄疸配栀子、茵陈；带下黄稠、下部湿疮配苍术、牛膝（三妙散）；阴虚骨蒸盗汗配知母、熟地黄（知柏地黄丸）。苦寒伤阳，脾胃虚寒、食少便溏者忌用。,0,AI预标注，待人工复核
q044,胃痛反复发作，饥饿时加重，用什么方？,case,paojiang_001,中国药典（2025年版）一部,止血药,炮姜,据《中国药典》2025 年版一部：炮姜为姜科植物姜 Zingiber officinale Rosc. 干燥根茎的炮制品（药用部位：干姜炮制品）。性味辛、热；归脾、胃、肝经。功能与主治：温经止血，温中止痛；用于阳虚失血，吐血，便血，崩漏，脾胃虚寒，腹痛吐泻。用法与用量：3～9g。贮藏：置阴凉干燥处，防蛀。  **【古注…,**简明**：炮姜辛热，温经止血、温中止痛，主治**脾阳虚寒**之失血（吐衄便血崩漏）及脘腹冷痛吐泻。**详解**：虚寒吐血便血配艾叶、棕榈炭；脾胃虚寒腹痛配党参、白术（理中汤）。阴虚火旺、血热妄行者忌用。,2,AI预标注，待人工复核
q044,胃痛反复发作，饥饿时加重，用什么方？,case,dingchuantang_001,《方剂学》规划教材（要点归纳）,理气剂,定喘汤·宣降肺气清热化痰治哮喘,"传统方歌：""定喘白果与麻黄，款冬半夏白皮桑，苏杏黄芩兼甘草，肺寒膈热哮喘尝。""（《摄生众妙方》方，据教材要点归纳：白果、麻黄、苏子、甘草、款冬花、杏仁、桑白皮、黄芩、半夏，各约常用量，水煎服。）",定喘汤为宣降肺气、清热化痰代表方，主治风寒外束、痰热内蕴之哮喘，症见哮喘咳嗽、痰多气急、痰稠色黄、微恶风寒、苔黄腻、脉滑数。功能宣降肺气、清热化痰，为治表寒痰热哮喘常用方。使用注意：新感风寒表无痰热者非宜；哮喘反复发作、虚实夹杂者当辨证加减；哮喘持续状态当结合现代医学急治。本方为要点归纳，供参考；具体用药请遵医嘱。,0,AI预标注，待人工复核
q044,胃痛反复发作，饥饿时加重，用什么方？,case,dingxiang_001,中国药典（2025年版）一部,温里药,丁香,据《中国药典》2025 年版一部：丁香为桃金娘科植物丁香 Eugenia caryophyllata Thunb. 的干燥花蕾（药用部位：花蕾）。性味辛，温；归脾、胃、肺、肾经。功能与主治：温中降逆，补肾助阳；用于脾胃虚寒，呃逆呕吐，食少吐泻，心腹冷痛，肾虚阳痿。用法与用量：1～3g。注意：不宜与郁金同用。贮藏：置阴凉…,**简明**：丁香辛温，温中降逆、补肾助阳，为治**胃寒呃逆**之要药，兼治脘腹冷痛、肾虚阳痿。**详解**：虚寒呃逆配柿蒂、人参（丁香柿蒂汤）；胃寒呕吐配半夏、生姜；肾阳不足阳痿配附子、肉桂。**不宜与郁金同用**（十九畏）；热证及阴虚内热者忌用。,2,AI预标注，待人工复核
q044,胃痛反复发作，饥饿时加重，用什么方？,case,guijiajiao_001,中国药典（2025年版）一部,补虚药,龟甲胶,据《中国药典》2025 年版一部：龟甲胶系龟甲经水煎煮、浓缩制成的固体胶，为龟科动物乌龟 Chinemys reevesii (Gray) 的背甲及腹甲经水煎、浓缩、凝胶干燥而成（药用部位：胶块）。功专于滋阴养血止血，滋补力较龟甲更为集中。性味咸、甘，凉；归肝、肾、心经。功能与主治：滋阴，养血，止血；用于阴虚潮热，骨蒸…,**简明**：龟甲胶系龟甲水煎浓缩而成的固体胶，咸甘凉，滋阴、养血、止血（**血肉有情、滋补纯厚**），主治阴虚潮热盗汗、腰膝酸软、血虚萎黄及崩漏带下。**详解**：阴虚潮热骨蒸配熟地黄、知母、黄柏；血虚萎黄配当归、白芍；崩漏带下配阿胶、艾叶。**烊化兑服**；滋腻碍胃，脾胃虚寒、纳呆便溏、内有寒湿者慎用。,1,AI预标注，待人工复核
q044,胃痛反复发作，饥饿时加重，用什么方？,case,gancaoxiexintang_001,伤寒论,辨太阳病脉证并治下,甘草泻心汤方,伤寒中风，医反下之，其人下利，日数十行，谷不化，腹中雷鸣，心下痞硬而满，干呕，心烦不得安。医见心下痞，谓病不尽，复下之，其痞益甚，此非结热，但以胃中虚，客气上逆，故使硬也，甘草泻心汤主之。 甘草泻心汤方 甘草四两（炙） 黄芩三两 干姜三两 半夏半升（洗） 大枣十二枚（擘） 黄连一两 上六味，以水一斗，煮取六升，去滓，再…,甘草泻心汤即半夏泻心汤加重炙甘草用量，主治脾胃虚弱较甚之痞证，症见心下痞硬而满、下利日数十行、谷不化、干呕心烦。重用甘草补中和胃，余药辛开苦降以消痞止利。,1,AI预标注，待人工复核
q044,胃痛反复发作，饥饿时加重，用什么方？,case,chuanlianzi_001,中国药典（2025年版）一部,理气药,川楝子,据《中国药典》2025 年版一部：川楝子为楝科植物川楝 Melia toosendan Sieb. et Zucc. 的干燥成熟果实（药用部位：成熟果实）。性味苦，寒；有小毒；归肝、小肠、膀胱经。功能与主治：疏肝泄热，行气止痛，杀虫；用于肝郁化火，胸胁、脘腹胀痛，疝气疼痛，虫积腹痛。用法与用量：5～10g。外用适量。注…,**简明**：川楝子苦寒有小毒，疏肝泄热、行气止痛、杀虫，主治**肝郁化火**之胁腹胀痛、疝气疼痛及虫积腹痛。**详解**：肝火胁痛配延胡索（金铃子散）；寒疝配乌药、小茴香（天台乌药散）；蛔虫腹痛配槟榔、使君子。有小毒，脾胃虚寒者慎用，不宜过量久服。,1,AI预标注，待人工复核
q044,胃痛反复发作，饥饿时加重，用什么方？,case,toutong_002,中医临床诊疗指南/专家共识（要点归纳）,现代中医,头痛·辨证论治要点,据现行中医内科常见病诊疗指南：头痛辨证首分外感与内伤；外感头痛多属实证，治以疏风散寒、清热、祛湿止痛；内伤头痛分肝阳、血虚、痰浊、瘀血等型，肝阳上亢者治宜平肝潜阳。（要点归纳，非原文照录。）,头痛以自觉头部疼痛为主症，指南要点：辨证分外感与内伤——外感头痛起病较急、病程短，多属实证，分风寒、风热、风湿，治以疏风祛邪止痛；内伤头痛起病缓慢、反复发作，分肝阳头痛（治宜平肝潜阳息风）、血虚头痛（养血滋阴）、痰浊头痛（化痰降逆）、瘀血头痛（活血化瘀）。临证须结合头痛部位分经用药、警惕颅内病变，配合调情志、避风寒、规…,0,AI预标注，待人工复核
q044,胃痛反复发作，饥饿时加重，用什么方？,case,snb_huaishi_001,神农本草经,上经,槐实,槐实，味苦，寒。主五内邪气热，止涎唾，补绝伤，五痔，火疮，妇人乳瘕，子藏急痛。生平泽。,槐实（槐角）苦寒，凉血止血、清肝明目，主治肠热便血、痔肿出血、肝热头痛眩晕。孕妇及脾胃虚寒者慎用。,1,AI预标注，待人工复核
q044,胃痛反复发作，饥饿时加重，用什么方？,case,zhishuwan_001,《中国药典》一部/药品说明书（要点归纳）,消导/理气/中成药,枳术丸·健脾消食行气化湿,据现行版《中国药典》一部与药品说明书要点归纳：本品由枳实、白术二味组成，具健脾消食、行气化湿之功，用于脾胃虚弱、食少不化、脘腹痞满。用法用量按说明书口服。,枳术丸为古方（张洁古）改制的健脾消痞轻剂，仅枳实、白术二味，用于脾虚气滞之食少不化、脘腹痞满。本方消补兼施，纯虚无滞、阴虚津伤者不宜久服。本条目为中成药，请按说明书或在医师指导下使用。,1,AI预标注，待人工复核
q044,胃痛反复发作，饥饿时加重，用什么方？,case,feizhang_001,中医内科学,肺系病证,肺胀,《灵枢·胀论》：「肺胀者，虚满而喘咳。」《金匮要略·肺痿肺痈咳嗽上气病脉证治》：「咳而上气，烦躁而喘，脉浮者，心下有水，小青龙加石膏汤主之。」对本病主症及水饮凌心射肺之变已有认识。（据规划教材《中医内科学·肺系病证·肺胀》归纳）,肺胀系多种慢性肺系疾患反复发作、迁延不愈，致肺脾肾三脏虚损、痰瘀潴留、肺气壅满不能敛降，临床以胸部膨满、胀闷如塞、喘咳上气、痰多烦躁为主症，甚则唇甲紫绀、肢体浮肿、心悸动、神昏谵语。辨证总属本虚标实：标实为痰浊、水饮、血瘀，本虚为肺肾气虚、阴阳并损。常见证治——痰浊壅肺（苏子降气汤合三子养亲汤化痰降气）、痰热郁肺（越婢…,0,AI预标注，待人工复核
q044,胃痛反复发作，饥饿时加重，用什么方？,case,jianpiwan_002,《中国药典》一部/药品说明书（要点归纳）,消导/理气/中成药,健脾丸（成方制剂）·健脾开胃,据现行版《中国药典》一部与药品说明书要点归纳：本品由党参、白术（炒）、陈皮、枳实（炒）、山楂（炒）、麦芽（炒）等组成，具健脾开胃之功，用于脾胃虚弱、脘腹胀满、食少便溏。用法用量按说明书口服。,健脾丸（成药）为健脾开胃、消食和胃类中成药，用于脾胃虚弱、食少便溏、脘腹胀满。本方消补兼施，药较平和。服药期间饮食宜清淡易消化，忌生冷油腻；泄泻伴发热、脓血便或久泻消瘦者应及时就医。本条目为中成药，请按说明书或在医师指导下使用。,1,AI预标注，待人工复核
q044,胃痛反复发作，饥饿时加重，用什么方？,case,weilingpian_001,《中国药典》一部/药品说明书（要点归纳）,消导/理气/中成药,胃灵片·健胃和中制酸止痛,据现行版《中国药典》一部与药品说明书要点归纳：本品由甘草、海螵蛸、颠茄浸膏、白术、延胡索、鸡蛋壳（炒）等组成，具健胃和中、制酸止痛之功，用于胃炎、胃溃疡泛酸、胃脘灼痛、嘈杂嗳气。用法用量按说明书口服。,胃灵片为健胃和中、制酸止痛类中成药，用于胃炎、胃溃疡之胃脘灼痛、泛酸嘈杂。本品含颠茄浸膏（抗胆碱成分），青光眼、前列腺肥大者忌用，孕妇慎用；服药后口干、视物模糊为常见反应。胃痛持续加重、黑便、呕血或消瘦者应及时就医。本条目为中成药，请按说明书或在医师指导下使用。,3,AI预标注，待人工复核
q044,胃痛反复发作，饥饿时加重，用什么方？,case,houbi_001,《中医耳鼻咽喉科学》规划教材（要点归纳）,五官,喉痹·咽部红肿疼痛不适急慢性咽炎,喉痹是指以咽部红肿疼痛、或干燥、异物感、或咽痒不适、吞咽不利为主要表现的咽部疾病，含急慢性咽炎。病机多为风热外袭、肺胃热盛上攻咽喉，或肺肾阴虚、虚火上炎，或脾胃虚弱、咽喉失养。,喉痹含急慢性咽炎，以咽痛、咽干、异物感为主。急性风热用疏风清热汤，肺胃热盛用清咽利膈汤；慢性肺肾阴虚用养阴清肺汤，脾胃虚用补中益气汤，配合漱口、雾化、含服。高热、吞咽呼吸困难须及时就医。本条目为教材要点归纳，供参考；具体诊疗请遵医嘱。,2,AI预标注，待人工复核
q044,胃痛反复发作，饥饿时加重，用什么方？,case,erminglong_001,《中医耳鼻咽喉科学》规划教材（要点归纳）,五官,耳鸣耳聋,耳鸣指自觉耳内鸣响；耳聋指听力减退或丧失。二者常同时并见。实证多由风热侵袭、肝火上扰、痰火郁结；虚证多由肾精亏损、脾胃虚弱。辨证分风热侵袭、肝火上扰、痰火郁结、肾精亏损、脾胃虚弱等型。,耳鸣耳聋辨证分虚实：新病多实，久病多虚；耳鸣声大、按之不减为实，声细、按之可减为虚。突发耳聋、听力骤降者须尽早就医，警惕听神经瘤、药物性耳聋。教材要点归纳，供参考；具体诊疗请遵医嘱。,1,AI预标注，待人工复核
q044,胃痛反复发作，饥饿时加重，用什么方？,case,kuxuanshen_001,中国药典（2025年版）一部,清热药,苦玄参,据《中国药典》2025 年版一部：苦玄参为玄参科植物苦玄参 Picria fel-terrae Lour. 的干燥全草（药用部位：全草）。性味苦，寒；归肺、胃、肝经。功能与主治：清热解毒，消肿止痛；用于风热感冒，咽喉肿痛，胃痛，痢疾，跌打损伤。用法与用量：6～9g。外用适量。贮藏：置干燥处。,**简明**：苦玄参苦寒，清热解毒而消肿止痛，为治咽痛、胃痛的常用药。。**详解**：风热感冒、咽喉肿痛配板蓝根、连翘；胃痛配延胡索、香附；痢疾配黄连、白头翁；跌打损伤配三七捣敷。脾胃虚寒者慎用。,3,AI预标注，待人工复核
q044,胃痛反复发作，饥饿时加重，用什么方？,case,guzhishusong_001,《中医骨伤科学》规划教材（要点归纳）,骨伤,骨质疏松症·骨量减少骨脆性增加,骨质疏松症是一种以骨量减少、骨微结构破坏、骨脆性增加、易发生骨折为特征的全身性骨病。病因多为年老肝肾亏虚、脾胃虚弱、气滞血瘀，致骨失濡养、骨量衰减。辨证常见肝肾亏虚、脾胃虚弱、气滞血瘀等型。,骨质疏松症以腰背疼痛、驼背、易骨折为主，多发于绝经后妇女及老年人。中医以补益肝肾为主（左归丸、右归丸），兼健脾和胃、活血化瘀，配合钙与维生素D、适度负重锻炼、防跌倒。发生压缩骨折、剧烈骨痛须及时就医。本条目为教材要点归纳，供参考；具体诊疗请遵医嘱。,1,AI预标注，待人工复核
q044,胃痛反复发作，饥饿时加重，用什么方？,case,ganzheng_001,《中医儿科学》规划教材（要点归纳）,儿科,疳证·脾胃虚损形体消瘦气血亏耗,疳证是由喂养不当或久病使脾胃虚损、气液耗伤而导致的小儿慢性病证，以形体消瘦、毛发稀疏、饮食异常、肚腹膨胀、精神萎靡或烦躁为特征，相当于小儿营养不良。辨证分疳气、疳积、干疳及兼证（疳肿胀、眼疳、口疳）。,疳证治疗以调理脾胃为原则：疳气和脾健运，疳积消积理脾，干疳补益气血。本病为慢性营养不良，须长期调治，严重消瘦、水肿者须就医。教材要点归纳，供参考；具体诊疗请遵医嘱。,2,AI预标注，待人工复核
q044,胃痛反复发作，饥饿时加重，用什么方？,case,shenlingbaizhuwan_002,《中国药典》一部/药品说明书（要点归纳）,消导/理气/中成药,参苓白术丸·补脾胃益肺气,据现行版《中国药典》一部与药品说明书要点归纳：本品由人参、茯苓、白术、山药、白扁豆、莲子、薏苡仁、砂仁、桔梗、甘草等组成，具补脾胃、益肺气之功，用于脾胃虚弱、食少便溏、气短咳嗽、肢倦乏力。用法用量按说明书口服。,参苓白术丸为古方参苓白术散改制的健脾渗湿类中成药，用于脾胃虚弱、食少便溏、肢倦乏力。服药期间忌生冷油腻；泄泻兼有大便不通、肛门下坠者不宜。本条目为中成药，请按说明书或在医师指导下使用。,1,AI预标注，待人工复核
q044,胃痛反复发作，饥饿时加重，用什么方？,case,renenshaze_001,《中医妇科学》规划教材（要点归纳）,妇科,妊娠恶阻·妊娠早期恶心呕吐头晕厌食,妊娠恶阻是指妊娠早期出现恶心呕吐、头晕厌食，甚则食入即吐者。病因多为脾胃虚弱、肝胃不和或痰湿阻滞，致冲脉之气上逆、胃失和降。辨证常见脾胃虚弱、肝胃不和、痰湿阻滞等型。治法以健脾和胃、降逆止呕为主。,妊娠恶阻即早孕反应。轻者恶心择食可自行缓解；重者频繁呕吐、不能进食，可致脱水、酸中毒，须及时就医补液。中医分脾胃虚弱（香砂六君子汤）、肝胃不和（苏叶黄连汤）等论治，用药忌峻下滑利。本条目为教材要点归纳，供参考；具体诊疗请遵医嘱。,1,AI预标注，待人工复核
q044,胃痛反复发作，饥饿时加重，用什么方？,case,wuyi_001,中国药典（2025年版）一部,驱虫药,芜荑,据《中国药典》2025 年版一部：芜荑为榆科植物大果榆 Ulmus macrocarpa Hance 的果实经加工而成（药用部位：果实加工品）。性味辛、苦，温；归脾、胃经。功能与主治：杀虫消积；用于蛔虫病，蛲虫病，虫积腹痛，小儿疳积。外用治疥癣瘙痒。用法与用量：3～10g。外用适量，研末调敷。贮藏：置通风干燥处。,**简明**：芜荑辛苦温，杀虫消积，治蛔虫蛲虫、小儿疳积，外治疥癣瘙痒。**详解**：虫积疳积配使君子、槟榔；疥癣外用研末调敷。脾胃虚寒者慎用。,1,AI预标注，待人工复核
q044,胃痛反复发作，饥饿时加重，用什么方？,case,taobaluo_001,《中医诊断学》规划教材（要点归纳）,四诊,舌苔剥落·舌苔部分剥落辨胃气胃阴存亡,舌苔剥落是舌苔全部或部分剥落、剥处光滑无苔者。剥落范围大小辨胃气胃阴存亡：花剥苔（多处剥落）主胃气阴两伤；光剥舌（镜面舌）主胃阴枯竭、胃气大伤，为危重征象；地图舌（剥处边缘隆起、界限分明）多属脾胃虚弱、气血不足。,舌苔剥落辨胃气胃阴存亡：花剥主气阴两伤，光剥镜面主胃阴枯竭危重。须结合舌质舌苔综合判断。此为教材要点归纳，供参考；具体诊疗请遵医嘱，不引导自我诊断。,1,AI预标注，待人工复核
q044,胃痛反复发作，饥饿时加重，用什么方？,case,baiqucai_001,中国药典（2025年版）一部,化痰止咳平喘药,白屈菜,据《中国药典》2025 年版一部：白屈菜为罂粟科植物白屈菜 Chelidonium majus L. 的干燥全草（药用部位：全草）。性味苦、辛，凉；有毒；归肺、胃经。功能与主治：解痉止痛，止咳平喘；用于胃痛，腹痛，咳嗽气喘，百日咳。用法与用量：9～18g。注意：本品有毒，用量不宜过大。贮藏：置通风干燥处。,**简明**：白屈菜苦辛凉有毒，解痉止痛而止咳平喘，为治胃痛、百日咳的常用药。。**详解**：胃脘疼痛配延胡索、白芍；咳嗽气喘、百日咳配百部、款冬花。**有毒**，用量 9～18g，过量可致头晕、恶心；孕妇慎用。,3,AI预标注，待人工复核
q044,胃痛反复发作，饥饿时加重，用什么方？,case,buzhongyiqiwan_002,《中国药典》一部/药品说明书（要点归纳）,补益剂/中成药,补中益气丸·补中益气升阳举陷,据现行版《中国药典》一部与药品说明书要点归纳：本品由炙黄芪、党参、白术、甘草、当归、升麻、柴胡、陈皮组成，具补中益气、升阳举陷之功，用于脾胃虚弱、中气下陷所致体倦乏力、食少腹胀、久泻、脱肛、子宫脱垂。用法用量按说明书口服。,补中益气丸为古方补中益气汤改制的补气升阳类中成药，用于脾胃虚弱、中气下陷之体倦乏力、内脏下垂。本品偏温，阴虚阳亢、感冒发热者不宜；高血压患者慎用。本条目为中成药，请按说明书或在医师指导下使用。,2,AI预标注，待人工复核
q044,胃痛反复发作，饥饿时加重，用什么方？,case,sujiaojiuxinwan_001,《中国药典》一部/药品说明书（要点归纳）,理血/止咳/中成药,速效救心丸·行气活血祛瘀止痛,据现行版《中国药典》一部与药品说明书要点归纳：本品由川芎、冰片等组成，具行气活血、祛瘀止痛、增加冠脉血流量、缓解心绞痛之功，用于气滞血瘀型冠心病、心绞痛。用法用量按说明书舌下含服。,速效救心丸为行气活血、祛瘀止痛类急救处方药，用于冠心病心绞痛急性发作时舌下含服。孕妇禁用，低血压、消化道出血者慎用；胸痛持续不缓解应立即拨打急救电话就医。本条目为中成药，请按说明书或在医师指导下使用。,0,AI预标注，待人工复核
q044,胃痛反复发作，饥饿时加重，用什么方？,case,biyuan_001,《中医耳鼻咽喉科学》规划教材（要点归纳）,五官,鼻渊·鼻流浊涕量多不止鼻窦炎,鼻渊是指鼻流浊涕、量多不止，伴鼻塞、头痛、嗅觉减退的鼻病，即西医学鼻窦炎。病位在鼻窍，病机多为肺经风热、胆腑郁热、脾胃湿热上蒸鼻窍，或肺气虚寒、邪滞鼻窍。辨证分肺经风热、胆腑郁热、脾胃湿热、肺气虚寒等型。,鼻渊即鼻窦炎，以鼻塞、流浊涕、头痛为主。中医分肺经风热（苍耳子散）、胆腑郁热（龙胆泻肝汤）、肺气虚寒（温肺止流丹）等论治，配合滴鼻、鼻窦体位引流、针灸。若高热、剧烈头痛、眼部胀痛须及时就医。本条目为教材要点归纳，供参考；具体诊疗请遵医嘱。,0,AI预标注，待人工复核
q044,胃痛反复发作，饥饿时加重，用什么方？,case,sharen_001,中国药典（2025年版）一部,化湿药,砂仁,据《中国药典》2025 年版一部：砂仁为姜科植物阳春砂 Amomum villosum Lour.、绿壳砂 Amomum villosum Lour. var. xanthioides T. L. Wu et Senjen 或海南砂 Amomum longiligulare T. L. Wu 的干燥成熟果实（药用部位：…,**简明**：砂仁辛温，化湿开胃、温脾止泻、理气安胎，主治湿阻脘痞、脾胃虚寒吐泻及妊娠恶阻胎动。**详解**：湿阻气滞脘痞配木香、陈皮（香砂六君子汤）；虚寒吐泻配干姜、白术；胎动不安配白术、苏梗。含挥发油，**入汤剂宜后下**；阴虚血燥者慎用。,1,AI预标注，待人工复核
q044,胃痛反复发作，饥饿时加重，用什么方？,case,snb_danshen_001,神农本草经,上经,丹参,丹参，味苦，微寒。主心腹邪气，肠鸣幽幽如走水，寒热积聚，破癥除瘕，止烦满，益气。一名郄蝉草。生川谷。,丹参苦微寒，活血祛瘀、通经止痛、清心除烦、凉血消痈，主治胸痹心痛、月经不调、癥瘕积聚、心烦不眠及疮疡肿痛。反藜芦。,2,AI预标注，待人工复核
q044,胃痛反复发作，饥饿时加重，用什么方？,case,lvdouyi_001,《中药学》（清华社）· 药典外品种,清热药,绿豆衣,据清华社《中药学》：绿豆衣为豆科植物绿豆 Vigna radiata (L.) Wilczek 的干燥种皮（药用部位：种皮）。性味甘，寒；归心、胃经。功能与主治：清热解毒，消暑；用于暑热烦渴，痈肿疮毒，目翳。用法与用量：6～12g。外用适量。贮藏：置通风干燥处，防蛀。,**简明**：绿豆衣甘寒，清热解毒而消暑，退翳明目，为绿豆之种皮。。**详解**：暑热烦渴配荷叶、淡竹叶；痈肿疮毒配金银花、连翘；目翳配菊花、密蒙花。**脾胃虚寒者慎用**。,1,AI预标注，待人工复核
q044,胃痛反复发作，饥饿时加重，用什么方？,case,lidongyuan_002,兰室秘藏,脾胃门,李东垣升阳益胃治饮食伤脾案,一人因饮食劳倦，肢体困重，口苦舌干，食无味，大便不调，小便频数，脉缓弱。东垣曰：脾胃虚则湿邪乘之，清阳不升。治以升阳益胃汤，参芪术草益气，羌独活、柴防升阳，二苓泽泻渗湿，半夏陈皮理气，少加黄连以泄阴火，芍药以和阴，数服而困重除、食味进。（《兰室秘藏》）,患者饮食劳倦后肢体重困、口苦食少、二便不调、脉缓弱，东垣辨为脾虚湿困、清阳不升，立升阳益胃汤：益气健脾与升阳除湿、佐泄阴火并用，服后困重除、食进。此案示人脾虚湿困之治，不止补脾，更须升阳以胜湿、佐苦以坚阴，体现东垣补土学派用药周全。,2,AI预标注，待人工复核
q044,胃痛反复发作，饥饿时加重，用什么方？,case,dangyao_001,中国药典（2025年版）一部,清热药,当药,据《中国药典》2025 年版一部：当药为龙胆科植物瘤毛獐牙菜 Swertia pseudochinensis Hara 的干燥全草（药用部位：全草）。性味苦，寒；归肝、胆、胃经。功能与主治：清热利湿，健胃；用于湿热黄疸，胁痛，食欲不振。用法与用量：6～12g。贮藏：置阴凉干燥处。,**简明**：当药苦寒，清热利湿而健胃，为治湿热黄疸与食欲不振的常用药。。**详解**：湿热黄疸配茵陈、栀子；胁痛配柴胡、郁金；食欲不振配麦芽、山楂。脾胃虚寒者慎用。,0,AI预标注，待人工复核
q044,胃痛反复发作，饥饿时加重，用什么方？,case,kesou_001,中医内科学,肺系病证,咳嗽,《素问·咳论》：「五脏六腑皆令人咳，非独肺也。」又云「皮毛者，肺之合也，皮毛先受邪气，邪气以从其合也」。明·张介宾《景岳全书·咳嗽》将咳嗽分外感、内伤两大类，为后世辨证纲领。（据规划教材《中医内科学·肺系病证·咳嗽》归纳）,咳嗽由肺失宣降、肺气上逆作声，或伴咯痰。辨治首分外感与内伤：外感多新病、起病急、病程短，属邪实——风寒袭肺（三拗汤合止嗽散疏风散寒）、风热犯肺（桑菊饮疏风清热）、风燥伤肺（桑杏汤清温燥；凉燥用杏苏散）；内伤多久病、反复发作，属邪实正虚——痰湿蕴肺（二陈平胃散合三子养亲汤燥湿化痰）、痰热郁肺（清金化痰汤清热豁痰）、肝火犯…,0,AI预标注，待人工复核
q044,胃痛反复发作，饥饿时加重，用什么方？,case,snb_lianqiao_001,神农本草经,下经,连翘,连翘，味苦，平。主寒热，鼠瘘瘰疬，痈肿恶疮，瘿瘤结热，蛊毒。生川谷。,"连翘苦寒，清热解毒、消肿散结，兼疏散上焦风热，有""疮家圣药""之称，主治痈肿疮毒、瘰疬痰核、风热外感、温病初起及热淋涩痛。脾胃虚寒及气虚脓清者不宜久服。",1,AI预标注，待人工复核
q044,胃痛反复发作，饥饿时加重，用什么方？,case,chunpi_001,中国药典（2025年版）一部,收涩药,椿皮,据《中国药典》2025 年版一部：椿皮为苦木科植物臭椿 Ailanthus altissima (Mill.) Swingle 的干燥根皮或干皮（药用部位：根皮或干皮）。性味苦、涩，寒；归大肠、肝经。功能与主治：清热燥湿，收涩止带，止泻，止血；用于赤白带下，湿热泻痢，久泻久痢，便血，崩漏。用法与用量：6～9g。贮藏：置…,**简明**：椿皮苦涩寒，清热燥湿、收涩止带、止泻止血（**清湿热而兼收涩**），主治赤白带下、湿热泻痢及便血崩漏。**详解**：带下配黄柏、芡实；泻痢配黄连、白头翁。**脾胃虚寒者慎用**。,0,AI预标注，待人工复核
q044,胃痛反复发作，饥饿时加重，用什么方？,case,jingui_023,金匮要略,杂疗方第二十三,杂疗方第二十三,退五脏虚热，四时加减柴胡饮子方： 冬三月加柴胡八分 白朮八分 陈皮五分 大腹槟榔四枚并皮子用 生姜五分 桔梗七分 春三月加枳实 减白朮共六味 夏三月加生姜三分 枳实五分 甘草三分共八味 秋三月加陈皮三分共六味 上各咀，分为三贴，一贴以水三升，煮取二升，分温三服；如人行四五里进一服，如四体壅，添甘草少许，每贴分作三小贴，…,本篇为杂疗救急方，载四时加减柴胡饮子、三物备急丸（治卒暴百病）、紫石寒食散等方，并详列救卒死、尸蹶、自缢、溺死、中暍等急救法，为古代急诊医学珍贵资料。,0,AI预标注，待人工复核
q044,胃痛反复发作，饥饿时加重，用什么方？,case,mumianhua_001,中国药典（2025年版）一部,清热药,木棉花,据《中国药典》2025 年版一部：木棉花为木棉科植物木棉 Bombax ceiba L. 的干燥花（药用部位：花）。性味甘、淡，凉；归胃、大肠经。功能与主治：清热利湿，解毒；用于泄泻，痢疾，痔疮出血，湿疹。用法与用量：6～9g。外用适量。贮藏：置干燥处。,**简明**：木棉花甘淡凉，清热利湿而解毒，为岭南治湿热泻痢、湿疮的常用药。。**详解**：湿热泄泻、痢疾配黄连、木香、白头翁；痔疮出血配槐角、地榆；湿疹可煎水外洗。脾胃虚寒者慎用。,0,AI预标注，待人工复核
q044,胃痛反复发作，饥饿时加重，用什么方？,case,huangteng_001,中国药典（2025年版）一部,清热药,黄藤,据《中国药典》2025 年版一部：黄藤为防己科植物黄藤 Fibraurea recisa Pierre 的干燥藤茎（药用部位：藤茎）。性味苦，寒；归肺、心、大肠经。功能与主治：清热解毒，泻火通便；用于咽喉肿痛，目赤，痢疾，便秘，疮疡。用法与用量：30～60g。外用适量。贮藏：置干燥处。,**简明**：黄藤苦寒，清热解毒而泻火通便，为治咽喉肿痛、便秘痢疾的常用药。。**详解**：咽喉肿痛配射干、板蓝根；目赤配菊花、决明子；痢疾配黄连、白头翁；便秘配大黄。脾胃虚寒者慎用。,1,AI预标注，待人工复核
q044,胃痛反复发作，饥饿时加重，用什么方？,case,lizhongwan_001,伤寒论,辨霍乱病脉证并治,理中丸方,霍乱，头痛，发热，身疼痛，热多，欲饮水者，五苓散主之；寒多，不用水者，理中丸主之。 理中丸方 人参（甘温） 甘草（炙，甘平） 白术（甘温） 干姜（辛热）以上各三两右四味，捣筛为末，蜜和丸，如鸡黄大，以沸汤数合，和一丸，研碎，温服之。日三服，夜二服，腹中未热，益至三四丸，然不及汤。汤法，以四物，依两数切，用水八升，煮取三…,理中丸（又名人参汤）为温中散寒、补气健脾之代表方，主治脾胃虚寒之脘腹冷痛、呕吐下利、畏寒肢冷、食少。干姜温中祛寒为君，人参补中益气，白术健脾燥湿，炙甘草益气和中。,2,AI预标注，待人工复核
q044,胃痛反复发作，饥饿时加重，用什么方？,case,yangweishujiaonang_001,《中国药典》一部/药品说明书（要点归纳）,消导/理气/中成药,养胃舒胶囊·扶正滋阴养胃行气消导,据现行版《中国药典》一部与药品说明书要点归纳：本品由党参、陈皮、黄精（蒸）、玄参、乌梅、白术（炒）、菟丝子、山楂、北沙参等组成，具扶正固本、滋阴养胃、行气消导之效，用于胃阴不足所致胃脘灼热胀痛、手足心热、口干口苦、纳差消瘦；慢性萎缩性胃炎、慢性胃炎见上述证候者。用法用量按说明书口服。,养胃舒胶囊为滋阴养胃类中成药，用于胃阴不足之胃脘灼热胀痛、口干手足心热。本品偏滋腻，脾胃虚寒、便溏泄泻者慎用。服药期间忌烟酒辛辣；胃痛持续加重、黑便、呕血或消瘦者应及时就医。本条目为中成药，请按说明书或在医师指导下使用。,3,AI预标注，待人工复核
q044,胃痛反复发作，饥饿时加重，用什么方？,case,jvju_001,中国药典（2025年版）一部,清热药,菊苣,据《中国药典》2025 年版一部：菊苣为菊科植物毛菊苣 Cichorium glandulosum Boiss. et Huet 及菊苣 Cichorium intybus L. 的干燥地上部分或根（药用部位：地上部分或根）。性味微苦、咸，凉；归肝、胆、胃经。功能与主治：清肝利胆，健胃消食，利尿消肿；用于湿热黄疸，胃痛…,**简明**：菊苣微苦咸凉，清肝利胆而健胃消食、利尿消肿，为维药治肝胆湿热常用。。**详解**：湿热黄疸配茵陈、栀子、金钱草；胃痛食少配山楂、麦芽；水肿尿少配茯苓皮、泽泻。脾胃虚寒者慎用。,2,AI预标注，待人工复核
q044,胃痛反复发作，饥饿时加重，用什么方？,case,qingyedan_001,中国药典（2025年版）一部,清热药,青叶胆,据《中国药典》2025 年版一部：青叶胆为龙胆科植物青叶胆 Swertia mileensis T. N. He et W. L. Shi 的干燥全草（药用部位：全草）。性味苦、甘，寒；归肝、胆、膀胱经。功能与主治：清肝利胆，清热利湿；用于黄疸，胁痛，湿热泻痢，口苦。用法与用量：10～15g。贮藏：置阴凉干燥处。,**简明**：青叶胆苦甘寒，清肝利胆而利湿退黄，为滇产治急性肝炎黄疸的常用药。。**详解**：湿热黄疸配茵陈、栀子、大黄；胁痛配柴胡、郁金、金钱草；湿热泻痢配黄连、白头翁。脾胃虚寒者慎用。,0,AI预标注，待人工复核
q044,胃痛反复发作，饥饿时加重，用什么方？,case,zhudanfen_001,中国药典（2025年版）一部,化痰止咳平喘药,猪胆粉,据《中国药典》2025 年版一部：猪胆粉为猪科动物猪 Sus scrofa domestica Brisson 胆汁的干燥品（药用部位：胆汁加工品）。性味苦，寒；归肺、肝、胆经。功能与主治：清热润燥，化痰止咳，解毒；用于肺热咳嗽，百日咳，黄疸，痢疾，目赤，咽喉肿痛。用法与用量：0.3～0.6g，多入丸散或胶囊用。外用适…,**简明**：猪胆粉苦寒，清热润燥而化痰止咳、解毒，为治肺热咳喘与黄疸的常用药。。**详解**：肺热咳嗽配黄芩、瓜蒌；百日咳配百部、白前；黄疸配茵陈、栀子；咽喉肿痛配射干。**脾胃虚寒者慎用**。,1,AI预标注，待人工复核
q044,胃痛反复发作，饥饿时加重，用什么方？,case,mianmaguanzhongtan_001,中国药典（2025年版）一部,止血药,绵马贯众炭,据《中国药典》2025 年版一部：绵马贯众炭系鳞毛蕨科植物粗茎鳞毛蕨 Dryopteris crassirhizoma Nakai 的干燥根茎和叶柄残基经炒炭的炮制品，清热解毒杀虫之力减，专于止血（加工品：炒炭品；有小毒）。性味苦，微寒；归肝、胃经。功能与主治：止血；用于崩漏便血。用法与用量：5～10g。贮藏：置通风干…,**简明**：绵马贯众炭苦微寒，清热解毒杀虫之力减而专于止血，主治血热崩漏、便血。**详解**：崩漏配地榆炭、茜草、艾叶；便血配槐花、侧柏叶。**有小毒**，脾胃虚寒者慎用，孕妇忌用，不宜过量久服。,1,AI预标注，待人工复核
q044,胃痛反复发作，饥饿时加重，用什么方？,case,snb_kuoyu_001,神农本草经,下经,蛞蝓,蛞蝓，味咸，寒。主贼风㖞僻，轶筋，及脱肛，惊痫挛踠。一名陵蠡。生池泽。,蛞蝓（蛞蝓科陆生软体动物，俗称鼻涕虫）咸寒，清热祛风、消肿解毒、平喘，主治中风㖞僻、筋脉拘挛、惊痫、喘咳及咽喉肿痛、疮毒。今临床少用，多作丸散或外用，脾胃虚寒者慎用，不宜久服。,1,AI预标注，待人工复核
q044,胃痛反复发作，饥饿时加重，用什么方？,case,hanshuishi_001,《中药学》（清华社）· 药典外品种,清热药,寒水石,据清华社《中药学》：寒水石为硫酸盐类矿物红石膏（石膏之一种）或碳酸盐类矿物方解石的矿石（药用部位：矿石）。性味辛、咸，寒；归心、胃、肾经。功能与主治：清热泻火，除烦止渴；用于热病烦渴，癫狂，口疮，热毒疮肿。用法与用量：10～15g，先煎。外用适量。贮藏：置干燥处。,**简明**：寒水石辛咸寒，清热泻火而除烦止渴，功似石膏，为治热病烦渴与疮肿的常用药。。**详解**：热病烦渴配石膏、知母；癫狂配黄连、朱砂（须遵古法炮制）；口疮疮肿研末外用。**脾胃虚寒者忌用**。,1,AI预标注，待人工复核
q044,胃痛反复发作，饥饿时加重，用什么方？,case,lianzixin_001,中国药典（2025年版）一部,收涩药,莲子心,据《中国药典》2025 年版一部：莲子心为睡莲科植物莲 Nelumbo nucifera Gaertn. 的成熟种子中的干燥幼叶及胚根（药用部位：幼叶及胚根）。性味苦，寒；归心、肾经。功能与主治：清心安神，交通心肾，涩精止血；用于热入心包，神昏谵语，心肾不交，失眠遗精，血热吐血。用法与用量：2～5g。贮藏：置干燥处，防…,**简明**：莲子心苦寒，清心安神、交通心肾、涩精止血（**专清心火**），主治热入心包神昏、心肾不交失眠遗精及血热吐血。**详解**：心火亢盛配黄连、麦冬（清宫汤类）；遗精配芡实、莲子。脾胃虚寒者慎用。,1,AI预标注，待人工复核
q044,胃痛反复发作，饥饿时加重，用什么方？,case,shandougen_001,中国药典（2025年版）一部,清热药,山豆根,据《中国药典》2025 年版一部：山豆根为豆科植物越南槐 Sophora tonkinensis Gagnep. 的干燥根和根茎（药用部位：根和根茎）。性味苦，寒；有毒；归肺、胃经。功能与主治：清热解毒，消肿利咽；用于火毒蕴结，咽喉肿痛，齿龈肿痛。用法与用量：3～6g。贮藏：置干燥处。,**简明**：山豆根苦寒有毒，清热解毒、消肿利咽，为治**热毒咽喉肿痛**要药。**详解**：喉痹咽痛配射干、牛蒡子、桔梗；龈肿口疮配黄连、升麻。**有毒**，用量 3～6g 不可过量，脾胃虚寒、少食便溏者忌用。,1,AI预标注，待人工复核
q044,胃痛反复发作，饥饿时加重，用什么方？,case,snb_guanzhong_001,神农本草经,下经,贯众,贯众，味苦，微寒。主腹中邪热气，诸毒，杀三虫。一名贯节。生山谷。,贯众苦微寒有小毒，清热解毒、凉血止血、杀虫，主治风热感冒、温热斑疹、吐血衄血、崩漏便血及肠道寄生虫（绦虫、钩虫等）。其有小毒，脾胃虚寒及孕妇慎用，驱虫宜空腹煎服，不宜大量久服。,1,AI预标注，待人工复核
q044,胃痛反复发作，饥饿时加重，用什么方？,case,snb_qianglang_001,神农本草经,下经,蜣螂,蜣螂，味咸，寒。主小儿惊痫瘈疭，腹胀寒热，大人癫疾狂易。生池泽。,蜣螂（鞘翅目金龟子科屎蜣螂）咸寒有毒，定惊止痉、破瘀散结、通便，主治小儿惊痫瘈疭、大人癫疾狂乱、腹胀便秘及癥瘕。其有毒，须炒制后入丸散，孕妇及脾胃虚寒者忌用，不宜久服过量。,1,AI预标注，待人工复核
q044,胃痛反复发作，饥饿时加重，用什么方？,case,huaihuasan_001,《方剂学》规划教材（要点归纳）,理血剂,槐花散·清肠止血疏风行气,"传统方歌：""槐花散用治肠风，侧柏黑荆枳壳充，为末米饮下二钱，宽肠止血妙无穷。""（《本事方》方，据教材要点归纳：槐花、侧柏叶、荆芥穗、枳壳各约等分，为末每服二钱，清米汤下。）",槐花散为肠风脏毒下血之代表方，主治便前、便后或粪中带血及痔疮出血，血色鲜红。本方性凉，若为中气虚寒、脾胃虚弱之便血色淡者不宜。本方为要点归纳，供参考；具体用药请遵医嘱。,1,AI预标注，待人工复核
q044,胃痛反复发作，饥饿时加重，用什么方？,case,wujutong_001,温病条辨,上焦篇,吴鞠通·风温上受银翘案,风温、温热、温疫、冬温，初起恶风寒者，桂枝汤主之；但热不恶寒而渴者，辛凉平剂银翘散主之。吴氏自述甲辰岁都门温病大行，时医以伤寒辛温法治之多死，吴氏以辛凉平剂取效，立银翘散辛凉凉营之法。,此案记录吴氏于北京温病流行时，纠正时医以伤寒辛温法治温病之误，立银翘散为辛凉平剂，主治风温初起但热不恶寒而渴。银翘散遂成为温病辛凉解表代表方，影响至今。,0,AI预标注，待人工复核
q044,胃痛反复发作，饥饿时加重，用什么方？,case,wenerbian_001,《中医诊断学》规划教材（要点归纳）,四诊,问二便·大小便次数量感辨寒热虚实,问二便是询问患者大便与小便的次数、量、感、色、质、气味，以辨别脾胃大肠与肺肾膀胱寒热虚实的诊法。大便秘结腹满拒按多热结，腹软喜按多虚秘；泄泻新病黄糜臭秽多湿热，久泻清稀多虚寒，五更泻多肾阳虚。小便清长多虚寒，短赤多实热；尿频尿急尿痛多膀胱湿热；余沥夜尿多多肾气不固。,问二便以大便辨脾胃大肠、小便辨肺肾膀胱：便质清浊、便次多少、排尿感异常各主寒热虚实。须问次数、性状、颜色、气味、排尿感及伴随症状。此为教材要点归纳，供参考；具体诊疗请遵医嘱，不引导自我诊断。,0,AI预标注，待人工复核
q044,胃痛反复发作，饥饿时加重，用什么方？,case,shanghan_208,伤寒论,辨阳明病脉证并治,阳明病（第208条）,阳明病，脉浮而紧者，必潮热，发作有时。但浮者，必盗汗出。,本条论述阳明病之脉证。症见脉浮、汗出、潮热。当审其表里寒热、虚实传变而施治。,0,AI预标注，待人工复核
q044,胃痛反复发作，饥饿时加重，用什么方？,case,wenweishujiaonang_001,《中国药典》一部/药品说明书（要点归纳）,消导/理气/中成药,温胃舒胶囊·扶正温胃行气止痛,据现行版《中国药典》一部与药品说明书要点归纳：本品由党参、附子（制）、黄芪（炙）、肉桂、山药、肉苁蓉（制）、白术（炒）、山楂（炒）、乌梅、砂仁、陈皮、补骨脂等组成，具扶正固本、温胃养胃、行气止痛、助阳暖中之功，用于脾肾阳虚所致胃脘冷痛、胀气嗳气、纳差食少、畏寒无力；慢性萎缩性胃炎、浅表性胃炎见上述证候者。用法用量按说明…,温胃舒胶囊为温胃散寒、行气止痛类中成药，用于脾肾阳虚之胃脘冷痛、畏寒喜温。方含附子、肉桂温热之品，胃热灼痛、阴虚火旺、出血倾向者不宜；孕妇忌用。服药期间忌生冷油腻；胃痛持续加重、黑便、呕血者应及时就医。本条目为中成药，请按说明书或在医师指导下使用。,3,AI预标注，待人工复核
q044,胃痛反复发作，饥饿时加重，用什么方？,case,shanghan_085,伤寒论,辨太阳病脉证并治中,病人有寒复发汗吐蛔（第85条）,病人有寒，复发汗，胃中冷，必吐蛔。,本条论中寒误汗。病人有寒，复发汗，胃中冷，必吐蛔。中虚脏寒者误汗更伤中阳，蛔动不安故吐蛔。,0,AI预标注，待人工复核
q044,胃痛反复发作，饥饿时加重，用什么方？,case,jiuweishutaikeli_001,《中国药典》一部/药品说明书（要点归纳）,消导/理气/中成药,三九胃泰颗粒·清热燥湿行气活血柔肝止痛,据现行版《中国药典》一部与药品说明书要点归纳：本品由三叉苦、黄芩、九里香、两面针、木香、茯苓、地黄、白芍等组成，具清热燥湿、行气活血、柔肝止痛之功，用于湿热内蕴、气滞血瘀所致胃痛，症见上腹隐痛、饱胀反酸、恶心呕吐、嘈杂纳减；浅表性胃炎、糜烂性胃炎见上述证候者。用法用量按说明书开水冲服。,三九胃泰颗粒为临床常用和胃止痛类中成药，用于湿热气滞血瘀之上腹隐痛、饱胀反酸。本品偏清凉化湿，胃寒隐痛、脾胃虚寒者慎用。服药期间忌烟酒辛辣油腻，忌情绪激动；胃痛持续加重、黑便、呕血或消瘦者应及时就医。本条目为中成药，请按说明书或在医师指导下使用。,2,AI预标注，待人工复核
q044,胃痛反复发作，饥饿时加重，用什么方？,case,wangweichixingwan_001,《中国药典》一部/药品说明书（要点归纳）,止咳/外妇儿/中成药,王氏保赤丸·祛滞健脾祛痰,据现行版《中国药典》一部与药品说明书要点归纳：本品由黄连、大黄、制南星、川贝母、巴豆霜、荸荠粉等组成，具祛滞、健脾、祛痰之功，用于小儿乳食减少、痰厥惊风、喘咳痰鸣、乳食减少、大便秘结等。用法用量按说明书，周岁以内及儿童用量遵医嘱。,王氏保赤丸为儿科祛滞健脾、祛痰类处方药，用于小儿乳食停滞、痰鸣惊风、大便秘结。本品含大黄、巴豆霜等攻下之品，须严格按年龄体重遵医嘱剂量服用，不可过量久服；脾胃虚弱、无积滞者不宜。小儿高热惊厥、反复呕吐、精神萎靡或症状加重者应及时就医。本条目为中成药，请按说明书或在医师指导下使用。,1,AI预标注，待人工复核
q044,胃痛反复发作，饥饿时加重，用什么方？,case,gouqijuhuacha_001,中医养生（古籍要义归纳）,食疗养生,枸杞菊花茶·清肝明目代茶饮,《本草纲目》载枸杞子甘平滋肾润肺、明目；菊花（甘菊）味甘苦、性凉，疏风清热、明目解毒。后世食养方书多以二味相伍代茶频饮（据古籍食治要点归纳）。,枸杞菊花茶是中医传统代茶饮，以枸杞子十余粒、菊花数朵，沸水冲泡焖数分钟，代茶温饮。要领：可反复冲泡至味淡，不拘时；上班族常用以佐茶。作为古代食养文化与家常茶饮，其意在清肝明目、滋养肝肾、舒缓目涩。本条目为养生保健参考，不替代诊疗；体质有异，食用前自行斟酌。,0,AI预标注，待人工复核
q044,胃痛反复发作，饥饿时加重，用什么方？,case,wentong_001,中医诊断学,四诊,问疼痛性质,疼痛总由「不通则痛」「不荣则痛」。教材以疼痛性质分虚实寒热：新病痛剧拒按多实，久病痛缓喜按多虚；得温则减多寒，遇热加重多热。,胀痛：痛而且胀，胀甚于痛，多为气滞，胸胁脘腹胀痛多属肝胃气滞。刺痛：痛如针刺、固定不移，多为血瘀。冷痛：痛有冷感、得温则减，多属寒证，常见于腰脊、脘腹、四肢关节。灼痛：痛有灼热感、得凉则舒，多属热证。重痛：痛且沉重、如物裹身，多属湿困，常见于头部、四肢。绞痛：痛势剧烈如刀绞，多因有形实邪阻闭气机（瘀血、蛔虫、结石）或寒…,0,AI预标注，待人工复核
q044,胃痛反复发作，饥饿时加重，用什么方？,case,xianbing_001,中医内科学,心系病证,痫病,《素问·奇病论》：「此得之在母腹中时，其母有所大惊，气上而不下……故令子发为颠疾也。」已认识到先天因素与本病关系。（据规划教材《中医内科学·心系病证·痫病》归纳）,痫病是一种反复发作性神志异常疾患，以突然仆倒、昏不知人、口吐涎沫、两目上视、四肢抽搐，或口中如作猪羊叫声，移时苏醒、一如常人为特征。病位在心肝，与脾、肾相关，病机为积痰内伏，每因情志、劳累、饮食等触动，风痰上逆，闭塞心窍，引动肝风而发病。治疗宜分标本虚实：频繁发作期以治标为主——风痰闭阻（定痫丸涤痰息风）、痰火扰神（龙…,0,AI预标注，待人工复核
q044,胃痛反复发作，饥饿时加重，用什么方？,case,zaoxintu_001,《中药学》（清华社）· 药典外品种,止血药,灶心土,据清华社《中药学》：灶心土为烧杂草或木柴的土灶内底部中心的焦黄土块（伏龙肝）（药用部位：焦黄土）。性味辛，温；归脾、胃经。功能与主治：温中止血，止呕，止泻；用于吐血，衄血，便血，崩漏，虚寒呕吐，妊娠恶阻，脾虚久泻。用法与用量：15～30g，布包先煎；或 60～120g 煎汤代水。外用适量。贮藏：置干燥处。,**简明**：灶心土辛温，温中止血而止呕止泻，为治虚寒出血（远血）与呕吐泄泻的常用药（黄土汤主药）。。**详解**：虚寒吐血便血崩漏配地黄、白术、附子（黄土汤）；虚寒呕吐、妊娠恶阻配半夏、生姜；脾虚久泻配白术、山药。**热证出血、阴虚火旺者忌用**。,2,AI预标注，待人工复核
q044,胃痛反复发作，饥饿时加重，用什么方？,case,shanghan_249,伤寒论,辨阳明病脉证并治,病人不大便五六日（第249条）,病人不大便五六日，绕脐痛，烦躁，发作有时者，此有燥屎，故使不大便也。,本条论述阳明病之脉证。症见烦、烦躁。当审其表里寒热、虚实传变而施治。,0,AI预标注，待人工复核
q044,胃痛反复发作，饥饿时加重，用什么方？,case,snb_yinyu_001,神农本草经,下经,茵芋,茵芋，味苦，温。主五脏邪气，心腹寒热，羸瘦如疟状，发作有时，诸关节风湿痹痛。生川谷。,茵芋辛苦温有毒，祛风除湿、温经止痛，主治风湿痹痛、关节不利、四肢挛急及脏腑寒热羸瘦如疟状。古多入煎酒或丸散，毒性较烈，阴虚血燥及孕妇忌用，不可过量久服。,0,AI预标注，待人工复核
q044,胃痛反复发作，饥饿时加重，用什么方？,case,shanghan_060,伤寒论,辨太阳病脉证并治中,汗下后振寒脉微细（第60条）,下之后，复发汗，必振寒，脉微细。所以然者，以内外俱虚故也。,本条论汗下后表里俱虚。下之后复发汗，必振寒、脉微细。所以然者，内外俱虚故也。阳气虚则振寒，阴阳俱虚则脉微细。,0,AI预标注，待人工复核
q044,胃痛反复发作，饥饿时加重，用什么方？,case,chensiduo_001,中医各家学说,医家,陈士铎·著辨证录石室秘录别开医径,据《辨证录》：是书以证为纲，分述内伤外感、杂证妇儿各门，先列脉证、次辨真伪虚实，再出方药，每证反复推勘，示辨证之法。（其书多托岐伯、天师问答以立论，文辞奇崛。）,"陈士铎，号远公，又号朱华子、大雅堂主人，清代山阴（今浙江绍兴）人，约生活于明末清初康熙年间，生平记载简略。他著述颇丰，传世有《辨证录》《石室秘录》《外经微言》《本草新编》《脉诀阐微》等数种。其书体例独特，多托名""岐伯天师""、吕洞宾等仙真口授，文辞古奥而议论新奇。学术上以《辨证录》最具代表性，该书分证论辨，每证详列脉症、…",0,AI预标注，待人工复核
q044,胃痛反复发作，饥饿时加重，用什么方？,case,zhuweibing_001,中医临床诊疗指南/专家共识（要点归纳）,现代中医,治未病四大状态·三级预防要点,"据治未病指南专家共识：以""未病先防、既病防变、瘥后防复""为核心，按人群状态分未病、欲病、已病、瘥后四阶段，分别施以健康调养、早期干预、阻断传变、防止复发。（要点归纳，非原文照录。）",治未病是中医预防医学核心思想，现代治未病指南将人群状态归纳为未病、欲病、已病、瘥后四大阶段，对应三级预防：未病与欲病阶段主未病先防，通过体质辨识、饮食、起居、运动、情志调养增强体质；已病阶段主既病防变，早期干预、阻断疾病传变加重；瘥后阶段主瘥后防复，病愈后巩固调养、防其复发。本条目为要点归纳，供参考；具体诊疗请遵医嘱。,0,AI预标注，待人工复核
q044,胃痛反复发作，饥饿时加重，用什么方？,case,shanghan_626,伤寒论,辨可下病脉证并治,大承气汤证治（第626条）,下利差后，至其年月日复发者，以病不尽故也，当下之，宜大承气汤。,本条论述下法之脉证。症见下利。治以大承气汤（峻下热结），药后观其进退。,0,AI预标注，待人工复核
q044,胃痛反复发作，饥饿时加重，用什么方？,case,cugudao_001,中医养生（古籍要义归纳）,导引功法,撮谷道·提肛缩臀古法养生,"唐·孙思邈《备急千金要方·调气法》及《枕中方》类载：""谷道宜常撮""，谓以意收缩肛门、如忍大便状，缓缓上提后放松，反复行之。明清养生书亦有""撮提谷道""""撮提肾路""之诀。","撮谷道即今人所称""提肛""，是中医传统日常养生法之一。做法为在静坐、平卧或行走时，有意识地收缩肛门与会阴，如忍大便状，缓缓向上向内提收，稍停后放松，如此一紧一松反复若干次，配合呼吸则更觉自然。古人以""谷道""称肛门，故命此名；道家养生家常将其与叩齿、咽津、摩腹并列，作为日常修身小动作，认为有助于升提气机、锻炼盆底肌肉。此法…",0,AI预标注，待人工复核
q044,胃痛反复发作，饥饿时加重，用什么方？,case,snb_bailian_001,神农本草经,下经,白蔹,白蔹，味苦，平。主痈肿疽疮，散结气，止痛除热，目中赤，小儿惊痫温疟，女子阴中肿痛。一名菟核。生山谷。,白蔹苦辛微寒，清热解毒、消痈散结、生肌止痛，为治痈肿疮毒要药，主治疮痈肿毒、烧烫伤、瘰疬、目赤肿痛及妇女阴中肿痛。反乌头类（川乌、草乌、附子），脾胃虚寒及无实火者慎服，孕妇慎用，不宜久服。,1,AI预标注，待人工复核
q044,胃痛反复发作，饥饿时加重，用什么方？,case,shenghuatang_jieyao_001,方解（方论集要）,理血剂·方解,生化汤·化瘀生新温经止痛,本方出《傅青主女科》：组成当归、川芎、桃仁、干姜炮、炙甘草。方中重用当归君，补血活血、化瘀生新；川芎臣，活血行气；桃仁佐，活血祛瘀；炮姜佐，温经散寒止痛；炙甘草使，调和诸药。,生化汤为产后常用方，治产后血虚受寒、恶露不行、小腹冷痛。重用当归补血活血为君，川芎桃仁活血，炮姜温经，生新化瘀。本方为产后通剂，血热瘀滞、产后出血过多者不宜。方解供学习参考；具体用药请遵医嘱。,0,AI预标注，待人工复核
q044,胃痛反复发作，饥饿时加重，用什么方？,case,shanghan_059,伤寒论,辨太阳病脉证并治中,亡津液小便不利自愈（第59条）,大下之后，复发汗，小便不利者，亡津液故也，勿治之，得小便利，必自愈。,本条论汗下后亡津致小便不利。大下之后复发汗，小便不利者，亡津液故也，勿治之，得小便利必自愈。不可利小便，待津液恢复则便利。,0,AI预标注，待人工复核
q044,胃痛反复发作，饥饿时加重，用什么方？,case,xijiaodihuang_001,《方剂学》规划教材（要点归纳）,清热剂,犀角地黄汤·清热解毒凉血散瘀,"传统方歌：""犀角地黄芍药丹，血升胃热火邪干，斑黄阳毒皆堪治，或益柴芩总伐肝。""（《千金要方》方，据教材要点归纳：犀角现以水牛角代、生地约重用、芍药、牡丹皮各约常用量，水煎服。）",犀角地黄汤为清营凉血代表方，主治热入血分证，症见身热谵语、斑色紫黑、吐血衄血便血、舌绛起刺。水牛角现以水牛角镑片或浓缩粉代用，虚寒性出血、脾胃虚弱者不宜。本方为要点归纳，供参考；具体用药请遵医嘱。,1,AI预标注，待人工复核
q044,胃痛反复发作，饥饿时加重，用什么方？,case,moluodan_001,《中国药典》一部/药品说明书（要点归纳）,消导/理气/中成药,摩罗丹·和胃降逆健脾消胀通络定痛,据现行版《中国药典》一部与药品说明书要点归纳：本品由百合、茯苓、白术、鸡内金、川芎、三七、延胡索、蒲黄、当归、玄参、石斛、乌药、白芍、麦冬、茵陈、九节菖蒲等组成，具和胃降逆、健脾消胀、通络定痛之功，用于慢性萎缩性胃炎及胃疼、胀满、痞闷、纳呆、嗳气、烧心等症。用法用量按说明书口服。,摩罗丹为治疗慢性萎缩性胃炎的常用中成药，用于胃疼胀满、痞闷纳呆、嗳气烧心。忌食刺激性饮料及烟酒；孕妇慎用；重度胃痛或伴黑便、消瘦者应先就医明确诊断。本条目为中成药，请按说明书或在医师指导下使用。,3,AI预标注，待人工复核
q044,胃痛反复发作，饥饿时加重，用什么方？,case,qingying_001,《方剂学》规划教材（要点归纳）,清热剂,清营汤·清营解毒透热养阴,"传统方歌：""清营汤治热传营，脉数舌绛辨分明，犀地银翘玄连竹，丹麦清热更护阴。""（《温病条辨》方，据教材要点归纳：水牛角约重用、生地、玄参、竹叶心、麦冬、丹参、黄连、银花、连翘各约常用量，水煎服。）",清营汤为清营凉血代表方，主治温病热入营分，症见身热夜甚、神烦谵语、斑疹隐隐、舌绛。本方为要点归纳，供参考；具体用药请遵医嘱。,0,AI预标注，待人工复核
q044,胃痛反复发作，饥饿时加重，用什么方？,case,shanghan_148,伤寒论,辨太阳病脉证并治下,小柴胡汤证治（第148条）,妇人中风，七八日，续得寒热，发作有时，经水适断者，此为热入血室，其血必结，故使如疟状，发作有时，小柴胡汤主之。,本条论述太阳病之脉证。治以小柴胡汤（和解少阳），药后观其进退。,0,AI预标注，待人工复核
q044,胃痛反复发作，饥饿时加重，用什么方？,case,yeti_001,《中医儿科学》规划教材（要点归纳）,儿科,夜啼·小儿白天安静入夜啼哭不安,夜啼是指小儿白天安静，入夜啼哭不安，或每夜定时啼哭者。病因多为脾寒、心热、惊恐等，致夜间脾寒作痛、心经积热或暴受惊恐。辨证常见脾寒、心热、惊恐等型。治法以温脾散寒、清心导赤、镇惊安神为主。,小儿夜啼须先排除饥饿、尿布湿、环境不适及发热腹痛等器质因素。中医分脾寒（乌药散）、心热（导赤散）、惊恐（镇惊安神）论治。若夜啼伴发热、呕吐、腹硬、精神差，须及时就医。本条目为教材要点归纳，供参考；具体诊疗请遵医嘱。,0,AI预标注，待人工复核
q044,胃痛反复发作，饥饿时加重，用什么方？,case,yatong_001,《中医口腔科学》规划教材（要点归纳）,五官,牙痛·牙齿疼痛遇冷热酸甜加重,牙痛是指牙齿因各种原因引起的疼痛，遇冷热酸甜刺激加重，常伴牙龈红肿或出血、牙齿松动。病机多为胃火炽盛、风火上攻、虚火上炎或龋齿。辨证分胃火炽盛、风火上攻、虚火上炎、龋齿等型。,牙痛须先明确病因（龋齿、牙髓炎、牙周炎等）。胃火炽盛用清胃散，风火用疏风清热，虚火用知柏地黄丸，配合针灸（颊车、下关、合谷）与局部处理。剧烈跳痛、面部肿胀发热须及时就医。本条目为教材要点归纳，供参考；具体诊疗请遵医嘱。,0,AI预标注，待人工复核
q044,胃痛反复发作，饥饿时加重，用什么方？,case,haigeqiao_001,中国药典（2025年版）一部,化痰止咳平喘药,海蛤壳,据《中国药典》2025 年版一部：海蛤壳为帘蛤科动物文蛤 Meretrix meretrix Linnaeus 或青蛤 Cyclina sinensis Gmelin 的贝壳（药用部位：贝壳）。性味苦、咸，寒；归肺、胃、肾经。功能与主治：清热化痰，软坚散结，制酸止痛；外用收湿敛疮；用于痰火咳嗽，胸胁疼痛，痰中带血，瘰疬…,**简明**：海蛤壳苦咸寒，清热化痰、软坚散结、制酸止痛，主治痰火咳嗽、瘰疬瘿瘤及胃痛泛酸（煅用制酸），外治湿疹烫伤。**详解**：痰火咳嗽配青黛（黛蛤散）；胃酸配海螵蛸、瓦楞子。**先煎**，煅用制酸，生用清化。,3,AI预标注，待人工复核
q044,胃痛反复发作，饥饿时加重，用什么方？,case,heiban_001,《中医皮肤性病学》规划教材（要点归纳）,皮肤,黧黑斑·面部黄褐斑,黧黑斑是指面部出现大小不一、形状不规则的黄褐色斑片，对称分布，无自觉症状，日晒后加重。病机多与肝郁气滞、脾土亏虚、肾水不足有关，气血不能上荣于面所致。辨证分肝郁气滞、脾虚、肾阴不足三型。,黧黑斑即黄褐斑，多见于育龄女性，与日晒、情志、内分泌相关。治疗以内调脏腑气血为主，外注意防晒。病程较长，需坚持调理，不承诺速效。,0,AI预标注，待人工复核
q044,胃痛反复发作，饥饿时加重，用什么方？,case,shanghan_315,伤寒论,辨少阴病脉证并治,少阴下利脉微白通加猪胆汁汤（第315条）,少阴病，下利脉微者，与白通汤；利不止，厥逆无脉，干呕烦者，白通汤加猪胆汁汤主之。服汤，脉暴出者死，微续者生。 白通加猪胆汁方 葱白四茎 干姜一两 附子一枚（生，去皮，破八片） 人尿五合（咸寒） 猪胆汁一合（苦寒）以上三味，以水三升，煮取一升，去滓，内胆汁、人尿，和令相得，分温再服，若无胆亦可用。,少阴下利脉微，与白通汤；若服后利不止、厥逆无脉、干呕烦，为阴寒太盛、格阳于上，热药被拒。故加猪胆汁、人尿咸寒反佐，引阳入阴。服药后脉暴出者为真阳暴脱，主死；脉微续渐出者为阳气来复，主生。,0,AI预标注，待人工复核
q044,胃痛反复发作，饥饿时加重，用什么方？,case,dongbingxiazhi_001,中医临床诊疗指南/专家共识（要点归纳）,现代中医,冬病夏治·三伏贴调治要点,"据现行三伏贴（天灸）技术规范：冬病夏治是在夏季三伏阳气旺盛之时，对冬季易作或加重的虚寒性疾病，以辛温祛寒药物贴敷特定腧穴，扶助阳气、温散寒邪，体现""春夏养阳""思想。（要点归纳，非原文照录。）","冬病夏治是中医""春夏养阳""治未病方法，代表性技术为三伏贴。适应证以冬季易发或加重的虚寒性病证为主，如慢性咳喘、过敏性鼻炎、部分虚寒性关节痛等。操作要点：取初、中、末三伏日，将辛温药物研末调膏贴于肺俞、定喘、膏肓等背俞穴，每次数小时、连续三年为一疗程。注意：孕妇、婴幼儿、皮肤过敏或破溃者、发热及实热证者不宜；贴敷后局部微…",1,AI预标注，待人工复核
q044,胃痛反复发作，饥饿时加重，用什么方？,case,guasha_001,中医临床诊疗指南/专家共识（要点归纳）,现代中医,刮痧·适宜技术操作要点,据《中医适宜技术操作规范·刮痧》要点：以边缘光滑之刮痧板蘸润滑油，在体表特定部位反复刮动，至皮肤出现红紫色痧点、痧斑，具疏通腠理、透痧外出、行气活血之功。（要点归纳，非原文照录。）,刮痧是常用中医适宜技术，操作要点：先涂刮痧油润滑，沿肌肉走行或经络方向单向刮动，力度由轻渐重、以出痧为度，一般每部位刮 20—30 次。适用于外感头昏、项背强痛、肌肉酸痛等。操作后避风寒、饮温水；皮肤破溃、出血倾向、过饥过饱者不宜。本条目为要点归纳，供参考；具体诊疗请遵医嘱。,0,AI预标注，待人工复核
q044,胃痛反复发作，饥饿时加重，用什么方？,case,walengzi_001,中国药典（2025年版）一部,化痰止咳平喘药,瓦楞子,据《中国药典》2025 年版一部：瓦楞子为蚶科动物毛蚶 Arca subcrenata Lischke、泥蚶 Arca granosa Linnaeus 或魁蚶 Arca inflata Reeve 的贝壳（药用部位：贝壳）。性味咸，平；归肺、胃、肝经。功能与主治：消痰化瘀，软坚散结，制酸止痛；用于顽痰积结，黏稠难咯，…,**简明**：瓦楞子咸平，消痰化瘀、软坚散结、制酸止痛，主治顽痰难咯、瘿瘤瘰疬、癥瘕痞块及胃痛泛酸（煅用）。**详解**：顽痰配海浮石、贝母；癥瘕配三棱、莪术；胃酸配海螵蛸、甘草。**先煎**，煅用制酸、生用散结。,3,AI预标注，待人工复核
q044,胃痛反复发作，饥饿时加重，用什么方？,case,quze_001,针灸学,手厥阴心包经,曲泽,《灵枢·本输》：手心主入于曲泽，曲泽，肘内廉下陷者之中也，屈而得之，为合。,曲泽为手厥阴心包经合穴，定位在肘前区，肘横纹上，肱二头肌腱的尺侧缘凹陷中。主治心痛、心悸、胃痛、呕吐、泄泻、热病及肘臂挛痛。刺法：直刺1～1.5寸，或用三棱针点刺肘静脉出血；可灸。,3,AI预标注，待人工复核
q044,胃痛反复发作，饥饿时加重，用什么方？,case,shanghan_455,伤寒论,平脉法,变化相乘（第455条）,变化相乘，阴阳相干。风则浮虚，寒则牢坚；沉潜水蓄，支饮急弦；动则为痛，数则热烦。,本条论述脉诊之脉证。症见烦。当审其表里寒热、虚实传变而施治。,0,AI预标注，待人工复核
q044,胃痛反复发作，饥饿时加重，用什么方？,case,chenpicha_001,中医养生（古籍要义归纳）,食疗养生,陈皮茶·陈皮代茶物理气健脾,"《本草纲目》列陈皮""苦辛，温""，理气、健脾、燥湿；民间习以陈皮一小片沸水泡服，为日常代茶饮。（据古籍本草要点归纳，非逐字转引。）",陈皮茶是中医家常理气代茶饮，取陈皮一小瓣（约 3—5 克），以沸水冲泡、加盖焖数分钟，温时代茶徐饮，可反复冲泡至味淡。要领：用量宜轻，取其芳香之气；饭后或感觉胸脘饱胀时小杯慢饮，空腹不宜过浓。作为古代食养文化与家常饮品，陈皮辛苦性温，意在理气健脾、和中化湿，为日常解腻开胃的清香茶饮。本条目为养生保健参考，不替代诊疗；体…,0,AI预标注，待人工复核
q044,胃痛反复发作，饥饿时加重，用什么方？,case,fuguji_001,《中医外科学》规划教材（要点归纳）,外科,附骨疽·儿童多发四肢长骨端寒战高热骨痛,附骨疽是一种毒气深居、附着于骨的深部脓疡，相当于西医化脓性骨髓炎。多见于儿童，好发于四肢长骨端。病因多为疔疮、外伤后余毒湿热内盛，深窜入骨，或风寒湿邪阻络化热肉腐成脓。临床见寒战高热、局部漫肿骨痛、患肢不能活动。,附骨疽多见于儿童长骨端，起病急、寒战高热、骨端剧痛拒按。本病相当于骨髓炎，属急重症，须及时足量抗感染、必要时手术引流，中医按湿热蕴阻、脓毒蚀骨等用清热解毒、托毒透脓。延误可致骨坏死、窦道经久不愈。本条目为教材要点归纳，供参考；具体诊疗请遵医嘱。,0,AI预标注，待人工复核
q044,胃痛反复发作，饥饿时加重，用什么方？,case,shanghan_428,伤寒论,辨脉法,脉弦而大（第428条）,脉弦而大，弦则为减，大则为芤。减则为寒，芤则为虚。寒虚相搏，此名为革。妇人则半产、漏下，男子则亡血、失精。,本条论述脉诊之脉证。症见脉弦。当审其表里寒热、虚实传变而施治。,0,AI预标注，待人工复核
q044,胃痛反复发作，饥饿时加重，用什么方？,case,xiuqi_001,中医诊断学,四诊,嗅气味,嗅气味包括病体之气与排出物、分泌物之气。教材归纳：一般气味酸腐臭秽者多属实热，无臭或微腥者多属虚寒；其规律为「浊秽为热、腥清为寒」。,口气：口气酸臭多属食积胃肠；口气臭秽多属胃热；口气腐臭兼咳吐脓血多属内痈（肺痈）。汗气：汗出腥膻多属湿热或瘟毒；病室有烂苹果气味多属消渴重证。排出物方面：大便臭秽难闻多属肠腑积热；大便腥臭清稀多属寒湿；小便黄赤混浊有臊臭多属膀胱湿热；经带臭秽黄稠多属湿热下注，带下清稀微腥多属寒湿或脾虚。凡新病、气味浓重臭秽者多实多热；…,0,AI预标注，待人工复核
q044,胃痛反复发作，饥饿时加重，用什么方？,case,daqingye_001,中国药典（2025年版）一部,清热药,大青叶,据《中国药典》2025 年版一部：大青叶为十字花科植物菘蓝 Isatis indigotica Fort. 的干燥叶（药用部位：叶）。性味苦，寒；归心、胃经。功能与主治：清热解毒，凉血消斑；用于温病高热，神昏，发斑发疹，痄腮，喉痹，丹毒，痈肿。用法与用量：9～15g。外用适量。贮藏：置通风干燥处，防霉。,**简明**：大青叶苦寒，清热解毒、凉血消斑，主治温病高热神昏发斑、痄腮喉痹、丹毒痈肿。**详解**：温热发斑配水牛角、玄参、栀子；痄腮喉痹配板蓝根、连翘；丹毒痈肿配金银花、蒲公英。脾胃虚寒者慎用。,1,AI预标注，待人工复核
q044,胃痛反复发作，饥饿时加重，用什么方？,case,taiyinjingzheng_001,《中医诊断学》规划教材（要点归纳）,辨证,太阴经证·里虚寒腹满而吐,太阴经证是脾阳虚衰、寒湿内阻所致的里虚寒证候。以腹满而吐、食不下、自利、时腹自痛、口不渴为辨证要点。病机为中焦虚寒、运化失司、寒湿内盛，属三阴病之虚寒初起。,太阴经证以腹满、自利、时痛、口不渴为特征，属脾胃虚寒，治宜温中健脾，代表方理中汤。与阳明腑实之腹满硬痛拒按、大便秘结鉴别。此为教材要点归纳，供参考；具体诊疗请遵医嘱，不引导自我诊断。,2,AI预标注，待人工复核
q044,胃痛反复发作，饥饿时加重，用什么方？,case,honghualongdan_001,中国药典（2025年版）一部,清热药,红花龙胆,据《中国药典》2025 年版一部：红花龙胆为龙胆科植物红花龙胆 Gentiana rhodantha Franch. ex Hemsl. 的干燥全草（药用部位：全草）。性味苦，寒；归肝、肺经。功能与主治：清热利湿，凉血解毒；用于湿热黄疸，肺热咳嗽，咽喉肿痛，目赤。用法与用量：9～15g。外用适量。贮藏：置干燥处。,**简明**：红花龙胆苦寒，清热利湿而凉血解毒，功似龙胆草，为治湿热黄疸常用。。**详解**：湿热黄疸配茵陈、栀子；肺热咳嗽配黄芩、桑白皮；咽喉肿痛配板蓝根、射干；目赤配菊花、夏枯草。脾胃虚寒者慎用。,0,AI预标注，待人工复核
q044,胃痛反复发作，饥饿时加重，用什么方？,case,jingucao_001,中国药典（2025年版）一部,清热药,筋骨草,据《中国药典》2025 年版一部：筋骨草为唇形科植物筋骨草 Ajuga decumbens Thunb. 的干燥全草（药用部位：全草）。性味苦，寒；归肺、肝经。功能与主治：清热解毒，凉血消肿；用于咽喉肿痛，肺热咯血，跌打肿痛，痈肿疮毒。用法与用量：15～30g。外用适量。贮藏：置干燥处。,**简明**：筋骨草苦寒，清热解毒而凉血消肿，为治咽痛咯血、跌打肿痛常用药。。**详解**：咽喉肿痛配板蓝根、射干；肺热咯血配白茅根、侧柏叶；跌打肿痛可鲜品捣敷；痈肿疮毒配蒲公英、紫花地丁。脾胃虚寒者慎用。,1,AI预标注，待人工复核
q044,胃痛反复发作，饥饿时加重，用什么方？,case,liaodaqingye_001,中国药典（2025年版）一部,清热药,蓼大青叶,据《中国药典》2025 年版一部：蓼大青叶为蓼科植物蓼蓝 Polygonum tinctorium Ait. 的干燥叶（药用部位：叶）。性味苦，寒；归心、胃经。功能与主治：清热解毒，凉血消斑；用于温病发热，发斑发疹，肺热咳嗽，喉痹，丹毒，痈肿。用法与用量：9～15g。外用适量。贮藏：置通风干燥处，防霉。,**简明**：蓼大青叶苦寒，清热解毒而凉血消斑，与菘蓝叶（大青叶）功相似，为治温病斑疹常用。。**详解**：温病高热发斑配生地黄、牡丹皮、玄参；肺热咳嗽配黄芩、桑白皮；喉痹、丹毒可内服外敷。脾胃虚寒者慎用。,1,AI预标注，待人工复核
q044,胃痛反复发作，饥饿时加重，用什么方？,case,shanxiangyuanye_001,中国药典（2025年版）一部,清热药,山香圆叶,据《中国药典》2025 年版一部：山香圆叶为省沽油科植物山香圆 Turpinia arguta Seem. 的干燥叶（药用部位：叶）。性味苦，寒；归肺、肝经。功能与主治：清热解毒，利咽消肿，活血止痛；用于乳蛾喉痹，咽喉肿痛，疮疡肿毒，跌扑伤痛。用法与用量：15～30g。外用适量。贮藏：置通风干燥处。,**简明**：山香圆叶苦寒，清热解毒而利咽消肿，为治急慢性咽炎、扁桃体炎的常用药（山香圆片主药）。。**详解**：乳蛾喉痹、咽喉肿痛配射干、板蓝根、连翘；疮疡肿毒配蒲公英；跌扑伤痛配三七。脾胃虚寒者慎用。,1,AI预标注，待人工复核
q044,胃痛反复发作，饥饿时加重，用什么方？,case,zhenzhumu_001,中国药典（2025年版）一部,平肝息风药,珍珠母,据《中国药典》2025 年版一部：珍珠母为蚌科动物三角帆蚌 Hyriopsis cumingii (Lea)、褶纹冠蚌 Cristaria plicata (Leach) 或珍珠贝科动物马氏珍珠贝 Pteria martensii (Dunker) 的贝壳（药用部位：贝壳）。性味咸，寒；归肝、心经。功能与主治：平肝潜阳…,**简明**：珍珠母咸寒，平肝潜阳、安神定惊、明目退翳（**镇心安神而清肝**），主治肝阳眩晕、烦躁失眠惊悸及目赤翳障。**详解**：眩晕失眠配牡蛎、酸枣仁；肝热目赤配菊花、石决明。**先煎**；脾胃虚寒者慎用。,1,AI预标注，待人工复核
q044,胃痛反复发作，饥饿时加重，用什么方？,case,shipisan_001,《方剂学》规划教材（要点归纳）,祛湿剂,实脾散·温阳健脾行气利水治阴水,"传统方歌：""实脾苓术与木瓜，甘草木香大腹加，草果附姜兼厚朴，虚寒阴水效堪夸。""（《重订严氏济生方》方，据教材要点归纳：厚朴、白术、木瓜、木香、草果仁、大腹子、附子、白茯苓、干姜、甘草，加生姜、大枣，各约常用量，水煎服。）",实脾散为温化水湿、温阳健脾代表方，主治脾肾阳虚之阴水，症见身半以下肿甚、手足不温、口中不渴、胸腹胀满、大便溏薄、苔白腻、脉沉弦而迟。功能温阳健脾、行气利水，为治阴水（虚寒水肿）常用方，温阳与行气利水并行。使用注意：本方温阳健脾，阳水（阳水实证、湿热壅盛）非宜；水肿伴喘促、心衰、肾衰者当结合现代医学诊治。本方为要点归纳，…,0,AI预标注，待人工复核
q044,胃痛反复发作，饥饿时加重，用什么方？,case,baixianpi_001,中国药典（2025年版）一部,清热药,白鲜皮,据《中国药典》2025 年版一部：白鲜皮为芸香科植物白鲜 Dictamnus dasycarpus Turcz. 的干燥根皮（药用部位：根皮）。性味苦，寒；归脾、胃、膀胱经。功能与主治：清热燥湿，祛风解毒；用于湿热疮毒，黄水淋漓，湿疹，风疹，疥癣疮癞，风湿热痹，黄疸尿赤。用法与用量：5～10g。外用适量，煎汤洗或研粉敷…,**简明**：白鲜皮苦寒，清热燥湿、祛风解毒，主治湿热疮毒、湿疹疥癣瘙痒及风湿热痹、黄疸。**详解**：皮肤湿疹瘙痒配苦参、地肤子、防风；湿热黄疸配茵陈、栀子；风湿热痹配防己、薏苡仁。脾胃虚寒者慎用。,0,AI预标注，待人工复核
q044,胃痛反复发作，饥饿时加重，用什么方？,case,huaihua_001,中国药典（2025年版）一部,止血药,槐花,据《中国药典》2025 年版一部：槐花为豆科植物槐 Sophora japonica L. 的干燥花及花蕾（药用部位：花及花蕾）。性味苦，微寒；归肝、大肠经。功能与主治：凉血止血，清肝泻火；用于便血，痔血，血痢，崩漏，吐血，衄血，肝热目赤，头痛眩晕。用法与用量：5～10g。贮藏：置干燥处，防潮，防蛀。  **【古注】】…,**简明**：槐花苦微寒，凉血止血、清肝泻火，善治**肠风痔血**及肝热目赤眩晕。**详解**：便血痔血配侧柏叶、荆芥穗、枳壳（槐花散）；肝热目赤配夏枯草、菊花。炒炭止血力增强，生用清肝泻火力胜。脾胃虚寒者慎用。,1,AI预标注，待人工复核
q044,胃痛反复发作，饥饿时加重，用什么方？,case,pangdaxiao_she_001,《中医诊断学》规划教材（要点归纳）,四诊,胖大舌瘦薄舌·舌体胖大或瘦薄的主病,胖大舌指舌体较正常胖大，甚则伸舌满口、舌边有齿痕，多属脾虚湿盛、阳虚水泛。瘦薄舌指舌体瘦小薄瘪，多属气血两虚或阴虚火旺。舌体胖大色淡多属虚寒；舌体瘦薄色红绛多属阴虚热盛。,胖大舌瘦薄舌以舌体形态大小为辨证眼目，须结合舌色润燥辨寒热虚实。全身水肿、消瘦、持续低热者须就医。此为教材要点归纳，供参考；具体诊疗请遵医嘱，不引导自我诊断。,1,AI预标注，待人工复核
q044,胃痛反复发作，饥饿时加重，用什么方？,case,yinniao_001,《中医儿科学》规划教材（要点归纳）,儿科,遗尿·3岁以上小儿睡中小便自遗,遗尿是指3岁以上小儿睡中小便自遗、醒后方觉的一种病证。病因多为肾气不足、下元虚寒，或肺脾气虚、膀胱失约，或心肾失交、肝经湿热。辨证常见肾气不足、肺脾气虚、心肾失交、肝经湿热等型。,小儿遗尿须先排除尿路感染、脊柱裂、隐性脊柱裂等器质性原因，配合训练排尿习惯。中医分肾气不足（菟丝子散）、肺脾气虚（补中益气汤）等论治。若伴尿痛、发热、腰骶部皮肤异常须及时就医。本条目为教材要点归纳，供参考；具体诊疗请遵医嘱。,1,AI预标注，待人工复核
q044,胃痛反复发作，饥饿时加重，用什么方？,case,weitong_001,中医内科学,脾胃系病证,胃痛,《灵枢·邪气脏腑病形》：「胃脘痛，腹膈胀满，膈咽不通，食饮不下。」指出胃痛主症。元·李东垣《兰室秘藏》首立「胃脘痛」一门，系统论治。（据规划教材《中医内科学·脾胃系病证·胃痛》归纳）,胃痛又称胃脘痛，以上腹胃脘部近心窝处疼痛为主症，常伴痞闷、纳差、泛酸、嘈杂、嗳气、呃逆。病位在胃，与肝、脾关系最为密切，基本病机为胃气郁滞、失于和降、不通则痛。辨证当分虚实寒热气血：寒邪客胃（香苏散合良附丸温胃散寒）、饮食伤胃（保和丸消食导滞）、肝气犯胃（柴胡疏肝散疏肝理气）、湿热中阻（清中汤清化湿热）、瘀血停胃（失笑…,2,AI预标注，待人工复核
q044,胃痛反复发作，饥饿时加重，用什么方？,case,pixu_001,中医诊断学,辨证,脾气虚证与脾阳虚证,脾虚证类。据规划教材《中医诊断学》归纳：脾气虚证以食少纳呆、腹胀（食后益甚）、便溏、肢体倦怠、少气懒言、面色萎黄或㿠白、舌淡苔白、脉缓弱为要点；脾阳虚证在脾气虚基础上兼见腹部冷痛、喜温喜按、畏寒肢冷、或肢体浮肿、妇女带下清稀量多、舌淡胖嫩、脉沉迟无力。,脾气虚治宜健脾益气；脾阳虚治宜温中健脾。二者均见运化失健之食少、腹胀、便溏。鉴别眼目：脾气虚以倦怠、面黄、舌淡脉弱为主，无明显寒象；脾阳虚兼腹部冷痛、喜温喜按、畏寒肢冷、舌淡胖，属寒象明显。脾失升清可致中气下陷（见气虚气陷条），脾不统血可致出血，均为脾气虚之变证。,2,AI预标注，待人工复核
q044,胃痛反复发作，饥饿时加重，用什么方？,case,shanghan_273,伤寒论,辨太阴病脉证并治,太阴病提纲（第273条）,太阴之为病，腹满而吐，食不下，自利益甚，时腹自痛。若下之，必胸下结硬。,本条为太阴病提纲。脾阳虚损、寒湿内盛，气机壅滞则腹满；胃气上逆则吐、食不下；脾失升清则自利益甚；寒湿气滞则时腹自痛。其证属虚属寒，法当温之；若误下则更伤脾阳，致胸下结硬。,0,AI预标注，待人工复核
q044,胃痛反复发作，饥饿时加重，用什么方？,case,pishizheng_001,中医诊断学,辨证,寒湿困脾证与湿热蕴脾证,脾湿实证类。据规划教材《中医诊断学》归纳：寒湿困脾证以脘腹痞闷胀痛、纳呆、泛恶欲吐、口淡不渴、头身困重、便溏、或身目黄色晦暗、苔白腻、脉濡缓为要点；湿热蕴脾证以脘腹痞闷、纳呆呕恶、身目发黄鲜明如橘子色、身重肢倦、皮肤发痒、小便短赤、舌红苔黄腻、脉濡数为要点。,寒湿困脾治宜温中化湿；湿热蕴脾治宜清热利湿。二者均见脾湿中阻之脘痞、纳呆、呕恶、身重、苔腻。鉴别眼目：寒湿困脾兼口淡不渴、便溏、苔白腻、脉濡缓、黄色晦暗；湿热蕴脾兼身目发黄鲜明、小便短赤、苔黄腻、脉濡数。须与肝胆湿热之黄疸鉴别——后者以胁痛、口苦为主，病位在肝胆；本证以脘痞纳呆为主，病位在脾胃。,1,AI预标注，待人工复核
q044,胃痛反复发作，饥饿时加重，用什么方？,case,shanghan_333,伤寒论,辨厥阴病脉证并治,伤寒脉迟反与黄芩汤除热成除中（第333条）,伤寒脉迟，六七日，而反与黄芩汤彻其热。脉迟为寒，今与黄芩汤，复除其热，腹中应冷，当不能食；今反能食，此名除中，必死。,伤寒脉迟为里寒，六七日仍寒，反用黄芩汤寒药彻热，则腹中更冷，当不能食；今反能食，是胃气垂绝之除中证，必危。此为误治成除中之例，示人寒证不可误用寒凉。,0,AI预标注，待人工复核
q044,胃痛反复发作，饥饿时加重，用什么方？,case,weibing_001,中医诊断学,辨证,胃气虚、胃热、胃阴虚与食滞胃脘证,胃病辨证。据规划教材《中医诊断学》归纳：胃气虚证以胃脘隐痛或痞胀、食纳不振、食后胀甚、嗳气、面色萎黄、舌淡苔白、脉弱为要点；胃热证以胃脘灼痛、吞酸嘈杂、渴喜冷饮、消谷善饥、口臭、牙龈肿痛溃烂、便秘、舌红苔黄、脉滑数为要点；胃阴虚证以胃脘隐痛、饥不欲食、口燥咽干、大便干结、舌红少苔或无苔、脉细数为要点；食滞胃脘证以胃脘胀…,胃气虚治宜益气养胃；胃热治宜清胃泻火；胃阴虚治宜滋养胃阴；食滞胃脘治宜消食导滞。胃病均以胃脘痞胀疼痛为主症。鉴别眼目：胃气虚为隐痛痞胀、食后胀甚、舌淡脉弱（虚）；胃热为灼痛、消谷善饥、口臭龈肿、苔黄（实热）；胃阴虚为饥不欲食、口干便干、舌红少苔（虚热）；食滞胃脘为胀痛嗳腐、吐后痛减、苔厚腻（食积实证）。,1,AI预标注，待人工复核
q044,胃痛反复发作，饥饿时加重，用什么方？,case,shanghan_067,伤寒论,辨太阳病脉证并治中,茯苓桂枝白术甘草汤证（第67条）,伤寒，若吐若下后，心下逆满，气上冲胸，起则头眩，脉沉紧，发汗则动经，身为振振摇者，茯苓桂枝白术甘草汤主之。 茯苓桂枝白术甘草汤方 茯苓四两 桂枝三两 白术二两 甘草二两（炙）右四味，以水六升，煮取三升，去滓，分温三服。,本条论脾虚水停证。伤寒若吐若下后，心下逆满、气上冲胸、起则头眩、脉沉紧，发汗则动经、身为振振摇者，茯苓桂枝白术甘草汤主之。苓术健脾利水，桂甘温阳化饮。,0,AI预标注，待人工复核
q044,胃痛反复发作，饥饿时加重，用什么方？,case,ligao_001,中医各家学说,医家,李杲·补土派主内伤脾胃百病由生,"《脾胃论》：""元气之充足，皆由脾胃之气无所伤，而后能滋养元气；若胃气之本弱，饮食自倍，则脾胃之气既伤，而元气亦不能充，而诸病之所由生也。""其论""内伤脾胃，百病由生""。","李杲，字明之，号东垣老人，金真定人，约生活于公元1180—1251年，为金元四大家之一、补土派（脾胃学派）创始人。幼从易水张元素学医，尽得其传。时值金元战乱，民多饥饱劳役、忧恐交加，外感内伤之疾蜂起。东垣承师脏腑辨证之学，独重脾胃，提出""内伤脾胃，百病由生""，谓脾胃为元气之本、升降运化之枢，饮食劳倦、七情内伤致脾胃气虚…",1,AI预标注，待人工复核
q044,胃痛反复发作，饥饿时加重，用什么方？,case,suwen_029,黄帝内经素问,太阴阳明论篇第二十九,太阴阳明论篇第二十九,黄帝问曰：太阴阳明为表里，脾胃脉也，生病而异者，何也？岐伯对曰：阴阳异位，更虚更实，更逆更从，或从内，或从外，所从不同，故病异名也。帝曰：愿闻其异状也？岐伯曰：阳者天气也，主外；阴者地气也，主内。故阳道实，阴道虚。故犯贼风虚邪者，阳受之；食饮不节，起居不时者，阴受之。阳受之则入六腑，阴受之则入五脏。入六腑则身热不时卧，…,本篇论太阴阳明脾胃为表里而生病异名之理。谓阳道实、阴道虚，贼风虚邪阳受之入六腑，食饮不节、起居不时阴受之入五脏。阳受风气、阴受湿气，伤于风者上先受之，伤于湿者下先受之。又释脾病四肢不用，以脾为胃行其津液；脾不独主于时，常以四时长四脏、各十八日寄治。,1,AI预标注，待人工复核
q044,胃痛反复发作，饥饿时加重，用什么方？,case,shanghan_070,伤寒论,辨太阳病脉证并治中,汗后恶寒为虚不恶寒但热为实（第70条）,发汗后，恶寒者，虚故也；不恶寒，但热者，实也。当和胃气，与调胃承气汤。,本条辨汗后寒热虚实。发汗后恶寒者虚故也；不恶寒但热者实也，当和胃气，与调胃承气汤。以恶寒与但热辨虚实。,0,AI预标注，待人工复核
q044,胃痛反复发作，饥饿时加重，用什么方？,case,futong_001,中医内科学,脾胃系病证,腹痛,《素问·举痛论》：「寒气客于小肠，小肠不得成聚，故后泄腹痛矣。」又云「热气留于小肠，肠中痛，瘅热焦渴，则坚干不得出，故痛而闭不通矣」。《金匮要略》立寒疝、实痛、虚痛辨证论治大纲。（据规划教材《中医内科学·脾胃系病证·腹痛》归纳）,腹痛指胃脘以下、耻骨毛际以上部位发生疼痛为主症的病证，可伴腹胀、泄泻、便秘、恶心、纳差。病位在腹，涉及肝、胆、脾、肾、膀胱、大小肠及足三阴、足少阳、手足阳明、冲、任等经脉。基本病机为脏腑气机不利、气血运行不畅，或经脉失养，不通则痛或不荣则痛。辨证当分寒热虚实气血：寒邪内阻（良附丸合正气天香散散寒温里）、湿热壅滞（大承气…,2,AI预标注，待人工复核
q044,胃痛反复发作，饥饿时加重，用什么方？,case,huangshanyao_001,中国药典（2025年版）一部,理气药,黄山药,据《中国药典》2025 年版一部：黄山药为薯蓣科植物黄山药 Dioscorea panthaica Prain et Burkill 的干燥根茎（药用部位：根茎）。性味苦、微辛，平；归胃、心经。功能与主治：理气止痛，解毒消肿；用于胃痛，吐泻腹痛，跌打损伤；外治疮痈肿毒，瘰疬痰核。用法与用量：15～30g。外用适量，捣烂…,**简明**：黄山药苦微辛平，理气止痛而解毒消肿，为治胃痛、吐泻腹痛的常用药（地奥心血康原料）。。**详解**：胃痛配延胡索、香附；吐泻腹痛配藿香、木香；跌打损伤配三七捣敷；疮痈肿毒、瘰疬痰核外敷。,3,AI预标注，待人工复核
q044,胃痛反复发作，饥饿时加重，用什么方？,case,shanghan_102,伤寒论,辨太阳病脉证并治中,调胃承气汤证过经谵语（第102条）,伤寒十三日不解，过经，谵语者，以有热也，当以汤下之。若小便利者，大便当硬，而反下利，脉调和者，知医以丸药下之，非其治也。若自下利者，脉当微厥，今反和者，此为内实也，调胃承气汤主之。,本条论过经谵语辨治。伤寒十三日不解，过经谵语者，以有热也，当以汤下之。若小便利者大便当硬而反下利、脉调和者，知医以丸药下之，非其治也。此为内实，调胃承气汤主之。,0,AI预标注，待人工复核
q044,胃痛反复发作，饥饿时加重，用什么方？,case,shihu_001,中国药典（2025年版）一部,补虚药,石斛,据《中国药典》2025 年版一部：石斛为兰科植物金钗石斛 Dendrobium nobile Lindl.、鼓槌石斛 Dendrobium chrysotoxum Lindl. 或流苏石斛 Dendrobium fimbriatum Hook. 的栽培品及其同属植物近似种的新鲜或干燥茎（药用部位：茎）。性味甘，微寒；归…,**简明**：石斛甘微寒，益胃生津、滋阴清热（**专养胃阴、清虚热**），主治热病津伤口干烦渴、胃阴不足干呕、阴虚虚热及目暗不明。**详解**：胃阴不足配沙参、麦冬；阴虚虚热配生地黄、地骨皮；目暗不明配枸杞子、菊花（石斛夜光丸）。**鲜用滋阴力佳**；虚而无热者慎用。,0,AI预标注，待人工复核
q044,胃痛反复发作，饥饿时加重，用什么方？,case,piman_001,中医内科学,脾胃系病证,痞满,《素问·太阴阳明论》：「饮食不节，起居不时者，阴受之……入五脏则䐜满闭塞。」《伤寒论·辨太阳病脉证并治》明确提出「但满而不痛者，此为痞」，立诸泻心汤治法。（据规划教材《中医内科学·脾胃系病证·痞满》归纳）,痞满以胸脘痞塞满闷不舒、按之柔软、压之不痛、视之无胀大之形为临床特征。病位在胃，与肝、脾相关，基本病机为脾胃功能失调、升降失司、胃气壅塞。辨证当辨虚实：实痞多由饮食停滞、痰湿内阻、湿热蕴结、肝胃气滞所致——饮食内停（保和丸消食和胃）、痰湿中阻（二陈平胃汤除湿化痰）、湿热阻胃（泻心汤合连朴饮清热化湿）、肝胃不和（越鞠丸合…,0,AI预标注，待人工复核
q044,胃痛反复发作，饥饿时加重，用什么方？,case,jianpiwan_001,《方剂学》规划教材（要点归纳）,消食剂,健脾丸·健脾和胃消食止泻治脾虚食积,"传统方歌：""健脾参术苓草陈，肉蔻香连合砂仁，楂肉山药曲麦炒，消补兼施不伤正。""（王肯堂《证治准绳》方，据教材要点归纳：白术、木香、黄连、甘草、茯苓、人参、神曲、陈皮、砂仁、麦芽、山楂、山药、肉豆蔻，各约常用量，为丸或煎服。）",健脾丸为健脾和胃、消食止泻代表方，主治脾虚食积证，症见食少难消、脘腹痞闷、大便溏薄、苔腻微黄、脉象虚弱。功能健脾和胃、消食止泻，消补兼施、补大于消，为治脾虚食少、消化不良常用方。使用注意：本方消补兼施，食积重而正气未虚者非宜；纯虚无积者不宜再投消导。本方为要点归纳，供参考；具体用药请遵医嘱。,0,AI预标注，待人工复核
q044,胃痛反复发作，饥饿时加重，用什么方？,case,tieshipishihu_001,中国药典（2025年版）一部,补虚药,铁皮石斛,据《中国药典》2025 年版一部：铁皮石斛为兰科植物铁皮石斛 Dendrobium officinale Kimura et Migo 的干燥茎（药用部位：茎）。性味甘，微寒；归胃、肾经。功能与主治：益胃生津，滋阴清热；用于热病津伤，口干烦渴，胃阴不足，食少干呕，阴虚火旺，骨蒸劳热。用法与用量：6～12g。贮藏：置通风…,**简明**：铁皮石斛甘微寒，益胃生津而滋阴清热，为治胃阴不足、口干烦渴的上品。。**详解**：热病津伤、口干烦渴配麦冬、天花粉；胃阴不足、食少干呕配沙参、玉竹；阴虚火旺、骨蒸劳热配生地黄、地骨皮。**脾胃虚寒者慎用**。,1,AI预标注，待人工复核
q044,胃痛反复发作，饥饿时加重，用什么方？,case,suwen_053,黄帝内经素问,刺志论篇五十三,刺志论篇五十三,黄帝问曰：愿闻虚实之要。 岐伯对曰：气实形实，气虚形虚，此其常也，反此者病。谷盛气盛，谷虚气虚，此其常也，反此者病。脉实血实，脉虚血虚，此其常也，反此者病。 帝曰：如何而反？ 岐伯曰：气盛身寒，此谓反也。气虚身热，此谓反也。（读注：此二句，各本多只有后一句。《甲乙经》二句并作：“气盛身寒，气虚身热。”明•马莳增补为二句…,本篇论虚实之常与反。气实形实、气虚形虚，谷盛气盛、谷虚气虚，脉实血实、脉虚血虚，此其常也，反此者病。所谓反者：气盛身寒、气虚身热，谷入多而气少、谷不入而气多，脉盛血少、脉少血多。并释其故：气盛身寒得之伤寒，气虚身热得之伤暑；谷多气少为脱血湿居下，谷少气多为邪在胃及肺；脉小血多为饮中热，脉大血少为脉有风气水浆不入。末言实…,0,AI预标注，待人工复核
q044,胃痛反复发作，饥饿时加重，用什么方？,case,zhigancao_001,中国药典（2025年版）一部,补虚药,炙甘草,据《中国药典》2025 年版一部：炙甘草系甘草蜜炙品，为豆科植物甘草 Glycyrrhiza uralensis Fisch.、胀果甘草 Glycyrrhiza inflata Bat. 或光果甘草 Glycyrrhiza glabra L. 的干燥根和根茎经蜜炙而成（药用部位：蜜炙根及根茎）。味甘性平，蜜炙后性偏温润…,**简明**：炙甘草系甘草蜜炙品，甘平偏温，长于补脾和胃、益气复脉，为治脾胃气虚与心动悸、脉结代的要药。**详解**：心之气虚血少、心动悸脉结代，配生地黄、人参、桂枝、阿胶（炙甘草汤，即复脉汤）；脾胃虚弱倦怠乏力，配人参、白术、茯苓（四君子汤意）。**炙用补中益气、生用清热解毒**；仍属「十八反」范畴，反海藻、大戟、甘…,2,AI预标注，待人工复核
q044,胃痛反复发作，饥饿时加重，用什么方？,case,biba_001,中国药典（2025年版）一部,温里药,荜茇,据《中国药典》2025 年版一部：荜茇为胡椒科植物荜茇 Piper longum L. 的干燥近成熟或成熟果穗（药用部位：果穗）。性味辛，热；归胃、大肠经。功能与主治：温中散寒，下气止痛；用于脘腹冷痛，呕吐，泄泻，寒凝气滞，胸痹心痛，头痛，牙痛。用法与用量：1.5～3g。外用适量，研末塞龋齿孔中。贮藏：置阴凉干燥处，防…,**简明**：荜茇辛热，温中散寒、下气止痛，主治胃寒脘腹冷痛、呕吐泄泻及胸痹牙痛（外用塞龋齿孔）。**详解**：胃寒吐泻配高良姜、干姜；寒凝胸痛配延胡索、檀香；牙痛研末外用。实热郁火者忌用。,2,AI预标注，待人工复核
q044,胃痛反复发作，饥饿时加重，用什么方？,case,shanghan_097,伤寒论,辨太阳病脉证并治中,小建中汤证及小柴胡汤（第97条）,伤寒，阳脉涩，阴脉弦，法当腹中急痛者，先与小建中汤；不差者，与小柴胡汤主之。 小建中汤方 桂枝三两（去皮，味辛热） 甘草三两（炙，味甘平） 大枣十二枚（掰，味甘温） 芍药六两（味酸微寒） 生姜三两（切，味辛温） 胶饴一升（味甘温）右六味，以水七升，煮取三升，去滓，内胶饴，更上微火，消解，温服一升，日三服。呕家不可用建中…,本条论少阳兼里虚腹痛。伤寒阳脉涩、阴脉弦，法当腹中急痛者，先与小建中汤补虚缓急；不差者，与小柴胡汤主之。小建中汤温中健脾、和里缓急。,2,AI预标注，待人工复核
q044,胃痛反复发作，饥饿时加重，用什么方？,case,hongdoukou_001,中国药典（2025年版）一部,温里药,红豆蔻,据《中国药典》2025 年版一部：红豆蔻为姜科植物大高良姜 Alpinia galanga Willd. 的干燥成熟果实（药用部位：成熟果实）。性味辛，温；归脾、胃经。功能与主治：散寒燥湿，醒脾消食；用于脘腹冷痛，食积胀满，呕吐泄泻，饮酒过多。用法与用量：3～6g。外用适量。贮藏：置阴凉干燥处。  **【古注】】 《本…,**简明**：红豆蔻辛温，散寒燥湿、醒脾消食，主治脘腹冷痛、食积胀满、呕吐泄泻及饮酒过多（解酒毒）。**详解**：胃寒脘痛配高良姜、香附；食积不消配山楂、麦芽；呕吐配半夏、生姜。阴虚有热者忌用。,0,AI预标注，待人工复核
q044,胃痛反复发作，饥饿时加重，用什么方？,case,shanghan_332,伤寒论,辨厥阴病脉证并治,伤寒始发热六日厥反九日辨除中（第332条）,伤寒始发热，六日，厥反九日而利。凡厥利者，当不能食，今反能食者，恐为除中，食以索饼，不发热者，知胃气尚在，必愈，恐暴热来出而复去也。后三日脉之，其热续在者，期之旦日夜半愈。所以然者，本发热六日，厥反九日，复发热三日，并前六日，亦为九日，与厥相应，故期之旦日夜半愈。后三日脉之而脉数，其热不罢者，此为热气有余，必发痈脓也。,伤寒发热六日而厥九日，属阴盛阳衰。厥利当不能食，反能食者恐为除中（胃气绝）。以索饼试之，不暴热者为胃气尚在，必愈；若热与厥日数相应，如期而愈。若热势不退、脉数不罢，则为热气有余，必发痈脓。,0,AI预标注，待人工复核
q044,胃痛反复发作，饥饿时加重，用什么方？,case,gaoliangjiang_001,中国药典（2025年版）一部,温里药,高良姜,据《中国药典》2025 年版一部：高良姜为姜科植物高良姜 Alpinia officinarum Hance 的干燥根茎（药用部位：根茎）。性味辛，热；归脾、胃经。功能与主治：温胃止呕，散寒止痛；用于脘腹冷痛，胃寒呕吐，嗳气吞酸。用法与用量：3～6g。贮藏：置阴凉干燥处。  **【古注】】 《本草纲目》：高良姜辛热纯阳…,**简明**：高良姜辛热，温胃止呕、散寒止痛，专主**胃寒**脘腹冷痛、呕吐吞酸。**详解**：胃寒脘痛配香附（良附丸，一温一理）；寒呕配半夏、生姜。与干姜相比长于温胃止痛，干姜长于温脾散寒。阴虚有热者忌用。,0,AI预标注，待人工复核
q044,胃痛反复发作，饥饿时加重，用什么方？,case,shanzha_001,中国药典（2025年版）一部,消食药,山楂,据《中国药典》2025 年版一部：山楂为蔷薇科植物山里红 Crataegus pinnatifida Bge. var. major N. E. Br. 或山楂 Crataegus pinnatifida Bge. 的干燥成熟果实（药用部位：成熟果实）。性味酸、甘，微温；归脾、胃、肝经。功能与主治：消食健胃，行气散瘀，…,**简明**：山楂酸甘微温，消食健胃（善消**肉食积滞**）、行气散瘀、化浊降脂，主治肉积脘胀、泻痢腹痛、瘀血经闭及高脂血症。**详解**：肉食积滞配莱菔子、神曲（保和丸）；瘀血经闭配当归、川芎；胸痹高脂配丹参、决明子。生用活血化瘀，焦用消食导滞。胃酸过多、胃溃疡者慎用，孕妇忌多食。,0,AI预标注，待人工复核
q044,胃痛反复发作，饥饿时加重，用什么方？,case,outu_001,中医内科学,脾胃系病证,呕吐,《素问·举痛论》：「寒气客于肠胃，厥逆上出，故痛而呕也。」《金匮要略·呕吐哕下利病脉证治》专篇立论，出半夏泻心汤、小半夏汤等方。（据规划教材《中医内科学·脾胃系病证·呕吐》归纳）,呕吐是因胃失和降、气逆于上，迫使胃中之物（食物、痰涎、水饮）从口中吐出的病证，或干呕而无物有声。病位在胃，与肝、脾密切相关，病机总属胃失和降、胃气上逆。辨证当分虚实：实证多由外邪、饮食、痰饮、肝气犯胃所致——外邪犯胃（藿香正气散疏邪化浊）、食滞内停（保和丸消食化滞）、痰饮内停（小半夏汤合苓桂术甘汤温化痰饮）、肝气犯胃（…,1,AI预标注，待人工复核
q044,胃痛反复发作，饥饿时加重，用什么方？,case,zhongwan_001,针灸学,任脉,中脘,出《针灸甲乙经》。,中脘为胃募穴、八会穴之腑会，定位在上腹部，前正中线上，脐中上4寸。为治脾胃病主穴，主治胃痛、呕吐、呃逆、腹胀泄泻、纳呆、黄疸，及癫狂、失眠。刺法：直刺1～1.5寸；可灸。,3,AI预标注，待人工复核
q044,胃痛反复发作，饥饿时加重，用什么方？,case,wei_001,《中医基础理论》规划教材（要点归纳）,藏象,胃·受纳腐熟水谷主通降,"胃为六腑之一，主要生理功能：受纳、腐熟水谷，接受和容纳饮食，并初步消化；主通降，将初步消化的食物下传小肠。胃为""水谷气血之海""，与脾相表里，合称""后天之本""。足阳明胃经与足太阴脾经相表里。",胃主受纳腐熟、主通降，与脾主运化升清相配合，共同完成水谷消化吸收。胃气以下行为顺，胃失和降则见纳呆、脘胀、嗳气、呕恶。临床消化系统症状多脾胃并论。本条为基础理论，不涉及具体诊疗。,1,AI预标注，待人工复核
q044,胃痛反复发作，饥饿时加重，用什么方？,case,wenyinshi_001,《中医诊断学》规划教材（要点归纳）,四诊,问饮食口味·食欲食量口味偏嗜辨脾胃,问饮食口味是询问患者口渴与饮水、食欲与食量、口味与偏嗜情况以判断脾胃盛衰、津液存亡及寒热虚实的诊法。食欲减退多属脾胃虚弱；多食易饥多属胃火；口渴多饮多属热盛伤津；口淡乏味多属脾虚；口甜黏腻多属湿热；口苦多属热；口咸多属肾病或寒。,问饮食以食欲食量察脾胃、口渴饮水察津液、口味察寒热脏腑：多食易饥属胃火，口淡属脾虚，口甜黏腻属湿热。久病不能食而突然暴食为除中，属危候。此为教材要点归纳，供参考；具体诊疗请遵医嘱，不引导自我诊断。,0,AI预标注，待人工复核
q044,胃痛反复发作，饥饿时加重，用什么方？,case,yanshi_001,《中医儿科学》规划教材（要点归纳）,儿科,厌食·较长时期食欲不振见食不贪,厌食是小儿较长时期见食不贪、食欲不振，甚至拒食的病证。病因多为喂养不当、他病伤脾、先天不足、情志失调；辨证分脾失健运、脾胃气虚、脾胃阴虚等型。,厌食治疗以运脾开胃为原则，脾失健运者调和脾胃，脾胃气虚者健脾益气，脾胃阴虚者养胃育阴。同时注意纠正不良饮食习惯。明显消瘦、体重不增者须就医。教材要点归纳，供参考；具体诊疗请遵医嘱。,2,AI预标注，待人工复核
q044,胃痛反复发作，饥饿时加重，用什么方？,case,shanghan_280,伤寒论,辨太阴病脉证并治,太阴胃气弱减大黄芍药（第280条）,太阴为病脉弱，其人续自便利，设当行大黄芍药者，宜减之，以其人胃气弱，易动故也。,太阴病脉弱、续自便利，其人胃气本虚。虽属腹满时痛之证，当用大黄、芍药者，亦宜酌减用量，恐苦寒攻下更伤胃气、易致动泻，示人中虚者攻邪宜慎。,0,AI预标注，待人工复核
q044,胃痛反复发作，饥饿时加重，用什么方？,case,tanxiang_001,中国药典（2025年版）一部,理气药,檀香,据《中国药典》2025 年版一部：檀香为檀香科植物檀香 Santalum album L. 的干燥心材（药用部位：心材）。性味辛，温；归脾、胃、心、肺经。功能与主治：行气温中，开胃止痛；用于寒凝气滞，胸膈不舒，胸痹心痛，脘腹疼痛，呕吐食少。用法与用量：2～5g，后下。贮藏：置阴凉干燥处。  **【古注】】 《本草纲目》…,**简明**：檀香辛温，行气温中、开胃止痛，主治寒凝气滞之胸痹心痛、脘腹冷痛、呕吐食少。**详解**：胸痹心痛配丹参、砂仁（丹参饮）；寒凝胃痛配沉香、香附。含挥发油，**后下**；阴虚火旺者慎用。,3,AI预标注，待人工复核
q044,胃痛反复发作，饥饿时加重，用什么方？,case,tongxieyaofang_001,《方剂学》规划教材（要点归纳）,和解剂,痛泻要方·补脾柔肝祛湿止泻,"传统方歌：""痛泻要方用陈皮，术芍防风共成剂，肠鸣泄泻腹又痛，治在扶土抑木即。""（刘草窗方，出《丹溪心法》，据教材要点归纳：白术、白芍、陈皮、防风，各约常用量，水煎服。）",痛泻要方为补脾柔肝、祛湿止泻代表方，主治脾虚肝旺之痛泻，症见肠鸣腹痛、大便泄泻、泻必腹痛、舌苔薄白、脉左弦右缓。功能补脾柔肝、祛湿止泻，适用于肝气乘脾、肠鸣腹痛而泻之证。使用注意：湿热泻痢、食滞泄泻非本方所宜；泻久脾虚甚者可配伍健脾药。本方为要点归纳，供参考；具体用药请遵医嘱。,0,AI预标注，待人工复核
q044,胃痛反复发作，饥饿时加重，用什么方？,case,gansong_001,中国药典（2025年版）一部,理气药,甘松,据《中国药典》2025 年版一部：甘松为败酱科植物甘松 Nardostachys jatamansi DC. 的干燥根及根茎（药用部位：根及根茎）。性味辛、甘，温；归脾、胃经。功能与主治：理气止痛，开郁醒脾；用于脘腹胀满，食欲不振，呕吐；外治牙痛，脚气肿毒。用法与用量：3～6g。外用适量，泡汤漱口或煎汤洗脚。贮藏：置阴…,**简明**：甘松辛甘温，理气止痛、开郁醒脾，主治脘腹胀满、食欲不振、呕吐，外治牙痛脚气。**详解**：脘腹胀痛配木香、砂仁；食欲不振配陈皮、麦芽；牙痛煎汤含漱。气虚血热者慎用。,0,AI预标注，待人工复核
q044,胃痛反复发作，饥饿时加重，用什么方？,case,lingshu_063,灵枢经,五味论篇六十三,五味论篇六十三,黄帝问于少俞曰：五味入于口也，各有所走，各有所病。酸走筋，多食之，令人癃；咸走血，多食之，令人渴；辛走气，多食之，令人洞心；苦走骨，多食之，令人变呕；甘走肉，多食之，令人悗心。余知其然也，不知其何由？愿闻其故。 少俞答曰：酸入于胃，其气涩以收，上之两焦，弗能出入也，不出即留于胃中，胃中和温，则下注膀胱，膀胱之胞薄以懦，…,本篇论五味多食各伤何脏何病。酸入胃其气涩收，留胃中下注膀胱，胞薄懦得酸缩绻约而不通故癃，酸走筋。咸入胃注脉，血与咸相得则凝，胃汁注之则胃竭咽路焦故渴，咸走血。辛走气入上焦，久留心下故洞心。苦入胃五谷不能胜苦，三焦道闭故变呕，苦走骨。甘入胃气弱小留胃中，胃柔则缓虫动故悗心，甘走肉。,0,AI预标注，待人工复核
q044,胃痛反复发作，饥饿时加重，用什么方？,case,tiaoweichengqitang_001,伤寒论,辨太阳病脉证并治中,调胃承气汤方,太阳病未解，脉阴阳俱停，必先振栗，汗出而解。但阳脉微者，先汗出而解；但阴脉微者，下之而解。若欲下之，宜调胃承气汤主之。,调胃承气汤由大黄、芒硝、炙甘草组成，泻热通便而力缓，主治阳明腑实之燥实为主而痞满不甚者，症见蒸蒸发热、心烦、腹胀满、大便不通。大黄、芒硝泻热软坚，甘草缓急和中，使攻下而不伤胃气。,0,AI预标注，待人工复核
q044,胃痛反复发作，饥饿时加重，用什么方？,case,suwen_046,黄帝内经素问,病能论篇四十六,病能论篇四十六,黄帝问曰：人病胃脘痈者，诊当何如？ 岐伯对曰：诊此者当候胃脉，其脉当沉细，沉细者气逆，逆者，人迎甚盛，甚盛则热。人迎者，胃脉也，逆而盛，则热聚于胃口而不行，故胃脘为痈也。 帝曰：善。人有卧而有所不安者，何也？ 岐伯曰：藏有所伤，及精有所之寄则安，故人不能悬其病也。 帝曰：人之不得偃卧者，何也？ 岐伯曰：肺者脏之盖也，肺…,本篇论数种奇邪病证及诊治。胃脘痈当候胃脉沉细、人迎甚盛，热聚胃口而成痈；卧不安、不得偃卧各有所因；有病厥者右脉沉紧应冬、左脉浮迟逆时，病主在肾而腰痛。颈痈同名异等，气息者针除、气盛血聚者石泻，为同病异治。怒狂生于阳厥，因暴折难决，夺其食即已，服生铁洛饮下气。身热汗出恶风少气者名酒风，治以泽泻术麋衔。末释《上经》《下经》…,0,AI预标注，待人工复核
q044,胃痛反复发作，饥饿时加重，用什么方？,case,shanghan_214,伤寒论,辨阳明病脉证并治,调胃承气汤证治（第214条）,阳明病，不吐不下，心烦者，可与调胃承气汤。,本条论述阳明病之脉证。症见烦。治以调胃承气汤（缓下热结），药后观其进退。,0,AI预标注，待人工复核
q044,胃痛反复发作，饥饿时加重，用什么方？,case,weicang_001,针灸学,足太阳膀胱经,胃仓,出《针灸甲乙经》。,胃仓定位在脊柱区，第12胸椎棘突下，后正中线旁开3寸，与胃俞平列，属足太阳膀胱经。长于和胃消食、健脾利水，主治腹胀、胃痛、小儿食积、水肿及背脊痛。刺法：斜刺0.5～0.8寸。,2,AI预标注，待人工复核
q044,胃痛反复发作，饥饿时加重，用什么方？,case,shanghan_260,伤寒论,辨阳明病脉证并治,调胃承气汤证治（第260条）,伤寒吐后，腹胀满者，与调胃承气汤。,本条论述阳明病之脉证。治以调胃承气汤（缓下热结），药后观其进退。,0,AI预标注，待人工复核
q044,胃痛反复发作，饥饿时加重，用什么方？,case,changyanningpian_001,《中国药典》一部/药品说明书（要点归纳）,消导/理气/中成药,肠炎宁片·清热利湿行气,据现行版《中国药典》一部与药品说明书要点归纳：本品由地锦草、金毛耳草、樟树根、香薷、枫香树叶等组成，具清热利湿、行气之功，用于大肠湿热所致泄泻，症见大便泄泻、腹痛腹胀；急慢性胃肠炎、腹泻、小儿消化不良见上述证候者。用法用量按说明书口服。,肠炎宁片为清热利湿止泻类中成药，用于大肠湿热之急慢性胃肠炎、腹泻腹痛。本品性偏寒凉，脾胃虚寒泄泻、寒湿痢者慎用。服药期间饮食宜清淡，忌烟酒辛辣油腻；腹泻伴高热、剧烈腹痛、脓血便或脱水者应及时就医。本条目为中成药，请按说明书或在医师指导下使用。,0,AI预标注，待人工复核
q044,胃痛反复发作，饥饿时加重，用什么方？,case,shuganheweiwan_001,《中国药典》一部/药品说明书（要点归纳）,消导/理气/中成药,舒肝和胃丸·疏肝解郁和胃止痛,据现行版《中国药典》一部与药品说明书要点归纳：本品由香附、白芍、佛手、郁金、白术、陈皮、广藿香、木香、砂仁、柴胡、炙甘草等组成，具舒肝解郁、和胃止痛之功，用于肝胃不和，两胁胀满，食欲不振，嗳气泛酸，恶心呕吐，胃脘胀痛，大便失调。用法用量按说明书口服。,舒肝和胃丸为常用疏肝和胃类中成药，用于肝胃不和之胁胀、纳呆、嗳气泛酸、胃脘胀痛。服药期间忌情绪激动、忌生冷油腻；孕妇慎用，脾胃阴虚、肝阴不足者不宜。本条目为中成药，请按说明书或在医师指导下使用。,1,AI预标注，待人工复核
q045,关节疼痛遇寒加重，屈伸不利，怎么治？,case,haifengteng_001,中国药典（2025年版）一部,祛风湿药,海风藤,据《中国药典》2025 年版一部：海风藤为胡椒科植物风藤 Piper kadsura (Choisy) Ohwi 的干燥藤茎（药用部位：藤茎）。性味辛、苦，微温；归肝经。功能与主治：祛风湿，通经络，止痹痛；用于风寒湿痹，肢节疼痛，筋脉拘挛，屈伸不利。用法与用量：6～12g。贮藏：置通风干燥处。,**简明**：海风藤辛苦微温，祛风湿、通经络、止痹痛，主治风寒湿痹、肢节疼痛、筋脉拘挛。**详解**：风湿痹痛配威灵仙、秦艽、羌活；筋脉拘挛配伸筋草、当归。阴虚血燥者慎用。,1,AI预标注，待人工复核
q045,关节疼痛遇寒加重，屈伸不利，怎么治？,case,shanghan_560,伤寒论,辨痉湿暍脉证,太阳病（第560条）,太阳病，关节疼痛而烦，脉沉而细（一作缓）者，此名湿痹（一云中湿）。湿痹之候，其人小便不利，大便反快，但当利其小便。,本条论述痉湿暍之脉证。症见脉沉、烦、小便不利。当审其表里寒热、虚实传变而施治。,3,AI预标注，待人工复核
q045,关节疼痛遇寒加重，屈伸不利，怎么治？,case,bizheng_001,中医内科学,气血津液病证,痹证,"痹证是由于风、寒、湿、热等邪气闭阻经络，影响气血运行，导致肢体筋骨、关节、肌肉等处发生疼痛、重着、酸楚、麻木，或关节屈伸不利、僵硬、肿大、变形等症状的病证。《素问·痹论》：""风寒湿三气杂至，合而为痹也。其风气胜者为行痹，寒气胜者为痛痹，湿气胜者为着也。""又云：""以冬遇此者为骨痹，以春遇此者为筋痹。""教材以行、痛、着三痹…",痹证基本病机为邪气痹阻经络、气血运行不畅。辨证首辨风、寒、湿、热偏盛：关节酸痛游走不定为行痹（风盛）；疼痛剧烈、得温痛减为痛痹（寒盛）；肢体沉重酸痛、肌肤不仁为着痹（湿盛）；关节红肿灼热疼痛为热痹。久痹可致痰瘀痹阻、肝肾两虚。分证论治：行痹治以祛风通络、散寒除湿，方用防风汤；痛痹治以散寒通络、祛风除湿，方用乌头汤；着痹…,2,AI预标注，待人工复核
q045,关节疼痛遇寒加重，屈伸不利，怎么治？,case,yatong_001,《中医口腔科学》规划教材（要点归纳）,五官,牙痛·牙齿疼痛遇冷热酸甜加重,牙痛是指牙齿因各种原因引起的疼痛，遇冷热酸甜刺激加重，常伴牙龈红肿或出血、牙齿松动。病机多为胃火炽盛、风火上攻、虚火上炎或龋齿。辨证分胃火炽盛、风火上攻、虚火上炎、龋齿等型。,牙痛须先明确病因（龋齿、牙髓炎、牙周炎等）。胃火炽盛用清胃散，风火用疏风清热，虚火用知柏地黄丸，配合针灸（颊车、下关、合谷）与局部处理。剧烈跳痛、面部肿胀发热须及时就医。本条目为教材要点归纳，供参考；具体诊疗请遵医嘱。,0,AI预标注，待人工复核
q045,关节疼痛遇寒加重，屈伸不利，怎么治？,case,shenjincao_001,中国药典（2025年版）一部,祛风湿药,伸筋草,据《中国药典》2025 年版一部：伸筋草为石松科植物石松 Lycopodium japonicum Thunb. 的干燥全草（药用部位：全草）。性味微苦、辛，温；归肝、脾经。功能与主治：祛风除湿，舒筋活络；用于关节酸痛，屈伸不利。用法与用量：3～12g。贮藏：置干燥处。  **【古注】】 《本草拾遗》：石松（伸筋草）主…,**简明**：伸筋草微苦辛温，祛风除湿、舒筋活络，主治风湿痹痛、关节屈伸不利、肌肤麻木。**详解**：风湿痹痛配威灵仙、独活；筋脉拘挛配木瓜、白芍；跌打损伤配苏木、乳香。孕妇慎用。,2,AI预标注，待人工复核
q045,关节疼痛遇寒加重，屈伸不利，怎么治？,case,bizheng_002,中医临床诊疗指南/专家共识（要点归纳）,现代中医,痹证·辨证论治要点,"据现行中医内科常见病诊疗指南：痹证以风寒湿热邪痹阻经络、气血运行不畅为基本病机，""不通则痛""；按感邪偏盛分行、痛、着、热四痹，治以祛风、散寒、除湿、清热、通络止痛为法。（要点归纳，非原文照录。）",痹证以肢体关节疼痛、酸楚、麻木、重着、屈伸不利为主要表现，多见于风湿免疫性骨关节疾病。指南要点：主症为关节疼痛、屈伸不利；辨证常见行痹（风胜、痛游走，祛风通络）、痛痹（寒胜、痛剧得温则减，温经散寒）、着痹（湿胜、重着酸楚，除湿通络）、热痹（关节红肿热痛，清热通络）等型，日久可兼肝肾不足、痰瘀阻络；总以祛风散寒除湿、通痹…,2,AI预标注，待人工复核
q045,关节疼痛遇寒加重，屈伸不利，怎么治？,case,dubi_001,针灸学,足阳明胃经,犊鼻,出《针灸甲乙经》。《针灸甲乙经》：犊鼻，在膝髌下，骨上，两筋间陷者中。,犊鼻定位在膝部，屈膝，当髌骨与髌韧带外侧凹陷中。主治膝肿痛、下肢痿痹、屈伸不利等膝部病证。刺法：向后内斜刺0.5~1寸。,0,AI预标注，待人工复核
q045,关节疼痛遇寒加重，屈伸不利，怎么治？,case,snb_qinpi_001,神农本草经,中经,秦皮,秦皮，味苦，微寒。主风寒湿痹，洗洗寒气，除热，目中青翳白膜。,秦皮苦涩寒，清热燥湿、收涩止痢止带、清肝明目，主治湿热泻痢、赤白带下及肝热目赤肿痛目翳。本经主风寒湿痹、目中青翳白膜，取其清热涩肠、清肝明目之功。,1,AI预标注，待人工复核
q045,关节疼痛遇寒加重，屈伸不利，怎么治？,case,zhuliao_001,针灸学,手阳明大肠经,肘髎,出《针灸甲乙经》。,肘髎定位在肘区，屈肘，曲池上方1寸，肱骨边缘处。为局部取穴要穴，主治肘臂部酸痛、麻木、拘挛、屈伸不利等肘臂病证。直刺0.5～1寸；可灸。,0,AI预标注，待人工复核
q045,关节疼痛遇寒加重，屈伸不利，怎么治？,case,yinshi_001,针灸学,足阳明胃经,阴市,出《针灸甲乙经》。《针灸甲乙经》：阴市，一名阴鼎，在膝上三寸，伏兔下。,阴市定位在大腿前面，髂前上棘与髌底外侧端的连线上，髌底上3寸。主治腿膝痿痹、屈伸不利、疝气、腹胀等下肢及少腹病证。刺法：直刺1~1.5寸。,0,AI预标注，待人工复核
q045,关节疼痛遇寒加重，屈伸不利，怎么治？,case,snb_tianxiong_001,神农本草经,下经,天雄,天雄，味辛，温。主大风，寒湿痹，历节痛，拘挛缓急，破积聚邪气，金创，强筋骨，轻身健行。生山谷。,天雄乃乌头、附子独生修长不生子者，性味功用与附子相近而更长于散风寒湿邪、助阳强筋骨，主治风寒湿痹、历节疼痛、筋骨痿弱。其有毒，须炮制、先煎，阴虚阳旺及孕妇忌用，不可过量久服。,1,AI预标注，待人工复核
q045,关节疼痛遇寒加重，屈伸不利，怎么治？,case,snb_baizhu_001,神农本草经,上经,白术,术，味苦，温。主风寒湿痹，死肌，痉，疸，止汗，除热，消食。作煎饵。久服，轻身延年，不饥。一名山蓟。生山谷。,白术苦温，健脾益气、燥湿利水、止汗安胎，主治脾虚食少、腹胀泄泻、痰饮水肿及胎动不安。本经“术”兼指后世白术、苍术。,1,AI预标注，待人工复核
q045,关节疼痛遇寒加重，屈伸不利，怎么治？,case,duhuojisheng_001,《方剂学》规划教材（要点归纳）,祛湿剂,独活寄生汤·祛风湿止痹痛益肝肾补气血,"传统方歌：""独活寄生艽防辛，芎归地芍桂苓均，杜仲牛膝人参草，冷风顽痹屈能伸。""（孙思邈《备急千金要方》方，据教材要点归纳：独活、桑寄生、杜仲、牛膝、细辛、秦艽、茯苓、肉桂、防风、川芎、人参、甘草、当归、芍药、干地黄，各约常用量，水煎服。）",独活寄生汤为祛风胜湿、邪正兼顾代表方，主治痹证日久、肝肾两亏、气血不足证，症见腰膝疼痛、肢节屈伸不利、或麻木不仁、畏寒喜温、心悸气短、舌淡苔白、脉细弱。功能祛风湿、止痹痛、益肝肾、补气血，为治久痹正虚、腰膝冷痛常用方。使用注意：本方补正祛邪，痹证初起、湿热实证关节红肿热痛者非宜；关节肿大变形、麻木无力当结合专科诊治。本…,1,AI预标注，待人工复核
q045,关节疼痛遇寒加重，屈伸不利，怎么治？,case,jingui_005,金匮要略,中风历节病脉证并治第五,中风历节病脉证并治第五,（论一首 脉证三条 方十一首） 夫风之为病，当半身不遂，或但臂不遂者，此为痹。脉微而数，中风使然。 寸口脉浮而紧，紧则为寒，浮则为虚，寒虚相搏，邪在皮肤。浮者血虚，络脉空虚，贼邪不泻，或左或右，邪气反缓，正气即急，正气引邪，喎僻不遂。 邪在于络，肌肤不仁；邪在于经，即重不胜；邪入于府，即不识人；邪入于藏，舌即难言，口吐…,本篇论中风与历节。中风分中络（肌肤不仁）、中经（重不胜）、入腑（不识人）、入脏（舌难言）深浅；历节以肢节疼痛不可屈伸为主，因汗出入水、饮酒当风所致，主以桂枝芍药知母汤、乌头汤；附方多首备参。,2,AI预标注，待人工复核
q045,关节疼痛遇寒加重，屈伸不利，怎么治？,case,yousongjie_001,中国药典（2025年版）一部,祛风湿药,油松节,据《中国药典》2025 年版一部：油松节为松科植物油松 Pinus tabuliformis Carr.、马尾松 Pinus massoniana Lamb. 或云南松 Pinus yunnanensis Franch. 的干燥瘤状节或分枝节（药用部位：瘤状节或分枝节）。性味苦、辛，温；归肝、肾经。功能与主治：祛风除湿…,**简明**：油松节苦辛温，祛风除湿而通络止痛，为治风湿关节痛的常用药。。**详解**：风湿痹痛、关节疼痛配威灵仙、独活、防风；跌打肿痛配乳香、没药；可浸酒服。,3,AI预标注，待人工复核
q045,关节疼痛遇寒加重，屈伸不利，怎么治？,case,tuoweigailun_001,《中医骨伤科学》规划教材（要点归纳）,骨伤,脱位概论·关节面失去正常对合关系,脱位（脱臼）指构成关节的骨关节面失去正常对合关系。临床表现为关节疼痛、肿胀、畸形、弹性固定、关节功能丧失。按原因分外伤性、先天性、病理性；按时间分新鲜（3 周内）与陈旧性。治疗以及时手法复位、固定、功能锻炼为主，配合中药三期辨证。,脱位首在明确诊断与及时复位，复位后须固定一定时间以防再脱位。陈旧性脱位、合并骨折或神经血管损伤者须就医。教材要点归纳，供参考；具体诊疗请遵医嘱。,3,AI预标注，待人工复核
q045,关节疼痛遇寒加重，屈伸不利，怎么治？,case,fenbixie_001,中国药典（2025年版）一部,利水渗湿药,粉萆薢,据《中国药典》2025 年版一部：粉萆薢为薯蓣科植物粉背薯蓣 Dioscorea hypoglauca Palibin 的干燥根茎（药用部位：根茎）。性味苦，平；归肾、胃经。功能与主治：利湿去浊，祛风除痹；用于膏淋，白浊，白带过多，风湿痹痛，关节不利，腰膝疼痛。用法与用量：9～15g。贮藏：置通风干燥处。  **【古注…,**简明**：粉萆薢苦平，利湿去浊、祛风除痹，为治**膏淋白浊**（小便浑浊如米泔）之要药，兼治风湿痹痛。**详解**：膏淋白浊配益智仁、石菖蒲（萆薢分清饮）；湿热下注带下配黄柏、车前子（萆薢渗湿汤）；风湿痹痛配独活、威灵仙。肾虚阴亏者慎用。,2,AI预标注，待人工复核
q045,关节疼痛遇寒加重，屈伸不利，怎么治？,case,liangtoujian_001,中国药典（2025年版）一部,祛风湿药,两头尖,据《中国药典》2025 年版一部：两头尖为毛茛科植物多被银莲花 Anemone raddeana Regel 的干燥根茎（药用部位：根茎）。性味辛，温；有小毒；归脾、肝经。功能与主治：祛风除湿，散寒止痛；用于风寒湿痹，关节疼痛。用法与用量：1.5～3g。外用适量。注意：本品有小毒，不宜过量。贮藏：置阴凉干燥处。,**简明**：两头尖辛温有小毒，祛风除湿而散寒止痛，为治风寒湿痹关节痛的常用药。。**详解**：风寒湿痹、关节疼痛配威灵仙、独活、防己。**有小毒**，用量 1.5～3g 不宜过量；孕妇慎用。,3,AI预标注，待人工复核
q045,关节疼痛遇寒加重，屈伸不利，怎么治？,case,snb_wutou_001,神农本草经,下经,乌头,乌头，味辛，温。主中风，恶风，洗洗，出汗，除寒湿痹，咳逆上气，破积聚寒热。其汁，煎之，名射罔，杀禽兽。生山谷。,川乌（乌头）辛苦温，有大毒，祛风除湿、温经散寒止痛，善治风寒湿痹、关节疼痛、心腹冷痛及跌打伤痛。须炮制、先煎久煎，孕妇忌用，反半夏、瓜蒌、贝母、白蔹、白及；其汁煎名射罔，毒性尤烈，仅供外用。,3,AI预标注，待人工复核
q045,关节疼痛遇寒加重，屈伸不利，怎么治？,case,guanjieyan_001,《中医骨伤科学》规划教材（要点归纳）,骨伤,骨关节炎·关节软骨退行性变骨质增生,骨关节炎是一种以关节软骨退行性变和继发性骨质增生为特征的慢性关节疾病，多见于中老年人、负重关节。病因多为年老肝肾亏虚、劳损、风寒湿邪侵袭，致经络不通、骨节失养。辨证常见寒湿痹阻、湿热痹阻、气滞血瘀、肝肾亏虚等型。,骨关节炎以关节疼痛、僵硬、活动受限为主，多发于膝、髋等负重关节。中医分寒湿痹阻（独活寄生汤）、肝肾亏虚（左归丸）等论治，配合针灸、理疗、适度锻炼与减重。关节红肿热痛、畸形活动严重受限须及时就医。本条目为教材要点归纳，供参考；具体诊疗请遵医嘱。,2,AI预标注，待人工复核
q045,关节疼痛遇寒加重，屈伸不利，怎么治？,case,snb_bixie_001,神农本草经,中经,萆薢,萆薢，味苦，平。主腰背痛，强骨节，风寒湿周痹，恶疮不瘳，热气。,萆薢苦平，利湿去浊、祛风除痹，主治膏淋白浊、带下及风湿痹痛、关节不利、腰膝疼痛。本经主腰背痛、强骨节、风寒湿周痹，取其利湿祛浊、祛风通痹之功。,1,AI预标注，待人工复核
q045,关节疼痛遇寒加重，屈伸不利，怎么治？,case,qiannianjian_001,中国药典（2025年版）一部,祛风湿药,千年健,据《中国药典》2025 年版一部：千年健为天南星科植物千年健 Homalomena occulta (Lour.) Schott 的干燥根茎（药用部位：根茎）。性味苦、辛，温；归肝、肾经。功能与主治：祛风湿，壮筋骨；用于风寒湿痹，腰膝冷痛，拘挛麻木，筋骨痿软。用法与用量：5～10g。贮藏：置阴凉干燥处。,**简明**：千年健苦辛温，祛风湿、壮筋骨，主治风寒湿痹、腰膝冷痛、筋骨痿软（老人痹痛尤宜）。**详解**：风寒湿痹配独活、桑寄生、牛膝；腰膝痿软配杜仲、续断。阴虚内热者慎用。,2,AI预标注，待人工复核
q045,关节疼痛遇寒加重，屈伸不利，怎么治？,case,wentong_001,中医诊断学,四诊,问疼痛性质,疼痛总由「不通则痛」「不荣则痛」。教材以疼痛性质分虚实寒热：新病痛剧拒按多实，久病痛缓喜按多虚；得温则减多寒，遇热加重多热。,胀痛：痛而且胀，胀甚于痛，多为气滞，胸胁脘腹胀痛多属肝胃气滞。刺痛：痛如针刺、固定不移，多为血瘀。冷痛：痛有冷感、得温则减，多属寒证，常见于腰脊、脘腹、四肢关节。灼痛：痛有灼热感、得凉则舒，多属热证。重痛：痛且沉重、如物裹身，多属湿困，常见于头部、四肢。绞痛：痛势剧烈如刀绞，多因有形实邪阻闭气机（瘀血、蛔虫、结石）或寒…,0,AI预标注，待人工复核
q045,关节疼痛遇寒加重，屈伸不利，怎么治？,case,weilingxian_001,中国药典（2025年版）一部,祛风湿药,威灵仙,据《中国药典》2025 年版一部：威灵仙为毛茛科植物威灵仙 Clematis chinensis Osbeck、棉团铁线莲 Clematis hexapetala Pall. 或东北铁线莲 Clematis manshurica Rupr. 的干燥根和根茎（药用部位：根和根茎）。性味辛、咸，温；归膀胱经。功能与主治：祛…,**简明**：威灵仙辛咸温，祛风湿、通经络、止痛，性走窜，为治风湿痹痛之要药，兼能消骨鲠。**详解**：风湿痹痛、肢体麻木配独活、当归、桂枝；骨鲠咽喉单味煎汤含咽或醋煎（软化鱼骨）。性猛走窜，气血虚弱者慎用。,2,AI预标注，待人工复核
q045,关节疼痛遇寒加重，屈伸不利，怎么治？,case,duhuo_001,中国药典（2025年版）一部,祛风湿药,独活,据《中国药典》2025 年版一部：独活为伞形科植物重齿毛当归 Angelica pubescens Maxim. f. biserrata Shan et Yuan 的干燥根（药用部位：根）。性味辛、苦，微温；归肾、膀胱经。功能与主治：祛风除湿，通痹止痛，解表；用于风寒湿痹，腰膝疼痛，少阴伏风头痛，风寒夹湿头痛。用法与…,**简明**：独活辛苦微温，祛风除湿、通痹止痛，善治**下半身**（腰膝足胫）风寒湿痹，兼解表。**详解**：腰膝冷痛配桑寄生、杜仲、牛膝（独活寄生汤）；风寒湿邪一身痹痛配羌活（羌活走上、独活走下，相须为用）；少阴头痛配细辛、川芎。阴虚血燥者慎用。,2,AI预标注，待人工复核
q045,关节疼痛遇寒加重，屈伸不利，怎么治？,case,shanghan_199,伤寒论,辨阳明病脉证并治,阳明病（第199条）,阳明病，欲食，小便反不利，大便自调，其人骨节疼，翕翕如有热状，奄然发狂，濈然汗出而解者，此水不胜谷气，与汗共并，脉紧则愈。,本条论述阳明病之脉证。症见骨节疼、脉紧、汗出、发狂、欲食。当审其表里寒热、虚实传变而施治。,0,AI预标注，待人工复核
q045,关节疼痛遇寒加重，屈伸不利，怎么治？,case,yishoucao_001,中国药典（2025年版）一部,清热药,翼首草,据《中国药典》2025 年版一部：翼首草为川续断科植物匙叶翼首草 Pterocephalus hookeri (C. B. Clarke) Höeck 的干燥全草（药用部位：全草）。本品系藏族习用药材。性味苦，寒；有小毒；归心、肝经。功能与主治：清热解毒，祛风通络；用于瘟疫发热，感冒发烧，血热，心热，神经性头痛，关节疼…,**简明**：翼首草苦寒有小毒，清热解毒而祛风通络，为藏药治瘟疫发热、热性头痛与关节痛的常用药。。**详解**：瘟疫发热配金银花、连翘；血热心热配生地黄、牡丹皮；神经性头痛配川芎、白芷；关节疼痛配独活、威灵仙。**有小毒**，用量 1.5～3g 多入丸散；孕妇慎用。,3,AI预标注，待人工复核
q045,关节疼痛遇寒加重，屈伸不利，怎么治？,case,gaoben_001,中国药典（2025年版）一部,解表药,藁本,据《中国药典》2025 年版一部：藁本为伞形科植物藁本 Ligusticum sinense Oliv. 或辽藁本 Ligusticum jeholense Nakai et Kitag. 的干燥根茎和根（药用部位：根茎和根）。性味辛，温；归膀胱经。功能与主治：祛风散寒，除湿止痛；用于风寒感冒，巅顶头痛，风湿痹痛。用法…,**简明**：藁本辛温，祛风散寒、除湿止痛，为治**巅顶头痛**之要药（太阳经头痛）。**详解**：风寒头痛、巅顶痛配羌活、川芎、白芷；风寒湿痹、一身尽痛配羌活、防风、苍术。本品辛温香燥，血虚头痛及热证头痛忌用。,2,AI预标注，待人工复核
q045,关节疼痛遇寒加重，屈伸不利，怎么治？,case,xuelianhua_001,《中药学》（清华社）· 药典外品种,祛风湿药,雪莲花,据清华社《中药学》：雪莲花为菊科植物绵头雪莲花 Saussurea laniceps Hand.-Mazz. 等多种雪莲花的干燥带花全株（药用部位：带花全株）。性味甘、微苦，温；归肝、肾经。功能与主治：祛风湿，强筋骨，温肾壮阳；用于风寒湿痹，腰膝酸软，阳痿，月经不调。用法与用量：6～12g。外用适量。注意：孕妇慎用；阴…,**简明**：雪莲花甘微苦温，祛风湿而强筋骨、温肾壮阳，为高原治寒痹腰酸的要药。。**详解**：风寒湿痹、腰膝酸软配独活、桑寄生、杜仲；阳痿配淫羊藿、巴戟天；月经不调配当归、川芎。**孕妇慎用，阴虚火旺者忌用**。,3,AI预标注，待人工复核
q045,关节疼痛遇寒加重，屈伸不利，怎么治？,case,snb_yangzhizhu_001,神农本草经,下经,羊踯躅,羊踯躅，味辛，温。主贼风在皮肤中，淫淫痛，温疟，恶毒诸痹。生川谷。,羊踯躅（闹羊花）辛温有大毒，祛风除湿、散瘀定痛，兼杀虫，主治风寒湿痹、关节肿痛、跌打损伤及顽癣瘙痒。毒性剧烈，误服可致心动过速、抽搐甚至死亡，孕妇体虚者及无瘀阻者严禁内服，多作丸散极量外用，不可久服。,1,AI预标注，待人工复核
q045,关节疼痛遇寒加重，屈伸不利，怎么治？,case,xushuwei_002,普济本事方,伤寒,许叔微麻黄汤发汗治伤寒案,一伤寒，头痛发热，恶寒无汗，身疼腰痛，骨节疼痛，脉浮紧。许叔微诊为太阳伤寒表实证，与麻黄汤，一服汗出而解。（《普济本事方》记许氏凭脉症用麻黄汤案。）,患者头痛发热、恶寒无汗、身疼骨节痛、脉浮紧，许叔微断为太阳伤寒表实，径与麻黄汤辛温发汗，一服汗出而解。此案示人伤寒表实与表虚之别在有汗无汗、脉缓脉紧，用麻黄汤须脉症俱备方可用，体现许氏谨守经方、辨证论治之严。,0,AI预标注，待人工复核
q045,关节疼痛遇寒加重，屈伸不利，怎么治？,case,xiangjiapi_001,中国药典（2025年版）一部,祛风湿药,香加皮,据《中国药典》2025 年版一部：香加皮为萝藦科植物杠柳 Periploca sepium Bunge 的干燥根皮（药用部位：根皮）。性味辛、苦，温；有毒；归肝、肾、心经。功能与主治：祛风湿，强筋骨，利水消肿；用于风寒湿痹，腰膝酸软，心悸气短，下肢浮肿。用法与用量：3～6g。注意：本品有毒，不宜过量或长期服用；不宜与五…,**简明**：香加皮辛苦温有毒，祛风湿而强筋骨、利水消肿，为治痹痛浮肿的常用药，功似五加皮。。**详解**：风寒湿痹、腰膝酸软配独活、杜仲、牛膝；下肢浮肿配茯苓皮、冬瓜皮；心悸气短配黄芪、丹参。**有毒**，用量 3～6g，不宜过量久服；不可与五加皮混淆使用。,2,AI预标注，待人工复核
q045,关节疼痛遇寒加重，屈伸不利，怎么治？,case,heizhongcaozi_001,中国药典（2025年版）一部,补虚药,黑种草子,据《中国药典》2025 年版一部：黑种草子为毛茛科植物瘤果黑种草 Nigella glandulifera Freyn et Sint. 的干燥成熟种子（药用部位：成熟种子）。性味辛、微苦，温；归肾、肝经。功能与主治：温肾祛风，散寒止痛；用于肾虚腰痛，风寒湿痹，脘腹冷痛。用法与用量：3～6g。外用适量。贮藏：置干燥处。,**简明**：黑种草子辛微苦温，温肾祛风而散寒止痛，为维药治肾虚腰痛、寒痹的常用药。。**详解**：肾虚腰痛配杜仲、续断；风寒湿痹配独活、威灵仙；脘腹冷痛配高良姜、香附。**阴虚火旺者慎用**。,3,AI预标注，待人工复核
q045,关节疼痛遇寒加重，屈伸不利，怎么治？,case,mianbixie_001,中国药典（2025年版）一部,利水渗湿药,绵萆薢,"据《中国药典》2025 年版一部：绵萆薢为薯蓣科植物绵萆薢 Dioscorea spongiosa J. Q. Xi, M. Mizuno et W. L. Zhao 的干燥根茎（药用部位：根茎）。性味苦，平；归肾、胃经。功能与主治：利湿去浊，祛风通痹；用于膏淋，白浊，白带过多，风湿痹痛，关节不利，腰膝疼痛。用法与用量…",**简明**：绵萆薢苦平，利湿去浊、祛风通痹，功效与粉萆薢相近（祛风胜湿之力略胜），主治膏淋白浊、带下及风湿痹痛。**详解**：膏淋白浊配益智仁、石菖蒲；风湿痹痛配独活、秦艽。肾虚阴亏者慎用。,2,AI预标注，待人工复核
q045,关节疼痛遇寒加重，屈伸不利，怎么治？,case,snb_fuzi_001,神农本草经,下经,附子,附子，味辛，温。主风寒咳逆邪气，温中，金创，破癥坚积聚血瘕，寒湿踒躄，拘挛膝痛，不能行步。生山谷。,附子辛甘大热，有毒，回阳救逆第一要药，兼补火助阳、散寒止痛，主治亡阳厥逆、脾肾阳虚、寒湿痹痛等。须炮制（制附片）并先煎久煎以减毒，孕妇及阴虚阳亢者忌用，反半夏、瓜蒌、贝母、白蔹、白及，不可过量久服。,1,AI预标注，待人工复核
q045,关节疼痛遇寒加重，屈伸不利，怎么治？,case,sanqishangyaopian_001,《中国药典》一部/药品说明书（要点归纳）,理血/止咳/中成药,三七伤药片·舒筋活血散瘀止痛,据现行版《中国药典》一部与药品说明书要点归纳：本品由三七、制草乌、雪上一枝蒿、冰片、骨碎补、红花、接骨木、赤芍等组成，具舒筋活血、散瘀止痛之功，用于跌打损伤、风湿瘀阻、关节痹痛；急慢性扭挫伤、神经痛见上述证候者。用法用量按说明书口服。,三七伤药片为舒筋活血、散瘀止痛类处方药，用于跌打损伤、风湿瘀阻、关节痹痛。本品含制草乌、雪上一枝蒿等毒性药材，须严格按说明书剂量服用，不可超量久服；孕妇忌用。严重外伤、骨折或疼痛持续加重者应就医。本条目为中成药，请按说明书或在医师指导下使用。,0,AI预标注，待人工复核
q045,关节疼痛遇寒加重，屈伸不利，怎么治？,case,chuanshanlong_001,中国药典（2025年版）一部,祛风湿药,穿山龙,据《中国药典》2025 年版一部：穿山龙为薯蓣科植物穿龙薯蓣 Dioscorea nipponica Makino 的干燥根茎（药用部位：根茎）。性味甘、苦，温；归肝、肺经。功能与主治：祛风除湿，舒筋通络，活血止痛，止咳平喘；用于风湿痹痛，关节肿胀，疼痛麻木，跌扑损伤，咳嗽气喘。用法与用量：9～15g；也可制成酒剂用。…,**简明**：穿山龙甘苦温，祛风除湿、舒筋通络、活血止痛、止咳平喘，主治风湿痹痛、跌打损伤及咳喘，现代常用于冠心病、类风湿。**详解**：风湿痹痛配威灵仙、独活；跌打损伤配乳香、没药；咳喘配麻黄、杏仁。药性温和，可浸酒常服。,2,AI预标注，待人工复核
q045,关节疼痛遇寒加重，屈伸不利，怎么治？,case,chuanwu_001,中国药典（2025年版）一部,祛风湿药,川乌,据《中国药典》2025 年版一部：川乌为毛茛科植物乌头 Aconitum carmichaelii Debx. 的干燥母根（药用部位：母根）。性味辛、苦，热；有大毒；归心、肝、肾、脾经。功能与主治：祛风除湿，温经止痛；用于风寒湿痹，关节疼痛，心腹冷痛，寒疝作痛，麻醉止痛。用法与用量：制川乌 1.5～3g，先煎、久煎。注…,**简明**：川乌辛热大毒，祛风除湿、温经止痛，主治风寒湿痹重证、关节冷痛、寒疝及麻醉止痛。**详解**：风寒湿痹配草乌、乳香、没药（小活络丸类）；寒疝腹痛配蜀椒、蜂蜜（大乌头煎）。**大毒**，须炮制（制川乌）并**先煎久煎**（1.5～3g）；**反半夏、瓜蒌、贝母、白蔹、白及**；孕妇禁用，不宜久服。,3,AI预标注，待人工复核
q045,关节疼痛遇寒加重，屈伸不利，怎么治？,case,qianghuo_001,中国药典（2025年版）一部,解表药,羌活,据《中国药典》2025 年版一部：羌活为伞形科植物羌活 Notopterygium incisum Ting ex H. T. Chang 或宽叶羌活 Notopterygium franchetii H. de Boiss. 的干燥根茎和根（药用部位：根茎和根）。性味辛、苦，温；归膀胱、肾经。功能与主治：解表散寒，祛…,**简明**：羌活辛苦温，解表散寒、祛风胜湿止痛，善治上半身风寒湿邪（头项强痛、肩背肢节酸痛）。**详解**：风寒表实配防风、细辛、川芎（九味羌活汤）；风寒湿痹尤宜上半身者配独活（羌活胜湿汤，羌活走上、独活走下）。气味雄烈，用量不宜过大；血虚痹痛、阴虚头痛者慎用。,2,AI预标注，待人工复核
q045,关节疼痛遇寒加重，屈伸不利，怎么治？,case,caowu_001,中国药典（2025年版）一部,祛风湿药,草乌,据《中国药典》2025 年版一部：草乌为毛茛科植物北乌头 Aconitum kusnezoffii Reichb. 的干燥块根（药用部位：块根）。性味辛、苦，热；有大毒；归心、肝、肾、脾经。功能与主治：祛风除湿，温经止痛；用于风寒湿痹，关节疼痛，心腹冷痛，寒疝作痛，麻醉止痛。用法与用量：制草乌 1.5～3g，宜先煎、久…,**简明**：草乌辛热大毒，祛风除湿、温经止痛力峻，主治风寒湿痹重证、关节冷痛及麻醉止痛。**详解**：风寒湿痹配川乌、威灵仙、乳香（小活络丸类）；寒疝腹痛配吴茱萸、小茴香。**大毒**，须炮制（制草乌）、先煎久煎（1.5～3g）；**反半夏、瓜蒌、贝母、白蔹、白及**；孕妇禁用，不宜久服。,3,AI预标注，待人工复核
q045,关节疼痛遇寒加重，屈伸不利，怎么治？,case,snb_putao_001,神农本草经,上经,葡萄,葡萄，味甘，平。主筋骨湿痹，益气倍力，强志，令人肥健耐饥，忍风寒。久服，轻身不老延年。生山谷。,葡萄甘平，补气血、强筋骨、利小便，主治气血虚弱、肺虚咳嗽、心悸盗汗、风湿痹痛及水肿，为药食两用之品。,0,AI预标注，待人工复核
q045,关节疼痛遇寒加重，屈伸不利，怎么治？,case,lingshu_030,灵枢经,决气篇第三十,决气篇第三十,黄帝曰：余闻人有精、气、津、液、血、脉，余意以为一气耳，今乃辨为六名，余不知其所以然。 岐伯曰：两神相搏，合而成形，常先身生，是谓精。 何谓气？ 岐伯曰：上焦开发，宣五谷味，熏肤、充身、泽毛，若雾露之溉，是谓气。 何谓津？ 岐伯曰：腠理发泄，汗出溱溱，是谓津。 何谓液？ 岐伯曰：谷入气满，淖泽，注于骨，骨属屈伸，泄泽补…,本篇辨精、气、津、液、血、脉六名。两神相搏常先身生谓之精；上焦开发宣五谷味、熏肤充身泽毛若雾露谓之气；腠理发泄汗出溱溱谓之津；谷入气满淖泽注骨、补益脑髓润泽皮肤谓之液；中焦受气取汁变化而赤谓之血；壅遏营气令无所避谓之脉。次论六气脱候：精脱耳聋、气脱目不明、津多汗大泄、液脱骨屈伸不利脑髓消胫酸耳数鸣、血脱色白不泽、脉脱脉…,0,AI预标注，待人工复核
q045,关节疼痛遇寒加重，屈伸不利，怎么治？,case,zhicaowu_001,中国药典（2025年版）一部,祛风湿药,制草乌,据《中国药典》2025 年版一部：制草乌系草乌的炮制加工品，为毛茛科植物北乌头 Aconitum kusnezoffii Reichb. 的干燥块根经加水煮沸（或蒸制）至内无白心、口尝微有麻舌感，取出切厚片干燥而成（药用部位：炮制品）。生草乌有大毒，多外用；经复制后双酯型生物碱水解，毒性显著降低，可内服以祛风除湿、温经…,**简明**：制草乌系草乌复制（煮/蒸）品，辛苦热，有毒而大减，祛风除湿、温经止痛力峻，主治风寒湿痹重证、关节冷痛及心腹冷痛。**详解**：风寒湿痹、关节疼痛配川乌、地龙、乳香、没药（小活络丸类）；心腹冷痛、寒疝配高良姜、肉桂。**有毒**，内服 1.5～3g 且须**先煎、久煎**（≥30～60 分钟）；**反半夏、…,3,AI预标注，待人工复核
q045,关节疼痛遇寒加重，屈伸不利，怎么治？,case,shanghan_059,伤寒论,辨太阳病脉证并治中,亡津液小便不利自愈（第59条）,大下之后，复发汗，小便不利者，亡津液故也，勿治之，得小便利，必自愈。,本条论汗下后亡津致小便不利。大下之后复发汗，小便不利者，亡津液故也，勿治之，得小便利必自愈。不可利小便，待津液恢复则便利。,0,AI预标注，待人工复核
q045,关节疼痛遇寒加重，屈伸不利，怎么治？,case,shanghan_035,伤寒论,辨太阳病脉证并治中,麻黄汤证（第35条）,太阳病，头痛发热，身疼，腰痛，骨节疼痛，恶风，无汗而喘者，麻黄汤主之。 麻黄汤方 麻黄三两（去节，味甘温） 桂枝二两（去皮，味辛热） 甘草一两（炙，味甘平） 杏仁七十个（汤去皮尖，味辛温）右四味，以水九升，先煮麻黄，减二升，去上沫，内诸药，煮取二升半，去滓，温服八合，复取微似汗，不须啜粥，余如桂枝法将息。,本条为麻黄汤主证。太阳病头痛发热、身疼腰痛、骨节疼痛、恶风、无汗而喘者，为风寒束表、卫闭营郁，麻黄汤主之。麻黄发汗平喘、桂枝解肌、杏仁降气、甘草和中，为辛温发汗峻剂。,0,AI预标注，待人工复核
q045,关节疼痛遇寒加重，屈伸不利，怎么治？,case,shichangpu_001,中国药典（2025年版）一部,开窍药,石菖蒲,据《中国药典》2025 年版一部：石菖蒲为天南星科植物石菖蒲 Acorus tatarinowii Schott 的干燥根茎（药用部位：根茎）。性味辛、苦，温；归心、胃经。功能与主治：开窍豁痰，醒神益智，化湿开胃；用于神昏癫痫，健忘失眠，耳鸣耳聋，脘痞不饥，噤口下痢。用法与用量：3～10g。外用适量。贮藏：置干燥处，防…,**简明**：石菖蒲辛苦温，开窍豁痰、醒神益智、化湿开胃，为治**痰蒙清窍**之神昏癫痫、健忘耳鸣之要药，兼化湿开胃（噤口痢）。**详解**：痰蒙神昏配郁金、胆南星（菖蒲郁金汤）；健忘失眠配远志、茯苓（安神定志丸）；湿阻脘痞配陈皮、厚朴。阴虚阳亢、烦躁汗多者慎用。,0,AI预标注，待人工复核
q045,关节疼痛遇寒加重，屈伸不利，怎么治？,case,cangzhu_001,中国药典（2025年版）一部,化湿药,苍术,据《中国药典》2025 年版一部：苍术为菊科植物茅苍术 Atractylodes lancea (Thunb.) DC. 或北苍术 Atractylodes chinensis (DC.) Koidz. 的干燥根茎（药用部位：根茎）。性味辛、苦，温；归脾、胃、肝经。功能与主治：燥湿健脾，祛风散寒，明目；用于湿阻中焦，脘…,**简明**：苍术辛苦温，燥湿健脾、祛风散寒、明目，为治**湿阻中焦**第一要药（治湿不二法门），兼治风寒湿痹、夜盲。**详解**：湿阻中焦脘腹胀满配厚朴、陈皮（平胃散）；湿热下注足膝肿痛配黄柏（二妙散）；风湿痹痛配羌活、防风；夜盲配猪肝煮食。辛温燥烈，阴虚内热、气虚多汗者忌用。,2,AI预标注，待人工复核
q045,关节疼痛遇寒加重，屈伸不利，怎么治？,case,snb_shechuangzi_001,神农本草经,上经,蛇床子,蛇床子，味苦，平。主妇人阴中肿痛，男子阴痿湿痒，除痹气，利关节，癫痫恶疮。久服，轻身。一名蛇米。生川谷及田野。,蛇床子辛苦温有小毒，燥湿祛风、杀虫止痒、温肾壮阳，外用治阴痒带下、湿疹瘙痒，内服治阳痿宫冷、寒湿痹痛。,1,AI预标注，待人工复核
q045,关节疼痛遇寒加重，屈伸不利，怎么治？,case,zhongzhu_te_001,针灸学,手少阳三焦经,中渚,《灵枢·本输》：注于中渚，中渚，本节之后陷者中也，为输。,中渚为手少阳三焦经输穴（五行属木），定位在手背部，环指本节（掌指关节）后方，第4、5掌骨间凹陷处。主治头痛、目赤、耳鸣耳聋、咽喉肿痛、热病，以及手指不能屈伸、肩背肘臂酸痛。刺法：直刺0.3～0.5寸；可灸。,0,AI预标注，待人工复核
q045,关节疼痛遇寒加重，屈伸不利，怎么治？,case,duzhong_001,中国药典（2025年版）一部,补虚药,杜仲,据《中国药典》2025 年版一部：杜仲为杜仲科植物杜仲 Eucommia ulmoides Oliv. 的干燥树皮（药用部位：树皮）。性味甘，温；归肝、肾经。功能与主治：补肝肾，强筋骨，安胎；用于肾虚腰痛，筋骨无力，妊娠漏血，胎动不安，高血压。用法与用量：6～10g。贮藏：置通风干燥处。  **【古注】】 《神农本草经…,**简明**：杜仲甘温，补肝肾、强筋骨、安胎，为**治肾虚腰痛之要药**，兼治筋骨痿软、胎动不安及高血压（肾虚型）。**详解**：肾虚腰痛配续断、补骨脂；痹证腰膝配独活、桑寄生（独活寄生汤）；胎动不安配续断、菟丝子；肾虚高血压配牛膝、桑寄生。**炒断丝用效佳**；阴虚火旺者慎用。,2,AI预标注，待人工复核
q045,关节疼痛遇寒加重，屈伸不利，怎么治？,case,tianzhu_001,针灸学,足太阳膀胱经,天柱,出《针灸甲乙经》。《针灸甲乙经》：天柱，在侠项后发际大外陷者中。,天柱为足太阳膀胱经穴，定位在颈后区，横平第2颈椎棘突上际，斜方肌外缘凹陷中。主治后头痛、项强、肩背腰痛等痹证，鼻塞、目痛等头面五官病，以及癫狂痫、热病。刺法：直刺或斜刺0.5～0.8寸；不可向内上方深刺，以免伤及延髓；可灸。,1,AI预标注，待人工复核
q045,关节疼痛遇寒加重，屈伸不利，怎么治？,case,neishengwuxie_001,《中医基础理论》规划教材（要点归纳）,病因病机,内生五邪·内风内寒内湿内燥内火脏腑气血失调所化,"内生五邪，指在疾病过程中，由于脏腑气血津液等生理功能异常，而产生类似风、寒、湿、燥、火（热）外邪致病特点的病理变化，包括内风、内寒、内湿、内燥、内火（内热）。因其由内而生，非外感六淫，故称""内生五邪""，属病机范畴而非外感病因。",内生五邪与外感六淫名称相似但来源不同：外感六淫是从外界侵入的致病因素，内生五邪是脏腑气血失调在体内产生的病理状态——内风多与肝相关，内寒多与肾阳虚相关，内湿多与脾失健运相关，内燥多与津伤相关，内火多与脏腑阳盛阴虚相关。学习时应把二者严格区分。,0,AI预标注，待人工复核
q045,关节疼痛遇寒加重，屈伸不利，怎么治？,case,jugu_001,针灸学,手阳明大肠经,巨骨,出《针灸甲乙经》。,巨骨为手阳明经与跷脉交会穴，定位在肩胛区，锁骨肩峰端与肩胛冈之间凹陷中。主治肩臂疼痛、抬举不利等肩背局部病证；又能通络散结，治瘰疬、瘿气；降逆止血治咳嗽、吐血。直刺0.5～0.8寸，不可深刺以免伤及肺尖；可灸。,0,AI预标注，待人工复核
q045,关节疼痛遇寒加重，屈伸不利，怎么治？,case,mahuangtang_001,伤寒论,辨太阳病脉证并治中,麻黄汤方,太阳病，头痛发热，身疼，腰痛，骨节疼痛，恶风，无汗而喘者，麻黄汤主之。 麻黄汤方 麻黄三两（去节，味甘温） 桂枝二两（去皮，味辛热） 甘草一两（炙，味甘平） 杏仁七十个（汤去皮尖，味辛温）右四味，以水九升，先煮麻黄，减二升，去上沫，内诸药，煮取二升半，去滓，温服八合，复取微似汗，不须啜粥，余如桂枝法将息。,麻黄汤为辛温发汗之峻剂，由麻黄、桂枝、炙甘草、杏仁组成，功用发汗解表、宣肺平喘，主治太阳伤寒表实证（恶寒发热、无汗、头身疼痛、脉浮紧）。方中麻黄发汗开腠、宣肺平喘为君，桂枝助麻黄解表兼温通经脉，杏仁降肺气与麻黄一宣一降，甘草调和诸药。服后温覆取微汗，忌大汗伤阳。,0,AI预标注，待人工复核
q045,关节疼痛遇寒加重，屈伸不利，怎么治？,case,tongjing_001,《中医妇科学》规划教材（要点归纳）,妇科,痛经·经期或经行前后小腹疼痛,"痛经是指妇女正值经期或经行前后，出现周期性小腹疼痛，或痛引腰骶，甚至剧痛晕厥者。病因多为气滞血瘀、寒凝胞中、湿热蕴结或气血肝肾亏虚，致胞宫气血运行不畅""不通则痛""或失养""不荣则痛""。辨证分气滞血瘀、寒凝血瘀、湿热蕴结、气血虚弱、肝肾亏损等型。",痛经辨证分虚实：实者经前或经期痛、拒按，治宜通；虚者经后痛、喜按，治宜养。疼痛剧烈、进行性加重者须排除子宫内膜异位症、盆腔炎等。教材要点归纳，供参考；具体诊疗请遵医嘱。,0,AI预标注，待人工复核
q045,关节疼痛遇寒加重，屈伸不利，怎么治？,case,fuguji_001,《中医外科学》规划教材（要点归纳）,外科,附骨疽·儿童多发四肢长骨端寒战高热骨痛,附骨疽是一种毒气深居、附着于骨的深部脓疡，相当于西医化脓性骨髓炎。多见于儿童，好发于四肢长骨端。病因多为疔疮、外伤后余毒湿热内盛，深窜入骨，或风寒湿邪阻络化热肉腐成脓。临床见寒战高热、局部漫肿骨痛、患肢不能活动。,附骨疽多见于儿童长骨端，起病急、寒战高热、骨端剧痛拒按。本病相当于骨髓炎，属急重症，须及时足量抗感染、必要时手术引流，中医按湿热蕴阻、脓毒蚀骨等用清热解毒、托毒透脓。延误可致骨坏死、窦道经久不愈。本条目为教材要点归纳，供参考；具体诊疗请遵医嘱。,1,AI预标注，待人工复核
q045,关节疼痛遇寒加重，屈伸不利，怎么治？,case,jiuweiqianghuowan_001,《中国药典》一部/药品说明书（要点归纳）,解表剂/中成药,九味羌活丸·疏风解表散寒除湿,据现行版《中国药典》一部与药品说明书要点归纳：本品由羌活、防风、苍术、细辛、川芎、白芷、黄芩、地黄、甘草等组成，具疏风解表、散寒除湿之功，用于外感风寒湿邪所致感冒，症见恶寒发热、无汗、头痛且重、肢体酸痛。用法用量按说明书姜葱汤或温开水送服。,九味羌活丸为古方九味羌活汤改制的常用辛温解表类中成药，用于外感风寒湿邪、内有蕴热之恶寒发热、无汗头痛、肢体酸痛。方中羌活、苍术、细辛、白芷辛温燥烈，风热表证、阴虚气弱者慎用，孕妇慎服。本条目为中成药，请按说明书或在医师指导下使用。,1,AI预标注，待人工复核
q045,关节疼痛遇寒加重，屈伸不利，怎么治？,case,suwen_043,黄帝内经素问,痹论篇四十三,痹论篇四十三,黄帝问曰：痹之安生？ 岐伯对曰：风寒湿三气杂至，合而为痹也。其风气胜者为行痹，寒气胜者为痛痹，湿气胜者为着痹也。 帝曰：其有五者何也？ 岐伯曰：以冬遇此者为骨痹，以春遇此者为筋痹，以夏遇此者为脉痹，以至阴遇此者为肌痹，以秋遇此者为皮痹。 帝曰：内舍五脏六腑，何气使然？ 岐伯曰：五脏皆有合，病久而不去者，内舍于其合也。故…,本篇论痹证成因与分类。风寒湿三气杂至合而为痹，风气胜者为行痹，寒气胜者为痛痹，湿气胜者为着痹。以冬春长夏秋冬遇邪分为骨、筋、脉、肌、皮五体痹，久而不去复感于邪，内舍五脏而为肺心肝肾脾五脏痹，又有肠痹、胞痹。并论荣卫之行不与风寒湿合故不为痹，辨痛、不痛、不仁、寒、热、燥、湿诸态，指出入脏者死、留筋骨者疼久、留皮肤者易已，…,3,AI预标注，待人工复核
q045,关节疼痛遇寒加重，屈伸不利，怎么治？,case,shierjingjin_001,《中医基础理论》规划教材（要点归纳）,经络,十二经筋·经脉之气结聚筋肉关节,十二经筋，是十二经脉之气结聚、散络于筋肉、关节的体系，其循行与十二经脉体表通路基本一致，起于指趾末端，结聚于关节骨骼，不上入脏腑。经筋功能为约束骨骼、主司关节运动，与现代医学运动系统相近。经筋为病，多表现为筋脉拘挛、强直、弛缓、疼痛等运动障碍。,十二经筋是经脉之气在筋肉关节的结聚，主束骨利关节。它不上入脏腑，专主运动。理解经筋，有助于把握针灸推拿、伤科对筋肉关节病证的认识。本条为基础理论，不涉及具体诊疗。,0,AI预标注，待人工复核
q045,关节疼痛遇寒加重，屈伸不利，怎么治？,case,yaozhuijitu_001,《中医骨伤科学》规划教材（要点归纳）,骨伤,腰椎间盘突出症·腰腿痛下肢放射痛,腰椎间盘突出症是腰椎间盘纤维环破裂、髓核突出压迫神经根或脊髓所致的病证，以腰痛伴下肢放射痛、腰部活动受限、脊柱侧弯、直腿抬高试验阳性为特征。病因多为劳损、外伤、肝肾不足，致经络不通、气滞血瘀。辨证常见气滞血瘀、风寒湿阻、湿热浸淫、肝肾亏虚等型。,腰椎间盘突出症以腰痛伴下肢放射痛为主。中医分气滞血瘀（身痛逐瘀汤）、风寒湿阻（独活寄生汤）、肝肾亏虚（左归丸）等论治，配合理筋手法、牵引、腰背肌锻炼。若二便失禁、鞍区麻木（马尾综合征）须立即手术送医。本条目为教材要点归纳，供参考；具体诊疗请遵医嘱。,2,AI预标注，待人工复核
q045,关节疼痛遇寒加重，屈伸不利，怎么治？,case,shangjin_001,《中医骨伤科学》规划教材（要点归纳）,骨伤,伤筋·软组织损伤气滞血瘀经络不通,伤筋是指各种暴力或劳损引起的人体皮肤、皮下组织、肌肉、肌腱、筋膜、韧带、关节囊等软组织损伤，又称软组织损伤。病因多为扭挫、跌仆、劳损，致气滞血瘀、经络不通。辨证常见气滞血瘀、瘀血凝滞、风寒湿阻、气血亏虚等型。治疗以理筋手法、固定、练功与活血化瘀、行气止痛、温经通络药物为主。,伤筋临床见局部疼痛、肿胀、瘀斑、功能障碍。急性期宜制动冷敷，慢性期配合理筋手法、针灸、练功。中药按气滞血瘀（桃红四物汤）、风寒湿阻（独活寄生汤）等论治。若畸形、反常活动、麻木无力须及时就医排除骨折脱位。本条目为教材要点归纳，供参考；具体诊疗请遵医嘱。,2,AI预标注，待人工复核
q045,关节疼痛遇寒加重，屈伸不利，怎么治？,case,snb_baixian_001,神农本草经,中经,白鲜,白鲜，味苦，寒。主头风，黄疸，咳逆淋沥，女子阴中肿痛，湿痹死肌，不可屈伸起止行步。,白鲜皮苦寒，清热燥湿、祛风解毒，主治湿热疮毒、湿疹疥癣、黄疸尿赤及湿热痹痛。本经主头风黄疸、湿痹死肌、不可屈伸，取其清热燥湿、祛风通痹之功。,0,AI预标注，待人工复核
q045,关节疼痛遇寒加重，屈伸不利，怎么治？,case,shanghan_179,伤寒论,辨太阳病脉证并治下,甘草附子汤证治（第179条）,风湿相搏，骨节烦疼，掣痛，不得屈伸，近之则痛剧，汗出短气，小便不利，恶风不欲去衣，或身微肿者，甘草附子汤主之。 甘草附子汤方 甘草二两（炙，味甘平） 附子二枚（炮，去皮破，味辛热） 白术二两（味甘温） 桂枝四两（去皮，味辛热）右四味，以水六升，煮取三升，去滓，温服一升，日三服。初服得微汗则解。能食，汗出复烦者，服五合，…,本条论述太阳病之脉证。症见恶风、汗出、烦、小便不利、短气。治以甘草附子汤（祛风除湿、温经散寒），药后观其进退。,2,AI预标注，待人工复核
q045,关节疼痛遇寒加重，屈伸不利，怎么治？,case,fengyin_001,中医诊断学,辨证,风淫证,风淫证为六淫辨证之一，系外感风邪或肝风内动所致。据规划教材《中医诊断学》归纳：外风证以恶风寒、发热、汗出、头痛、鼻塞、瘙痒、肢体关节游走疼痛、脉浮缓为辨证要点；其性善行数变、轻扬开泄，故病位游移、起病急、变化快。内风（肝风）另见眩晕、抽搐、震颤等，属脏腑辨证范畴。,风为百病之长，为阳邪，其性开泄、善行数变、易袭阳位。外风治宜疏风解表；风邪常兼它邪（风寒、风热、风湿）袭人。临证以恶风、汗出、脉浮缓、瘙痒游走为辨证眼目，并须与内风（肝阳化风、热极生风等）相区别——外风多新起表证，内风多见眩晕抽搐而属里证。,0,AI预标注，待人工复核
q045,关节疼痛遇寒加重，屈伸不利，怎么治？,case,shanghan_394,伤寒论,辨霍乱病脉证并治,伤寒（第394条）,伤寒，其脉微涩者，本是霍乱，今是伤寒，却四五日，至阳经上转入阴，必利，本呕，下利者，不可治也。欲似大便而反矢气，仍不利者，属阳明也，便必硬，十三日愈，所以然者，经尽故也。,本条论述霍乱之脉证。症见脉微、下利、呕。当审其表里寒热、虚实传变而施治。,0,AI预标注，待人工复核
q045,关节疼痛遇寒加重，屈伸不利，怎么治？,case,tufuling_001,中国药典（2025年版）一部,清热药,土茯苓,据《中国药典》2025 年版一部：土茯苓为百合科植物光叶菝葜 Smilax glabra Roxb. 的干燥根茎（药用部位：根茎）。性味甘、淡，平；归肝、胃经。功能与主治：解毒，除湿，通利关节；用于梅毒及汞中毒所致的肢体拘挛，筋骨疼痛，湿热淋浊，带下，痈肿，瘰疬，疥癣。用法与用量：15～60g。贮藏：置通风干燥处。,**简明**：土茯苓甘淡平，解毒除湿、通利关节，为治**梅毒**要药，兼解汞毒，治湿热淋浊、痈肿瘰疬。**详解**：梅毒或汞中毒关节拘挛重用本品（15～60g）配金银花、白鲜皮；湿热淋浊配萆薢、车前子；瘰疬痈肿配夏枯草、连翘。服药期间忌饮茶。,0,AI预标注，待人工复核
q045,关节疼痛遇寒加重，屈伸不利，怎么治？,case,snb_xixin_001,神农本草经,上经,细辛,细辛，味辛，温。主咳逆头痛，脑动，百节拘挛，风湿痹痛，死肌。久服，明目利九窍，轻身长年。一名小辛。生山谷。,细辛辛温，解表散寒、祛风止痛、通窍、温肺化饮，主治风寒感冒、头痛牙痛、鼻塞鼻渊、风湿痹痛及痰饮咳喘。用量宜轻，反藜芦。,0,AI预标注，待人工复核
q045,关节疼痛遇寒加重，屈伸不利，怎么治？,case,yiyiren_001,中国药典（2025年版）一部,利水渗湿药,薏苡仁,据《中国药典》2025 年版一部：薏苡仁为禾本科植物薏苡 Coix lacryma-jobi L. var. ma-yuen (Roman.) Stapf 的干燥成熟种仁（药用部位：成熟种仁）。性味甘、淡，凉；归脾、胃、肺经。功能与主治：利水渗湿，健脾止泻，除痹，排脓，解毒散结；用于水肿，脚气，小便不利，脾虚泄泻，湿痹…,**简明**：薏苡仁甘淡凉，利水渗湿、健脾止泻、除痹排脓、解毒散结，药食两用，力缓不峻（生用清热利湿排脓，炒用健脾止泻）。**详解**：脾虚泄泻配白术、山药（参苓白术散）；湿痹拘挛配防己、木瓜；肺痈配芦根、冬瓜仁（千金苇茎汤）；肠痈配附子、败酱草（薏苡附子败酱散）；赘疣单味煮食。孕妇慎用。,0,AI预标注，待人工复核
q045,关节疼痛遇寒加重，屈伸不利，怎么治？,case,snb_yinyu_001,神农本草经,下经,茵芋,茵芋，味苦，温。主五脏邪气，心腹寒热，羸瘦如疟状，发作有时，诸关节风湿痹痛。生川谷。,茵芋辛苦温有毒，祛风除湿、温经止痛，主治风湿痹痛、关节不利、四肢挛急及脏腑寒热羸瘦如疟状。古多入煎酒或丸散，毒性较烈，阴虚血燥及孕妇忌用，不可过量久服。,0,AI预标注，待人工复核
q045,关节疼痛遇寒加重，屈伸不利，怎么治？,case,zulinqi_001,针灸学,足少阳胆经,足临泣,《灵枢·本输》：胆……注于临泣，临泣，上行一寸半，外陷者中也，为输。,足临泣为足少阳胆经输穴，八脉交会穴、通于带脉，定位在足背外侧，第4跖趾关节后方，小趾伸肌腱外侧凹陷处。主治头痛目眩、目外眦痛、乳痈、瘰疬、胁肋痛、疟疾及足跗疼痛。操作直刺0.3～0.5寸；可灸。,0,AI预标注，待人工复核
q045,关节疼痛遇寒加重，屈伸不利，怎么治？,case,sangzhi_001,中国药典（2025年版）一部,祛风湿药,桑枝,据《中国药典》2025 年版一部：桑枝为桑科植物桑 Morus alba L. 的干燥嫩枝（药用部位：嫩枝）。性味微苦，平；归肝经。功能与主治：祛风湿，利关节；用于风湿痹痛，肩臂、关节酸痛麻木。用法与用量：9～15g。贮藏：置干燥处。  **【古注】】 《本草纲目》：桑枝煎药，专治风湿臂痛及脚气水肿，能利关节，除风痒。,**简明**：桑枝微苦平，祛风湿、利关节，善治**上肢肩臂**风湿痹痛、麻木拘挛，兼利水治脚气。**详解**：风湿痹痛配桂枝、威灵仙（上肢痹痛尤宜）；肩周炎配羌活、姜黄；水肿脚气配茯苓、槟榔。药性平和，寒热痹证均可配用。,0,AI预标注，待人工复核
q045,关节疼痛遇寒加重，屈伸不利，怎么治？,case,jiuweiqianghuo_001,《方剂学》规划教材（要点归纳）,解表剂,九味羌活汤·发汗祛湿兼清里热,"传统方歌：""九味羌活苍芷芎，细辛防地黄芩从，甘草同煎加姜枣，发汗除湿效力雄。""（据教材要点归纳：羌活、防风、苍术各约一钱五分，细辛约五分，川芎、白芷、生地黄、黄芩各约一钱，甘草约一钱，水煎温服。）",九味羌活汤为辛温解表、祛湿清热之代表方，主治外感风寒湿邪、内有蕴热证，症见恶寒发热、无汗头痛、项强肢体酸楚、口苦微渴。本方温燥之性较强，风热表证、阴虚气弱者当慎用。本方为要点归纳，供参考；具体用药请遵医嘱。,1,AI预标注，待人工复核
q045,关节疼痛遇寒加重，屈伸不利，怎么治？,case,lougu_001,《中药学》（清华社）· 药典外品种,利水渗湿药,蝼蛄,据清华社《中药学》：蝼蛄为蝼蛄科动物蝼蛄 Gryllotalpa africana Palisot et Beauvois 或华北蝼蛄 Gryllotalpa unispina Saussure 的干燥虫体（药用部位：虫体）。性味咸，寒；归膀胱、大肠、小肠经。功能与主治：利水消肿，通淋；用于水肿，腹水，小便不利，石淋，…,**简明**：蝼蛄咸寒，利水消肿而通淋，为治水肿腹水、尿闭石淋的峻利药。。**详解**：水肿腹水配大腹皮、茯苓皮；小便不利、石淋配车前子、金钱草；瘰疬研末外敷。**体虚及孕妇忌用**。,0,AI预标注，待人工复核
q045,关节疼痛遇寒加重，屈伸不利，怎么治？,case,taozhi_001,中国药典（2025年版）一部,止血药,桃枝,据《中国药典》2025 年版一部：桃枝为蔷薇科植物桃 Prunus persica (L.) Batsch 的干燥嫩枝（药用部位：嫩枝）。性味苦，平；归心、肝经。功能与主治：活血通络，解毒杀虫；用于心腹疼痛，风湿痹痛，跌打损伤，疮癣。用法与用量：9～15g。外用适量。贮藏：置干燥处。,**简明**：桃枝苦平，活血通络而解毒杀虫，为治瘀痛痹痛与疮癣的常用药。。**详解**：心腹疼痛配延胡索、川芎；风湿痹痛配威灵仙、桑枝；跌打损伤配三七、乳香；疮癣煎水外洗。,3,AI预标注，待人工复核
q045,关节疼痛遇寒加重，屈伸不利，怎么治？,case,snb_sangjisheng_001,神农本草经,上经,桑上寄生,桑上寄生，味苦，平。主腰痛，小儿背强，痈肿，安胎，充肌肤，坚发齿，长须眉。其实明目，轻身通神。寄木上。,桑寄生苦甘平，补肝肾、强筋骨、祛风湿、安胎元，主治风湿痹痛、腰膝酸软、崩漏经多及妊娠漏血胎动不安。,0,AI预标注，待人工复核
q045,关节疼痛遇寒加重，屈伸不利，怎么治？,case,shanghan_464,伤寒论,平脉法,师持脉（第464条）,师持脉，病人欠者，无病也。脉之，呻者，病也。言迟者，风也。摇头言者，里痛也。行迟者，表强也。坐而伏者，短气也。坐而下一脚者，腰痛也。里实护腹，如怀卵物者，心痛也。,本条论述脉诊之脉证。症见腰痛、短气。当审其表里寒热、虚实传变而施治。,0,AI预标注，待人工复核
q045,关节疼痛遇寒加重，屈伸不利，怎么治？,case,shanghan_447,伤寒论,辨脉法,寸口脉阴阳俱紧者（第447条）,寸口脉阴阳俱紧者，法当清邪中于上焦，浊邪中于下焦。清邪中上，名曰洁也；浊邪中下，名曰浑也，阴中于邪，必内栗也，表气微虚，里气不守，故使邪中于阴也。阳中于邪，必发热、头痛、项强、颈挛、腰痛、胚酸，所为阳中雾露之气，故曰清邪中上。浊邪中下，阴气为栗，足膝逆冷，便溺妄出，表气微虚，里气微急，三焦相混，内外不通，上焦怫郁，藏气…,本条论述脉诊之脉证。症见发热、头痛、腰痛、项强、脉浮。当审其表里寒热、虚实传变而施治。,0,AI预标注，待人工复核
q045,关节疼痛遇寒加重，屈伸不利，怎么治？,case,difengpi_001,中国药典（2025年版）一部,祛风湿药,地枫皮,据《中国药典》2025 年版一部：地枫皮为木兰科植物地枫皮 Illicium difengpi B. N. Chang et al. 的干燥树皮（药用部位：树皮）。性味微辛、涩，温；归肾、膀胱经。功能与主治：祛风除湿，行气止痛；用于风湿痹痛，腰肌劳损。用法与用量：6～9g。贮藏：置干燥处。,**简明**：地枫皮微辛涩温，祛风除湿而行气止痛，为广西地区治风湿腰痛、劳损的常用药。。**详解**：风湿痹痛配独活、桑寄生；腰肌劳损配杜仲、续断、牛膝。,2,AI预标注，待人工复核
q045,关节疼痛遇寒加重，屈伸不利，怎么治？,case,daodou_001,中国药典（2025年版）一部,理气药,刀豆,据《中国药典》2025 年版一部：刀豆为豆科植物刀豆 Canavalia gladiata (Jacq.) DC. 的干燥成熟种子（药用部位：成熟种子）。性味甘，温；归胃、肾经。功能与主治：温中降逆，下气止呃；用于虚寒呃逆，呕吐，肾虚腰痛。用法与用量：9～15g。贮藏：置通风干燥处，防蛀。,**简明**：刀豆甘温，温中降逆而下气止呃，为治虚寒呃逆、呕吐的常用药。。**详解**：虚寒呃逆配丁香、柿蒂；呕吐配半夏、生姜；肾虚腰痛配杜仲、补骨脂。,0,AI预标注，待人工复核
q045,关节疼痛遇寒加重，屈伸不利，怎么治？,case,bajiaohuixiang_001,中国药典（2025年版）一部,温里药,八角茴香,据《中国药典》2025 年版一部：八角茴香为木兰科植物八角茴香 Illicium verum Hook. f. 的干燥成熟果实（药用部位：成熟果实）。性味辛，温；归肝、肾、脾、胃经。功能与主治：温阳散寒，理气止痛；用于寒疝腹痛，肾虚腰痛，胃寒呕吐，脘腹冷痛。用法与用量：3～6g。贮藏：置阴凉干燥处。,**简明**：八角茴香辛温，温阳散寒而理气止痛，为治寒疝腹痛与胃寒呕吐的常用药。。**详解**：寒疝腹痛配小茴香、乌药；肾虚腰痛配杜仲、补骨脂；胃寒呕吐、脘腹冷痛配高良姜、丁香。**阴虚火旺者慎用**。,0,AI预标注，待人工复核
q045,关节疼痛遇寒加重，屈伸不利，怎么治？,case,jingmen_001,针灸学,足少阳胆经,京门,出《脉经》。,京门为肾之募穴，定位在侧腰部，章门后1.8寸，第12肋骨游离端下方。主治小便不利、水肿、腰痛、胁痛、腹胀及泄泻。操作斜刺0.5～0.8寸；可灸。,0,AI预标注，待人工复核
q045,关节疼痛遇寒加重，屈伸不利，怎么治？,case,shayuanyi_001,中国药典（2025年版）一部,补虚药,沙苑子,据《中国药典》2025 年版一部：沙苑子为豆科植物扁茎黄芪 Astragalus complanatus R. Br. 的干燥成熟种子（药用部位：成熟种子）。性味甘，温；归肝、肾经。功能与主治：补肾助阳，固精缩尿，养肝明目；用于肾虚腰痛，遗精早泄，遗尿尿频，白浊带下，目暗昏花。用法与用量：9～15g。贮藏：置通风干燥处…,**简明**：沙苑子甘温，补肾助阳、固精缩尿、养肝明目，主治肾虚腰痛、遗精早泄、尿频带下及目暗昏花。**详解**：遗精配芡实、莲须（金锁固精丸类）；目暗配枸杞子、女贞子；腰痛配杜仲、续断。阴虚火旺、阳强易举者慎用。,0,AI预标注，待人工复核
q045,关节疼痛遇寒加重，屈伸不利，怎么治？,case,niuxi_001,中国药典（2025年版）一部,活血化瘀药,牛膝,据《中国药典》2025 年版一部：牛膝为苋科植物牛膝 Achyranthes bidentata Bl. 的干燥根（药用部位：根）。性味苦、甘、酸，平；归肝、肾经。功能与主治：逐瘀通经，补肝肾，强筋骨，利尿通淋，引血下行；用于经闭，痛经，腰膝酸痛，筋骨无力，淋证，水肿，头痛，眩晕，牙痛，口疮，吐血，衄血。用法与用量：5…,**简明**：牛膝苦甘酸平，逐瘀通经、补肝肾强筋骨、利尿通淋、**引血引火下行**，主治瘀血经闭、腰膝酸软、淋证水肿及头痛眩晕、牙痛口疮（上炎之火）。**详解**：痹证腰膝配独活、桑寄生（独活寄生汤）；胃火上炎齿痛配石膏、知母（玉女煎）；瘀血经闭配桃仁、红花；引火下行配代赭石、牡蛎。生用活血引血下行，酒制补肝肾。孕妇慎…,2,AI预标注，待人工复核
q045,关节疼痛遇寒加重，屈伸不利，怎么治？,case,xialiao_001,针灸学,足太阳膀胱经,下髎,出《针灸甲乙经》。《针灸甲乙经》：下髎，在第四空夹脊陷者中。,下髎为足太阳膀胱经穴，系八髎穴之一，定位在骶区，正对第4骶后孔中。主治腹痛、泄泻、便秘等肠腑病证，小便不利、带下等泌尿生殖病证，以及腰痛。刺法：直刺1～1.5寸；可灸。,0,AI预标注，待人工复核
q045,关节疼痛遇寒加重，屈伸不利，怎么治？,case,yaotong_001,中医内科学,气血津液病证,腰痛,"腰痛是指腰部感受外邪，或因外伤、体虚引起的以腰部一侧或两侧疼痛为主要症状的一类病证。《素问·脉要精微论》：""腰者，肾之府，转摇不能，肾将惫矣。""《素问·痹论》：""风寒湿三气杂至，合而为痹……以冬遇此者为骨痹。""《金匮要略·五脏风寒积聚病脉证并治》：""肾著之病，其人身体重，腰中冷……甘姜苓术汤主之。""教材分外感、内伤、瘀…",腰痛病位在肾，基本病机分为虚实：外感（寒湿、湿热）属实，经络阻滞不通则痛；内伤（肾阴虚、肾阳虚）属虚，腰府失养则痛；瘀血腰痛属实证，跌仆损伤、瘀血留滞所致。辨证首辨外感与内伤：寒湿腰痛腰部冷痛重着；湿热腰痛腰部灼热痛；瘀血腰痛腰痛如刺、痛有定处；肾阴虚腰痛酸软无力、心烦失眠；肾阳虚腰痛酸软、局部发凉。分证论治：寒湿腰痛…,1,AI预标注，待人工复核
q045,关节疼痛遇寒加重，屈伸不利，怎么治？,case,zhongliao_001,针灸学,足太阳膀胱经,中髎,出《针灸甲乙经》。《针灸甲乙经》：中髎，在第三空夹脊陷者中。,中髎为足太阳膀胱经穴，系八髎穴之一，定位在骶区，正对第3骶后孔中。主治便秘、泄泻等肠腑病证，小便不利、月经不调、带下等泌尿生殖病证，以及腰痛。刺法：直刺1～1.5寸；可灸。,0,AI预标注，待人工复核
q045,关节疼痛遇寒加重，屈伸不利，怎么治？,case,yinmen_001,针灸学,足太阳膀胱经,殷门,出《针灸甲乙经》。,殷门定位在股后区，臀沟横纹下6寸，股二头肌与半腱肌之间，属足太阳膀胱经，无特定穴属性。长于疏通膀胱经气，主治腰痛、急性腰扭伤及下肢痿痹、大腿后侧疼痛。刺法：直刺1～2寸。,0,AI预标注，待人工复核
q045,关节疼痛遇寒加重，屈伸不利，怎么治？,case,shangliao_001,针灸学,足太阳膀胱经,上髎,出《针灸甲乙经》。《针灸甲乙经》：上髎，在第一空腰髁下夹脊陷者中。,上髎为足太阳膀胱经穴，系八髎穴（上、次、中、下髎）之一，定位在骶区，正对第1骶后孔中。主治大小便不利、月经不调、带下、阴挺、遗精、阳痿等泌尿生殖病证，以及腰痛。刺法：直刺1～1.5寸；可灸。,0,AI预标注，待人工复核
q045,关节疼痛遇寒加重，屈伸不利，怎么治？,case,gusuibu_001,中国药典（2025年版）一部,活血化瘀药,骨碎补,据《中国药典》2025 年版一部：骨碎补为水龙骨科植物槲蕨 Drynaria fortunei (Kunze) J. Sm. 的干燥根茎（药用部位：根茎）。性味苦，温；归肾、肝经。功能与主治：疗伤止痛，补肾强骨；用于跌扑闪挫，筋骨折伤，肾虚腰痛，筋骨痿软，耳鸣耳聋，牙齿松动；外治斑秃。用法与用量：3～9g。外用适量，研…,**简明**：骨碎补苦温，疗伤止痛、补肾强骨，为**伤科接骨**与**肾虚骨痿**之要药（「入骨补碎」），兼治耳鸣牙松、斑秃（外擦）。**详解**：跌打骨折配苏木、自然铜；肾虚腰痛配杜仲、续断；耳鸣牙松配熟地黄、山茱萸。阴虚内热者慎用。,0,AI预标注，待人工复核
q045,关节疼痛遇寒加重，屈伸不利，怎么治？,case,lingshu_013,灵枢经,经筋篇第十三,经筋篇第十三,足太阳之筋，起于足小趾上，结于踝，邪上结于膝，其下循足外侧，结于踵，上循跟，结于腘。其别者，结于腨外，上腘中内廉，与腘中并上结于臀，上挟脊上项。其支者，别入结于舌本。其直者，结于枕骨，上头，下颜，结于鼻。其支者，为目上纲，下结于頄。其支者，从腋后外廉，结于肩髃。其支者，入腋下，上出缺盆，上结于完骨。其支者，出缺盆，邪上…,本篇论十二经筋起止循行与病候。自足太阳之筋起于足小趾，依次论及六经筋与三手阳筋、三阴筋，各记其结聚部位及所过支筋。其病多为转筋肿痛、缓急口僻等痹证，治在燔针劫刺，以知为数，以痛为输，分主春夏秋冬十二月之痹。末总论经筋寒热所致筋急纵缓之病，及阳明、太阳筋急口僻之治。,1,AI预标注，待人工复核
q045,关节疼痛遇寒加重，屈伸不利，怎么治？,case,huangqiguizhiwuwu_001,《方剂学》规划教材（要点归纳）,温里剂,黄芪桂枝五物汤·益气温经和血通痹,"传统方歌：""黄芪桂枝五物汤，芍药大枣与生姜，益气温经和营卫，血痹风痹功效良。""（《金匮要略》血痹方，据教材要点归纳：黄芪、芍药、桂枝、生姜、大枣，各约常用量，水煎服。）",黄芪桂枝五物汤为益气温经、和血通痹代表方，主治血痹证，由气虚血滞、肌肤失养所致，症见身体麻木不仁、微恶风寒、肢节疼痛、舌淡、脉微涩而紧。功能益气温经、和血通痹，为治气虚血滞、肌肤麻木不仁（血痹）之常用方。使用注意：阴虚火旺、实热痹痛非宜；方偏温通，血热证当忌。本方为要点归纳，供参考；具体用药请遵医嘱。,0,AI预标注，待人工复核
q045,关节疼痛遇寒加重，屈伸不利，怎么治？,case,qianghuoshi_001,《方剂学》规划教材（要点归纳）,祛湿剂,羌活胜湿汤·祛风胜湿治风湿在表,"传统方歌：""羌活胜湿藁本防风，甘草川芎蔓荆同，独活祛风胜湿灵，风湿在表一身痛。""（李东垣《内外伤辨惑论》方，据教材要点归纳：羌活、独活、藁本、防风、甘草、川芎、蔓荆子，各约常用量，水煎服。）",羌活胜湿汤为祛风胜湿代表方，主治风湿在表证，症见肩背痛不可回顾、头痛身重、或腰脊疼痛、难以转侧、苔白、脉浮。功能祛风胜湿，为治外感风湿、郁滞肌表经络之头身重痛、肩背痛常用方。使用注意：方多辛温香燥，阴虚血燥、素体阴虚者慎用；湿热痹证、关节红肿热痛非宜。本方为要点归纳，供参考；具体用药请遵医嘱。,1,AI预标注，待人工复核
q045,关节疼痛遇寒加重，屈伸不利，怎么治？,case,hetaoren_001,中国药典（2025年版）一部,补虚药,核桃仁,据《中国药典》2025 年版一部：核桃仁为胡桃科植物胡桃 Juglans regia L. 的干燥成熟种子（药用部位：成熟种子）。性味甘，温；归肾、肺、大肠经。功能与主治：补肾，温肺，润肠；用于肾阳不足，腰膝酸软，阳痿遗精，虚寒喘嗽，肠燥便秘。用法与用量：6～9g。贮藏：置阴凉干燥处，防蛀。  **【古注】】 《本草纲…,**简明**：核桃仁甘温，补肾温肺、润肠，主治肾虚腰膝酸软、阳痿遗精、虚寒喘嗽及肠燥便秘。**详解**：肾虚腰痛配补骨脂、杜仲（青娥丸）；虚寒喘嗽配人参、生姜（人参胡桃汤）；肠燥便秘单味嚼服。阴虚火旺、痰火喘咳者慎用。,0,AI预标注，待人工复核
q045,关节疼痛遇寒加重，屈伸不利，怎么治？,case,sangpiaoxiao_001,中国药典（2025年版）一部,收涩药,桑螵蛸,据《中国药典》2025 年版一部：桑螵蛸为螳螂科昆虫大刀螂 Tenodera sinensis Saussure、小刀螂 Statilia maculata (Thunberg) 或巨斧螳螂 Hierodula patellifera (Serville) 的干燥卵鞘（药用部位：卵鞘）。性味甘、咸，平；归肝、肾经。功能…,**简明**：桑螵蛸甘咸平，固精缩尿、补肾助阳（**固肾涩精，兼助肾阳**），主治遗精滑精、遗尿尿频、白浊及阳痿。**详解**：遗尿配益智仁、龙骨（桑螵蛸散）；阳痿配淫羊藿、菟丝子。阴虚火旺、膀胱有热而尿频涩痛者忌用。,0,AI预标注，待人工复核
q045,关节疼痛遇寒加重，屈伸不利，怎么治？,case,shen_pangguang_001,中医诊断学,辨证,肾阳虚、肾阴虚、肾精不足与膀胱湿热证,肾与膀胱辨证。据规划教材《中医诊断学》归纳：肾阳虚证以腰膝酸软冷痛、畏寒肢冷（下肢尤甚）、面色㿠白或黧黑、阳痿宫寒、夜尿多、五更泄泻、舌淡胖苔白、脉沉细无力（尺脉尤弱）为要点；肾阴虚证以腰膝酸痛、眩晕耳鸣、失眠多梦、潮热盗汗、五心烦热、咽干、遗精经少、舌红少苔、脉细数为要点；肾精不足证以小儿发育迟缓、智力低下，成人生殖…,肾阳虚治宜温补肾阳；肾阴虚治宜滋补肾阴；肾精不足治宜补益肾精；膀胱湿热治宜清热利湿通淋。肾虚三证均以腰膝酸软为主症：兼畏寒肢冷、五更泻为肾阳虚；兼潮热盗汗、舌红少苔为肾阴虚；兼发育生殖功能低下、早衰健忘为肾精不足。膀胱湿热为下焦实证，以尿频尿急尿痛、苔黄腻为眼目，与肾虚之久病虚证迥别。,0,AI预标注，待人工复核
q045,关节疼痛遇寒加重，屈伸不利，怎么治？,case,lingshu_020,灵枢经,五邪篇第二十,五邪篇第二十,邪在肺，则病皮肤痛，寒热，上气喘，汗出，咳动肩背。取之膺中外腧，背三节五脏之傍，以手疾按之，快然，乃刺之。取之缺盆中以越之。 邪在肝，则两胁中痛，寒中，恶血在内，行善掣，节时脚肿。取之行间，以引胁下，补三里以温胃中，取血脉以散恶血；取耳间青脉，以去其掣。 邪在脾胃，则病肌肉痛，阳气有余，阴气不足，则热中善饥；阳气不足，…,本篇论邪在五脏之病候与取穴。邪在肺则皮肤痛寒热上气喘汗出咳动肩背，取膺中外俞及背三节五脏之傍、缺盆；邪在肝则两胁痛恶血在内行掣节肿，取行间、三里及耳间青脉；邪在脾胃则肌肉痛、寒热中善饥肠鸣腹痛，调于三里；邪在肾则骨痛阴痹腹胀腰痛大便难肩背颈项痛时眩，取涌泉、昆仑出血；邪在心则心痛喜悲时眩仆，视其输调之。,0,AI预标注，待人工复核
q045,关节疼痛遇寒加重，屈伸不利，怎么治？,case,suwen_050,黄帝内经素问,刺要论篇五十,刺要论篇五十,黄帝问曰：愿闻刺要。 岐伯对曰：病有浮沉，刺有浅深，各至其理，无过其道，过之则内伤，不及则生外壅，壅则邪从之。浅深不得，反为大贼，内动五脏，后生大病。故曰：“病有在毫毛腠理者，有在皮肤者，有在肌肉者，有在脉者，有在筋者，有在骨者，有在髓者。”是故刺毫毛腠理无伤皮，皮伤则内动肺，肺动则秋病温疟，泝泝然寒栗。刺皮无伤肉，肉…,本篇论针刺之要领。病有浮沉，刺有浅深，各至其理，无过其道：过之则内伤，不及则外壅而邪从之，浅深不得反为大贼，内动五脏后生大病。病有在毫毛腠理、皮肤、肌肉、脉、筋、骨、髓之分，故刺毫毛腠理无伤皮，皮伤内动肺，秋病温疟；刺皮无伤肉，肉伤动脾，四季月病腹胀不嗜食；刺肉无伤脉，脉伤动心，夏病心痛；刺脉无伤筋，筋伤动肝，春病热而…,0,AI预标注，待人工复核
q045,关节疼痛遇寒加重，屈伸不利，怎么治？,case,shengyuge_001,针灸大成,卷之三,胜玉歌,胜玉歌兮不虚言，此是杨家真秘传。或针或灸依法语，补泻迎随随手捻。头痛眩晕百会好，心疼脾痛上脘先。后溪鸠尾及神门，治疗五痫立便痊。髀疼要针肩井穴，耳闭听会莫迟延。胃冷下脘却为良，眼痛须觅清冷渊。霍乱心疼吐痰涎，巨阙着艾便安然。脾疼背痛中渚泻，头风眼痛上星专。头项强急承浆保，牙腮疼紧大迎全。行间可治膝肿病，尺泽能医筋拘挛。…,"本篇杨氏自称""杨家真秘传""，以""胜玉""寓意胜过《玉龙歌》。以七言为体，逐证列要穴：头痛眩晕取百会、心痛脾痛取上脘、五痫取后溪鸠尾神门、耳闭取听会、霍乱取巨阙、中风口吐沫取人中颊车、疟疾取间使大杼、泄泻灸天枢、气病取气海、腿股痛取环跳风市阴市、脚气取复溜、疝气取大敦、遗精取心俞、黄疸取至阳、痔疾取长强、肾亏腰痛取肾俞。末…",0,AI预标注，待人工复核
q045,关节疼痛遇寒加重，屈伸不利，怎么治？,case,fangji_001,中国药典（2025年版）一部,祛风湿药,防己,据《中国药典》2025 年版一部：防己为防己科植物粉防己 Stephania tetrandra S. Moore 的干燥根（药用部位：根）。性味苦、辛，寒；归膀胱、肺经。功能与主治：祛风止痛，利水消肿；用于风湿痹痛，湿热身痛，水肿，小便不利，脚气肿痛。用法与用量：5～10g。贮藏：置干燥处，防霉，防蛀。  **【古注…,**简明**：防己苦辛寒，祛风止痛、利水消肿，主治**风湿热痹**（关节红肿热痛）及风水水肿。**详解**：风湿热痹配薏苡仁、滑石（宣痹汤）；风水水肿配黄芪、白术（防己黄芪汤）；脚气肿痛配槟榔、吴茱萸。苦寒伤胃，脾胃虚寒、阴虚及无湿热者慎用。,0,AI预标注，待人工复核
q045,关节疼痛遇寒加重，屈伸不利，怎么治？,case,leigongteng_001,中国药典（2025年版）一部,祛风湿药,雷公藤,据《中国药典》2025 年版一部：雷公藤为卫矛科植物雷公藤 Tripterygium wilfordii Hook. f. 的干燥根（药用部位：根）。性味辛、苦，寒；有大毒；归肝、肾经。功能与主治：祛风除湿，活血通络，消肿止痛，杀虫解毒；用于类风湿关节炎、风湿性关节炎，肾小球肾炎，肾病综合征，红斑狼疮，银屑病，麻风病，…,**简明**：雷公藤辛苦寒大毒，祛风除湿、活血通络、消肿止痛，为治**类风湿关节炎**等自身免疫病之效药。**详解**：类风湿关节肿痛单用煎服或配青风藤、威灵仙；肾炎蛋白尿配黄芪、益母草；银屑病顽癣内服外用。**大毒**，须去皮久煎（文火 1-2 小时），孕妇及心肝肾功能不全者禁用；可致月经紊乱、白细胞下降，须在医师指…,0,AI预标注，待人工复核
q045,关节疼痛遇寒加重，屈伸不利，怎么治？,case,hanxie_001,《中医基础理论》规划教材（要点归纳）,病因病机,寒邪·寒为阴邪易伤阳气凝滞收引,"寒邪为六淫之一，其性清冷、凝滞、收引。致病特点：寒为阴邪，易伤阳气，见恶寒、脘腹冷痛等；寒性凝滞，气血运行不畅而疼痛，得温则减；寒性收引，腠理经络收缩，见无汗、脉紧、肢体拘急。寒邪伤于肌表为""伤寒""，直中脏腑为""中寒""。",寒邪为阴邪，伤阳、凝滞、收引，以疼痛、恶寒、拘急为特点。临床见冷痛、得温则减、无汗脉紧等多从寒论治。本条为病因基础理论，不涉及具体诊疗。,0,AI预标注，待人工复核
q045,关节疼痛遇寒加重，屈伸不利，怎么治？,case,shanghan_305,伤寒论,辨少阴病脉证并治,少阴身体痛骨节痛附子汤（第305条）,少阴病，身体痛，手足寒，骨节痛，脉沉者，附子汤主之。,少阴病身体痛、骨节痛、手足寒而脉沉，为肾阳虚衰、寒湿凝滞于骨节经脉。与太阳伤寒身痛相比，此属里虚寒湿，故用附子汤温阳散寒、除湿止痛。,1,AI预标注，待人工复核
q045,关节疼痛遇寒加重，屈伸不利，怎么治？,case,shanghan_087,伤寒论,辨太阳病脉证并治中,救里救表先后（第87条）,伤寒医下之，续得下利，清谷不止，身疼痛者，急当救里；后身疼痛，清便自调者，急当救表。救里宜四逆汤；救表宜桂枝汤。,本条论表里同病先后缓急。伤寒医下之续得下利清谷不止、身疼痛者，急当救里；后身疼痛、清便自调者，急当救表。救里宜四逆汤，救表宜桂枝汤。,0,AI预标注，待人工复核
q045,关节疼痛遇寒加重，屈伸不利，怎么治？,case,xueshangyizhihao_001,《中药学》（清华社）· 药典外品种,祛风湿药,雪上一枝蒿,据清华社《中药学》：雪上一枝蒿为毛茛科植物短柄乌头 Aconitum brachypodum Diels 的干燥块根（药用部位：块根）。性味苦、辛，温；有大毒；归肝经。功能与主治：祛风除湿，活血止痛，散瘀消肿；用于风湿痹痛，跌打损伤，骨折肿痛，疮疡肿毒。用法与用量：0.02～0.04g，研粉服或入丸散；外用适量，酒磨敷…,**简明**：雪上一枝蒿苦辛温大毒，祛风除湿而活血止痛，为云南民间治顽痹剧痛的剧毒药，内服须极微量。。**详解**：风湿痹痛、跌打骨折肿痛研粉内服 0.02～0.04g 或酒磨外敷；疮疡肿毒外用。**大毒**，内服极微量须遵医嘱；孕妇禁用；禁与酒同服；中毒可致心律失常、呼吸抑制，需急送医。,0,AI预标注，待人工复核
q045,关节疼痛遇寒加重，屈伸不利，怎么治？,case,xiyangguan_001,针灸学,足少阳胆经,膝阳关,出《针灸甲乙经》。,膝阳关定位在膝外侧，阳陵泉上3寸，股骨外上髁上方凹陷处。主治膝髌肿痛、腘筋挛急及小腿麻木。操作直刺0.8～1寸；可灸。,0,AI预标注，待人工复核
q045,关节疼痛遇寒加重，屈伸不利，怎么治？,case,shanghan_088,伤寒论,辨太阳病脉证并治中,脉沉发热头痛救里（第88条）,病发热，头痛，脉反沉，若不差，身体疼痛，当救其里，宜四逆汤。,本条论里虚寒证。病发热头痛，脉反沉，若不差、身体疼痛，当救其里，宜四逆汤。表证见里虚寒脉，当先救里。,0,AI预标注，待人工复核
q045,关节疼痛遇寒加重，屈伸不利，怎么治？,case,xixiancao_001,中国药典（2025年版）一部,祛风湿药,豨莶草,据《中国药典》2025 年版一部：豨莶草为菊科植物豨莶 Siegesbeckia orientalis L.、腺梗豨莶 Siegesbeckia pubescens Makino 或毛梗豨莶 Siegesbeckia glabrescens Makino 的干燥地上部分（药用部位：地上部分）。性味辛、苦，寒；归肝、肾经…,**简明**：豨莶草辛苦寒，祛风湿、利关节、解毒，主治风湿痹痛、四肢麻痹、半身不遂及风疹湿疮，现代用于高血压。**详解**：风湿痹痛配威灵仙、防己；中风半身不遂酒蒸制用配当归、川芎；湿疮瘙痒煎汤外洗。制用（酒蒸）补肝肾，生用清利。,0,AI预标注，待人工复核
q045,关节疼痛遇寒加重，屈伸不利，怎么治？,case,lingshu_058,灵枢经,贼风篇五十八,贼风篇五十八,黄帝曰：夫子言贼风邪气之伤人也，令人病焉，今有其不离遮罩，不出室穴之中，卒然病者，非不离贼风邪气，其故何也？ 岐伯曰：此皆尝有所伤于湿气，藏于血脉之中，分肉之间，久留而不去。若有所堕坠，恶血在内而不去，卒然喜怒不节，饮食不适，寒温不时，腠理闭而不通。其开而遇风寒，则血气凝结，与故邪相袭，则为寒痹。其有热则汗出，汗出则受…,本篇论不遇贼风而猝然发病之故。岐伯谓此皆尝伤于湿气、藏于血脉分肉之间，或有堕坠恶血在内，卒然喜怒不节、饮食不适、寒温不时，腠理闭而不通，与故邪相袭，则为寒痹。其不遇邪气又无怵惕之志而猝病者，亦故邪留而未发，志有所恶慕、血气内乱、两气相搏，其所从来者微，故似鬼神。先巫知百病所由生，可祝由已之。,3,AI预标注，待人工复核
q045,关节疼痛遇寒加重，屈伸不利，怎么治？,case,luoshiteng_001,中国药典（2025年版）一部,祛风湿药,络石藤,据《中国药典》2025 年版一部：络石藤为夹竹桃科植物络石 Trachelospermum jasminoides (Lindl.) Lem. 的干燥带叶藤茎（药用部位：带叶藤茎）。性味苦，微寒；归心、肝、肾经。功能与主治：祛风通络，凉血消肿；用于风湿热痹，筋脉拘挛，腰膝酸痛，喉痹，痈肿，跌扑损伤。用法与用量：6～12…,**简明**：络石藤苦微寒，祛风通络、凉血消肿，主治**风湿热痹**（关节红肿热痛）、喉痹痈肿。**详解**：风湿热痹配防己、秦艽、忍冬藤；喉痹咽痛配桔梗、甘草；痈肿跌扑外用鲜品捣敷。阳虚畏寒者慎用。,0,AI预标注，待人工复核
q045,关节疼痛遇寒加重，屈伸不利，怎么治？,case,jingui_006,金匮要略,血痹虚劳病脉证并治第六,血痹虚劳病脉证并治第六,（论一首 脉证九条 方九首） 问曰：血痹病从何得之？师曰：夫尊荣人，骨弱肌肤盛，重因疲劳汗出，卧不时动摇，加被微风，遂得之。但以脉自微涩，在寸口、关上小紧，宜针引阳气，令脉和，紧去则愈。 血痹，阴阳俱微，寸口关上微，尺中小紧，外证身体不仁，如风痹状，黄芪桂枝五物汤主之。 黄芪桂枝五物汤方 黄芪三两 芍药三两 桂枝三两 …,本篇论血痹与虚劳。血痹因尊荣人骨弱汗出、加被微风，主黄芪桂枝五物汤；虚劳涵盖失精、里急腰痛、虚烦不得眠、干血等证，出小建中、肾气丸、薯蓣丸、酸枣仁汤、大黄蟅虫丸等名方，补虚与化瘀并行。,0,AI预标注，待人工复核
q045,关节疼痛遇寒加重，屈伸不利，怎么治？,case,qingfengteng_001,中国药典（2025年版）一部,祛风湿药,青风藤,据《中国药典》2025 年版一部：青风藤为防己科植物青藤 Sinomenium acutum (Thunb.) Rehd. et Wils. 及毛青藤 Sinomenium acutum (Thunb.) Rehd. et Wils. var. cinereum Rehd. et Wils. 的干燥藤茎（药用部位：藤茎…,**简明**：青风藤苦辛平，祛风湿、通经络、利小便，主治风湿痹痛、关节肿胀、麻痹瘙痒，现代常用于类风湿关节炎（青藤碱抗炎镇痛）。**详解**：风湿痹痛配威灵仙、秦艽；关节肿胀配防己、薏苡仁。偶见过敏反应，用量宜从 6g 起。,0,AI预标注，待人工复核
q045,关节疼痛遇寒加重，屈伸不利，怎么治？,case,xietong_001,中医内科学,肝胆系病证,胁痛,"胁痛是以一侧或两侧胁肋部疼痛为主要表现的病证，为肝胆系常见病证。《素问·脏气法时论》：""肝病者，两胁下痛引少腹。""《灵枢·五邪》：""邪在肝，则两胁中痛。""《金匮要略·痰饮咳嗽病脉证并治》悬饮证亦见""咳唾引痛""于胁下。教材将胁痛归入肝胆系病证，辨证分虚实两端。",胁痛病位在肝胆，基本病机为肝络失和——实证多由气滞、血瘀、湿热阻遏肝络，不通则痛；虚证多由肝阴不足、脉络失养，不荣则痛。辨证首辨气血：胀痛为主、痛无定处属气滞；刺痛为主、痛有定处属血瘀；口苦目赤、苔黄腻属湿热；隐痛绵绵、心烦目涩属肝阴不足。分证论治：肝郁气滞证治以疏肝理气，方用柴胡疏肝散；肝胆湿热证治以清热利湿，方用龙…,0,AI预标注，待人工复核
q045,关节疼痛遇寒加重，屈伸不利，怎么治？,case,fangfeng_001,中国药典（2025年版）一部,解表药,防风,据《中国药典》2025 年版一部：防风为伞形科植物防风 Saposhnikovia divaricata (Turcz.) Schischk. 的干燥根（药用部位：根）。性味辛、甘，微温；归膀胱、肝、脾经。功能与主治：祛风解表，胜湿止痛，止痉；用于感冒头痛，风湿痹痛，风疹瘙痒，破伤风。用法与用量：5～10g。贮藏：置阴…,**简明**：防风辛甘微温，祛风解表、胜湿止痛、止痉，为治风通用药，药性平和不燥，风寒风热皆可配用。**详解**：风寒感冒配荆芥、羌活；风热配薄荷、蝉蜕；风湿痹痛配羌活、独活、桂枝；自汗恶风配黄芪、白术（玉屏风散固表止汗）；破伤风配天南星、白附子。阴虚火旺、血虚发痉者慎用。,2,AI预标注，待人工复核
q045,关节疼痛遇寒加重，屈伸不利，怎么治？,case,xiguan_001,针灸学,足厥阴肝经,膝关,出《针灸甲乙经》。,膝关属足厥阴肝经，定位在小腿内侧，胫骨内上髁的后下方，阴陵泉后1寸，腓肠肌内侧头的上部。主治膝膑肿痛、下肢痿痹。刺法：直刺1～1.5寸；可灸。,0,AI预标注，待人工复核
q045,关节疼痛遇寒加重，屈伸不利，怎么治？,case,shanghan_345,伤寒论,辨厥阴病脉证并治,发热下利至甚厥不止者死（第345条）,伤寒发热，下利至甚，厥不止者，死。,伤寒发热而又下利至甚、厥冷不止，为阴寒内盛、阳气衰亡，发热乃虚阳外越之假象，下利不止则阴精下脱，故主死。,0,AI预标注，待人工复核
q045,关节疼痛遇寒加重，屈伸不利，怎么治？,case,xuchangqing_001,中国药典（2025年版）一部,祛风湿药,徐长卿,据《中国药典》2025 年版一部：徐长卿为萝藦科植物徐长卿 Cynanchum paniculatum (Bge.) Kitag. 的干燥根和根茎（药用部位：根和根茎）。性味辛，温；归肝、胃经。功能与主治：祛风止痛，活血通络，止痒，解蛇毒；用于风湿痹痛，胃脘胀痛，牙痛，痛经，跌打损伤，湿疹，风疹块，毒蛇咬伤。用法与用量…,**简明**：徐长卿辛温，祛风止痛、活血通络、止痒，为止痛要药（风湿痛、胃痛、牙痛、痛经皆宜），兼解蛇毒。**详解**：风湿痹痛配威灵仙、独活；胃脘痛配延胡索、木香；湿疹风疹配白鲜皮、地肤子；蛇伤外用捣敷。含挥发油（丹皮酚），**入汤剂宜后下**。,2,AI预标注，待人工复核
q045,关节疼痛遇寒加重，屈伸不利，怎么治？,case,lulutong_001,中国药典（2025年版）一部,祛风湿药,路路通,据《中国药典》2025 年版一部：路路通为金缕梅科植物枫香树 Liquidambar formosana Hance 的干燥成熟果序（药用部位：成熟果序）。性味苦，平；归肝、肾经。功能与主治：祛风活络，利水，通经；用于关节痹痛，麻木拘挛，水肿胀满，乳少经闭。用法与用量：5～10g。外用适量。贮藏：置干燥处。  **【古…,**简明**：路路通苦平，祛风活络、利水通经，主治风湿痹痛、麻木拘挛、水肿及乳少经闭。**详解**：风湿痹痛配威灵仙、秦艽；水肿配茯苓、泽泻；乳汁不下配穿山甲（代用品）、王不留行；风疹瘙痒配防风、白鲜皮。月经过多及孕妇慎用。,0,AI预标注，待人工复核
q045,关节疼痛遇寒加重，屈伸不利，怎么治？,case,snb_fangfeng_001,神农本草经,上经,防风,防风，味甘，温。主大风头眩痛，恶风风邪，目盲无所见，风行周身，骨节疼痹烦满。久服，轻身。一名铜芸。生川泽。,防风辛甘微温，祛风解表、胜湿止痛、止痉，主治感冒头痛、风湿痹痛、风疹瘙痒及破伤风，为风药中之润剂。,0,AI预标注，待人工复核
q045,关节疼痛遇寒加重，屈伸不利，怎么治？,case,jingui_002,金匮要略,痉湿暍病脉证治第二,痉湿暍病脉证治第二,（论一首 脉证十二条 方十一首） 太阳病，发热无汗，反恶寒者，名曰刚痉。太阳病，发热汗出，而不恶寒，名曰柔痉。太阳病，发热，脉沉而细者，名曰痉，为难治。太阳病，发汗太多，因致痉。夫风病，下之则痉，复发汗，必拘急。疮家，虽身疼痛，不可发汗，汗出则痉。 病者，身热足寒，颈项强急，恶寒，时头热，面赤，目赤，独头动摇，卒口噤，…,本篇论痉、湿、暍三病。痉病分刚柔，主强急口噤、背反张；湿痹以身疼发热、小便不利为主；风湿当微发其汗；中暍属夏月伤暑，分热胜与水停两型，各出主方。,0,AI预标注，待人工复核
q045,关节疼痛遇寒加重，屈伸不利，怎么治？,case,shanghan_559,伤寒论,辨痉湿暍脉证,病身热足寒（第559条）,病身热足寒，颈项强急，恶寒，时头热面赤，目脉赤，独头面摇，卒口噤，背反张者，痉病也。,本条论述痉湿暍之脉证。症见恶寒、项强、身热、面赤。当审其表里寒热、虚实传变而施治。,0,AI预标注，待人工复核
q045,关节疼痛遇寒加重，屈伸不利，怎么治？,case,lingshu_027,灵枢经,周痹篇第二十七,周痹篇第二十七,黄帝问于岐伯曰：周痹之在身也，上下移徒随脉，其上下左右相应，间不容空，愿闻此痛，在血脉之中邪？将在分肉之间乎？何以致是？其痛之移也，间不及下针，其慉痛之时，不及定治，而痛已止矣。何道使然？愿闻其故。 岐伯答曰：此众痹也，非周痹也。 黄帝曰：愿闻众痹。 岐伯对曰：此各在其处，更发更止，更居更起，以右应左，以左应右，非能周…,本篇辨周痹与众痹之别。众痹各在其处，更发更止，左右相应，非周遍一身，刺之虽痛已止必刺其处勿令复起。周痹在血脉之中，随脉上下，不能左右；痛从上下者先刺其下后刺其上，从下上者先刺其上后刺其下。其因为风寒湿气客于分肉之间，迫切为沫，寒聚排分肉而痛，痛则神归之而热。治当切循六经，视虚实及大络结血、脉陷者调之熨通之。,1,AI预标注，待人工复核
q045,关节疼痛遇寒加重，屈伸不利，怎么治？,case,suwen_041,黄帝内经素问,刺腰痛篇第四十一,刺腰痛篇第四十一,足太阳脉令人腰痛，引项脊尻背如重状，刺其郄中。太阳正经出血，春无见血。少阳令人腰痛，如以针刺其皮中，循循然不可以俛仰，不可以顾。刺少阳成骨之端出血，成骨在膝外廉之骨独起者，夏无见血。阳明令人腰痛，不可以顾，顾如有见者，善悲。刺阳明于胻前三痏，上下和之出血，秋无见血。足少阴令人腰痛，痛引脊内廉。刺少阴于内踝上二痏，冬无见…,本篇论六经及诸络脉腰痛之刺法。分列足太阳、少阳、阳明、足少阴、厥阴诸脉腰痛证状与所刺部位、见血禁忌，及解脉、同阴、阳维、衡络、会阴、飞阳、昌阳、散脉、肉里诸脉腰痛之刺。又辨腰痛上下寒热喘息之异经取穴，大便难刺足少阴、少腹满刺足厥阴。刺腰尻交者以月生死为痏数，左取右、右取左。,0,AI预标注，待人工复核
q045,关节疼痛遇寒加重，屈伸不利，怎么治？,case,shanghan_565,伤寒论,辨痉湿暍脉证,湿家病（第565条）,湿家病，身上疼痛，发热面黄而喘，头痛，鼻塞而烦，其脉大，自能饮食，腹中和无病，病在头中寒湿，故鼻塞，内药鼻中，则愈。,本条论述痉湿暍之脉证。症见发热、头痛、烦、喘。当审其表里寒热、虚实传变而施治。,1,AI预标注，待人工复核
q045,关节疼痛遇寒加重，屈伸不利，怎么治？,case,shanghan_567,伤寒论,辨痉湿暍脉证,太阳中热者（第567条）,太阳中热者，暍是也，其人汗出恶寒，身热而渴也。,本条论述痉湿暍之脉证。症见恶寒、汗出、渴、身热。当审其表里寒热、虚实传变而施治。,0,AI预标注，待人工复核
q045,关节疼痛遇寒加重，屈伸不利，怎么治？,case,shanghan_568,伤寒论,辨痉湿暍脉证,太阳中暍者（第568条）,太阳中暍者，身热疼重，而脉微弱，此亦夏月伤冷水，水行皮中所致也。,本条论述痉湿暍之脉证。症见脉微、身热。当审其表里寒热、虚实传变而施治。,0,AI预标注，待人工复核
q045,关节疼痛遇寒加重，屈伸不利，怎么治？,case,shanghan_562,伤寒论,辨痉湿暍脉证,湿家（第562条）,湿家，其人但头汗出，背强，欲得被，覆向火，若下之早，则哕，胸满，小便不利，舌上如胎者，以丹田有热，胸中有寒，渴欲得水而不能饮，则口燥烦也。,本条论述痉湿暍之脉证。症见汗出、烦、渴、小便不利、哕。当审其表里寒热、虚实传变而施治。,0,AI预标注，待人工复核
q045,关节疼痛遇寒加重，屈伸不利，怎么治？,case,shanghan_569,伤寒论,辨痉湿暍脉证,太阳中暍者（第569条）,太阳中暍者，发热恶寒，身重而疼痛，其脉弦细芤迟，小便已，洒洒然毛耸，手足逆冷，小有劳，身即热，口开，前板齿燥。若发汗，则恶寒甚；加温针，则发热甚；数下之，则淋甚。,本条论述痉湿暍之脉证。症见发热、恶寒、脉弦、身重、手足逆冷。当审其表里寒热、虚实传变而施治。,0,AI预标注，待人工复核
q045,关节疼痛遇寒加重，屈伸不利，怎么治？,case,shanghan_557,伤寒论,辨痉湿暍脉证,伤寒所致太阳（第557条）,伤寒所致太阳，痉、湿、暍三种，宜应别论，以为与伤寒相似，故此见之。,本条论述痉湿暍之脉证。当审其表里寒热、虚实传变而施治。,0,AI预标注，待人工复核
q045,关节疼痛遇寒加重，屈伸不利，怎么治？,case,shanghan_561,伤寒论,辨痉湿暍脉证,湿家之为病（第561条）,湿家之为病，一身尽疼，发热，身色如似熏黄。,本条论述痉湿暍之脉证。症见发热。当审其表里寒热、虚实传变而施治。,0,AI预标注，待人工复核
q046,皮肤起风团瘙痒，时起时消，怎么治？,case,yingzhen_001,《中医皮肤性病学》规划教材（要点归纳）,皮肤,瘾疹·荨麻疹,瘾疹是皮肤出现红色或苍白色风团、时隐时现、瘙痒剧烈的过敏性皮肤病，相当于西医荨麻疹。多由禀赋不耐、风寒/风热外袭、胃肠湿热或气血两虚引起。辨证分风寒外袭、风热犯表、胃肠湿热、气血两虚等型。,瘾疹辨证分寒热虚实：风寒者得温则减，风热者遇热加重。伴腹痛、呼吸困难、喉头水肿者须立即就医（过敏性休克风险）。教材要点归纳，供参考；具体诊疗请遵医嘱。,3,AI预标注，待人工复核
q046,皮肤起风团瘙痒，时起时消，怎么治？,case,shouwuteng_001,中国药典（2025年版）一部,安神药,首乌藤,据《中国药典》2025 年版一部：首乌藤为蓼科植物何首乌 Polygonum multiflorum Thunb. 的干燥藤茎（药用部位：藤茎）。性味甘，平；归心、肝经。功能与主治：养血安神，祛风通络；用于失眠多梦，血虚身痛，风湿痹痛，皮肤瘙痒。用法与用量：9～15g。外用适量，煎汤洗。贮藏：置干燥处。  **【古注】…,**简明**：首乌藤甘平，养血安神、祛风通络，主治**血虚失眠多梦**、血虚身痛、风湿痹痛及皮肤瘙痒（煎汤外洗）。**详解**：失眠配酸枣仁、柏子仁；血虚身痛配当归、鸡血藤；皮肤瘙痒配白鲜皮、地肤子煎洗。,0,AI预标注，待人工复核
q046,皮肤起风团瘙痒，时起时消，怎么治？,case,ezhangfeng_001,《中医皮肤性病学》规划教材（要点归纳）,皮肤,鹅掌风·手掌皮肤粗糙脱屑皲裂手癣,鹅掌风是发生于手掌的癣病，即西医学手癣。以手掌水疱、脱屑、皮肤粗糙肥厚、皲裂、瘙痒为特征，日久形如鹅掌。病机多为风湿蕴肤、湿热蕴积，或病久血虚风燥、肌肤失养。,鹅掌风即手癣，多由足癣传染，须避免接触洗涤刺激物。初起湿热用清热利湿，慢性粗糙皲裂用养血润燥，配合中药浸泡、抗真菌外治。迅速红肿化脓须及时就医。本条目为教材要点归纳，供参考；具体诊疗请遵医嘱。,0,AI预标注，待人工复核
q046,皮肤起风团瘙痒，时起时消，怎么治？,case,aive_001,中国药典（2025年版）一部,止血药,艾叶,据《中国药典》2025 年版一部：艾叶为菊科植物艾 Artemisia argyi Levl. et Vant. 的干燥叶（药用部位：叶）。性味辛、苦，温；有小毒；归肝、脾、肾经。功能与主治：温经止血，散寒止痛；用于吐血，衄血，崩漏，月经过多，少腹冷痛，经寒不调，宫冷不孕；外治皮肤瘙痒。醋艾炭温经止血。用法与用量：3～…,**简明**：艾叶辛苦温有小毒，温经止血、散寒止痛，为治**虚寒性出血**（尤宫寒崩漏）及少腹冷痛之要药，又为灸治要品。**详解**：虚寒崩漏配阿胶、地黄（胶艾汤）；宫寒痛经配香附、肉桂（艾附暖宫丸）；皮肤瘙痒煎汤熏洗。炒炭（醋艾炭）止血力强，生用温散寒湿。阴虚血热者慎用。,1,AI预标注，待人工复核
q046,皮肤起风团瘙痒，时起时消，怎么治？,case,shenjingxingpiyan_001,《中医皮肤性病学》规划教材（要点归纳）,皮肤,神经性皮炎,"神经性皮炎是一种以皮肤苔藓样变及剧烈瘙痒为特征的慢性炎症性皮肤病，中医称""牛皮癣""""摄领疮""。多由情志不遂、肝郁化火、风湿蕴肤或血虚风燥引起。辨证分肝郁化火、风湿蕴肤、血虚风燥等型。",神经性皮炎治疗关键在于避免搔抓、调畅情志。中药以疏风清热、养血润燥为主。皮损广泛、继发感染或夜间瘙痒严重影响睡眠者须就医。教材要点归纳，供参考；具体诊疗请遵医嘱。,2,AI预标注，待人工复核
q046,皮肤起风团瘙痒，时起时消，怎么治？,case,tixuan_001,《中医皮肤性病学》规划教材（要点归纳）,皮肤,体癣·环形红斑边缘隆起瘙痒圆癣,"体癣是发生于除头皮、毛发、掌跖、甲以外平滑皮肤上的癣病，又称""圆癣""""金钱癣""。以环形或多环形红斑、边缘隆起伴丘疹水疱、中央自愈脱屑、瘙痒为特征，夏季多发。病机多为风湿虫毒侵袭、湿热蕴肤。",体癣为真菌感染，须保持皮肤干燥、避免接触患癣动物与人。以外治抗真菌为主，范围广或反复者配合清热利湿解毒。泛发全身、红肿化脓须及时就医。本条目为教材要点归纳，供参考；具体诊疗请遵医嘱。,0,AI预标注，待人工复核
q046,皮肤起风团瘙痒，时起时消，怎么治？,case,dongchuang_001,《中医皮肤性病学》规划教材（要点归纳）,皮肤,冻疮·低温部位红斑肿胀水疱糜烂,冻疮是由低温寒冷引起的局部皮肤末梢部位瘀血性红斑肿胀性疾病，好发于耳廓、手足。以局部红斑肿胀、灼热瘙痒、水疱糜烂为特征，遇热加重、寒冬发病。病机多为寒凝血瘀、气血运行不畅，或寒久化热成毒。,冻疮须注意保暖、渐温复温（忌火烤热水烫）。寒凝血瘀用当归四逆汤温经散寒，破溃感染用清热解毒。若大面积冻伤、皮肤变黑坏死须及时就医。本条目为教材要点归纳，供参考；具体诊疗请遵医嘱。,0,AI预标注，待人工复核
q046,皮肤起风团瘙痒，时起时消，怎么治？,case,snb_shechuangzi_001,神农本草经,上经,蛇床子,蛇床子，味苦，平。主妇人阴中肿痛，男子阴痿湿痒，除痹气，利关节，癫痫恶疮。久服，轻身。一名蛇米。生川谷及田野。,蛇床子辛苦温有小毒，燥湿祛风、杀虫止痒、温肾壮阳，外用治阴痒带下、湿疹瘙痒，内服治阳痿宫冷、寒湿痹痛。,0,AI预标注，待人工复核
q046,皮肤起风团瘙痒，时起时消，怎么治？,case,shichuang_001,《中医皮肤性病学》规划教材（要点归纳）,皮肤,湿疮·湿疹,湿疮是一种皮损多形、瘙痒、渗液、对称分布、反复发作的过敏性炎症性皮肤病，相当于西医湿疹。病因多为禀赋不耐、风湿热邪客于肌肤。辨证分湿热浸淫、脾虚湿蕴、血虚风燥等型。外治根据皮损选择湿敷、软膏、油剂等。,湿疮辨证分急性多湿热、亚急性多脾虚湿蕴、慢性多血虚风燥。治疗内外合治，避免搔抓、热水烫洗、辛辣鱼腥。皮损泛发、渗液明显、继发感染者须就医。教材要点归纳，供参考；具体诊疗请遵医嘱。,0,AI预标注，待人工复核
q046,皮肤起风团瘙痒，时起时消，怎么治？,case,tujingpi_001,中国药典（2025年版）一部,攻毒杀虫止痒药,土荆皮,据《中国药典》2025 年版一部：土荆皮为松科植物金钱松 Pseudolarix amabilis (Nelson) Rehd. 的干燥根皮或近根树皮（药用部位：根皮或近根树皮）。性味辛，温；有毒；归肺、脾经。功能与主治：杀虫，疗癣，止痒；用于体癣，手足癣，头癣，湿疹瘙痒。用法与用量：外用适量，醋或酒浸涂擦，或研末调涂…,**简明**：土荆皮辛温有毒，杀虫、疗癣、止痒（**治癣专药**），主治体癣、手足癣、头癣及湿疹瘙痒。**详解**：顽癣配斑蝥、白矾浸酒外搽。**有毒，只供外用，不可内服**，破损皮肤慎用。,0,AI预标注，待人工复核
q046,皮肤起风团瘙痒，时起时消，怎么治？,case,snb_kushen_001,神农本草经,中经,苦参,苦参，味，寒。主心腹结气，症瘕积聚，黄疸，溺有余沥，逐水，除痈肿，补中，明目止泪。,苦参苦寒，清热燥湿、杀虫利尿，主治湿热泻痢、黄疸、带下、皮肤瘙痒疥癣及小便不利。本经主心腹结气、症瘕积聚、溺有余沥，皆取其清热散结、利水燥湿之功。,0,AI预标注，待人工复核
q046,皮肤起风团瘙痒，时起时消，怎么治？,case,shanghan_526,伤寒论,伤寒例,今世人伤寒（第526条）,今世人伤寒，或始不早治，或治不对病，或日数久淹，困乃告医。医人又不依次第而治之，则不中病。皆宜临时消息制方，无不效也。今搜采仲景旧论，录其证候诊脉声色，对病真方，有神验者，拟防世急也。,本条论述伤寒例之脉证。当审其表里寒热、虚实传变而施治。,0,AI预标注，待人工复核
q046,皮肤起风团瘙痒，时起时消，怎么治？,case,quchi_001,针灸学,手阳明大肠经,曲池,《灵枢·本输》：入于曲池，在肘外辅骨陷者中，屈臂而得之，为合。,曲池为手阳明大肠经合穴，五行属土，定位在肘区，尺泽与肱骨外上髁连线的中点处，屈肘取穴。为疏风清热要穴，善治外感发热、热病汗不出、高血压、瘾疹湿疹等皮肤瘙痒诸疾；又能通经活络，治上肢不遂、手臂肿痛、肘臂挛急；并能调和肠胃治腹痛吐泻，清热利咽治咽喉肿痛、齿痛，开窍醒神治癫狂。直刺1～1.5寸；可灸。,3,AI预标注，待人工复核
q046,皮肤起风团瘙痒，时起时消，怎么治？,case,yamazi_001,中国药典（2025年版）一部,泻下药,亚麻子,据《中国药典》2025 年版一部：亚麻子为亚麻科植物亚麻 Linum usitatissimum L. 的干燥成熟种子（药用部位：成熟种子）。性味甘，平；归肺、肝、大肠经。功能与主治：润燥，祛风；用于肠燥便秘，皮肤干燥瘙痒，毛发枯萎脱落。用法与用量：9～15g。外用适量。注意：大便溏泻者慎用。贮藏：置阴凉干燥处，防蛀。,**简明**：亚麻子甘平，润燥而祛风，为治肠燥便秘与皮肤干燥瘙痒的常用药。。**详解**：肠燥便秘配火麻仁、郁李仁；皮肤干燥瘙痒配当归、何首乌；毛发枯萎配熟地黄、女贞子。**大便溏泻者慎用**。,0,AI预标注，待人工复核
q046,皮肤起风团瘙痒，时起时消，怎么治？,case,qingliangyou_001,《中国药典》一部/药品说明书（要点归纳）,止咳/外妇儿/中成药,清凉油·清凉散热醒脑提神止痒止痛,据现行版《中国药典》一部与药品说明书要点归纳：本品由薄荷脑、薄荷素油、樟脑、桉油、丁香油、樟脑油、肉桂油及石蜡、凡士林等制成外用软膏，具清凉散热、醒脑提神、止痒止痛之功，用于伤暑热引起的头痛、晕车、蚊虫叮咬、皮肤瘙痒。用法用量按说明书，需要时取适量涂于太阳穴或患处。,清凉油为清凉散热、止痒止痛的外用药，用于伤暑头痛、晕车及蚊虫叮咬瘙痒。本品仅供外用，避免接触眼睛、口腔黏膜及皮肤破损处；孕妇、婴幼儿慎用，过敏体质者先小面积试用。涂后如皮肤红肿刺痛应停用并清洗；症状持续不缓解或加重者应就医。本条目为中成药，请按说明书或在医师指导下使用。,0,AI预标注，待人工复核
q046,皮肤起风团瘙痒，时起时消，怎么治？,case,baixianpi_001,中国药典（2025年版）一部,清热药,白鲜皮,据《中国药典》2025 年版一部：白鲜皮为芸香科植物白鲜 Dictamnus dasycarpus Turcz. 的干燥根皮（药用部位：根皮）。性味苦，寒；归脾、胃、膀胱经。功能与主治：清热燥湿，祛风解毒；用于湿热疮毒，黄水淋漓，湿疹，风疹，疥癣疮癞，风湿热痹，黄疸尿赤。用法与用量：5～10g。外用适量，煎汤洗或研粉敷…,**简明**：白鲜皮苦寒，清热燥湿、祛风解毒，主治湿热疮毒、湿疹疥癣瘙痒及风湿热痹、黄疸。**详解**：皮肤湿疹瘙痒配苦参、地肤子、防风；湿热黄疸配茵陈、栀子；风湿热痹配防己、薏苡仁。脾胃虚寒者慎用。,0,AI预标注，待人工复核
q046,皮肤起风团瘙痒，时起时消，怎么治？,case,cangercao_001,《中药学》（清华社）· 药典外品种,解表药,苍耳草,据清华社《中药学》：苍耳草为菊科植物苍耳 Xanthium sibiricum Patr. 的干燥全草（药用部位：全草）。性味苦、辛，凉；有小毒；归肺、肝经。功能与主治：祛风散热，除湿解毒；用于感冒头痛，风湿痹痛，疮疡肿毒，皮肤瘙痒。用法与用量：6～15g。外用适量。注意：本品有小毒，不宜过量。贮藏：置通风干燥处。,**简明**：苍耳草苦辛凉有小毒，祛风散热而除湿解毒，为苍耳之全草，治感冒头痛与疮疡。。**详解**：感冒头痛配白芷、防风；风湿痹痛配威灵仙、苍术；疮疡肿毒配蒲公英；皮肤瘙痒煎水外洗。**有小毒**，不宜过量久服。,0,AI预标注，待人工复核
q046,皮肤起风团瘙痒，时起时消，怎么治？,case,snb_shuiping_001,神农本草经,下经,水萍,水萍，味辛，寒。主暴热，身痒，下水气，胜酒，长须发，止消渴。生池泽。,水萍即今之浮萍，辛寒，发汗解表、透疹止痒、利水消肿，主治外感风热发热无汗、麻疹不透、风疹瘙痒及水肿尿少。其发汗之力较强，自汗、体虚及皮肤干燥者慎用，不宜久服过量。,0,AI预标注，待人工复核
q046,皮肤起风团瘙痒，时起时消，怎么治？,case,snb_qingxiang_001,神农本草经,下经,青葙,青葙，味苦，微寒。主邪气，皮肤中热，风瘙身痒，杀三虫。子名草决明，疗唇口青。生平谷。,青葙子苦寒，清肝泻火、明目退翳，兼杀虫止痒，主治肝火上炎之目赤肿痛、目生翳膜、视物昏花及皮肤风热瘙痒。其有扩散瞳孔之弊，瞳孔散大及青光眼患者忌用，脾胃虚寒者慎用，不宜久服。,0,AI预标注，待人工复核
q046,皮肤起风团瘙痒，时起时消，怎么治？,case,wushaoshe_001,中国药典（2025年版）一部,祛风湿药,乌梢蛇,据《中国药典》2025 年版一部：乌梢蛇为游蛇科动物乌梢蛇 Zaocys dhumnades (Cantor) 的干燥体（药用部位：干燥体）。性味甘，平；归肝经。功能与主治：祛风，通络，止痉；用于风湿顽痹，麻木拘挛，中风口眼㖞斜，半身不遂，抽搐痉挛，破伤风，麻风，疥癣。用法与用量：6～12g；研末吞服，一次 1.5～3…,**简明**：乌梢蛇甘平无毒，祛风通络止痉，功类蕲蛇而力缓无毒，主治风湿顽痹、中风不遂、小儿惊风及疥癣。**详解**：风湿顽痹配威灵仙、秦艽；中风口眼㖞斜配白附子、全蝎；皮肤瘙痒疥癣配荆芥、蝉蜕。,0,AI预标注，待人工复核
q046,皮肤起风团瘙痒，时起时消，怎么治？,case,yinqiaosan_002,《方剂学》规划教材（要点归纳）,解表剂,银翘散·辛凉透表清热解毒,"传统方歌：""银翘散主上焦疴，竹叶荆牛豉薄荷，甘桔芦根凉解法，清疏风热煮无过。""（《温病条辨》方，据教材要点归纳：连翘一两、银花一两、苦桔梗六钱、薄荷六钱、竹叶四钱、生甘草五钱、荆芥穗四钱、淡豆豉五钱、牛蒡子六钱，鲜苇根汤煎，香气大出即取服。）",银翘散为辛凉解表代表方，主治温病初起、风热表证，症见发热微恶风寒、咽痛口渴、脉浮数。本方为要点归纳，供参考；具体用药请遵医嘱。,2,AI预标注，待人工复核
q046,皮肤起风团瘙痒，时起时消，怎么治？,case,wuyi_001,中国药典（2025年版）一部,驱虫药,芜荑,据《中国药典》2025 年版一部：芜荑为榆科植物大果榆 Ulmus macrocarpa Hance 的果实经加工而成（药用部位：果实加工品）。性味辛、苦，温；归脾、胃经。功能与主治：杀虫消积；用于蛔虫病，蛲虫病，虫积腹痛，小儿疳积。外用治疥癣瘙痒。用法与用量：3～10g。外用适量，研末调敷。贮藏：置通风干燥处。,**简明**：芜荑辛苦温，杀虫消积，治蛔虫蛲虫、小儿疳积，外治疥癣瘙痒。**详解**：虫积疳积配使君子、槟榔；疥癣外用研末调敷。脾胃虚寒者慎用。,0,AI预标注，待人工复核
q046,皮肤起风团瘙痒，时起时消，怎么治？,case,feiyangcao_001,中国药典（2025年版）一部,清热药,飞扬草,据《中国药典》2025 年版一部：飞扬草为大戟科植物飞扬草 Euphorbia hirta L. 的干燥全草（药用部位：全草）。性味微辛、酸，凉；有小毒；归肺、胃、大肠经。功能与主治：清热解毒，利湿止痒；用于湿热泻痢，湿疹，皮肤瘙痒，乳痈，疔疮。用法与用量：6～9g。外用适量。注意：本品有小毒，孕妇慎用。贮藏：置干燥处…,**简明**：飞扬草微辛酸凉有小毒，清热解毒而利湿止痒，为治湿热泻痢与湿疹瘙痒常用。。**详解**：湿热泻痢配黄连、木香；湿疹、皮肤瘙痒配苦参、白鲜皮煎水外洗；乳痈、疔疮可鲜品捣敷。**有小毒**，内服量宜小；孕妇慎用。,0,AI预标注，待人工复核
q046,皮肤起风团瘙痒，时起时消，怎么治？,case,shetui_001,中国药典（2025年版）一部,祛风湿药,蛇蜕,据《中国药典》2025 年版一部：蛇蜕为游蛇科动物黑眉锦蛇 Elaphe taeniura Cope、锦蛇 Elaphe carinata (Guenther) 或乌梢蛇 Zaocys dhumnades (Cantor) 等蜕下的干燥表皮膜（药用部位：蜕下的表皮膜）。性味咸、甘，平；归肝经。功能与主治：祛风定惊，解毒…,**简明**：蛇蜕咸甘平，祛风定惊而解毒退翳，为治小儿惊风、目翳与皮肤病的常用药。。**详解**：小儿急慢惊风配钩藤、僵蚕、全蝎；目生翳障配蝉蜕、木贼；皮肤瘙痒配荆芥、防风；疔疮可研末调敷。孕妇慎用。,0,AI预标注，待人工复核
q046,皮肤起风团瘙痒，时起时消，怎么治？,case,songhuafen_001,中国药典（2025年版）一部,止血药,松花粉,据《中国药典》2025 年版一部：松花粉为松科植物马尾松 Pinus massoniana Lamb.、油松 Pinus tabuliformis Carr. 或同属数种植物的干燥花粉（药用部位：花粉）。性味甘，温；归肝、脾经。功能与主治：燥湿，收敛，止血；用于湿疹，黄水疮，皮肤糜烂，脓水淋漓，外伤出血，尿布性皮炎。用…,**简明**：松花粉甘温，燥湿收敛而止血，为湿疹湿疮与外伤出血的常用外用药。。**详解**：湿疹、黄水疮、皮肤糜烂研粉撒敷；外伤出血撒敷止血；内服治胃痛。,0,AI预标注，待人工复核
q046,皮肤起风团瘙痒，时起时消，怎么治？,case,banmao_001,中国药典（2025年版）一部,活血化瘀药,斑蝥,据《中国药典》2025 年版一部：斑蝥为芫青科昆虫南方大斑蝥 Mylabris phalerata Pallas 或黄黑小斑蝥 Mylabris cichorii Linnaeus 的干燥体（药用部位：干燥体）。性味辛，热；有大毒；归肝、胃、肾经。功能与主治：破血逐瘀，散结消癥，攻毒蚀疮；用于癥瘕，经闭，顽癣，瘰疬，赘…,**简明**：斑蝥辛热**大毒**，破血逐瘀、散结消癥、攻毒蚀疮，主治癥瘕经闭、顽癣瘰疬赘疣及痈疽不溃（外用）。**详解**：癥瘕配三棱、莪术（内服极量 0.06g 入丸散）；顽癣赘疣、痈疽恶疮外用。**大毒之品**：内服须炮制并严格限量，孕妇禁用，外用不宜大面积，防止皮肤黏膜吸收中毒（可致肾损害）。,0,AI预标注，待人工复核
q046,皮肤起风团瘙痒，时起时消，怎么治？,case,kushen_001,中国药典（2025年版）一部,清热药,苦参,据《中国药典》2025 年版一部：苦参为豆科植物苦参 Sophora flavescens Ait. 的干燥根（药用部位：根）。性味苦，寒；归心、肝、胃、大肠、膀胱经。功能与主治：清热燥湿，杀虫，利尿；用于热痢，便血，黄疸尿闭，赤白带下，阴肿阴痒，湿疹，湿疮，皮肤瘙痒，疥癣麻风，外治滴虫性阴道炎。用法与用量：4.5～9…,**简明**：苦参苦寒，清热燥湿、杀虫利尿，主治湿热泻痢、黄疸尿闭、带下阴痒及湿疹疥癣（内外并施）。**详解**：湿热泻痢配黄连、木香；带下阴痒配黄柏、蛇床子煎洗；湿疹疥癣配白鲜皮、地肤子，或煎汤外洗。**反藜芦**；苦寒伤胃，脾胃虚寒者慎用，久服伤肾。,0,AI预标注，待人工复核
q046,皮肤起风团瘙痒，时起时消，怎么治？,case,qingfengteng_001,中国药典（2025年版）一部,祛风湿药,青风藤,据《中国药典》2025 年版一部：青风藤为防己科植物青藤 Sinomenium acutum (Thunb.) Rehd. et Wils. 及毛青藤 Sinomenium acutum (Thunb.) Rehd. et Wils. var. cinereum Rehd. et Wils. 的干燥藤茎（药用部位：藤茎…,**简明**：青风藤苦辛平，祛风湿、通经络、利小便，主治风湿痹痛、关节肿胀、麻痹瘙痒，现代常用于类风湿关节炎（青藤碱抗炎镇痛）。**详解**：风湿痹痛配威灵仙、秦艽；关节肿胀配防己、薏苡仁。偶见过敏反应，用量宜从 6g 起。,0,AI预标注，待人工复核
q046,皮肤起风团瘙痒，时起时消，怎么治？,case,zhumagen_001,《中药学》（清华社）· 药典外品种,止血药,苎麻根,据清华社《中药学》：苎麻根为荨麻科植物苎麻 Boehmeria nivea (L.) Gaud. 的干燥根（药用部位：根）。性味甘，寒；归肝、心、膀胱经。功能与主治：凉血止血，安胎，清热解毒；用于血热出血，胎动不安，胎漏下血；外治痈肿。用法与用量：10～30g。外用适量。贮藏：置通风干燥处。,**简明**：苎麻根甘寒，凉血止血而安胎，为治血热胎动不安与各种出血的常用药。。**详解**：血热出血配白茅根、侧柏叶；胎动不安、胎漏下血配续断、桑寄生、黄芩；痈肿捣敷。,2,AI预标注，待人工复核
q046,皮肤起风团瘙痒，时起时消，怎么治？,case,caodoukou_001,中国药典（2025年版）一部,化湿药,草豆蔻,据《中国药典》2025 年版一部：草豆蔻为姜科植物草豆蔻 Alpinia katsumadai Hayata 的干燥近成熟种子团（药用部位：近成熟种子团）。性味辛，温；归脾、胃经。功能与主治：燥湿行气，温中止呕；用于寒湿内阻，脘腹胀满冷痛，嗳气呕逆，不思饮食。用法与用量：3～6g。贮藏：置阴凉干燥处。  **【古注】】…,**简明**：草豆蔻辛温，燥湿行气、温中止呕，治寒湿中阻之脘腹冷痛、呕逆纳呆，燥湿之力胜于白豆蔻。**详解**：寒湿脘腹冷痛配干姜、厚朴；呕逆配半夏、陈皮；食少纳呆配砂仁、白术。辛温燥烈，阴虚血燥者忌用。,0,AI预标注，待人工复核
q046,皮肤起风团瘙痒，时起时消，怎么治？,case,geshu_001,针灸学,足太阳膀胱经,膈俞,出《针灸甲乙经》。《灵枢·背腧》：七焦之间，膈腧当其处。,膈俞为八会穴之血会，为气血会聚之所。定位在脊柱区，第7胸椎棘突下，后正中线旁开1.5寸。主治呕吐、呃逆、气喘等气逆病证，吐血、血瘀诸证、贫血等血分病证，以及瘾疹、皮肤瘙痒等皮肤病证。刺法：斜刺0.5～0.8寸；可灸。,3,AI预标注，待人工复核
q046,皮肤起风团瘙痒，时起时消，怎么治？,case,lingxiaohua_001,中国药典（2025年版）一部,活血化瘀药,凌霄花,据《中国药典》2025 年版一部：凌霄花为紫葳科植物凌霄 Campsis grandiflora (Thunb.) K. Schum. 或美洲凌霄 Campsis radicans (L.) Seem. 的干燥花（药用部位：花）。性味甘、酸，微寒；归肝、心包经。功能与主治：凉血，化瘀，祛风；用于月经不调，经闭癥瘕，产后…,**简明**：凌霄花甘酸微寒，凉血化瘀祛风，主治瘀血经闭癥瘕、血热风疹瘙痒及痤疮（「凉血祛风」）。**详解**：经闭癥瘕配当归、红花（凌霄花散）；风疹瘙痒配蝉蜕、白鲜皮；痤疮配枇杷叶、桑白皮。孕妇慎用，气血虚者忌用。,2,AI预标注，待人工复核
q046,皮肤起风团瘙痒，时起时消，怎么治？,case,difuzi_001,中国药典（2025年版）一部,利水渗湿药,地肤子,据《中国药典》2025 年版一部：地肤子为藜科植物地肤 Kochia scoparia (L.) Schrad. 的干燥成熟果实（药用部位：成熟果实）。性味辛、苦，寒；归肾、膀胱经。功能与主治：清热利湿，祛风止痒；用于小便涩痛，阴痒带下，风疹，湿疹，皮肤瘙痒。用法与用量：9～15g。外用适量，煎汤熏洗。贮藏：置通风干燥…,**简明**：地肤子辛苦寒，清热利湿、祛风止痒，主治热淋涩痛及**风疹湿疹瘙痒**（内服外洗皆宜）。**详解**：热淋配车前子、瞿麦；湿疹瘙痒配白鲜皮、苦参、防风（内服），或煎汤外洗；阴痒带下配黄柏、蛇床子。,2,AI预标注，待人工复核
q046,皮肤起风团瘙痒，时起时消，怎么治？,case,zaofan_001,中国药典（2025年版）一部,拔毒化腐生肌药,皂矾,据《中国药典》2025 年版一部：皂矾为硫酸盐类矿物水绿矾的矿石，主含含水硫酸亚铁（药用部位：矿石）。性味酸、涩，凉；归肝、脾经。功能与主治：解毒燥湿，杀虫补血；用于黄肿病，钩虫病，肠寄生虫病；外用治疥癣瘙痒。用法与用量：内服 0.3～0.6g，入丸散。外用适量，研末敷或化水洗患处。注意：孕妇慎用。贮藏：置干燥处，防潮…,**简明**：皂矾酸涩凉，解毒燥湿、杀虫补血（**补铁生血、消黄杀虫**），主治黄肿病、钩虫及肠道寄生虫病，外用治疥癣。**详解**：黄肿病配苍术、厚朴（绛矾丸）；钩虫病配榧子、槟榔。**内服入丸散（0.3～0.6g）**；孕妇慎用；多服伤胃。,0,AI预标注，待人工复核
q046,皮肤起风团瘙痒，时起时消，怎么治？,case,sishiqiju_001,中医养生（古籍要义归纳）,起居情志,四时起居·顺应四时,"《素问·四气调神大论》：""春三月，此谓发陈……夜卧早起，广步于庭；夏三月，此谓蕃秀……夜卧早起，无厌于日；秋三月，此谓容平……早卧早起，与鸡俱兴；冬三月，此谓闭藏……早卧晚起，必待日光。""（公有领域原文。）",四时起居是中医顺应自然的养生原则，主张春夏季晚睡早起、秋季早睡早起、冬季早睡晚起，随季节调整作息与活动量，使人体节律与天地同步。本条目为养生保健参考，不替代诊疗；作息调整应结合个人作息习惯，身体不适应就医。,0,AI预标注，待人工复核
q046,皮肤起风团瘙痒，时起时消，怎么治？,case,kulianpi_001,中国药典（2025年版）一部,驱虫药,苦楝皮,据《中国药典》2025 年版一部：苦楝皮为楝科植物楝 Melia azedarach L. 或川楝 Melia toosendan Sieb. et Zucc. 的干燥树皮和根皮（药用部位：树皮和根皮）。性味苦，寒；有毒；归肝、脾、胃经。功能与主治：杀虫，疗癣；用于蛔虫病，蛲虫病，虫积腹痛；外治疥癣瘙痒。用法与用量：3…,**简明**：苦楝皮苦寒有毒，杀虫（蛔虫蛲虫）、疗癣，为驱虫效力强而**毒性较大**之品。**详解**：蛔虫腹痛配使君子、槟榔；疥癣瘙痒外用研末调敷。**有毒**，不宜过量久服；孕妇及肝肾功能不全者慎用。,0,AI预标注，待人工复核
q046,皮肤起风团瘙痒，时起时消，怎么治？,case,weizhong_001,针灸学,足太阳膀胱经,委中,《灵枢·本输》：膀胱……入于委中，委中，腘中央，为合，委而取之。  四总穴歌：腰背委中求。,委中定位在膝后区，腘横纹中点，股二头肌腱与半腱肌肌腱之间，为膀胱经合穴、膀胱之下合穴，又属四总穴。长于舒筋通络、清热解毒，主治腰痛、下肢痿痹、腹痛吐泻、丹毒、疔疮及皮肤瘙痒；「腰背委中求」言其为治腰背病痛要穴。刺法：直刺1～1.5寸，或用三棱针点刺腘静脉出血。,0,AI预标注，待人工复核
q046,皮肤起风团瘙痒，时起时消，怎么治？,case,snb_shengma_001,神农本草经,上经,升麻,升麻，味甘，平。主解百毒，杀百精老物殃鬼，辟温疫瘴邪蛊毒。久服，轻身长年。生川谷。,升麻辛微甘微寒，发表透疹、清热解毒、升举阳气，主治风热头痛、齿痛口疮、咽喉肿痛、麻疹不透及气虚下陷、久泻脱肛。,0,AI预标注，待人工复核
q046,皮肤起风团瘙痒，时起时消，怎么治？,case,jinyinhua_001,中国药典（2025年版）一部,清热药,金银花,据《中国药典》2025 年版一部：金银花为忍冬科植物忍冬 Lonicera japonica Thunb. 的干燥花蕾或带初开的花（药用部位：花蕾或带初开的花）。性味甘，寒；归肺、心、胃经。功能与主治：清热解毒，疏散风热；用于痈肿疔疮，喉痹，丹毒，热毒血痢，风热感冒，温病发热。用法与用量：6～15g。贮藏：置阴凉干燥处…,**简明**：金银花甘寒，清热解毒、疏散风热，为治**一切痈肿疔疮**之要药（疮家圣药），兼治风热感冒与温病初起。**详解**：温病初起、风热感冒配连翘、薄荷（银翘散）；痈肿疔疮配野菊花、蒲公英、紫花地丁（五味消毒饮）；热毒血痢配白头翁、黄连。炒炭（金银花炭）偏凉血止痢。脾胃虚寒者慎用。,2,AI预标注，待人工复核
q046,皮肤起风团瘙痒，时起时消，怎么治？,case,wanger_001,《中医诊断学》规划教材（要点归纳）,四诊,望耳·耳轮色泽形态,望耳是观察耳轮色泽形态及耳内病变。耳轮肉厚红润为肾气充足；耳轮瘦薄干枯为肾精亏虚；耳轮红肿为肝胆湿热或热毒上攻；耳轮甲错为瘀血；耳背红络伴耳根发凉多为麻疹先兆；耳内流脓为脓耳。,耳为肾之窍，耳轮形态色泽反映肾精盛衰。耳内流脓、听力下降、耳后肿毒须就医。此为教材要点归纳，供参考；具体诊疗请遵医嘱，不引导自我诊断。,0,AI预标注，待人工复核
q046,皮肤起风团瘙痒，时起时消，怎么治？,case,xuehai_001,针灸学,足太阴脾经,血海,出《针灸甲乙经》。,血海属足太阴脾经，定位在屈膝位，大腿内侧髌底内侧端上2寸，股四头肌内侧头隆起处。善治血分及皮肤病证，主治月经不调、崩漏、经闭，以及瘾疹、湿疹、丹毒等血热风燥之疾。刺法：直刺1～1.5寸；可灸。,3,AI预标注，待人工复核
q046,皮肤起风团瘙痒，时起时消，怎么治？,case,mazhen_001,《中医儿科学》规划教材（要点归纳）,儿科,麻疹·小儿出疹性传染病疹出如麻粒,麻疹是由麻疹时邪引起的肺系出疹性传染病，以发热、咳嗽、目赤畏光、麻疹黏膜斑、全身布发红色斑丘疹为特征。病程分初热期、见形期、恢复期。辨证常见邪犯肺卫、邪入肺胃、阴津耗伤等型。治法以辛凉透表、清热解毒、养阴清热为主。,麻疹为法定传染病，须隔离、规范诊治，预防靠疫苗。中医初热期辛凉透表（宣毒发表汤），见形期清热解毒透疹（清解透表汤），恢复期养阴（沙参麦冬汤）。若高热喘憋、疹出即没、神昏须立即送医。本条目为教材要点归纳，供参考；具体诊疗请遵医嘱。,0,AI预标注，待人工复核
q046,皮肤起风团瘙痒，时起时消，怎么治？,case,snb_gegen_001,神农本草经,中经,葛根,葛根，味甘，平。主消渴，身大热，呕吐，诸痹，起阴气，解诸毒。,葛根甘辛凉，解肌退热、生津止渴、升阳止泻，主治外感发热头痛项强、热病口渴、麻疹不透及脾虚泄泻。本经主消渴、身热、起阴气，皆取其升散生津之功。,0,AI预标注，待人工复核
q046,皮肤起风团瘙痒，时起时消，怎么治？,case,husui_001,《中药学》（清华社）· 药典外品种,解表药,胡荽,据清华社《中药学》：胡荽为伞形科植物芫荽 Coriandrum sativum L. 的干燥带根全草（药用部位：带根全草）。性味辛，温；归肺、胃经。功能与主治：发表透疹，开胃消食；用于麻疹不透，感冒无汗，食积纳呆。用法与用量：9～15g，鲜品 30～60g；或煎汤外洗。外用适量。贮藏：置阴凉干燥处。,**简明**：胡荽辛温，发表透疹而开胃消食，为治麻疹不透与食积的常用药。。**详解**：麻疹不透配蝉蜕、薄荷煎服或煎汤外洗；感冒无汗配苏叶、生姜；食积纳呆配山楂、神曲。,0,AI预标注，待人工复核
q046,皮肤起风团瘙痒，时起时消，怎么治？,case,snb_zicao_001,神农本草经,中经,紫草,紫草，味，寒。主心腹邪气，五疸，补中益气，利九窍，通水道。,紫草甘咸寒，清热凉血、活血解毒透疹，主治血热毒盛、斑疹紫黑、麻疹不透及疮疡湿疹水火烫伤。本经主心腹邪气、五疸、利九窍通水道，取其凉血活血、解毒透疹之功。,2,AI预标注，待人工复核
q046,皮肤起风团瘙痒，时起时消，怎么治？,case,xiaofengsan_001,《方剂学》规划教材（要点归纳）,治风剂,消风散·疏风养血清热除湿治风疹湿疹,"传统方歌：""消风散内用荆防，蝉蜕胡麻苦参苍，归知膏蒡通草地，风疹湿疹服之康。""（陈实功《外科正宗》方，据教材要点归纳：荆芥、防风、当归、生地、苦参、苍术、蝉蜕、胡麻仁、牛蒡子、知母、石膏、甘草、木通，各约常用量，水煎服。）",消风散为疏散外风、疏风养血、清热除湿代表方，主治风湿浸淫之风疹湿疹，症见皮肤疹出色红、遍身云片斑点、瘙痒、抓破后渗出津水、苔白或黄、脉浮数有力。功能疏风养血、清热除湿，为治风热或风湿浸淫肌肤之风疹、湿疹、瘙痒常用方。使用注意：本方偏疏风清热利湿，血虚风燥、久疹体虚者当养血润燥；皮损严重或泛发者当专科诊治。本方为要点归纳…,2,AI预标注，待人工复核
q046,皮肤起风团瘙痒，时起时消，怎么治？,case,xiheliu_001,中国药典（2025年版）一部,解表药,西河柳,据《中国药典》2025 年版一部：西河柳为柽柳科植物柽柳 Tamarix chinensis Lour. 的干燥细嫩枝叶（药用部位：细嫩枝叶）。性味辛、甘，温；归肺、胃、心经。功能与主治：发表透疹，祛风除湿；用于麻疹不透，风疹瘙痒，风湿痹痛。用法与用量：3～10g。外用适量，煎汤擦洗。贮藏：置干燥处。,**简明**：西河柳辛甘温，发表透疹、祛风除湿，主治麻疹初起透发不畅及风疹瘙痒。**详解**：麻疹不透配牛蒡子、蝉蜕、竹叶（竹叶柳蒡汤）；外用煎汤擦洗助疹透发；风疹瘙痒配防风、荆芥。麻疹已透、体虚汗多者忌用。,0,AI预标注，待人工复核
q046,皮肤起风团瘙痒，时起时消，怎么治？,case,shiwenge_001,中医诊断学,四诊,十问歌要点,明·张景岳《景岳全书·传忠录》作「十问篇」，后人辑为《十问歌》：「一问寒热二问汗，三问头身四问便，五问饮食六胸腹，七聋八渴俱当辨，九问旧病十问因，再兼服药参机变；妇女尤必问经期，迟速闭崩皆可见；再添片语告儿科，天花麻疹全占验。」教材以此为问诊纲领，强调围绕主诉、系统而有重点地询问。,十问歌将问诊内容归纳为寒热、汗、头身、二便、饮食胸腹、聋渴、旧病病因、妇女经带、儿科等条目，是问诊的操作提纲。临床运用须注意：一问主诉与起病（发病时间、诱因、缓急、演变）；二问现症（按十问逐项排查，但抓主症、有详略）；三问既往史、个人史、家族史、治疗经过与用药反应；妇女须加问经、带、胎、产；小儿须问出生、喂养、预防接种…,0,AI预标注，待人工复核
q046,皮肤起风团瘙痒，时起时消，怎么治？,case,niubangzi_001,中国药典（2025年版）一部,解表药,牛蒡子,据《中国药典》2025 年版一部：牛蒡子为菊科植物牛蒡 Arctium lappa L. 的干燥成熟果实（药用部位：成熟果实）。性味辛、苦，寒；归肺、胃经。功能与主治：疏散风热，宣肺透疹，解毒利咽；用于风热感冒，咳嗽痰多，麻疹，风疹，咽喉肿痛，痄腮，丹毒，痈肿疮毒。用法与用量：6～12g。贮藏：置通风干燥处。,**简明**：牛蒡子辛苦寒，疏散风热、宣肺透疹、解毒利咽，主治风热感冒咽痛、麻疹不透及热毒疮肿。**详解**：风热感冒咽痛配金银花、连翘、薄荷（银翘散）；麻疹透发不畅配蝉蜕、薄荷；痄腮丹毒配板蓝根、连翘；痈肿疮毒配蒲公英、皂角刺。本品性寒滑利，**气虚便溏者慎用**。,0,AI预标注，待人工复核
q046,皮肤起风团瘙痒，时起时消，怎么治？,case,jianyu_001,针灸学,手阳明大肠经,肩髃,《灵枢·本输》：手阳明也，出于五里……上入于柱骨之会上。,肩髃为手阳明经与跷脉交会穴，定位在三角肌区，肩峰外侧缘前端与肱骨大结节两骨间凹陷中，肩峰外侧缘前端直下，臂外展或平举时肩部出现两个凹陷，前凹陷处。为治肩臂疼痛、肩不举要穴，主治肩臂痛、上肢不遂、瘾疹等。直刺或向下斜刺0.8～1.5寸；可灸。,3,AI预标注，待人工复核
q046,皮肤起风团瘙痒，时起时消，怎么治？,case,jingjiesui_001,中国药典（2025年版）一部,解表药,荆芥穗,据《中国药典》2025 年版一部：荆芥穗为唇形科植物荆芥 Schizonepeta tenuifolia Briq. 的干燥花穗（药用部位：花穗）。性味辛，微温；归肺、肝经。功能与主治：解表散风，透疹，消疮；用于感冒，头痛，麻疹不透，风疹瘙痒，疮疡初起兼有表证者。炒炭用于便血、崩漏、产后血晕。用法与用量：5～10g。贮…,**简明**：荆芥穗辛微温，解表散风而透疹消疮，为治感冒头痛与麻疹风疹的常用药，炒炭止血。。**详解**：感冒头痛配防风、羌活；麻疹不透配蝉蜕、薄荷；风疹瘙痒配苦参、白蒺藜；炒炭治便血崩漏。,0,AI预标注，待人工复核
q046,皮肤起风团瘙痒，时起时消，怎么治？,case,fuping_001,中国药典（2025年版）一部,解表药,浮萍,据《中国药典》2025 年版一部：浮萍为浮萍科植物紫萍 Spirodela polyrrhiza (L.) Schleid. 的干燥全草（药用部位：全草）。性味辛，寒；归肺经。功能与主治：宣散风热，透疹，利尿；用于麻疹不透，风疹瘙痒，感冒发热无汗，水肿尿少。用法与用量：3～9g。外用适量，煎汤浸洗。贮藏：置通风干燥处，…,**简明**：浮萍辛寒质轻，宣散风热、透疹利尿，主治风热无汗、麻疹不透、风疹瘙痒及风水水肿。**详解**：风热感冒发热无汗配薄荷、连翘；麻疹不透配牛蒡子、蝉蜕；水肿小便不利配泽泻、车前子；外用煎汤洗治风疹瘙痒。表虚自汗者忌用。,0,AI预标注，待人工复核
q046,皮肤起风团瘙痒，时起时消，怎么治？,case,snb_jiasu_001,神农本草经,下经,假苏,假苏，味辛，温。主寒热，鼠瘘，瘰疬生创，破结聚气，下瘀血，除湿痹。一名鼠蓂。生平泽。,假苏即今之荆芥，辛微温，祛风解表、透疹止痒，炒炭兼止血，主治外感表证、麻疹不透、风疹瘙痒、疮疡初起及吐血衄血、便血崩漏（炒炭用）。其性升散，表虚自汗、阴虚头痛者慎用，不宜久服过量。,0,AI预标注，待人工复核
q046,皮肤起风团瘙痒，时起时消，怎么治？,case,bohe_001,中国药典（2025年版）一部,解表药,薄荷,据《中国药典》2025 年版一部：薄荷为唇形科植物薄荷 Mentha haplocalyx Briq. 的干燥地上部分（药用部位：地上部分）。性味辛，凉；归肺、肝经。功能与主治：疏散风热，清利头目，利咽，透疹，疏肝行气；用于风热感冒，风温初起，头痛，目赤，喉痹，口疮，风疹，麻疹，胸胁胀闷。用法与用量：3～6g，后下。贮…,**简明**：薄荷辛凉，疏散风热、清利头目、利咽透疹、疏肝行气，主治风热感冒、头痛目赤、咽痛、麻疹不透及肝郁胁胀。**详解**：风热感冒配金银花、连翘（银翘散）；目赤肿痛配菊花、桑叶；咽痛配桔梗、甘草；肝郁胁胀配柴胡、白芍（逍遥散）。含挥发油，**入汤剂宜后下**；体虚多汗者不宜。,0,AI预标注，待人工复核
q046,皮肤起风团瘙痒，时起时消，怎么治？,case,jiaoqishui_001,《中医皮肤性病学》规划教材（要点归纳）,皮肤,脚湿气·足趾水疱糜烂脱屑足癣,脚湿气是发生于足部的癣病，即西医学足癣。临床分水疱型、糜烂型、脱屑型（角化型），以足趾间或足底水疱、糜烂、浸渍、脱屑、瘙痒为特征，夏季加重。病机多为湿热下注、蕴积肌肤，或病久血虚风燥、肌肤失养。,脚湿气即足癣，真菌传染性强，须保持足部干燥透气。糜烂渗液以湿敷清热利湿为主，角化脱屑以养血润燥、配抗真菌外治。红肿化脓、发热（丹毒）须及时就医。本条目为教材要点归纳，供参考；具体诊疗请遵医嘱。,0,AI预标注，待人工复核
q046,皮肤起风团瘙痒，时起时消，怎么治？,case,jingjie_001,中国药典（2025年版）一部,解表药,荆芥,据《中国药典》2025 年版一部：荆芥为唇形科植物荆芥 Schizonepeta tenuifolia Briq. 的干燥地上部分（药用部位：地上部分）。性味辛，微温；归肺、肝经。功能与主治：解表散风，透疹，消疮；用于感冒，头痛，麻疹，风疹，疮疡初起。炒炭后功能与主治：收敛止血；用于便血，崩漏，产后血晕。用法与用量：5…,**简明**：荆芥辛微温，解表散风、透疹消疮，药性平和，风寒风热感冒皆宜，炒炭收敛止血。**详解**：风寒配防风、羌活（荆防败毒散），风热配银花、连翘（银翘散）；麻疹不透、风疹瘙痒配蝉蜕、薄荷；疮疡初起配皂角刺、防风；炒炭（荆芥炭）治便血崩漏。荆芥穗发汗力更强。,0,AI预标注，待人工复核
q046,皮肤起风团瘙痒，时起时消，怎么治？,case,zicao_001,中国药典（2025年版）一部,清热药,紫草,据《中国药典》2025 年版一部：紫草为紫草科植物新疆紫草 Arnebia euchroma (Royle) Johnst.、紫草 Lithospermum erythrorhizon Sieb. et Zucc. 或内蒙紫草 Arnebia guttata Bunge 的干燥根（药用部位：根）。性味甘、咸，寒；归心、…,**简明**：紫草甘咸寒，清热凉血、活血解毒、透疹消斑，主治血热斑疹紫黑、麻疹不透及疮疡烫伤（油浸外涂）。**详解**：温毒发斑配水牛角、赤芍；麻疹紫暗不透配蝉蜕、牛蒡子；疮疡湿疹烫伤制紫草油外涂。脾虚便溏者慎用。,2,AI预标注，待人工复核
q046,皮肤起风团瘙痒，时起时消，怎么治？,case,chantui_001,中国药典（2025年版）一部,解表药,蝉蜕,据《中国药典》2025 年版一部：蝉蜕为蝉科昆虫黑蚱 Cryptotympana pustulata Fabricius 的若虫羽化时脱落的皮壳（药用部位：若虫皮壳）。性味甘，寒；归肺、肝经。功能与主治：疏散风热，利咽，透疹，明目退翳，解痉；用于风热感冒，咽痛音哑，麻疹不透，风疹瘙痒，目赤翳障，惊风抽搐，破伤风。用法与…,**简明**：蝉蜕甘寒，疏散风热、利咽透疹、明目退翳、解痉，主治风热咽痛音哑、麻疹不透、目翳及小儿惊风。**详解**：风热感冒咽痛音哑配薄荷、牛蒡子、胖大海；麻疹不透配薄荷、牛蒡子、西河柳；目赤翳障配菊花、木贼；小儿惊风夜啼配钩藤、僵蚕。孕妇慎用。,0,AI预标注，待人工复核
q046,皮肤起风团瘙痒，时起时消，怎么治？,case,snb_yangzhizhu_001,神农本草经,下经,羊踯躅,羊踯躅，味辛，温。主贼风在皮肤中，淫淫痛，温疟，恶毒诸痹。生川谷。,羊踯躅（闹羊花）辛温有大毒，祛风除湿、散瘀定痛，兼杀虫，主治风寒湿痹、关节肿痛、跌打损伤及顽癣瘙痒。毒性剧烈，误服可致心动过速、抽搐甚至死亡，孕妇体虚者及无瘀阻者严禁内服，多作丸散极量外用，不可久服。,0,AI预标注，待人工复核
q046,皮肤起风团瘙痒，时起时消，怎么治？,case,gegen_001,中国药典（2025年版）一部,解表药,葛根,据《中国药典》2025 年版一部：葛根为豆科植物野葛 Pueraria lobata (Willd.) Ohwi 的干燥根（药用部位：根）。性味甘、辛，凉；归脾、胃、肺经。功能与主治：解肌退热，生津止渴，透疹，升阳止泻，通经活络，解酒毒；用于外感发热头痛，项背强痛，口渴，消渴，麻疹不透，热痢，泄泻，眩晕头痛，中风偏瘫，…,**简明**：葛根甘辛凉，解肌退热、生津止渴、升阳止泻、通经活络，为治**项背强痛**要药，兼解酒毒。**详解**：外感项背强痛配麻黄、桂枝（葛根汤）或配柴胡、黄芩；热痢泄泻配黄芩、黄连（葛根芩连汤）；消渴口渴配天花粉、麦冬；高血压颈项强痛配天麻、钩藤。煨用升阳止泻力增。,0,AI预标注，待人工复核
q046,皮肤起风团瘙痒，时起时消，怎么治？,case,yulongge_001,针灸大成,卷之三,玉龙歌,扁鹊授我玉龙歌，玉龙一试绝沉疴，玉龙之歌真罕得，流传千载无差讹。我今歌此玉龙诀，玉龙一百二十穴，医者行针殊妙绝，但恐时人自差别。补泻分明指下施，金针一刺显明医，伛者立伸偻者起，从此名扬天下知。  中风不语最难医，发际顶门穴要知，更向百会明补泻，即时苏醒免灾危。鼻流清涕名鼻渊，先泻后补疾可痊，若是头风并眼痛，上星穴内刺无…,"本篇托名""扁鹊授玉龙歌""，实杨氏家传，列玉龙一百二十穴，以七言歌诀逐证列穴、明补泻。自中风不语、头风鼻渊、口眼喎斜、耳聋目赤，至腰腿诸痛、脚气鹤膝、痔漏哮喘、痫疟瘾疹、妇人带下、伤寒过经等，每一病证系一至数穴，兼及针刺浅深、补先后、艾灸壮数与禁针之戒。歌括详尽，为临床按证索穴之大型歌诀，影响深远。",3,AI预标注，待人工复核
q046,皮肤起风团瘙痒，时起时消，怎么治？,case,mianmaguanzhong_001,中国药典（2025年版）一部,清热药,绵马贯众,据《中国药典》2025 年版一部：绵马贯众为鳞毛蕨科植物粗茎鳞毛蕨 Dryopteris crassirhizoma Nakai 的干燥根茎和叶柄残基（药用部位：根茎和叶柄残基）。性味苦，微寒；有小毒；归肝、胃经。功能与主治：清热解毒，杀虫，止血；用于时疫感冒，风热头痛，温毒发斑，痄腮，预防麻疹、流行性感冒，蛲虫病，绦…,**简明**：绵马贯众苦微寒有小毒，清热解毒、杀虫止血，主治时疫感冒、痄腮发斑、肠道寄生虫病及血热出血（炭用止血）。**详解**：时疫流感配金银花、连翘；虫积配槟榔、使君子；血热吐衄崩漏炒炭配地榆、茜草。**有小毒**，脾胃虚寒者慎用，孕妇忌用，不宜过量久服。,1,AI预标注，待人工复核
q046,皮肤起风团瘙痒，时起时消，怎么治？,case,shengma_001,中国药典（2025年版）一部,解表药,升麻,据《中国药典》2025 年版一部：升麻为毛茛科植物大三叶升麻 Cimicifuga heracleifolia Kom.、兴安升麻 Cimicifuga dahurica (Turcz.) Maxim. 或升麻 Cimicifuga foetida L. 的干燥根茎（药用部位：根茎）。性味辛、微甘，微寒；归肺、脾、胃、…,**简明**：升麻辛微甘微寒，发表透疹、清热解毒、升举阳气，主治麻疹不透、热毒咽痛齿痛及中气下陷诸证。**详解**：麻疹不透配葛根、白芍（升麻葛根汤）；胃火牙痛口疮配黄连、牡丹皮（清胃散）；咽痛配玄参、桔梗；中气下陷脱肛、子宫脱垂配黄芪、柴胡（补中益气汤）。升阳宜小量蜜炙，解毒透疹宜生用；阴虚阳浮者忌用。,0,AI预标注，待人工复核
q046,皮肤起风团瘙痒，时起时消，怎么治？,case,madanyang12xue_001,针灸大成,卷之三,马丹阳天星十二穴治杂病歌,三里内庭穴，曲池合谷接，委中配承山，太冲昆仑穴，环跳与阳陵，通里并列缺。合担用法担，合截用法截，三百六十穴，不出十二诀。治病如神灵，浑如汤泼雪，北斗降真机，金锁教开彻，至人可传授，匪人莫浪说。  其一：三里膝眼下，三寸两筋间。能通心腹胀，善治胃中寒，肠鸣并泄泻，腿肿膝胻酸，伤寒羸瘦损，气蛊及诸般。年过三旬后，针灸眼便宽…,"本篇先总列十二要穴（足三里、内庭、曲池、合谷、委中、承山、太冲、昆仑、环跳、阳陵泉、通里、列缺），倡""担截""取穴法；再逐穴分述定位、主治与针灸分寸。十二穴多为五输穴、原络穴及下肢要穴，统治内、外、妇、儿诸般杂病，""治病如神灵，浑如汤泼雪""。为历代临床最常用的要穴歌诀之一，与《四总穴歌》一脉相承而更广。",0,AI预标注，待人工复核
q046,皮肤起风团瘙痒，时起时消，怎么治？,case,jingui_005,金匮要略,中风历节病脉证并治第五,中风历节病脉证并治第五,（论一首 脉证三条 方十一首） 夫风之为病，当半身不遂，或但臂不遂者，此为痹。脉微而数，中风使然。 寸口脉浮而紧，紧则为寒，浮则为虚，寒虚相搏，邪在皮肤。浮者血虚，络脉空虚，贼邪不泻，或左或右，邪气反缓，正气即急，正气引邪，喎僻不遂。 邪在于络，肌肤不仁；邪在于经，即重不胜；邪入于府，即不识人；邪入于藏，舌即难言，口吐…,本篇论中风与历节。中风分中络（肌肤不仁）、中经（重不胜）、入腑（不识人）、入脏（舌难言）深浅；历节以肢节疼痛不可屈伸为主，因汗出入水、饮酒当风所致，主以桂枝芍药知母汤、乌头汤；附方多首备参。,0,AI预标注，待人工复核
q046,皮肤起风团瘙痒，时起时消，怎么治？,case,snb_fangfeng_001,神农本草经,上经,防风,防风，味甘，温。主大风头眩痛，恶风风邪，目盲无所见，风行周身，骨节疼痹烦满。久服，轻身。一名铜芸。生川泽。,防风辛甘微温，祛风解表、胜湿止痛、止痉，主治感冒头痛、风湿痹痛、风疹瘙痒及破伤风，为风药中之润剂。,1,AI预标注，待人工复核
q046,皮肤起风团瘙痒，时起时消，怎么治？,case,fengzhen_001,《中医儿科学》规划教材（要点归纳）,儿科,风疹·小儿出疹性传染病淡红色斑丘疹,风疹是由风疹时邪引起的较轻出疹性传染病，以轻度发热、咳嗽、皮肤出现淡红色斑丘疹、耳后及枕部淋巴结肿大为特征。辨证常见邪犯肺卫、邪入气营等型。治法以疏风清热、清热解毒为主。,风疹症状较轻，一般预后良好，但孕妇早期感染可影响胎儿。中医邪犯肺卫用银翘散疏风清热，邪入气营用透疹凉解汤。须隔离至疹出后5天。高热不退、疹色紫暗者须及时就医。本条目为教材要点归纳，供参考；具体诊疗请遵医嘱。,2,AI预标注，待人工复核
q046,皮肤起风团瘙痒，时起时消，怎么治？,case,yaozhen_001,《中医皮肤性病学》规划教材（要点归纳）,皮肤,药疹,药疹又称药物性皮炎，是药物通过内服、注射、吸入等途径进入人体后引起的皮肤黏膜反应。多由禀赋不耐、药毒内侵、湿毒蕴肤或热毒入营。辨证分湿毒蕴肤、热毒入营、气阴两虚等型。,药疹首在停用可疑致敏药。重型药疹（剥脱性皮炎、重症多形红斑）须立即住院抢救。用药后出现皮疹、发热者须立即就医。教材要点归纳，供参考；具体诊疗请遵医嘱。,0,AI预标注，待人工复核
q046,皮肤起风团瘙痒，时起时消，怎么治？,case,fengxie_001,《中医基础理论》规划教材（要点归纳）,病因病机,风邪·风为阳邪善行而数变为百病之长,风邪为六淫之首，其性开泄，善动不居。致病特点：风为阳邪，其性轻扬开泄，易袭阳位（头面肌表）；善行数变，病位游走不定、发病急变化快；风为百病之长，常兼他邪（寒、湿、热）合邪伤人；风主动，常见震颤、抽搐、眩晕等动摇症状。,风邪为外感病先导，具有轻扬开泄、善行数变、兼他邪、主动等特点。临床见头痛汗出、游走关节痛、风疹瘙痒、眩晕抽搐等多从风论治。本条为病因基础理论，不涉及具体诊疗。,1,AI预标注，待人工复核
q046,皮肤起风团瘙痒，时起时消，怎么治？,case,fengshi_001,针灸学,足少阳胆经,风市,出《肘后备急方》。,风市定位在大腿外侧正中线上，腘横纹上7寸；或直立垂手中指尖处。为祛风止痒要穴，主治中风半身不遂、下肢痿痹麻木、遍身瘙痒及脚气。操作直刺1～1.5寸；可灸。,2,AI预标注，待人工复核
q046,皮肤起风团瘙痒，时起时消，怎么治？,case,fangfeng_001,中国药典（2025年版）一部,解表药,防风,据《中国药典》2025 年版一部：防风为伞形科植物防风 Saposhnikovia divaricata (Turcz.) Schischk. 的干燥根（药用部位：根）。性味辛、甘，微温；归膀胱、肝、脾经。功能与主治：祛风解表，胜湿止痛，止痉；用于感冒头痛，风湿痹痛，风疹瘙痒，破伤风。用法与用量：5～10g。贮藏：置阴…,**简明**：防风辛甘微温，祛风解表、胜湿止痛、止痉，为治风通用药，药性平和不燥，风寒风热皆可配用。**详解**：风寒感冒配荆芥、羌活；风热配薄荷、蝉蜕；风湿痹痛配羌活、独活、桂枝；自汗恶风配黄芪、白术（玉屏风散固表止汗）；破伤风配天南星、白附子。阴虚火旺、血虚发痉者慎用。,0,AI预标注，待人工复核
q046,皮肤起风团瘙痒，时起时消，怎么治？,case,fengjingyou_001,《中国药典》一部/药品说明书（要点归纳）,止咳/外妇儿/中成药,风油精·清凉止痛驱风止痒,据现行版《中国药典》一部与药品说明书要点归纳：本品由薄荷脑、樟脑、桉油、丁香酚、水杨酸甲酯等制成外用油剂，具清凉、止痛、驱风、止痒之功，用于蚊虫叮咬及伤风感冒引起的头痛、头晕、晕车不适。用法用量按说明书，外用涂擦于患处或太阳穴。,风油精为清凉止痛、驱风止痒的外用药，用于蚊虫叮咬、伤风头痛头晕及晕车不适。本品以风外用为主，严禁入眼；皮肤烫伤、损伤及溃疡处禁用，孕妇和3岁以下儿童慎用，过敏体质者先小面积试用。涂后如皮肤刺激明显应停用清洗；头痛剧烈或持续不缓解者应就医。本条目为中成药，请按说明书或在医师指导下使用。,0,AI预标注，待人工复核
q046,皮肤起风团瘙痒，时起时消，怎么治？,case,pifubing_001,《中医皮肤性病学》规划教材（要点归纳）,皮肤,皮肤病总论,皮肤病是指发生于人体皮肤、黏膜及附属器的疾病。病因分外感六淫、虫毒、外伤、饮食、情志、先天禀赋等；病机多与气血失和、脏腑失调、肌肤失养有关。辨证主要辨皮损形态与性质：斑疹、丘疹、水疱、脓疱、结节、鳞屑、糜烂、溃疡、苔藓样变等，结合舌脉分风热、湿热、血热、血瘀、血虚风燥、肝肾不足等证。,皮肤病辨证首看皮损形态：鲜红多属热，淡红多属寒/血虚，渗液多属湿，鳞屑多属燥。治疗内外合治，外治根据皮损选择洗剂、软膏、油剂等。凡皮损迅速扩大、发热、全身泛发者须及时就医。,1,AI预标注，待人工复核
q046,皮肤起风团瘙痒，时起时消，怎么治？,case,baifan_001,中国药典（2025年版）一部,攻毒杀虫止痒药,白矾,据《中国药典》2025 年版一部：白矾为硫酸盐类矿物明矾石经加工提炼制成，主含含水硫酸铝钾（药用部位：加工品）。性味酸、涩，寒；归肺、脾、肝、大肠经。功能与主治：外用解毒杀虫，燥湿止痒；内服止血止泻，祛除风痰。外治用于湿疹，疥癣，疮疡；内服用于久泻久痢，便血，崩漏，癫痫发狂，痰厥。用法与用量：内服 0.6～1.5g，入…,**简明**：白矾酸涩寒，**外用解毒杀虫、燥湿止痒，内服止血止泻、祛除风痰**，主治湿疹疥癣、疮疡及久泻便血、癫痫痰厥。**详解**：湿疹瘙痒配黄柏、蛇床子外洗；癫痫配郁金（白金丸）。**内服量小（0.6～1.5g），不宜久服**；脾胃虚弱者慎用。,0,AI预标注，待人工复核
q046,皮肤起风团瘙痒，时起时消，怎么治？,case,fengyin_001,中医诊断学,辨证,风淫证,风淫证为六淫辨证之一，系外感风邪或肝风内动所致。据规划教材《中医诊断学》归纳：外风证以恶风寒、发热、汗出、头痛、鼻塞、瘙痒、肢体关节游走疼痛、脉浮缓为辨证要点；其性善行数变、轻扬开泄，故病位游移、起病急、变化快。内风（肝风）另见眩晕、抽搐、震颤等，属脏腑辨证范畴。,风为百病之长，为阳邪，其性开泄、善行数变、易袭阳位。外风治宜疏风解表；风邪常兼它邪（风寒、风热、风湿）袭人。临证以恶风、汗出、脉浮缓、瘙痒游走为辨证眼目，并须与内风（肝阳化风、热极生风等）相区别——外风多新起表证，内风多见眩晕抽搐而属里证。,2,AI预标注，待人工复核
q046,皮肤起风团瘙痒，时起时消，怎么治？,case,lulutong_001,中国药典（2025年版）一部,祛风湿药,路路通,据《中国药典》2025 年版一部：路路通为金缕梅科植物枫香树 Liquidambar formosana Hance 的干燥成熟果序（药用部位：成熟果序）。性味苦，平；归肝、肾经。功能与主治：祛风活络，利水，通经；用于关节痹痛，麻木拘挛，水肿胀满，乳少经闭。用法与用量：5～10g。外用适量。贮藏：置干燥处。  **【古…,**简明**：路路通苦平，祛风活络、利水通经，主治风湿痹痛、麻木拘挛、水肿及乳少经闭。**详解**：风湿痹痛配威灵仙、秦艽；水肿配茯苓、泽泻；乳汁不下配穿山甲（代用品）、王不留行；风疹瘙痒配防风、白鲜皮。月经过多及孕妇慎用。,0,AI预标注，待人工复核
q046,皮肤起风团瘙痒，时起时消，怎么治？,case,snb_fangji_001,神农本草经,中经,防己,防己，味辛，平。主风寒温疟，热气诸痫，除邪，利大小便。,防己苦辛寒，祛风湿止痛、利水消肿，主治风湿痹痛、水肿脚气、小便不利及湿疹疮毒。本经主风寒温疟、利大小便，取其苦寒降泄、祛风湿利水之功。,0,AI预标注，待人工复核
q046,皮肤起风团瘙痒，时起时消，怎么治？,case,fabanxi_001,温病条辨,上焦篇,发斑发疹（化斑汤）,太阴温病，不可发汗，发汗而汗不出者，必发斑疹；汗出过多者，必神昏谵语。发斑者，化斑汤主之；发疹者，银翘散去豆豉，加细生地、丹皮、大青叶，倍元参主之。,本条论温病误汗致斑疹的变治。温病忌辛温发汗，若强发其汗：汗不得出，则邪热内郁、逼入营血，外发为斑疹；汗出过多，则津耗热炽、内闭心包，神昏谵语。斑为阳明热毒，从肌肉而发，治宜化斑汤（白虎汤加犀角、玄参）清气血之热；疹为太阴风热，从血络而出，治宜银翘散去豆豉，加细生地、丹皮、大青叶、玄参凉营透疹。示人温病汗法之戒与斑疹辨治…,0,AI预标注，待人工复核
q046,皮肤起风团瘙痒，时起时消，怎么治？,case,banzhen_001,温热论,温热论,辨斑疹,凡斑者，有云头隐隐，或点大而在皮肤之上者为斑；或云头细小，从皮肤之间出者为疹……斑为阳明热毒，疹为太阴风热……斑疹，宜见而不宜见多。,本条辨温病斑疹。斑点大而平摊肌肉者为阳明胃热、热毒外蒸；疹琐碎小粒、高出肤表者为太阴风热、血络外达。斑疹宜外见而不宜多——见为邪有外出之路，过多过密则热毒猖獗、正气不支。治斑宜清胃化斑（如化斑汤），治疹宜宣肺透疹（如银翘散、宣白），并察其松紧、荣枯以验邪正进退。,0,AI预标注，待人工复核
q046,皮肤起风团瘙痒，时起时消，怎么治？,case,snb_gouwen_001,神农本草经,下经,钩吻,钩吻，味辛，温。主金创，乳痓，中恶风，咳逆上气，水肿，杀鬼疰蛊毒。一名野葛。生山谷。,钩吻（马钱子科胡蔓藤，俗称断肠草）辛温有大毒，仅作外用杀虫拔毒，治疥癣、湿疹、瘰疬、跌打肿痛。其剧毒，误服可致呼吸麻痹致死，严禁内服，亦不可大面积久敷，必须严格凭医嘱外用。,0,AI预标注，待人工复核
q046,皮肤起风团瘙痒，时起时消，怎么治？,case,lingshu_023,灵枢经,热病篇第二十三,热病篇第二十三,偏枯，身偏不用而痛，言不变，志不乱，病在分腠之间，巨针取之，益其不足，损其有余，乃可复也。痱之为病也，身无痛者，四肢不收；智乱不甚，其言微知，可治；甚则不能言，不可治也。病先起于阳，复入于阴者，先取其阳，后取其阴，浮而取之。 热病三日，而气口静、人迎躁者，取之诸阳，五十九刺，以泻其热，而出其汗，实其阴，以补其不足者。身…,本篇论热病之刺。先辨偏枯与痱：偏枯身偏不用痛而志不乱，在分腠之间；痱身无痛四肢不收、智乱不甚，甚不能言不可治。次论热病三日、七八日脉证吉凶与汗出刺法；按皮、脉、肉、筋、骨分五脏索治；列热病不可刺者九死候；详列五十九刺之部位；末论心疝、喉痹、目赤、风痉、癃等证取穴。,0,AI预标注，待人工复核
q046,皮肤起风团瘙痒，时起时消，怎么治？,case,huashi_001,中国药典（2025年版）一部,利水渗湿药,滑石,据《中国药典》2025 年版一部：滑石为硅酸盐类矿物滑石族滑石，主含含水硅酸镁（Mg3(Si4O10)(OH)2）（药用部位：矿物）。性味甘、淡，寒；归膀胱、肺、胃经。功能与主治：利尿通淋，清热解暑，收湿敛疮；用于热淋，石淋，尿热涩痛，暑湿烦渴，湿热水泻；外治湿疹，湿疮，痱子。用法与用量：10～20g，先煎。外用适量。…,**简明**：滑石甘淡寒，利尿通淋、清热解暑、收湿敛疮，主治热淋石淋、暑湿烦渴、水泻及湿疹痱子（外用）。**详解**：暑热烦渴配甘草（六一散）；热淋配木通、车前子（八正散）；湿疹痱子研末外扑。**入汤剂宜先煎或包煎**；脾虚气弱、精滑及热病伤津者慎用。,0,AI预标注，待人工复核
q046,皮肤起风团瘙痒，时起时消，怎么治？,case,huashifen_001,中国药典（2025年版）一部,利水渗湿药,滑石粉,据《中国药典》2025 年版一部：滑石粉系硅酸盐类矿物滑石族滑石经精选净化、粉碎、水飞、干燥等加工制成的白色微细粉末（加工品：滑石炮制加工品）。性味甘、淡，寒；归膀胱、肺、胃经。功能与主治：利尿通淋，清热解暑；外用祛湿敛疮；用于热淋，石淋，尿热涩痛，暑湿烦渴，湿热水泻；外治湿疹，湿疮，痱子。用法与用量：10～20g，包…,**简明**：滑石粉甘淡寒，利尿通淋、清热解暑，外用祛湿敛疮，主治热淋石淋、暑湿烦渴、水泻及湿疹痱子。**详解**：暑热烦渴配甘草（六一散）；热淋配木通、车前子（八正散）；湿疹痱子研末外扑。**入汤剂宜包煎**；脾虚气弱、精滑及热病伤津者慎用。,0,AI预标注，待人工复核
q046,皮肤起风团瘙痒，时起时消，怎么治？,case,you_001,《中医皮肤性病学》规划教材（要点归纳）,皮肤,疣·皮肤黏膜赘生物寻常疣扁平疣,疣是发生在皮肤浅表的良性赘生物，因皮损形态与部位不同分寻常疣、扁平疣、跖疣、传染性软疣等，多由HPV病毒感染所致。病机多为风热毒聚肌肤、肝郁血瘀或气虚血瘀，致气血凝滞、肌肤赘生。,疣为病毒感染性皮肤病，可自身接种传播。中医分风热毒聚、肝郁血瘀等，内服清热解毒活血，配合外治（中药熏洗、推疣、激光冷冻）。迅速增多、破溃出血须及时就医。本条目为教材要点归纳，供参考；具体诊疗请遵医嘱。,0,AI预标注，待人工复核
q046,皮肤起风团瘙痒，时起时消，怎么治？,case,xuchangqing_001,中国药典（2025年版）一部,祛风湿药,徐长卿,据《中国药典》2025 年版一部：徐长卿为萝藦科植物徐长卿 Cynanchum paniculatum (Bge.) Kitag. 的干燥根和根茎（药用部位：根和根茎）。性味辛，温；归肝、胃经。功能与主治：祛风止痛，活血通络，止痒，解蛇毒；用于风湿痹痛，胃脘胀痛，牙痛，痛经，跌打损伤，湿疹，风疹块，毒蛇咬伤。用法与用量…,**简明**：徐长卿辛温，祛风止痛、活血通络、止痒，为止痛要药（风湿痛、胃痛、牙痛、痛经皆宜），兼解蛇毒。**详解**：风湿痹痛配威灵仙、独活；胃脘痛配延胡索、木香；湿疹风疹配白鲜皮、地肤子；蛇伤外用捣敷。含挥发油（丹皮酚），**入汤剂宜后下**。,0,AI预标注，待人工复核
